subject,topic,year,exam,exercise,statement
MATES_CCSS,MCCSS-T2-2024,2024.0,Modelo,Ejercicio 1A,"Después de aplicar un descuento del 10% a cada uno de los precios originales, se ha pagado
por un rotulador, un cuaderno y una carpeta 3.96 euros. Se sabe que el precio del cuaderno es
la mitad del precio del rotulador y que el precio de la carpeta es igual al precio del cuaderno
más el 20% del precio del rotulador. Determine el precio original de cada objeto.
SOCIALES II. 2024. MODELO. EJERCICIO 1A"
MATES_CCSS,2001,2001.0,Reserva 4,Ejercicio 1 Opción B,"a) Determine dos números sabiendo que al dividir el mayor por el menor obtenemos 7 de
cociente y 2 de resto, y que la diferencia entre el triple del mayor y el menor es 106.
b) Resuelva el siguiente sistema e interprete gráficamente sus soluciones:
2x-y=5
4(x-2)=1+2y+1).
SOCIALES Il. 2001 RESERVA 4. EJERCICIO 1 OPCIÓN B"
MATES_CCSS,2001,2001.0,Septiembre,Ejercicio 1 Opción A,"SELECTIVIDAD
3x-2y-2z=3
Sea el sistema: x=z=1
2y-z=0
a) Expréselo en forma matricial.
b) ¿La matriz de los coeficientes posee inversa?. Justifique la respuesta.
c) Resuélvalo y clasifíquelo en cuanto al número de soluciones.
SOCIALES Il. 2001 SEPTIEMBRE. EJERCICIO 1 OPCIÓN A"
MATES_CCSS,2002,2002.0,Junio,Ejercicio 1 Opcion A,"Un cliente de un supermercado ha pagado un total de 156 € por 24 litros de leche, 6 kg de
jamón serrano y 12 litros de aceite de oliva.
Plantee y resuelva un sistema de ecuaciones para calcular el precio unitario de cada artículo,
sabiendo que 1 litro de aceite cuesta el triple que un litro de leche y que 1 kg de jamón cuesta
igual que 4 litros de aceite más 4 litros de leche.
SOCIALES II. 2002 JUNIO. EJERCICIO 1 OPCION A"
MATES_CCSS,2002,2002.0,Reserva 4,Ejercicio 1 Opción A,"Un autobús transporta 90 viajeros con 3 tarifas diferentes:
1*: Viajeros que pagan el billete entero, que vale 070 euros.
2*: Estudiantes, con descuento del 50 %.
3*: Jubilados, con descuento del 80 %.
Se sabe que el número de estudiantes es 10 veces el de jubilados y que la recaudación total ha
sido de 4676 euros. Plantee, sin resolver, el sistema de ecuaciones necesario para determinar el
número de viajeros, de cada tarifa, que va en el autobús.
SOCIALES II. 2002 RESERVA 4. EJERCICIO 1 OPCIÓN A"
MATES_CCSS,2003,2003.0,Reserva 2,Ejercicio 1 Opción B,"x-2y+z= 0
Clasifique y resuelva el sistema  2x+y-=z= 5
4x4+7y-5z=15
SOCIALES II. 2003 RESERVA 2. EJERCICIO 1 OPCIÓN B"
MATES_CCSS,2003,2003.0,Reserva 3,Ejercicio 1 Opción A,"2x4+3y-z=4
Clasifique y resuelva el sistema
x+2y+z=5 :
SOCIALES II. 2003 RESERVA 3. EJERCICIO 1 OPCIÓN A"
MATES_CCSS,2003,2003.0,Reserva 4,Ejercicio 1 Opcion B,"Plantee, sin resolver, un sistema de ecuaciones que dé solución al siguiente problema: Un
inversor compró acciones de las empresas A, B y C por un valor de 20000 €, invirtiendo en C el
doble que en A. Al cabo de un año la empresa A le pagó el 6% de beneficio, la B el 8% y la C el
10%. Si el beneficio total fue de 1720 €, ¿qué dinero invirtió en cada empresa?.
SOCIALES II. 2003 RESERVA 4. EJERCICIO 1 OPCION B"
MATES_CCSS,2004,2004.0,Reserva 2,Ejercicio 1 Opción A,"Sabemos que el precio del kilo de tomates es la mitad que el del kilo de carne. Además, el precio
del kilo de gambas es el doble que el de carne. Si pagamos 18 euros por 3 kilos de tomates, 1
kilo de carne y 250 gramos de gambas, ¿cuánto pagaríamos por 2 kilos de carne, 1 kilo de
tomates y 500 gramos de gambas?
SOCIALES Il. 2004 RESERVA 2. EJERCICIO 1 OPCIÓN A"
MATES_CCSS,2004,2004.0,Reserva 3,Ejercicio 1 Opción B,"a) Plantee, sin resolver, un sistema de ecuaciones asociado al siguiente problema: “Un
monedero contiene 1 euro en monedas de 2, 5 y 10 céntimos; en total hay 22 monedas. Sabiendo
que el número de monedas de 5 y 10 céntimos juntas excede en 2 unidades al número de
monedas de 2 céntimos, obtenga el número de monedas de cada tipo que hay en el monedero”.
x+y+z=6
b) Resuelva el sistema formado por las ecuaciones 2x— y+2z=3
3x+2y-3z=3
SOCIALES Il. 2004 RESERVA 3. EJERCICIO 1 OPCIÓN B"
MATES_CCSS,2004,2004.0,Reserva 4,Ejercicio 1 Opción B,"xX-y-=z=-2
Sea el sistema de ecuaciones lineales 2x+3y=z= 2p.
4x4 y-3z=-2
a) Clasifique y resuelva el sistema.
b) Escriba la matriz de coeficientes de este sistema y, si es posible, calcule su matriz inversa.
SOCIALES Il. 2004 RESERVA 4. EJERCICIO 1 OPCIÓN B"
MATES_CCSS,2005,2005.0,Reserva 1,Ejercicio 1 Opción A,"a) Resuelva el siguiente sistema y clasifíquelo atendiendo al número de soluciones:
x+ y+z=0
2x+3y-z=17
4x4+5y+z=17
b) A la vista del resultado anterior, ¿podemos afirmar que hay una ecuación que es
combinación lineal de las otras dos?
SOCIALES II. 2005 RESERVA 1. EJERCICIO 1 OPCIÓN A"
MATES_CCSS,2005,2005.0,Reserva 2,Ejercicio 1 Opción B,"x+ y-z=-2
Sea el sistema de ecuaciones: 2x -z= 0
=2y+z= 4
a) Resuélvalo y clasifíquelo en cuanto a sus soluciones.
b) ¿Tiene inversa la matriz de coeficientes del sistema? Justifíquelo.
c) Obtenga, si existe, una solución del sistema que verifique x =2y
SOCIALES II. 2005 RESERVA 2. EJERCICIO 1 OPCIÓN B"
MATES_CCSS,2006,2006.0,Reserva 2,Ejercicio 1 Opción A,"x
Resuelva y clasifique el sistema «| y |=
z
1
SOCIALES Il. 2006 RESERVA 2. EJERCICIO 1 OPCIÓN A"
MATES_CCSS,2006,2006.0,Reserva 4,Ejercicio 1 Opción A,"Plantee, sin resolver, el sistema de ecuaciones que permita encontrar la solución del siguiente
problema:
“En un examen de Matemáticas que constaba de tres problemas, un alumno obtuvo una
calificación total de 7.2. La puntuación del primer problema fue un 40 % más que la del
segundo, y la del tercero fue el doble de la suma de las puntuaciones del primero y el
segundo. ¿Cuál fue la puntuación de cada problema?”
SOCIALES Il. 2006 RESERVA 4. EJERCICIO 1 OPCIÓN A"
MATES_CCSS,2006,2006.0,Septiembre,Ejercicio 1 Opcion B,"El cajero de un banco sólo dispone de billetes de 10, 20 y 50 euros. Hemos sacado 290 euros del
banco y el cajero nos ha entregado exactamente 8 billetes. El número de billetes de 10 euros es
el doble del de 20 euros.
Plantee y resuelva el sistema de ecuaciones lineales asociado a este problema para obtener el
número de billetes de cada tipo que nos ha entregado el cajero
SOCIALES II. 2006 SEPTIEMBRE. EJERCICIO 1 OPCION B"
MATES_CCSS,2007,2007.0,Reserva 2,Ejercicio 1 Opción A,"x+y=1+z
Resuelva y clasifique el sistema de ecuaciones: 2x+Zz=2+ y
y= z
SOCIALES II. 2007. RESERVA 2. EJERCICIO 1. OPCIÓN A."
MATES_CCSS,2007,2007.0,Reserva 3,Ejercicio 1 Opción A,"Un taller de carpintería ha vendido 15 muebles, entre sillas, sillones y butacas, por un total de
1600 euros. Se sabe que cobra 50 euros por cada silla, 150 euros por cada sillón y 200 euros por
cada butaca, y que el número de butacas es la cuarta parte del número que suman los demás
muebles.
Plantee, sin resolver, el sistema de ecuaciones adecuado que permite calcular cuántos muebles
de cada clase ha vendido ese taller.
SOCIALES Il. 2007. RESERVA 3. EJERCICIO 1. OPCIÓN A."
MATES_CCSS,2007,2007.0,Septiembre,Ejercicio 1 Opción B,"Clasifique y resuelva el sistema formado por las tres ecuaciones siguientes:
x-3y+2z=0 ; -2x4+ y-zZ=0; x-8y+5z=0
SOCIALES Il. 2007 SEPTIEMBRE. EJERCICIO 1 OPCIÓN B"
MATES_CCSS,2009,2009.0,Reserva 1,Ejercicio 1 Opción A,"a) En un comercio de bricolaje se venden listones de madera de tres longitudes: 0.90 m, 1.50 m
y 2.40 m, cuyos precios respectivos son 4 euros, 6 euros y 10 euros. Un cliente ha comprado 19
listones, con una longitud total de 30 m, que le han costado 126 euros en total.
Plantee, sin resolver, el sistema de ecuaciones necesario para determinar cuántos listones de
cada longitud ha comprado el cliente.
b) Clasifique el siguiente sistema de ecuaciones y resuélvalo, si es posible:
3x —y-z=0
2x-2y+z=18
x -3z=0
SOCIALES II. 2009 RESERVA 1. EJERCICIO 1. OPCIÓN A"
MATES_CCSS,2009,2009.0,Reserva 2,Ejercicio 1 Opción A,"3 1-2x 0)f(y
2 x+l 2|-
0 1 z) Ll
2 3
b) Dada la matriz A= ( :) ,calcule la matriz M=A'.A”'
SOCIALES II. 2009 RESERVA 2. EJERCICIO 1. OPCIÓN A"
MATES_CCSS,2009,2009.0,Reserva 3,Ejercicio 1 Opción B,"Una tienda dispone de latas de conserva de tomate de tres fabricantes: A, B y C. El fabricante
A envasa el tomate en latas de 250 g, el fabricante B lo envasa en latas de 500 g y el fabricante
C en latas de 1 Kg. Esas latas de tomate se venden a 1, 1.8 y 3.3 euros, respectivamente.
Compramos en total 20 latas, que pesan un total de 10 Kg y nos cuestan 35.6 euros. Queremos
saber cuántas latas de cada fabricante hemos comprado.
a) Plantee el sistema de ecuaciones que resolvería el problema anterior.
b) Resuelva el problema.
SOCIALES II. 2009 RESERVA 3. EJERCICIO 1. OPCIÓN B"
MATES_CCSS,2024,2024.0,Modelo,Ejercicio 1A,"Después de aplicar un descuento del 10% a cada uno de los precios originales, se ha pagado
por un rotulador, un cuaderno y una carpeta 3.96 euros. Se sabe que el precio del cuaderno es
la mitad del precio del rotulador y que el precio de la carpeta es igual al precio del cuaderno
más el 20% del precio del rotulador. Determine el precio original de cada objeto.
SOCIALES II. 2024. MODELO. EJERCICIO 1A"
MATES_CCSS,2025,2025.0,Reserva 2,Ejercicio Ala,"a) En un festival gastronómico gaditano se han vendido entradas para tres eventos culinarios.
Concretamente, 120 entradas para un taller de repostería, 50 para una demostración de cocina
gourmet y 150 para una cata de vinos de la tierra de Cádiz. El total recaudado por la venta de
entradas ha sido de 6460 €. Se sabe que el precio de 10 entradas para el taller de repostería
coincide con el coste de la suma de 2 entradas para la cata de vinos y 1 entrada para la
demostración de cocina gourmet. Además, el coste de 2 entradas para el taller y 1 entrada para
la cata de vinos supera en 6 € al de 2 entradas para la demostración de cocina gourmet. ¿Cuánto
cuesta la entrada de cada evento?
SOCIALES II. 2025 RESERVA 2. EJERCICIO Al.a"
MATES_CCSS,2025,2025.0,Reserva 3,Ejercicio Al,"En una empresa de diseño gráfico, tres personas empleadas, Ana, Bruno y Carla, trabajan en un
proyecto conjunto.
a) Se sabe que Ana ha dedicado un tercio del total de horas que ha necesitado el proyecto.
Además, la suma de las horas trabajadas por Ana y Bruno excede en 6 horas a las que ha
dedicado Carla, quien a su vez ha trabajado 4 horas más que Bruno. ¿Cuántas horas ha
trabajado cada persona involucrada en el proyecto?
b) Si la empresa paga 25 € por cada hora de trabajo en el proyecto y de seguros sociales el 2360
% del salario, ¿cuánto tiene que abonar la empresa para pagar los costes de este proyecto?
SOCIALES II. 2025 RESERVA 3. EJERCICIO Al"
MATES_CCSS,2025,2025.0,Reserva 4,Ejercicio Ala,"La suma de tres números naturales es 113; al dividir el mayor entre el menor se obtiene de
cociente 6 y resto 4 y al dividir el mayor entre el intermedio se obtiene de cociente 2 y resto 6.
Halle dichos números.
SOCIALES II. 2025 RESERVA 4. EJERCICIO Al.a"
MATES_CCSS,Funciones CCSS,2001.0,Reserva 3Ejercicio,2 Opción B,"Determine los valores que han de tomar “a” y “b” para que la función:
4x+b si x<l
f09)=
ax?+6x-7 six>1
sea derivable.
SOCIALES II. 2001. RESERVA 3.EJERCICIO 2. OPCIÓN B"
MATES_CCSS,Funciones CCSS,2001.0,Reserva 4,Ejercicio 2 Opción B,"El estudio de la rentabilidad de una empresa revela que una inversión de x millones de pesetas
produce una ganancia de f(x) millones de pts, siendo:
a) Represente la función f(x).
b) Halle la inversión que produce máxima ganancia.
c) Halle el valor de la inversión que produce ganancia nula.
d) Razone lo que ocurre con la rentabilidad si la inversión se incrementa indefinidamente.
SOCIALES II. 2001 RESERVA 4. EJERCICIO 2. OPCIÓN B"
MATES_CCSS,Funciones CCSS,2002.0,Junio,Ejercicio 2 Opción B,"Sea x, en euros, el precio de venta del litro de aceite de oliva virgen extra.
Sea f(x)=2-— 7? con x>0, la función que representa el balance económico quincenal, en
x+
miles de euros, de una empresa agrícola.
a) Represente la función f.
b) ¿A partir de qué precio de venta del litro de aceite empieza esta empresa a tener beneficios?.
c) ¿Están limitadas las ganancias quincenales de esta empresa? ¿ Y las pérdidas?.
SOCIALES II. 2002 JUNIO. EJERCICIO 2. OPCIÓN B"
MATES_CCSS,Funciones CCSS,2002.0,Reserva 4,Ejercicio 2 Opción A,"a) Determine los valores de a y b para que sea derivable la función:
roo=* +bx-3 si x<l
2bx-4 si x>l
b) Represente gráficamente la función fsi a =1 y b=2.
SOCIALES I1. 2002. RESERVA 4. EJERCICIO 2. OPCIÓN A"
MATES_CCSS,Funciones CCSS,2002.0,Septiembre,Ejercicio 2 Opción A,"Calcule las funciones derivadas de las siguientes:
5x
b) g(x)=4x-L(3x+1).0) h)=(x?—1)-(x%2x).d) 0-5
x=
a) fG0)=
x9-1'
SOCIALES II. 2002. SEPTIEMBRE. EJERCICIO 2. OPCIÓN A"
MATES_CCSS,Funciones CCSS,2003.0,Junio,Ejercicio 2 Opción A,"Ax +b si x<2
. Halle a y b para que la función sea continua y
a(x-3)+3 si x>2
a) Sea la función f(x) -|
derivable en x=2.
2x+1
b) Halle la función derivada de g(x)= ay?
x-
SOCIALES II. 2003. JUNIO. EJERCICIO 2. OPCIÓN A"
MATES_CCSS,Funciones CCSS,2003.0,Reserva 2,Ejercicio 2 Opción A,"Se conoce que el rendimiento de un jugador de fútbol durante los primeros 45 minutos de un
partido viene dado por la función  f :[0,45] >R cuya expresión analítica es
f(1)=7'2t-0'16t?, donde t es el tiempo, expresado en minutos.
a) Represente gráficamente esta función.
b) ¿Cuál es el máximo rendimiento del jugador?. ¿En qué momento lo consigue?. ¿En qué
instantes tiene un rendimiento igual a 32?.
SOCIALES II. 2003 RESERVA 2. EJERCICIO 2. OPCIÓN A"
MATES_CCSS,Funciones CCSS,2003.0,Reserva 4,Ejercicio 2 Opcion A,"Los beneficios esperados de una inmobiliaria en los próximos 5 años vienen dados por la
función: B(t)=t*—9t? +24t (tindica el tiempo, en años, O0<t<5)
a) Represente la evolución del beneficio esperado en función del tiempo.
b) En ese periodo, ¿cuándo será máximo el beneficio esperado?.
SOCIALES II. 2003 RESERVA 4. EJERCICIO 2. OPCION A"
MATES_CCSS,Funciones CCSS,2004.0,Junio,Ejercicio 2 Opción A,"La temperatura T, en grados centígrados, que adquiere una pieza sometida a un proceso viene
dada en función del tiempo t, en horas, por la expresión:
T(t)=40t-10t? con 0<t<4
a) Represente gráficamente la función T y determine la temperatura máxima que alcanza la
pieza.
b) ¿Qué temperatura tendrá la pieza transcurrida 1 hora?. ¿Volverá a tener esa misma
temperatura en algún otro instante?.
SOCIALES Il. 2004 JUNIO. EJERCICIO 2. OPCIÓN A"
MATES_CCSS,Funciones CCSS,2004.0,Reserva 2,Ejercicio 2 Opción B,"a) Estudie la continuidad y derivabilidad de la función:
x2-Ax+7 si
fQ)= 4
x-2
b) Calcule la derivada de g(x) =(x+1):e**
SOCIALES I1. 2004. RESERVA 2. EJERCICIO 2. OPCIÓN B"
MATES_CCSS,Funciones CCSS,2004.0,Septiembre,Ejercicio 2 Opción A,"Calcule las derivadas de las siguientes funciones (no es necesario simplificar el resultado):
a fa) Loxa?
Xx
b) g()=(x*—1)-Lx
o) h(a)=2*
dic)=GA*-60):(1 +1)
SOCIALES II. 2004. SEPTIEMBRE. EJERCICIO 2. OPCIÓN A"
MATES_CCSS,Funciones CCSS,2005.0,Junio,Ejercicio 2 Opción A,"Sea la función f(x)=
a) Estudie la continuidad y la derivabilidad de f.
b) Calcule sus asíntotas.
c) Determine la ecuación de la recta tangente a la gráfica de fen el punto de abscisa x=2
SOCIALES II. 2005. JUNIO. EJERCICIO 2. OPCIÓN A"
MATES_CCSS,Funciones CCSS,2005.0,Junio,Ejercicio 2 Opción B,"El beneficio, en millones de euros, de una empresa en función del tiempo t, en años, viene dado
por:
f(t) =- +12t-31 4<t<7
a) Represente la gráfica de la función f.
b) ¿Para qué valor de t alcanza la empresa su beneficio máximo y a cuánto asciende?. ¿Para qué
valor de t alcanza su beneficio mínimo y cuál es éste?.
SOCIALES II. 2005. JUNIO. EJERCICIO 2. OPCIÓN B"
MATES_CCSS,Funciones CCSS,2005.0,Reserva 3,Ejercicio 2 Opción B,"Halle f'(2) ; g'(4) y h'(0) para las funciones definidas de la siguiente forma:
to=rL: 209=(0 +97 3 h09=LGC +1)
Xx
SOCIALES II. 2005. RESERVA 3. EJERCICIO 2. OPCIÓN B"
MATES_CCSS,Funciones CCSS,2005.0,Septiembre,Ejercicio 2 Opción A,"viene dado por la función: f(t)=-4t? +60t-15 1<t<8
a) ¿Cuál será el valor de las existencias para t=2? ¿Y para t=4?.
b) ¿Cuál es el valor máximo de las existencias? ¿En que instante se alcanza?.
c) ¿En qué instante el valor de las existencias es de 185 miles de euros?
SOCIALES II. 2005 SEPTIEMBRE. EJERCICIO 2. OPCIÓN A"
MATES_CCSS,Funciones CCSS,2006.0,Junio,Ejercicio 2 Opción A,"a) Halle los valores de a y b para que la gráfica de la función f(x)=ax""+3x”—S5x+b pase
por el punto (1,-3) y tenga el punto de inflexión en x=-—1l.
b) Halle los intervalos de monotonía y los extremos relativos de la función definida por
200)=x*-3x? +7
SOCIALES I1. 2006. JUNIO. EJERCICIO 2. OPCIÓN A"
MATES_CCSS,Funciones CCSS,2006.0,Junio,Ejercicio 2 Opción B,"x
x<0
Sea la función f definida por: f(x)=+<2x-—1
xX+x si x>0
a) Estudie la continuidad y derivabilidad de f.
b) Calcule la ecuación la recta tangente a la gráfica de la función en el punto de abscisa x=1.
SOCIALES II. 2006. JUNIO. EJERCICIO 2. OPCIÓN B"
MATES_CCSS,Funciones CCSS,2006.0,Reserva 1,Ejercicio 2 Opción B,"Calcule las derivadas de las siguientes funciones:
a to) 5x2)
Xx
b) gx) =(2? +2): LO +2)
c) h(x)=3*+e*
SOCIALES 11. 2006. RESERVA 1. EJERCICIO 2. OPCIÓN B"
MATES_CCSS,Funciones CCSS,2006.0,Reserva 2,Ejercicio 2 Opción A,"x?-1 si x<l
Consideremos la función: f(x) =
x-1 si x>1l
a) Estudie su continuidad y derivabilidad.
b) Determine la monotonía de f .
c) Represente gráficamente esta función.
SOCIALES II. 2006. RESERVA 2. EJERCICIO 2. OPCIÓN A"
MATES_CCSS,Funciones CCSS,2006.0,Reserva 2,Ejercicio 2 Opción B,"3x-2
a) Calcule la ecuación de la recta tangente a la gráfica de g(x)= X 7 en el punto de abscisa
x+
x=1.
b) Se considera la función f(x)=ax*—bx +4. Calcule los valores de los parámetros a y b para
que f tenga un extremo relativo en el punto (1, 10).
SOCIALES II. 2006. RESERVA 2. EJERCICIO 2. OPCIÓN B"
MATES_CCSS,Funciones CCSS,2006.0,Reserva 3,Ejercicio 2 Opción B,"Sea la función f(x)=x*-3x?-1
a) Determine la monotonía y los extremos relativos de f .
b) Calcule su punto de inflexión.
c) Teniendo en cuenta los apartados anteriores, represéntela.
SOCIALES II. 2006. RESERVA 3. EJERCICIO 2. OPCIÓN B"
MATES_CCSS,Funciones CCSS,2006.0,Reserva 4,Ejercicio 2 Opción A,"a) Dada la función f(x)=a-+(x—1)?+bx , calcule a y b para que la gráfica de esta función pase
por el punto de coordenadas (1,2) y tenga un extremo relativo en el punto de abscisa x=2.
b) Calcule g''(2) siendo g(x)= LL X.
x
SOCIALES II. 2006. RESERVA 4. EJERCICIO 2. OPCIÓN A"
MATES_CCSS,Funciones CCSS,2006.0,Septiembre,Ejercicio 2 Opción A,"a) La gráfica de la función derivada de una función fes la parábola de vértice (0,2) que corta
al eje de abscisas en los puntos (—-3,0) y (3,0). A partir de dicha gráfica, determine los
intervalos de crecimiento y decrecimiento de la función f .
b) Calcule los extremos relativos de la función g(x)=x*-3x.
SOCIALES II. 2006. SEPTIEMBRE. EJERCICIO 2. OPCIÓN A"
MATES_CCSS,Funciones CCSS,2006.0,Septiembre,Ejercicio 2 Opción B,"—X
Se considera la función f(x)= >
=x
a) Halle la ecuación de la recta tangente a la gráfica de esa función en el punto de abscisa x=1.
b) Estudie su monotonía.
c) Calcule sus asíntotas.
SOCIALES II. 2006. SEPTIEMBRE. EJERCICIO 2. OPCIÓN B"
MATES_CCSS,Funciones CCSS,2007.0,Junio,Ejercicio 2 Opción A,"Para la función f : R>R definida de la forma f(x)=8x*-—84x?+240x, determine:
a) Su monotonía y sus extremos relativos.
b) Su curvatura y su punto de inflexión.
SOCIALES II. 2007. JUNIO. EJERCICIO 2. OPCIÓN A"
MATES_CCSS,Funciones CCSS,2007.0,Junio,Ejercicio 2 Opción B,"a) Halle los valores de a y b para que la recta tangente a la gráfica de f(x)=ax*—b en el
punto (1,5) sea la recta y=3x+2.
b)Para g(x)=e'*+L(x+2), calcule g'(1).
SOCIALES II. 2007. JUNIO. EJERCICIO 2. OPCIÓN B"
MATES_CCSS,Funciones CCSS,2007.0,Reserva 4,Ejercicio 2 Opción B,"a) La función f(x)=x*+ax*+bx tiene un extremo relativo en x = 2 y un punto de inflexión
en x = 3. Calcule los coeficientes a y b y determine si el citado extremo es un máximo o un
mínimo relativo.
b) Calcule la ecuación de la recta tangente a la gráfica de la función g(x)= X 2 en el punto
de abscisa x= 3.
SOCIALES II. 2007. RESERVA 4. EJERCICIO 2. OPCIÓN B."
MATES_CCSS,Funciones CCSS,2007.0,Septiembre,Ejercicio 2 Opción A,"2* si x<l
Sea la función f : R > R, definida por: £00-]
xXx +mx+5 si x>l
a) Calcule m para que la función sea continua en x=1.
b) Para ese valor de m, ¿es derivable la función en x=1?
c) Calcule la ecuación la recta tangente a la gráfica de fen x=0.
SOCIALES II. 2007. SEPTIEMBRE. EJERCICIO 2. OPCIÓN A"
MATES_CCSS,Funciones CCSS,2007.0,Septiembre,Ejercicio 2 Opción B,"a) Sea la función definida para todo número real x por f(x)=ax*+bx. Determine a y b
sabiendo que su gráfica pasa por el punto (1,1) y que en ese punto la pendiente de la recta
tangente es —-3.
b) Si en la función anterior a=— y b=-4, determine sus intervalos de monotonía y sus
l
3
extremos.
SOCIALES 11. 2007. SEPTIEMBRE. EJERCICIO 2. OPCIÓN B"
MATES_CCSS,Funciones CCSS,2008.0,Junio,Ejercicio 2 Opción A,"Sea la función definida de la forma f(x)=
a) Halle el dominio de f.
b) Estudie la derivabilidad de fenx =2.
c) Halle la ecuación de la recta tangente a la gráfica de f en el punto de abscisa x=0.
SOCIALES II. 2008. JUNIO. EJERCICIO 2. OPCIÓN A"
MATES_CCSS,Funciones CCSS,2008.0,Junio,Ejercicio 2 Opción B,"x?+ax+b si x<l
K(x) si x>1
a) Determine a y b sabiendo que f es continua y tiene un mínimo en x=-—1.
b)Para a=-1 y b=1, estudie la derivabilidad defen x=-1 yenx=1.
SOCIALES II. 2008. JUNIO. EJERCICIO 2. OPCIÓN B"
MATES_CCSS,Funciones CCSS,2008.0,Reserva 1,Ejercicio 2 Opción A,"Sea la función f definida mediante f(x)= > + ;
x=
a) Determine los puntos de corte con los ejes.
b) Estudie su curvatura.
c) Determine sus asíntotas.
d) Represente la función.
SOCIALES II. 2008 RESERVA 1. EJERCICIO 2. OPCIÓN A"
MATES_CCSS,Funciones CCSS,2008.0,Reserva 2,Ejercicio 2 Opción A,"El beneficio de una empresa, en miles de euros, viene dado por la función
B(x)=-3x?+120x+675 ; x>0
donde x representa el gasto en publicidad, en miles de euros.
a) Calcule el gasto a partir del cual la empresa no obtiene beneficios.
b) Calcule el valor de x que produce máximo beneficio. ¿Cuánto es ese beneficio?
c) Determine los intervalos de crecimiento y decrecimiento del beneficio de la empresa.
d) Represente gráficamente la función B.
SOCIALES I1. 2008 RESERVA 2. EJERCICIO 2. OPCIÓN A"
MATES_CCSS,Funciones CCSS,2008.0,Reserva 2,Ejercicio 2 Opción B,"a fG)=G4*+1-e”
b) g(x)=3*-Ln(x)
e) h(x)=(x?+1)-(x?-6x)*
(x+1)?
x?-2
SOCIALES II. 2008 RESERVA 2. EJERCICIO 2. OPCIÓN B"
MATES_CCSS,Funciones CCSS,2008.0,Reserva 3,Ejercicio 2 Opción A,"Sea la función f(x)=x*—6x?.
a) Determine sus puntos de corte con los ejes.
b) Calcule sus extremos relativos y su punto de inflexión.
c) Represente gráficamente la función.
SOCIALES II. 2008 RESERVA 3. EJERCICIO 2. OPCIÓN A"
MATES_CCSS,Funciones CCSS,2008.0,Reserva 3,Ejercicio 2 Opción B,"x2+4 si x<l
ax+b si x>l
Sea la función f(x) =
a) Calcule a y b, sabiendo que f(2)=7 y que f es continua en x=1.
b) Determine la ecuación de la recta tangente a la gráfica de f en el punto de abscisa x =-—1.
SOCIALES II. 2008. RESERVA 3. EJERCICIO 2. OPCIÓN B"
MATES_CCSS,Funciones CCSS,2008.0,Reserva 4,Ejercicio 2 Opción A,"e* si x<0
Sea la función f(x) -|
x?+x+l si x>0
a) ¿Esf continua en x =0? ¿Es continua en su dominio?.
b) ¿Es f derivable en x =0? ¿Es derivable en su dominio?.
c) Estudie la monotonía de f.
SOCIALES II. 2008. RESERVA 4. EJERCICIO 2. OPCIÓN A"
MATES_CCSS,Funciones CCSS,2008.0,Reserva 4,Ejercicio 2 Opción B,"2
a) Calcule la ecuación de la recta tangente a la gráfica de f(x)=— en el punto de abscisa 1.
x
b) Sea la función g(x)=x*+ax”+b. Calcule a y b sabiendo que su gráfica presenta un punto
de inflexión en el punto (2,5).
SOCIALES II. 2008. RESERVA 4. EJERCICIO 2. OPCIÓN B"
MATES_CCSS,Funciones CCSS,2008.0,Septiembre,Ejercicio 2 Opción A,"3
a) Halle la ecuación de la recta tangente a la gráfica de la función f(x)=— en el punto de
x
abscisa x=-—1.
b) Halle los valores de a y b para que la función g(x)= ax+ o tenga un extremo relativo en el
x
punto (1,2).
SOCIALES II. 2008 SEPTIEMBRE. EJERCICIO 2. OPCIÓN A"
MATES_CCSS,Funciones CCSS,2008.0,Septiembreejercicio,2 Opción B,"Dada la función f(x)=4-3x?+x?*, determine:
a) La monotonía y la curvatura def.
b) Los puntos donde la función alcanza sus extremos relativos.
c) La ecuación de la recta tangente a la gráfica de f en el punto de abscisa x=-—1.
SOCIALES II. 2008 SEPTIEMBRE.EJERCICIO 2. OPCIÓN B"
MATES_CCSS,Funciones CCSS,2009.0,Junio,Ejercicio 2 Opción B,"Un estudio acerca de la presencia de gases contaminantes en la atmósfera de una ciudad indica
que el nivel de contaminación viene dado por la función:
C(t)=-0'2t?+4t+25 0<t<25 (t=años transcurridos desde el año 2000)
a) ¿En qué año se alcanzará un máximo en el nivel de contaminación?.
b) ¿En qué año se alcanzará el nivel de contaminación cero?.
c) Calcule la pendiente de la recta tangente a la gráfica de la función C(t) en t=8. Interprete
el resultado anterior relacionándolo con el crecimiento o decrecimiento.
SOCIALES II. 2009 JUNIO. EJERCICIO 2. OPCIÓN B"
MATES_CCSS,Funciones CCSS,2009.0,Reserva 1,Ejercicio 2 Opción A,"a) Halle las funciones derivadas de las funciones definidas por las siguientes expresiones:
to9=Oxi-ay a 2D; ho)”
x
2x +3
b) Determine el dominio y las asíntotas de la función m(x)= 4
x—
SOCIALES II. 2009 RESERVA 1. EJERCICIO 2. OPCIÓN A"
MATES_CCSS,Funciones CCSS,2009.0,Reserva 3,Ejercicio 2 Opción A,"Sea la función f(x)=x*-1.
a) Calcule los puntos de corte de la gráfica con los ejes, su monotonía y extremos relativos, si
los tuviese.
b) Determine su curvatura y punto de inflexión.
c) Halle los puntos de la gráfica en los que la recta tangente tiene de pendiente 3.
SOCIALES II. 2009 RESERVA 3. EJERCICIO 2. OPCIÓN A"
MATES_CCSS,Funciones CCSS,2009.0,Reserva 4,Ejercicio 2 Opción A,"x—-1
2x-1
a) Halle la ecuación de la recta tangente a la gráfica de la función f en el punto (0,1)
Sea la función f(x)=
b) Estudie la monotonía de f.
c) Halle las asíntotas, los puntos de corte con los ejes y represente gráficamente la función.
SOCIALES II. 2009 RESERVA 4. EJERCICIO 2. OPCIÓN A"
MATES_CCSS,Funciones CCSS,2009.0,Reserva 4,Ejercicio 2 Opción B,"e” si x<0
Sea función f :|R—> R definida mediante f(x) -|
x—x+l si x>0
a) ¿Esf continua en x=07.¿Es continua en su dominio?.
b) ¿Es f derivable en x =0?.¿Es derivable en su dominio?.
c) Calcule la ecuación de la recta tangente a la gráfica de la función f en el punto de abscisa
x=1l.
SOCIALES II. 2009. RESERVA 4. EJERCICIO 2. OPCIÓN B."
MATES_CCSS,Funciones CCSS,2009.0,Septiembre,Ejercicio 2 Opción A,"La función derivada de una función f viene dada por f '(x)=3x*-12x+9
a) Obtenga los intervalos de monotonía de la función f y los valores de x en los que dicha función
alcanza sus extremos locales.
b) Determine los intervalos de concavidad y convexidad de la función f.
c) Sabiendo que la gráfica de f pasa por el punto (2,5), calcule la ecuación de la recta tangente
a la gráfica de f en dicho punto.
SOCIALES II. 2009. SEPTIEMBRE. EJERCICIO 2. OPCIÓN A"
MATES_CCSS,Funciones CCSS,2009.0,Septiembre,Ejercicio 2 Opción B,"Sea la función f (x)=ax*+bx?+x
a) Determine el valor de los parámetros a y b sabiendo que la función f tiene un máximo en x=1
y que f (1)=2.
b) Para a=b=1, halle la ecuación de la recta tangente a la gráfica de f en el punto de abscisa
x=0.
SOCIALES II. 2009. SEPTIEMBRE. EJERCICIO 2. OPCIÓN B"
MATES_CCSS,Funciones CCSS,2010.0,Junio,Ejercicio 2 Opción A,"Sea la función f(x)=2x? = x” Calcule:
a) Los intervalos de crecimiento y decrecimiento.
b) Las coordenadas de sus extremos relativos.
c) El punto de la gráfica en el que la pendiente de la recta tangente a dicha gráfica es 4.
SOCIALES II. 2010. JUNIO. EJERCICIO 2. OPCIÓN A"
MATES_CCSS,Funciones CCSS,2010.0,Junio,Ejercicio 2 Opción B,"Calcule las derivadas de las siguientes funciones:
3x
a) f(==
1+x?
b) 2(x) =In(x(1+3x>)
1
x?
SOCIALES II. 2010. JUNIO. EJERCICIO 2. OPCIÓN B"
MATES_CCSS,Funciones CCSS,2010.0,Reserva 1Ejercicio,2 Opción A,"En una empresa han hecho un estudio sobre la rentabilidad de su inversión en publicidad, y han
llegado a la conclusión de que el beneficio obtenido, en miles de euros, viene dado por la
expresión: B(x)=0.5x”-4x+6 ,siendo x la inversión en publicidad, en miles de euros, con x
en el intervalo [0,10] .
a) ¿Para qué valores de la inversión la empresa tiene pérdidas?.
b) ¿Cuánto tiene que invertir la empresa en publicidad para obtener el mayor beneficio
posible?.
c) ¿Cuál es el beneficio si no invierte nada en publicidad?. ¿Hay algún otro valor de la
inversión para el cual se obtiene el mismo beneficio?.
SOCIALES I1. 2010. RESERVA 1.EJERCICIO 2. OPCIÓN A"
MATES_CCSS,Funciones CCSS,2010.0,Reserva 1Ejercicio,2 Opción B,"1 <l
Sea la función f(x)= YX
x?-4x+5 si x>l
a) Estudie la continuidad y la derivabilidad de la función.
b) Represéntela gráficamente.
SOCIALES I1. 2010. RESERVA 1.EJERCICIO 2. OPCIÓN B"
MATES_CCSS,Funciones CCSS,2010.0,Reserva 2,Ejercicio 2 Opción A,"x0-x?+2 si -1<x<0 =x2+x+2 si -1<x<0
1 (x)= 2 2 .  h(x)= > .
=x""-x""+2 si 0O<x<l =x""-x+2 si 0O<xs<l
a) Estudie la continuidad y la derivabilidad de la función fen x=0.
b) Estudie la continuidad y la derivabilidad de la función h en x=0.
c) Si las dos funciones anteriores representan el perfil de un arco puntiagudo de una catedral y
el de un arco redondeado (sin picos) de un túnel, indique, razonadamente, la que corresponde a
la catedral y la que corresponde al túnel.
SOCIALES I1. 2010. RESERVA 2. EJERCICIO 2. OPCIÓN A"
MATES_CCSS,Funciones CCSS,2010.0,Reserva 2,Ejercicio 2 Opción B,"El gerente de una empresa sabe que los beneficios de la misma, f(x), dependen de la inversión,
x, según la función: f(x)=-=x?+11x-10 .
(x es la cantidad invertida, en millones de euros)
a) Determine los valores de la inversión para los que la función beneficio es no negativa.
b) Halle el valor de la inversión para el cual el beneficio es máximo. ¿A cuánto asciende éste?.
c) ¿Entre qué valores ha de estar comprendida la inversión para que el beneficio sea creciente,
sabiendo que éste es no negativo?.
SOCIALES I1. 2010. RESERVA 2. EJERCICIO 2. OPCIÓN B"
MATES_CCSS,Funciones CCSS,2010.0,Reserva 3,Ejercicio 2 Opción A,"si x<0
Sea la función definida por f(x)=3x*-4x? si 0<x<4
4
l-= si x>4
x
a) Estudie su continuidad y derivabilidad.
b) Determine la ecuación de la recta tangente a la gráfica de la función en el punto de abscisa
x=2.
SOCIALES II. 2010. RESERVA 3. EJERCICIO 2. OPCIÓN A"
MATES_CCSS,Funciones CCSS,2010.0,Reserva 3,Ejercicio 2 Opción B,"Un depósito lleno de agua se vacía por un sumidero que tiene en la parte baja. El volumen de
agua, en m?”, que hay en cada momento en el depósito, desde que empieza a vaciarse, viene dado
2
t
por la función V (t) =8—t tz , donde t es el tiempo en minutos.
a) ¿Cuál es la capacidad del depósito?.
b) ¿Cuánto tiempo tarda en vaciarse?.
c) Represente gráficamente la función V(t).
d) Calcule la derivada de esa función en t=8 e interprete su significado.
SOCIALES 11. 2010. RESERVA 3. EJERCICIO 2. OPCIÓN B"
MATES_CCSS,Funciones CCSS,2010.0,Reserva 4,Ejercicio 2 Opción A,"Sea la función f(x)=2x*+ax+b
a) Determine los valores de a y b sabiendo que su gráfica pasa por el punto (1,3) y alcanza un
extremo local en el punto de abscisa x=-2.
b) Tomando a=8 y b=-—10 deduzca la curvatura de su gráfica, el valor mínimo que alcanza
la función y los valores donde la función se anula.
SOCIALES II. 2010. RESERVA 4. EJERCICIO 2. OPCIÓN A"
MATES_CCSS,Funciones CCSS,2010.0,Reserva 4,Ejercicio 2 Opción B,"a) Calcule las derivadas de las siguientes funciones:
10-23) HZ; 200=(3x+2)'-In(1+x?)
XxX
1+2x
X-—
b) Halle las asíntotas y los puntos de corte con los ejes de h(x) =
SOCIALES I1. 2010. RESERVA 4. EJERCICIO 2. OPCIÓN B"
MATES_CCSS,Funciones CCSS,2010.0,Septiembre,Ejercicio 2 Opción A,"Un consultorio médico abre a las 5 de la tarde y cierra cuando no hay pacientes.
La expresión que representa el número medio de pacientes en función del tiempo en horas, t, que
lleva abierto el consultorio es N(t)=4t=t? .
a) ¿A qué hora el número medio de pacientes es máximo? ¿Cuál es ese máximo?.
b) Sabiendo que el consultorio cierra cuando no hay pacientes, ¿a qué hora cerrará?.
c) Represente gráficamente N(t)=4t-t? ,con N(t)>0 .
SOCIALES II. 2010. SEPTIEMBRE. EJERCICIO 2. OPCIÓN A"
MATES_CCSS,Funciones CCSS,2010.0,Septiembre,Ejercicio 2 Opción B,"—x?-2ax+3 si x<l
Sea la función: f(x) -|
ax -6x+5 si x>l
a) Calcule el valor de “a” para que f sea continua en x=1.
b) Para a=1,represente su gráfica y, a la vista de ella, indique su monotonía y las coordenadas
de sus extremos locales.
SOCIALES II. 2010. SEPTIEMBRE. EJERCICIO 2. OPCIÓN B"
MATES_CCSS,Funciones CCSS,2011.0,Junio,Ejercicio 2 Opción B,"Las funciones I(t)=-2t*+51t y G(t)=t?-3t+96 con 0<t<8 representan,
respectivamente, los ingresos y gastos de una empresa, en miles de euros, en función de los
años, t , transcurridos desde su inicio y en los últimos 18 años.
a) ¿Para qué valores de t, desde su entrada en funcionamiento, los ingresos coincidieron con los
gastos?
b) Determine la función que refleje los beneficios (ingresos menos gastos) en función de t y
represéntela gráficamente.
c) ¿Al cabo de cuántos años, desde su entrada en funcionamiento ,los beneficios fueron
máximos?. Calcule el valor de ese beneficio.
SOCIALES IH1. 2011. JUNIO. EJERCICIO 2. OPCIÓN B"
MATES_CCSS,Funciones CCSS,2011.0,Reserva 1,Ejercicio 2 Opción B,"Calcule las derivadas de las siguientes funciones:
2% +x? 1 5
fo) = z ; e(1)=(x?+1)'In(e**+4)  h9)==-
3x x?-2
SOCIALES 11. 2011. RESERVA 1. EJERCICIO 2. OPCIÓN B"
MATES_CCSS,Funciones CCSS,2011.0,Septiembre,Ejercicio 2 Opción A,"4
a) Halle el dominio, los puntos de corte con los ejes, y las asíntotas de la función f(x)= > X :
x+
b) Halle los intervalos de monotonía, los extremos relativos, los intervalos de curvatura y los
puntos de inflexión de la función g(x)=x*+3x*+3x.
SOCIALES 11. 2011. SEPTIEMBRE. EJERCICIO 2. OPCIÓN A"
MATES_CCSS,Funciones CCSS,2012.0,Junio,Ejercicio 2 Opción A,"ax?+3x si x<2
a) Sea la función cc
x?-bx-4 si x>2
Determine los valores de a y b, para que la función f sea derivable en x=2.
2
b) Calcule la ecuación de la recta tangente a la gráfica de la función g(x)= a en el punto
x=
de abscisa x=0.
SOCIALES II. 2012. JUNIO. EJERCICIO 2. OPCIÓN A"
MATES_CCSS,Funciones CCSS,2012.0,Reserva 1,Ejercicio 2 Opción B,"a) Dada la función f(x)=2x*+ax+b, determine los valores de a y b sabiendo que su gráfica
pasa por el punto (1,3) y alcanza un extremo en x=-—2
b) Calcule la ecuación de la recta tangente a la función g(x)=3x?—2x+1, en el punto de
abscisa x=1.
SOCIALES II. 2012. RESERVA 1. EJERCICIO 2. OPCIÓN B"
MATES_CCSS,Funciones CCSS,2012.0,Reserva 2,Ejercicio 2 Opción A,"0 os ax .
a) Para la función f definida de la forma f(x)= x+b , determine, razonadamente, los valores
Xx+
de a y b sabiendo que tiene como asíntota vertical la recta de ecuación x=-2 y como asíntota
horizontal la de ecuación y=3.
b) Para la función g, definida de la forma g(x)= x?-3x?+2, determine: su dominio, sus
intervalos de crecimiento y de decrecimiento y sus extremos relativos. Con esos datos haga un
esbozo de su gráfica.
SOCIALES II. 2012. RESERVA 2. EJERCICIO 2. OPCIÓN A"
MATES_CCSS,Funciones CCSS,2012.0,Reserva 3,Ejercicio 2 Opción A,"Se considera la función f(x)=1-——
x+2
a) Determine la monotonía y curvatura de la función
b) Calcule sus asíntotas
c) Represéntela gráficamente.
SOCIALES II. 2012. RESERVA 3. EJERCICIO 2. OPCIÓN A"
MATES_CCSS,Funciones CCSS,2012.0,Reserva 4,Ejercicio 2 Opción A,"Sean dos funciones, f y g, tales que las expresiones de sus funciones derivadas son,
respectivamente, f'(x)=x+2 y g'(x)=2
a) Estudie la monotonía de las funciones f y g.
b) De lasa dos funciones f y g , indique, razonadamente, cuál de ellas tiene algún punto en el
que su derivada es nula.
c) ¿Cuál de las funciones f y g es una función polinómica de primer grado? ¿Por qué?.
SOCIALES II. 2012. RESERVA 4. EJERCICIO 2. OPCIÓN A"
MATES_CCSS,Funciones CCSS,2012.0,Septiembre,Ejercicio 2 Opción A,"Determine los valores que han de tomar a y b para que la función
CUA si x<l
sea derivable en R.
4x—b si x>1
SOCIALES II. 2012. SEPTIEMBRE. EJERCICIO 2. OPCIÓN A"
MATES_CCSS,Funciones CCSS,2013.0,Junio,Ejercicio 2 Opción A,"Los beneficios de una empresa en sus primeros 8 años vienen dados, en millones de euros, por
la función
3
t
B(0)= 7 310+91 0<t<8
donde la variable t indica el tiempo transcurrido, en años, desde su fundación.
a) Estudie la monotonía y los extremos de B(t).
b) Dibuje la gráfica de B(t) en el intervalo [0,8] y explique, a partir de ella, la evolución de los
beneficios de esta empresa en sus 8 años de existencia.
SOCIALES II. 2013. JUNIO. EJERCICIO 2. OPCIÓN A"
MATES_CCSS,Funciones CCSS,2013.0,Junio,Ejercicio 2 Opción B,"Sea f(x) una función cuya función derivada, f '(x), tiene por gráfica una parábola que corta
al eje OX en los puntos (-1,0) y (5,0) y con vértice (2,-4).
a) Estudie razonadamente la monotonía de f(x).
b) Determine las abscisas de los extremos relativos de la función f(x).
c) Halla la ecuación de la recta tangente a la grafica de f(x) en el punto de abscisa x=2,
sabiendo que f(2)=5.
SOCIALES II. 2013. JUNIO. EJERCICIO 2. OPCIÓN B"
MATES_CCSS,Funciones CCSS,2013.0,Reserva 1,Ejercicio 2 Opción A,"e* si x<0
Estudie la derivabilidad de la función f(x)= 1 si 0<x<3
—x?+6x+2 si x>3
SOCIALES II. 2013. RESERVA 1. EJERCICIO 2. OPCIÓN A"
MATES_CCSS,Funciones CCSS,2013.0,Reserva 1,Ejercicio 2 Opción B,"1
Sea la función: f(x)= 2—x
si x<l
x?-6x4+6 si x>1l
a) Estudie la continuidad y la derivabilidad de la función.
b) Calcule la ecuación de la recta tangente a la gráfica de f(x) en el punto de abscisa x=0.
SOCIALES II. 2013. RESERVA 1. EJERCICIO 2. OPCIÓN B"
MATES_CCSS,Funciones CCSS,2013.0,Reserva 4,Ejercicio 2 Opción B,"x>-1 si  x<l
Se considera la función f(x) -|
=x2+4x-3 si x2l
a) Determine el dominio y estudie la continuidad de la función.
b) Obtenga los extremos de la función.
c) Estudie su curvatura.
SOCIALES II. 2013 RESERVA 4. EJERCICIO 2. OPCIÓN B"
MATES_CCSS,Funciones CCSS,2013.0,Septiembre,Ejercicio 2 Opción A,"En una empresa el número de montajes diarios realizados por un trabajador depende de los
11t+17
,t>1, donde t es el número de días
2t+12
días trabajados según la función M(t)=
trabajados.
a) ¿Cuántos montajes realiza el primer día? ¿Cuántos días necesitará para realizar cinco
montajes diarios?
b) ¿Qué ocurrirá con el número de montajes diarios si trabajara indefinidamente?
c) El dueño de la empresa cree que el número de montajes aumenta con los días de trabajo.
Estudiando la función, justifique si es cierta dicha creencia.
d) Dibuje la grafica de la función.
SOCIALES II. 2013. SEPTIEMBRE. EJERCICIO 2. OPCIÓN A"
MATES_CCSS,Funciones CCSS,2013.0,Septiembre,Ejercicio 2 Opción B,"x""-bx+1 si x<2
Sea la función e0=1
2x+a si x>2
a) Determine los valores de a y b para que dicha función sea continua en x=2 y, además,
tenga un mínimo en x=1.
b)Para a=2 y b=6, determine la ecuación de la recta tangente a la grafica de la función en el
punto de abscisa x=-—2.
SOCIALES II. 2013. SEPTIEMBRE. EJERCICIO 2. OPCIÓN B"
MATES_CCSS,Funciones CCSS,2014.0,Junio,Ejercicio 2 Opción A,"La función de beneficios f, en miles de euros, de una empresa depende de la cantidad invertida
x, en miles de euros, en un determinado proyecto de innovación y viene dada por
f(09)=-2x?+36x+138 x>0
a) Determine la inversión que maximiza el beneficio de la empresa y calcule dicho beneficio
óptimo.
b) Calcule f'(7) e interprete el signo del resultado.
c) Dibuje la función de beneficios f(x). ¿Para qué valor o valores de la inversión, x, el
beneficio es de 138 mil euros?.
SOCIALES II. 2014. JUNIO. EJERCICIO 2. OPCIÓN A"
MATES_CCSS,Funciones CCSS,2014.0,Junio,Ejercicio 2 Opción B,"—bx*—bx+a si x<2
Sea la función f definida por f(x) = 60
si x>2
x
a) Obtenga los valores de a y b para que la función sea continua y derivable.
b) Para a=48 y b=3,estudie la monotonía de f(x) y calcule sus extremos.
SOCIALES II. 2014. JUNIO. EJERCICIO 2. OPCIÓN B"
MATES_CCSS,Funciones CCSS,2014.0,Reserva 1,Ejercicio 2 Opción A,"Sea la función f(x)=x*-3x?+3x.
a) Estudie la monotonía de f y halle los extremos relativos que posea.
b) Estudie su curvatura y calcule su punto de inflexión.
c) Represente la gráfica de la función f.
SOCIALES II. 2014. RESERVA 1. EJERCICIO 2. OPCIÓN A"
MATES_CCSS,Funciones CCSS,2014.0,Reserva 1,Ejercicio 2 Opción B,"(x+1) si x<l
Sea la función f(x)= 4
= si x>l
x
a) Estudie la continuidad y derivabilidad de la función en su dominio
b) Determine sus asíntotas, en caso de que existan.
c) Calcule la ecuación de la recta tangente a la gráfica de f en el punto de abscisa x=2.
SOCIALES II. 2014. RESERVA 1. EJERCICIO 2. OPCIÓN B"
MATES_CCSS,Funciones CCSS,2014.0,Reserva 2,Ejercicio 2 Opción A,"Sea la función f(x)=-2x*+a+e ""*+bx-1
a) Halle los valores de a y b sabiendo que la función tiene un mínimo en x=0 y que la gráfica
de la función pasa por el punto (0, 0).
b)Para a=0 y b=1, determine la ecuación de la recta tangente a la gráfica de la función en el
punto de abscisa x=-—1.
SOCIALES II. 2014. RESERVA 2. EJERCICIO 2. OPCIÓN A"
MATES_CCSS,Funciones CCSS,2014.0,Reserva 2,Ejercicio 2 Opción B,"x?—ax+5 si x<0
Sea la función f , definida por f(x) -|
—x*+b si x>0
Determine los valores que han de tomar a y b para que la función f sea derivable en x=0
SOCIALES II. 2014. RESERVA 2. EJERCICIO 2. OPCIÓN B"
MATES_CCSS,Funciones CCSS,2014.0,Reserva 3,Ejercicio 2 Opción A,"x*+ax
Sea la función dada por f(x)=3 x+b
si x>2.
x—-1
a) Determine los valores de a y b, sabiendo que dicha función es derivable.
b) Para a=2 y b=3, determine la ecuación de la recta tangente a la gráfica de la función fen
el punto de abscisa x=1.
SOCIALES II. 2014. RESERVA 3. EJERCICIO 2. OPCIÓN A"
MATES_CCSS,Funciones CCSS,2014.0,Reserva 3,Ejercicio 2 Opción B,"El porcentaje de personas que sintonizan un programa de radio que se emite entre las 6 y las 12
horas viene dado, según la hora t, mediante la función
S(t)=660-231t+27t?-—t? 6<t<12
a) ¿Qué porcentaje de personas sintonizan el programa al comenzar la emisión? ¿Y al cierre?
b) ¿A qué hora tiene máxima y mínima audiencia? ¿Qué porcentaje de personas sintonizan el
programa a dichas horas?
SOCIALES II. 2014. RESERVA 3. EJERCICIO 2. OPCIÓN B"
MATES_CCSS,Funciones CCSS,2014.0,Reserva 4,Ejercicio 2 Opción A,"2
=2x4x
Sean las funciones: f(x)=(2x*-1)*In(x*) y go) = 771
x +
Determine el valor de f '(-1) y de g'(0)
SOCIALES II. 2014 RESERVA 4. EJERCICIO 2. OPCIÓN A"
MATES_CCSS,Funciones CCSS,2014.0,Reserva 4,Ejercicio 2 Opción B,"Represente gráficamente la función f(x)=x*-6x*+12x, estudiando previamente su
dominio, puntos de corte con los ejes, intervalos de monotonía, extremos, intervalos de
concavidad y convexidad y puntos de inflexión.
SOCIALES II. 2014. RESERVA 4. EJERCICIO 2. OPCIÓN B"
MATES_CCSS,Funciones CCSS,2014.0,Septiembre,Ejercicio 2 Opción A,"Una empresa ha realizado un estudio sobre los beneficios, en miles de euros, que ha obtenido en
los últimos 10 años. La función a la que se ajustan dichos beneficios viene dada por
B(t)=2t* -36t? +162t-6,con 0<t<10.
a) ¿Qué beneficios obtuvo al inicio del periodo (t =0) y al final del décimo año (t =10).
b) ¿En qué momentos se obtiene el máximo y el mínimo beneficio y cuáles fueron sus cuantías?
SOCIALES II. 2014. SEPTIEMBRE. EJERCICIO 2. OPCIÓN A"
MATES_CCSS,Funciones CCSS,2014.0,Septiembre,Ejercicio 2 Opción B,"Sea la función f(x)=-x?+px+q
a) Calcule los valores que deben tener p y q para que la gráfica de la función f pase por el punto
(-4,-—5) y presente un máximo en el punto de abscisa x=—1. Determine el valor de f(x) en
ese punto.
b) Represente la gráfica de fpara p=2 y q=-1 y halle la ecuación de la recta tangente a esta
gráfica en el punto de abscisa x=-—2.
SOCIALES HH. 2014. SEPTIEMBRE. EJERCICIO 2. OPCIÓN B"
MATES_CCSS,Funciones CCSS,2015.0,Junio,Ejercicio 2 Opción A,"a) Calcule la derivada de cada una de las siguientes funciones:
3In(x)
3
Xx
f(x)=
2) =(1-x5):0=1)
h09=3 7
Tx
b) Halle las asíntotas de la función p(x)=
3x-12
SOCIALES II. 2015 JUNIO. EJERCICIO 2. OPCIÓN A"
MATES_CCSS,Funciones CCSS,2015.0,Reserva 1,Ejercicio 2 Opcion A,"Una entidad financiera lanza al mercado un plan de inversión cuya rentabilidad, R(x), en miles
de euros, viene dada por la función
R(x) =-0.001x?+0.5x+2.5 1<x<500
donde x es la cantidad de dinero invertida en miles de euros.
a) Determine qué cantidad de dinero se debe invertir para obtener la máxima rentabilidad.
b) ¿Qué rentabilidad se obtendría con dicha inversión?
c) ¿Cuál es la cantidad de dinero para la que se obtiene menor rentabilidad?
SOCIALES II. 2015 RESERVA 1 EJERCICIO 2. OPCION A"
MATES_CCSS,Funciones CCSS,2015.0,Reserva 1,Ejercicio 2 Opcion B,"S(ax—12) si x<-—l
Sea la función f(x)=
=x*+b(x-1) si x>-1
a) Halle los valores de a y b sabiendo que la función es derivable en x=-—1
b) Para a=1 y b=-—1 y obtenga la ecuación de la recta tangente a la gráfica de la función
f(x) en el punto de abscisa x =-2
SOCIALES II. 2015 RESERVA 1 EJERCICIO 2. OPCION B"
MATES_CCSS,Funciones CCSS,2015.0,Reserva 2,Ejercicio 2 Opcion A,"La mosca común solamente vive si la temperatura media de su entorno está comprendida entre
4'C y 36""C. La vida en días, en función de la temperatura media T, medida en grados
centígrados, viene dada por la función:
VO) == ¿01 2 -40T +16) T e [4,36]
a) Determine la vida máxima que puede alcanzar la mosca común.
b) Calcule la vida mínima e indique la temperatura media a la que se alcanza.
c) Si sabemos que una mosca ha vivido 15 días, ¿a qué temperatura media ha estado el entorno
donde ha habitado?
SOCIALES II. 2015 RESERVA 2 EJERCICIO 2. OPCION A"
MATES_CCSS,Funciones CCSS,2015.0,Reserva 2,Ejercicio 2 Opcion B,"Calcule la derivada de cada una de las siguientes funciones:
2-(1-3x)?
Y 19== 3
b) 200) =(x?-x+1):e*
c) h(x) =log(x?+x+1)
SOCIALES II. 2015 RESERVA 2 EJERCICIO 2. OPCION B"
MATES_CCSS,Funciones CCSS,2015.0,Reserva 3,Ejercicio 2 Opcion A,"1 si x<0
Sea la función f(x)=4 —x?+1 si O<x<4
x?-8x+17 si x>4
a) Represente gráficamente la función f.
b) Estudie su continuidad y derivabilidad.
c) Calcule f'(1) y f '(5)
SOCIALES II. 2015 RESERVA 3 EJERCICIO 2. OPCION A"
MATES_CCSS,Funciones CCSS,2015.0,Reserva 3,Ejercicio 2 Opcion B,"Se considera la función f(x)=x*-2x*+x
a) Halle el máximo, el mínimo y el punto de inflexión de la función.
b) Calcule los puntos de corte con los ejes.
c) Obtenga las ecuaciones de las rectas tangentes a la gráfica de f en los puntos de abscisas
x=0y x=1
SOCIALES II. 2015 RESERVA 3 EJERCICIO 2. OPCION B"
MATES_CCSS,Funciones CCSS,2015.0,Reserva 4,Ejercicio 2 Opcion A,"2x-5
— si x<2
Sea la función f(x)= x+4
x*-3x? si x>2
a) Determine y represente gráficamente sus asíntotas. Calcule el punto donde la gráfica de la
función f corta al eje de ordenadas.
b) Halle la ecuación de la recta tangente a la gráfica de fen x =-3
SOCIALES II. 2015 RESERVA 4 EJERCICIO 2. OPCION A"
MATES_CCSS,Funciones CCSS,2015.0,Reserva 4,Ejercicio 2 Opcion B,"Se considera la función f , definida a trozos por la expresión
fíx)= =x?+x+6 si x<2
x+2 si x>2
a) Estudie la continuidad de la función.
b) Analice la derivabilidad de la función.
c) Represéntela gráficamente, determinando los extremos, los intervalos de crecimiento y
decrecimiento y los puntos de corte con los ejes.
SOCIALES II. 2015 RESERVA 4 EJERCICIO 2. OPCION B"
MATES_CCSS,Funciones CCSS,2015.0,Septiembre,Ejercicio 2 Opción A,"a) Determine el valor de a para que sea continua en x=-—1 la función:
ax
f(O)= x—-1
si x<-1
x*-3x?*+6x-2 si x>-1
b) Calcule los coeficientes b y c de la función g(x)=x*+bx”+cx-—2 para que (1,2) sea un
punto de inflexión de g
SOCIALES II. 2015. SEPTIEMBRE. EJERCICIO 2. OPCIÓN A"
MATES_CCSS,Funciones CCSS,2015.0,Septiembre,Ejercicio 2 Opción B,"Sea la función f(x)=x*-9x?+8
a) Halle las coordenadas de sus extremos relativos y de su punto de inflexión, si existen.
b) Determine la ecuación de la recta tangente a la gráfica de f en el punto de abscisa x=1.
SOCIALES II. 2015. SEPTIEMBRE. EJERCICIO 2. OPCIÓN B"
MATES_CCSS,Funciones CCSS,2016.0,Junio,Ejercicio 2 Opción B,"La cantidad, C, que una entidad bancaria dedica a créditos depende de su liquidez, x, según la
función:
150+5x
Co) = 100
200+10x
254+3x
Donde C y x están expresadas en miles de euros.
a) Justifique que C es una función continua.
b) ¿A partir de qué liquidez decrece la cantidad dedicada a créditos? ¿Cuál es el valor máximo
de C?.
c) Calcule la asíntota horizontal e interprétela en el contexto del problema.
SOCIALES II. 2016 JUNIO. EJERCICIO 2. OPCIÓN B"
MATES_CCSS,Funciones CCSS,2016.0,Reserva 1Ejercicio,2 Opción A,"En un ensayo clínico de 10 meses de duración, el porcentaje de células de un determinado
tejido afectadas por un tipo de enfermedad en el paciente de estudio, viene dado por la función:
8t-t? si0<t<6
P(1)= si
2t si 6<t<10
donde tes el tiempo en meses.
a) Represente gráficamente la función P(t).
b) ¿En qué mes empieza a decrecer el porcentaje de células afectadas de dicho tejido? ¿Qué
porcentaje hay justo en ese momento? ¿En algún otro mes del ensayo se alcanza ese mismo
porcentaje?.
c) ¿En qué mes el porcentaje de células afectadas es máximo?. ¿Cuál es el porcentaje en ese
momento?
SOCIALES 11. 2016. RESERVA 1.EJERCICIO 2. OPCIÓN A"
MATES_CCSS,Funciones CCSS,2016.0,Reserva 1,Ejercicio 2 Opción B,"3x+1
Sea la función f(x)= x+
x—-1
a) Estudie su continuidad y derivabilidad. Calcule la función derivada.
b) Calcule las ecuaciones de sus asíntotas, en caso de que existan.
c) Halle los puntos de la gráfica de f donde la recta tangente sea tal que su pendiente valga —1.
SOCIALES II. 2016. RESERVA 1. EJERCICIO 2. OPCIÓN B"
MATES_CCSS,Funciones CCSS,2016.0,Reserva 2,Ejercicio 2 Opcion A,"Una fábrica produce entre 1000 y 6000 bombillas al día. El coste diario de producción, en
euros, de x bombillas viene dado por la función
2000000
x
C(x)=9000+0.08x +
con 1000 < x < 6000
¿Cuántas bombillas deberían producirse diariamente para minimizar costes? ¿Cuál sería dicho
coste?
SOCIALES II. 2016. RESERVA 2. EJERCICIO 2. OPCION A"
MATES_CCSS,Funciones CCSS,2016.0,Reserva 2,Ejercicio 2 Opcion B,"Los beneficios de una empresa, en miles de euros, han evolucionado en los 25 años de su
existencia según una función del tiempo, en años, dada por la siguiente expresión:
4t si O<t<1l0
B(t)=
ys 0 +8t—20 si 10<t<25
a) Estudie la continuidad y derivabilidad de B en el inter valo [0,25].
b) Estudie la monotonía de esta función y determine en qué año fueron mayores los beneficios
de esta empresa y cuál fue su beneficio máximo.
c) Represente gráficamente esta función.
SOCIALES II. 2016. RESERVA 2. EJERCICIO 2. OPCION B"
MATES_CCSS,Funciones CCSS,2016.0,Reserva 3,Ejercicio 2 Opcion A,"a) Calcule las derivadas de las siguientes funciones:
1n3x
e»
f(o9=(?-D-Bx*+5x)? g(x)=
3x+6
b) Calcule la ecuación de la recta tangente a la gráfica de la función h(x)= x+ en el punto
x
de abscisa x=1.
c) Determine, si existen, las ecuaciones de las asíntotas de la función h(x).
SOCIALES II. 2016. RESERVA 3. EJERCICIO 2. OPCION A"
MATES_CCSS,Funciones CCSS,2016.0,Reserva 3,Ejercicio 2 Opcion B,"La función de costes de una fábrica, f(x) ,en miles de euros, viene dada por la expresión:
f(0)=2x*-36x +200
donde x es la cantidad fabricada del producto, en miles de kilogramos.
a) Determine la cantidad a fabricar para minimizar el coste y calcule este coste mínimo.
b) A partir del signo de f'(7) , ¿qué se puede decir del coste para una producción de siete mil
kilogramos?
c) Dibuje la gráfica de la función de costes. ¿Para qué cantidad o cantidades fabricadas el coste
es de 200000 €?
SOCIALES II. 2016. RESERVA 3. EJERCICIO 2. OPCION B"
MATES_CCSS,Funciones CCSS,2016.0,Reserva 4,Ejercicio 2 Opcion A,"1, .
—x +1 <2
Sea la función f(x)= a? oz ,con a>0.
=x+a si x>2
a) Calcule el valor del parámetro a para que la función sea continua en su dominio. En este
caso, ¿sería derivable en su dominio?
b) Para el valor a=4, represente gráficamente la función y halle la ecuación de la recta
tangente a la gráfica de la función en el punto de abscisa x=-—1.
SOCIALES II. 2016. RESERVA 4. EJERCICIO 2. OPCION A"
MATES_CCSS,Funciones CCSS,2016.0,Reserva 4,Ejercicio 2 Opcion B,"4
Se considera la función f(x)= x
si x<2
x?%-2x+2 si x>2
a) Estudie la continuidad y la derivabilidad de esta función.
b) Estudie su monotonía y su curvatura para x>0.
SOCIALES II. 2016. RESERVA 4. EJERCICIO 2. OPCION B"
MATES_CCSS,Funciones CCSS,2016.0,Septiembre,Ejercicio 2 Opción A,"De una función continua y derivable, f, se sabe que la gráfica de la función derivada, f ”, es una
parábola que pasa por los puntos (—1,0) y (3,0), y que tiene su vértice en el punto (1,2).
a) Determine los intervalos de crecimiento y decrecimiento de la función f, así como la existencia
de extremos.
b) Si f(1)=2, encuentre la ecuación de la recta tangente a la gráfica de la función f en el punto
de abscisa x=1
SOCIALES II. 2016. SEPTIEMBRE. EJERCICIO 2. OPCIÓN A"
MATES_CCSS,Funciones CCSS,2016.0,Septiembre,Ejercicio 2 Opción B,"x?—4x+a
Sea la función f(x)= 1
x-1
a) Calcule el valor de a para que la función sea continua en x=2.Para ese valor de a obtenido,
¿es derivable la función en x=22?
b) Para a =4,estudie la monotonía y calcule las ecuaciones de las asíntotas, si existen.
SOCIALES 11. 2016. SEPTIEMBRE. EJERCICIO 2. OPCIÓN B"
MATES_CCSS,Funciones CCSS,2017.0,Junio,Ejercicio 2 Opción A,"Sea f(t) el porcentaje de ocupación de un determinado complejo hotelero en función del
tiempo t, medido en meses, transcurridos desde su inauguración:
212 +20t si OSt<6
f(t)=
Ne 90t —- 240
t+4
a) ¿Evoluciona la función f de forma continua?.
b) ¿Cuál sería el porcentaje de ocupación al finalizar el segundo año?.
c) ¿En qué momentos el porcentaje de ocupación sería del 40 %?.
d) ¿Llegaría en algún momento a estar completo en caso de que estuviese abierto
indefinidamente?
SOCIALES II. 2017 JUNIO. EJERCICIO 2. OPCIÓN A"
MATES_CCSS,Funciones CCSS,2017.0,Junio,Ejercicio 2 Opcion B,"a) Calcule las derivadas de las siguientes funciones:
Sx
t09= 2 20) =(2x?=x)?In(x?+2)
xx
b) Determine la ecuación de la recta tangente a la gráfica de la función h(x) =— en el punto de
x
abscisa x=1.
SOCIALES II. 2017. JUNIO. EJERCICIO 2. OPCION B"
MATES_CCSS,Funciones CCSS,2017.0,Reserva 4,Ejercicio 2 Opcion A,"Una empresa quiere invertir en productos financieros un mínimo de un millón de euros y un
máximo de seis millones de euros. La rentabilidad que obtiene viene dada en función de la
cantidad invertida, x, por la siguiente expresión:
x-2 si 1<x<2
R(x)=
—=x*+10x-16 si 2<x<6
donde tanto x, como R(x), están expresadas en millones de euros.
a) Estudie la continuidad de la función R(x).
b) Esboce la gráfica de la función.
Cc) ¿Qué cantidad debe invertir para obtener la máxima rentabilidad y a cuánto asciende ésta?
¿Para qué valores de x la rentabilidad es positiva?
SOCIALES II. 2017 RESERVA 4. EJERCICIO 2. OPCION A"
MATES_CCSS,Funciones CCSS,2017.0,Reserva 4,Ejercicio 2 Opción B,"ax—3x? si x<l
Se considera la función f(x) -|
2x*+b si x>1
a) Calcule los valores de a y b para que la función f sea derivable en x=1.
b)Para a=3 y b=-2 ,estudie la monotonía y curvatura de la función f.
SOCIALES II. 2017 RESERVA 4. EJERCICIO 2. OPCIÓN B"
MATES_CCSS,Funciones CCSS,2017.0,Septiembre,Ejercicio 2 Opción A,"Sea la función f(x)=x*+ax?+bx
a) Halle a y b sabiendo que la función tiene un mínimo en el punto de abscisa x=—1 y un
punto de inflexión en el punto de abscisa x=-2.
b) Para a=6 y b=09, halle los puntos de corte con los ejes, estudie la monotonía y extremos y
esboce la gráfica de la función.
SOCIALES II. 2017. SEPTIEMBRE. EJERCICIO 2. OPCIÓN A"
MATES_CCSS,Funciones CCSS,2018.0,Junio,Ejercicio 2 Opción A,"La función de costes de una empresa se puede determinar mediante la expresión
f(9)=40-6x+x?, para x>0 donde “x” representa la cantidad producida de un
determinado artículo. a) ¿Disminuye el coste alguna vez? Determine la cantidad producida de
dicho artículo cuando el coste es mínimo y cuál es dicho coste. b) ¿Cuál sería el coste si no se
produjese nada de ese artículo? Si el coste fuese 80, ¿Cuántas serían las unidades producidas?
c) Represente gráficamente la función.
SOCIALES II. 2018 JUNIO. EJERCICIO 2 OPCIÓN A"
MATES_CCSS,Funciones CCSS,2018.0,Reserva 1,Ejercicio 2 Opción A,"La velocidad que lleva un móvil, en función del tiempo t, viene dado por la siguiente función:
Tte? si OSt<l
v(t) = 2t+a si 1Sts5
-t*+12t+b si 5S<t<1l0
a) Determine a y b para que la función sea continua en los instantes t=1 y t=5.
b) Para a=5 y b=-20, estudie la derivabilidad en los instantes t=1 y t=5. ¿En qué
momento el móvil alcanza la velocidad máxima? .
SOCIALES II. 2018 RESERVA 1. EJERCICIO 2. OPCIÓN A"
MATES_CCSS,Funciones CCSS,2018.0,Reserva 1,Ejercicio 2 Opción B,"2x+1
Dada la función f(x)= 1-2x
x?-x-a si x>0
si x<0
a) Obtenga el valor de a para que la función sea continua en x =0. Para ese valor de a, ¿sería
derivable en x =07.
b) Para a =2, estudie su monotonía y extremos relativos.
SOCIALES II. 2018 RESERVA 1. EJERCICIO 2. OPCIÓN B"
MATES_CCSS,Funciones CCSS,2018.0,Reserva 2,Ejercicio 2 Opcion A,"a) Calcule la derivada de las funciones
e 3x
f(0)=x-In(x) 200) =
x""+l
b) Obtenga la ecuación de la recta tangente a la gráfica de la función h(x)=x?+6x+5 en el
punto de abscisa x =—2.Represente gráficamente la función h y la recta tangente hallada.
SOCIALES II. 2018. RESERVA 2. EJERCICIO 2. OPCION A"
MATES_CCSS,Funciones CCSS,2018.0,Reserva 2,Ejercicio 2 Opción B,": 0, ax '
Se considera la función f(x)= >x+1 con a y bnúmeros reales.
X +
a) Calcule los valores de a y b , sabiendo que f(-1)=1 y que en el punto de abscisa x=0 la
recta tangente a la gráfica de fes paralela a la recta y=2x+1.
b) Para a=b=1,halle la ecuación de sus asíntotas.
SOCIALES II. 2018 RESERVA 2. EJERCICIO 2. OPCIÓN B"
MATES_CCSS,Funciones CCSS,2018.0,Reserva 3,Ejercicio 2 Opción B,"Se considera la función f(x)= X si —1<x<0
x+2
x?-bx si x>0
a) Calcule a y b para que la función sea continua y derivable en x=-1y x=0
1
b)Para a=2 y b ==> estudie su monotonía.
SOCIALES II. 2018. RESERVA 3. EJERCICIO 2. OPCIÓN B"
MATES_CCSS,Funciones CCSS,2018.0,Reserva 4,Ejercicio 2 Opción A,"x-5
Se considera la función f(x)= x—-4
=x*+7x-10 si x>3
si x<3
a) Estudie la continuidad y la derivabilidad de la función f
b) Calcule los puntos de corte de la gráfica de f con los ejes de coordenadas.
c) Calcule las asíntotas de f, en caso de que existan.
SOCIALES II. 2018 RESERVA 4. EJERCICIO 2. OPCIÓN A"
MATES_CCSS,Funciones CCSS,2018.0,Reserva 4,Ejercicio 2 Opcion B,"- 3 1) 2
fOo0=e*.(x?-5)? y AFD
09) ( ) 2(x) ma 742)
x
b) Obtenga la ecuación de la recta tangente a la gráfica de la función h(x) = + > en el punto
x+
de abscisa x=0
SOCIALES II. 2018. RESERVA 4. EJERCICIO 2. OPCION B"
MATES_CCSS,Funciones CCSS,2018.0,Septiembre,Ejercicio 2 Opcion B,"El beneficio, en miles de euros, que ha obtenido una almazara a lo largo de 50 años viene dado
-0.04t?+24t si 0<t<40
por la expresión: B(t)=%  40t-320
A si 40<t<50
Donde t es el tiempo transcurrido.
a) Estudie la continuidad y derivabilidad de la función B(t) en el intervalo [0,50].
b) Estudie la monotonía de la función B(t) y determine en qué momento fueron mayores los
beneficios de la almazara, así como el beneficio máximo.
c) Represente la gráfica de la función y explique la evolución del beneficio.
SOCIALES II. 2018. SEPTIEMBRE. EJERCICIO 2. OPCION B"
MATES_CCSS,Funciones CCSS,2019.0,Junio,Ejercicio 2 Opción A,"a) Obtenga las ecuaciones de las rectas tangentes a la gráfica de la función que sean paralelas a
la recta y=3x-3
b) Estudie la monotonía y la curvatura de la función f
c) Calcule J f(x) dx
SOCIALES II. 2019 JUNIO EJERCICIO 2. OPCIÓN A"
MATES_CCSS,Funciones CCSS,2019.0,Junio,Ejercicio 2 Opción B,"1
Sea la función f(x)=3 x—1
si x<0
x?+a si x>0
a) Determine el valor del parámetro a para que f sea continua en todo su dominio. Para ese
valor de a, estudie la derivabilidad de f.
b) Para a=-2, estudie la monotonía y curvatura de la función f. ¿Tiene algún punto de
inflexión?.
SOCIALES II. 2019. JUNIO. EJERCICIO 2. OPCIÓN B"
MATES_CCSS,Funciones CCSS,2019.0,Reserva 1,Ejercicio 2 Opcion A,"a) Calcule la derivada de las siguientes funciones:
100=3 m[y7) 2009=(x2+1)?.02
1+x
b) Obtenga la ecuación de la recta tangente a la gráfica de la función h(x)=x”-—6x+8 en el
punto de abscisa x =4. Represente gráficamente la función h y la recta tangente hallada.
SOCIALES II. 2019 RESERVA 1. EJERCICIO 2. OPCION A"
MATES_CCSS,Funciones CCSS,2019.0,Reserva 1,Ejercicio 2 Opcion B,"Se considera la función f(x)=ax?*+—,con x %0,siendo a y b dos parámetros reales.
x
a) Determine el valor de los parámetros a y b para que f(x) tenga un extremo relativo en el
punto (1,3).
b) Para a=1 y b=2,razone si en el punto (1,3) la función presenta un máximo o un mínimo.
c) Calcule fe ? +2) dx.
x
SOCIALES II. 2019 RESERVA 1. EJERCICIO 2. OPCION B"
MATES_CCSS,Funciones CCSS,2019.0,Reserva 2,Ejercicio 2 Opcion A,"x?+2x si -2<x<l
ax?+4x si l<x<4
a) Calcule el valor de a para que la función sea continua en todo su dominio.
b) Para a =—1,compruebe si es derivable en x=1.
Se considera la función f(x)= |
c) Para a =-—1, determine los extremos relativos de la función y el valor de la función en dichos
extremos.
d) Para a =—1,represente gráficamente la función en su dominio.
SOCIALES II. 2019 RESERVA 2. EJERCICIO 2. OPCION A"
MATES_CCSS,Funciones CCSS,2019.0,Reserva 2,Ejercicio 2 Opcion B,"x?+4x+1 si x<0
en* si x>0
a) Estudie la continuidad y la derivabilidad de la función f(x) -|
b) Dada la función g(x)=x*+bx?+c, calcule los valores de b y c sabiendo que £ tiene un
extremo relativo en x =-—1 y que su gráfica pasa por el punto (—1,3).
SOCIALES II. 2019 RESERVA 2. EJERCICIO 2. OPCION B"
MATES_CCSS,Funciones CCSS,2019.0,Reserva 3,Ejercicio 2 Opcion A,"Sea la función f(x)=x*+ax*+bx+1.
a) Halle a y b de forma que f tenga un extremo relativo en x=1 y la recta tangente a la gráfica de
la función f en el punto de abscisa x =0 tenga pendiente m=-—1.
b)Para a=-—1 y b=-1,estudie la monotonía y la curvatura de la función f.
SOCIALES II. 2019 RESERVA 3. EJERCICIO 2. OPCION A"
MATES_CCSS,Funciones CCSS,2019.0,Reserva 3,Ejercicio 2 Opcion B,"Unos productores de cereales realizan un estudio para conocer la posible demanda de su
producto. Concluyen que la función de demanda de dichos cereales tiene la forma
D(x) =-200x * +2100x ? —7200x+10000, para 0<x<4, donde x es el precio en euros por
kilogramo de producto y D(x) es la cantidad de kilogramos de cereales que los consumidores
están dispuestos a comprar a dicho precio x.
a) ¿Cuál es la cantidad de cereales demandada si el precio es de 050 euros por kilogramo?
b) Calcule para qué precio se alcanza una demanda mínima del producto y determine dicha
demanda.
SOCIALES II. 2019 RESERVA 3. EJERCICIO 2. OPCION B"
MATES_CCSS,Funciones CCSS,2019.0,Reserva 4,Ejercicio 2 Opcion A,"Se considera la función f(x)=x-= 3x1 .
x+1
a) Indique el dominio de f y calcule f '(x).
b) Calcule la pendiente de la recta tangente a la gráfica de f en el punto de abscisa x = : .
c) Halle los puntos de la gráfica de f en los que la recta tangente a dicha gráfica es horizontal.
SOCIALES II. 2019 RESERVA 4. EJERCICIO 2. OPCION A"
MATES_CCSS,Funciones CCSS,2019.0,Reserva 4,Ejercicio 2 Opcion B,"Se considera la función SS -2x?+3x+1.
a) Estudie su monotonía y halle sus extremos relativos.
b) Determine los inter valos de concavidad y convexidad. Calcule su punto de inflexión.
c) Calcule la pendiente de la recta tangente a la gráfica de f en el punto de abscisa x =0.
d) Calcule J f(x) dx.
SOCIALES II. 2019 RESERVA 4. EJERCICIO 2. OPCION B"
MATES_CCSS,Funciones CCSS,2019.0,Septiembre,Ejercicio 2 Opción A,"El coste de producción de un bien en una fábrica viene dado por C(x)=2(2x-1)?+1, con
0<x<2, donde x es la cantidad producida en millones de kilogramos.
a) Estudie el crecimiento y decrecimiento de la función C(x).
b) Determine la cantidad a producir para que el coste de producción sea mínimo. ¿Cuál es
dicho coste?.
c) Realice un esbozo de la gráfica de la función C(x).
SOCIALES II. 2019. SEPTIEMBRE. EJERCICIO 2. OPCIÓN A"
MATES_CCSS,Funciones CCSS,2019.0,Septiembre,Ejercicio 2 Opción B,"De una cierta función f, sabemos que su función derivada es f '(x)=3x?-3
a) Estudie los intervalos de crecimiento y decrecimiento de f, y calcule la abscisa de sus
extremos relativos.
b) Determine la curvatura de f y halle la abscisa de su punto de inflexión.
c) Calcule la función f, sabiendo que su gráfica pasa por el punto (-1,3).
SOCIALES II. 2019. SEPTIEMBRE. EJERCICIO 2. OPCIÓN B"
MATES_CCSS,Funciones CCSS,2019.0,Ponencia,16,"Se considera la función f(x)=ax*+bx+11
a) Calcule los valores de a y b para que f(x) tenga un extremo en el punto (2,5)
3
b) Para a= A yb=-= > estudie sus extremos relativos.
c) Calcule 16 2 mt A) dx
Xx Xx
SOCIALES II. 2019. PONENCIA 16"
MATES_CCSS,Funciones CCSS,2019.0,Ponencia,17,"a—x si x<-3
Se considera la función dada por f(x)=% —3a=x? si -3<x<2
x?-8x+17 si x>2
a) Determine el valor de a para que f(x) sea continua en todo su dominio. Para ese valor de a
¿es f(x) derivable en todo su dominio?.
b) Para a =-3,esboce la gráfica de la función f(x).
c) Calcule 16 ? -8x+17) dx
SOCIALES II. 2019. PONENCIA 17"
MATES_CCSS,Funciones CCSS,2019.0,Ponencia,18,"Se considera la función f(x)= +1
2x-5
a) Estudie el crecimiento y decrecimiento de la función f(x).
b) Calcule las asíntotas de la función f(x).
c) Calcule | =2- ? dx
2x-5
SOCIALES II. 2019. PONENCIA 18"
MATES_CCSS,Funciones CCSS,2019.0,Ponencia,19,"Dada la función f(x)=2(x+e”*) calcule:
a) Los puntos de inflexión de la función f(x),en caso de que existan.
b) La ecuación de la recta tangente a la gráfica de f(x) en el punto de abscisa x=0.
c) Calcule la función F(x) sabiendo que F '(x)= f(x) y que su gráfica pasa por el punto (0,2)
SOCIALES II. 2019. PONENCIA 19"
MATES_CCSS,Funciones CCSS,2019.0,Ponencia,20,"De una cierta función f, sabemos que su función derivada es f'(x)=3x?-6x-9
a) Estudie los intervalos de crecimiento y decrecimiento de la función f y calcule las abscisas de
los puntos extremos relativos.
b) Determine la curvatura de la función f y la abscisa de su punto de inflexión.
c) Sabiendo que la función f pasa por el punto (0,1), calcule la ecuación de la recta tangente a
la gráfica de f en dicho punto.
d) Calcule la expresión de la función f, sabiendo que la gráfica de la función pasa por el punto
(0,1).
SOCIALES II. 2019. PONENCIA 20"
MATES_CCSS,Funciones CCSS,2019.0,Ponencia,21,"La función de beneficios de una empresa, expresada en miles de euros, depende de la cantidad
de producto fabricada, x , expresada en miles de kg, según la función B(x). Si la función de
beneficios marginales de la empresa (derivada de la función de beneficios) tiene la expresión
180
B'(x) =140- —40x, se pide:
x+l
a) Determine la cantidad a producir por la empresa para maximizar los beneficios.
b) Obtenga los intervalos de crecimiento y decrecimiento de la función de beneficios de la
empresa.
c) Obtenga la expresión de la función de beneficios B(x), si se considera que, si no se produce
nada, el beneficio es nulo, es decir, B(0)=0.
SOCIALES II. 2019. PONENCIA 21"
MATES_CCSS,Funciones CCSS,2020.0,Junio,Ejercicio B3,"Se considera la función f(x)=ax*+bx+4,con a y b números reales.
a) (1 Punto) Determine los valores de a y b para que f tenga un extremo relativo en el punto
(2,36).
b) (075 puntos) Para a=4 y b=-3, estudie la monotonía de f y determine sus extremos
relativos.
c) (0775 Puntos) Para a=4 y b=-3, calcule la función F(x) que verifica F '(x)= f(x) y
F(2)=10.
SOCIALES II. 2020. JUNIO. EJERCICIO B3"
MATES_CCSS,Funciones CCSS,2020.0,Junio,Ejercicio B4,"a) (12 puntos) Calcule la derivada de las siguientes funciones
_In(x*-5x)
f0)=(E5+x 5) %e* 200 Lx?
b) (13 puntos) Calcule el área del recinto acotado por la gráfica de h(x)=-x?+2x+3 y el eje
de abscisas
SOCIALES II. 2020. JUNIO. EJERCICIO B4"
MATES_CCSS,Funciones CCSS,2020.0,Reserva 1,Ejercicio B3,"a) (12 puntos) Se considera la función f(x)=ax?+bx +3. Calcule los valores a y b, sabiendo
que la gráfica de f pasa por el punto (2,3) y que la pendiente de la recta tangente a la gráfica
de fen dicho punto es m=-2.
b) (173 puntos) Represente gráficamente la función g(x)=-x”+6x-5 y calcule el área
comprendida entre la gráfica de la función g, el eje de abscisas y las rectas x=2 y x=4.
SOCIALES II. 2020 RESERVA 1. EJERCICIO B3"
MATES_CCSS,Funciones CCSS,2020.0,Reserva 1,Ejercicio B4,"x?+x+1
Se considera la función f(x)= 1
l=x
a) (1 punto) Estudie la continuidad y derivabilidad de fen x=0.
b) (1 punto) Estudie la monotonía y curvatura de f en su dominio.
e) (05 puntos) Calcule las ecuaciones de las asíntotas de f.
SOCIALES II. 2020. RESERVA 1. EJERCICIO B4"
MATES_CCSS,Funciones CCSS,2020.0,Reserva 2,Ejercicio B3,"a) (1?2 puntos) Calcule la función derivada de cada una de las siguientes funciones:
1-
x+2
b) (1?3 puntos) Calcule las ecuaciones de las rectas tangentes a las gráficas de las funciones
fG9=In(3x?-3)+ 200) =2e* +xU3x+4)
-1 : %
h9=x?+1 y p0)= , en el punto de abscisa x=1. ¿En qué punto se cortan ambas
x+
rectas?
SOCIALES II. 2020. RESERVA 2. EJERCICIO B3"
MATES_CCSS,Funciones CCSS,2020.0,Reserva 2,Ejercicio B4,"ax+z si x<-—l
2
- 1 .
Se considera la función f(x)= x+ si —1l<x<l
x+3
x?=bx si x>l
a) (1”5 puntos) Halle a y b para que la función sea continua en todo su dominio. Para esos
valores de a y b,¿es fderivable en x=-—1?¿Yen x=1?
b) (05 puntos) Para a =—1 y b=4,estudie la monotonía de la función f.
2
e) (05 puntos) Para a =-1 y b=4, calcule f f (x)dx
SOCIALES II. 2020. RESERVA 2. EJERCICIO B4"
MATES_CCSS,Funciones CCSS,2020.0,Reserva 3,Ejercicio B3,"x""+ax+2 si x<0
Se considera la función f(x)= x+b
si x>0
x—-1
a) (12 puntos) Halle a y b para que f sea continua y derivable en x=0.
b) (07 puntos) Para a=1 y b=-2,halle la ecuación de la recta tangente a la gráfica de f en el
punto de abscisa x=0.
c) (06 puntos) Para a =1y b=1, halle, si existen, las ecuaciones de las asíntotas de f.
SOCIALES II. 2020. RESERVA 3. EJERCICIO B3"
MATES_CCSS,Funciones CCSS,2020.0,Reserva 3,Ejercicio B4,"El número de bacterias en un determinado cultivo viene dado por la función B(t), donde t
representa el tiempo en horas, con 0<t<”7. La variación instantánea en la población de
bacterias en el cultivo viene dada por la derivada de la función B, cuya expresión es
B'(t)=50000-e*.
a) (075 puntos) ¿Existe algún instante t en el que el número de bacterias en el cultivo comience
a decrecer?
b) (15 puntos) Obtenga la expresión de la función B(t), sabiendo que en el instante t=0 el
número de bacterias en el cultivo era de 40000.
c) (0.25 puntos) ¿Cuál es el número de bacterias en el cultivo a la hora y media?
SOCIALES II. 2020. RESERVA 3. EJERCICIO B4"
MATES_CCSS,Funciones CCSS,2020.0,Reserva 4,Ejercicio B3,"De una función f sabemos que su gráfica pasa por el punto (1,3) y que su derivada es
f'(x)=2x-6.
a) (075 puntos) Determine la ecuación de la recta tangente a la gráfica de f en el punto de
abscisa x=1.
b) (1 punto) Estudie la monotonía y la existencia de extremos de la función f.
c) (075 puntos) Determine la función f y represéntela gráficamente.
SOCIALES II. 2020 RESERVA 4. EJERCICIO B3"
MATES_CCSS,Funciones CCSS,2020.0,Reserva 4,Ejercicio B4,"2
Se considera la función f(x)=3 x+1
si x<-2
x?+a si x>-2
a) (1 punto) Calcule el valor de a para que f sea continua en todo su dominio. Para ese valor de
a, ¿es derivable la función f?
b) (05 puntos) Para a =— 6, halle la ecuación de la recta tangente a la gráfica de f en el punto
de abscisa x=3.
c) (1 punto) Para a =- 6,esboce la gráfica de f y calcule el área de la región limitada por la
gráfica de la función f, el eje de abscisas y las rectas x=3 y x=5
SOCIALES II. 2020 RESERVA 4. EJERCICIO B4"
MATES_CCSS,Funciones CCSS,2020.0,Septiembre,Ejercicio B3,"a .
si x<0
E
Se considera la función f(x)= a x=1
a+be* si x>0
a) (125 puntos) Calcule los valores de a y b para que la función sea continua y derivable en su
dominio.
b) (075 puntos) Para a=2 y b=-2, estudie la monotonía de la función f y calcule sus
extremos relativos.
c) (05 puntos) Para a =2 y b=-—2, determine las ecuaciones de las asíntotas de f, si existen.
SOCIALES II. 2020 SEPTIEMBRE. EJERCICIO B3"
MATES_CCSS,Funciones CCSS,2020.0,Septiembre,Ejercicio B4,"=x+2 si x<2
Se considera la función f(x)=4-x?+6x-8 si 2<x<4
-3
X si x>4
x
a) (1725 puntos) Estudie la continuidad y derivabilidad de fen su dominio.
b) (0775 puntos) Determine los intervalos de crecimiento y decrecimiento de la función f.
3
c) Calcule j f(x) dx
2
SOCIALES II. 2020 SEPTIEMBRE EJERCICIO B4"
MATES_CCSS,Funciones CCSS,2021.0,Junio,Ejercicio B4,"a) Calcule la derivada de las siguientes funciones:
109-947) e(x)=x?*.e>""
x+1
b) Represente gráficamente la parábola h(x)=x*+x+1, indicando el vértice y los puntos de
corte con los ejes coordenados.
c) Calcule el área del recinto limitado por la gráfica de h(x)=x*+x+1, el eje de abscisas y las
1
recta x=-—= y x=0
2 y
SOCIALES II. 2021 JUNIO. EJERCICIO B4"
MATES_CCSS,Funciones CCSS,2021.0,Reserva 1,Ejercicio B4,"La cotización en bolsa de una empresa en un determinado día viene expresada, en euros, por la
función c(t),con te [0,24] , medido en horas.
La variación instantánea de esta función es la derivada de c, que viene dada por
c'(t)=0'031?-0'9t+6,con te (0,24)
a) Estudie los intervalos en los que la función c es creciente.
b) Analice los puntos críticos de la función c, indicando en cuáles se alcanza el máximo y el
mínimo relativos.
c) Halle la expresión analítica de la función c, sabiendo que la cotización en bolsa de la empresa
era de 50 euros en el instante inicial
SOCIALES II. 2021. RESERVA 1. EJERCICIO B4"
MATES_CCSS,Funciones CCSS,2021.0,Reserva 2,Ejercicio B3,"(x+1)? si -2<x<0
(x - 1) si 0<x<2
a) Estudie la continuidad y derivabilidad de la función f en todo su dominio.
b) Calcule los extremos de la función f .
c) Represente el recinto que encierra la gráfica de f, las rectas x =-1, x=1 y el eje OX. Calcule
Se considera la función f(x) -(
el área de dicho recinto.
SOCIALES II. 2021 RESERVA 2. EJERCICIO B3"
MATES_CCSS,Funciones CCSS,2021.0,Reserva 2,Ejercicio B4,"Sea f una función de la que sabemos que la gráfica de su derivada, f',es una parábola con
vértice en el punto (0,8) que corta al eje de abscisas en los puntos (-4,0) y (4,0).
1. Dibuje la gráfica de f'.
2 A partir de dicha gráfica, halle los intervalos de crecimiento y decrecimiento de f, así
como las abscisas de los extremos relativos de f.
3 Sabiendo que la gráfica de f pasa por el origen de coordenadas, calcule la recta
tangente a la gráfica de f en el punto de abscisa x=0.
b) Calcule la derivada de la función g(x)=(-3+x?)-e *""
SOCIALES II. 2021. RESERVA 2. EJERCICIO B4"
MATES_CCSS,Funciones CCSS,2021.0,Reserva 3,Ejercicio B3,"—-2x+2a si -4<x<-2
Se considera la función f(x)=%4-2x*-4a si -2<x<2
—8x+b si  2<x<3
a) Calcule los valores de a y b para que la función sea continua en su dominio. Para esos
valores, ¿es f derivable?.
b)Para a=- 2 y b=16, estudie la monotonía de la función f y calcule sus extremos relativos y
absolutos.
c) Para a=- 2 y b=16, calcule el área del recinto limitado por la gráfica de f, el eje OX y las
rectas x=-2 y x=2
SOCIALES II. 2021 RESERVA 3. EJERCICIO B3"
MATES_CCSS,Funciones CCSS,2021.0,Reserva 3,Ejercicio B4,"a) Calcule la derivada de las siguientes funciones:
3x 9-5x
f0)=(5x*+4x-2)* -In(2x*-4x*+x X) => =3
09 =( y In( ) ON
b) Halle la función h(x), sabiendo que su derivada h'(x)=4x*+x*-4x-—1 y que h(2)= Z
SOCIALES II. 2021 RESERVA 3. EJERCICIO B4"
MATES_CCSS,Funciones CCSS,2021.0,Reserva 4,Ejercicio B3,"Se considera la función f(x)=%4-3x?%+4 si
2x-1 si x>1
a) Estudie la continuidad y la derivabilidad de la función f en todo su dominio.
b) Represente gráficamente la función f .
c) Calcule el área de la región limitada por la gráfica de la función f, el eje de abscisas y las
rectas x=0 y x=3.
SOCIALES II. 2021 RESERVA 4. EJERCICIO B3"
MATES_CCSS,Funciones CCSS,2021.0,Reserva 4,Ejercicio B4,"Una fábrica estima que sus costes de producción, expresados en miles de euros, vienen dados
por la función f(x)=x?—6x+10, donde x es la cantidad semanal a producir expresada en
miles de kilogramos.
a) ¿Cuál debe ser la producción semanal para que el coste sea mínimo? ¿Cuál es dicho coste?.
b) Calcule la recta tangente a la función de costes en el punto de abscisa x=4. Represente
gráficamente la función de costes y la recta tangente hallada.
SOCIALES II. 2021. RESERVA 4. EJERCICIO B4"
MATES_CCSS,Funciones CCSS,2021.0,Julio,Ejercicio B3,"x+1
si x<0
x?-2x si x>0
a) Estudie la continuidad y derivabilidad de la función f en su dominio.
b) Estudie la monotonía de la función f y calcule el mínimo.
c) Calcule J : f(x) dx
SOCIALES II. 2021 JULIO. EJERCICIO B3"
MATES_CCSS,Funciones CCSS,2022.0,Junio,Ejercicio B3,"a) Se considera la función f(x)=x*+ax?+bx+c, con a, b y c números reales. Calcule los
valores a, b y c, sabiendo que la gráfica de f posee un extremo relativo en el punto de abscisa
x =3 y que la pendiente de la recta tangente a la gráfica de f en el punto P(0,18) es -3.
b) Calcule el área del recinto acotado, limitado por la gráfica de la función
e(x)=x*-4x?*-3x+18 y el eje de abscisas.
SOCIALES II. 2022 JUNIO. EJERCICIO B3"
MATES_CCSS,Funciones CCSS,2022.0,Junio,Ejercicio B4,"6x-3 si x<l
ax?+bx+2 si x>l
a) Se considera la función f(x) =|
con a y b números reales. Determine los valores de a y b para que f sea continua y derivable en
todo su dominio.
b) Calcule el área del recinto acotado, limitado por el eje OX y la gráfica de la función
200) =-2x*+8x-6.
SOCIALES II. 2022 JUNIO. EJERCICIO B4"
MATES_CCSS,Funciones CCSS,2022.0,Reserva 1,Ejercicio B3,"a(x+1)? si -3<x<l
Se considera la función f(x)=4 px? con a y b números reales.
2 +2 si 1<x<2
a) Determine los valores de a y b para que f sea continua y derivable.
b) Para a=1 y b=2,esboce la gráfica de la función f y calcule el área del recinto limitado por
la gráfica de f, el eje OX y las rectas x=-2 y x=1.
SOCIALES II. 2022 RESERVA 1. EJERCICIO B3"
MATES_CCSS,Funciones CCSS,2022.0,Reserva 1,Ejercicio B4,"Se considera la función f(x)= x3
x+2
a) Determine el dominio de la función y estudie su monotonía y curvatura.
b) Calcule las ecuaciones de las asíntotas de f si existen. Calcule los puntos de corte de la gráfica
de f con los ejes de coordenadas.
c) Represente la gráfica de la función f.
SOCIALES II. 2022. RESERVA 1. EJERCICIO B4"
MATES_CCSS,Funciones CCSS,2022.0,Reserva 2,Ejercicio B3,"Los ingresos (I) y costes (C) de una discoteca, en miles de euros, en función del número de
horas diarias que permanece abierta, vienen dado por las funciones:
IG9=x*-x ; C(O)=x*-x?+6.
Respectivamente. Sabiendo que la licencia del ayuntamiento no permite que este tipo de local
permanezca abierto más de 8 horas diarias, halle:
a) La función beneficio en función del número de horas diarias que la discoteca permanece
abierta.
b) El número de horas que debe permanecer abierta para obtener beneficios.
c) En qué momento se tienen las mayores pérdidas y a cuánto ascienden.
d) El tiempo que debe permanecer abierta para obtener el máximo beneficio y a cuánto
asciende.
SOCIALES II. 2022 RESERVA 2. EJERCICIO B3"
MATES_CCSS,Funciones CCSS,2022.0,Reserva 2,Ejercicio B4,"ax?+bx+2 si x<l
Se considera la función f(x)= 4 con a y b números reales
si x>l
x+1
a) Calcule a y b para que la función f sea continua y derivable
b)Para a=-—1 y b=1,realice un esbozo de la gráfica de la función f.
c) Para a=-1 y b=1, halle el área del recinto acotado, limitado por la gráfica de f, la recta
x=1 y el eje OX.
SOCIALES II. 2022. RESERVA 2. EJERCICIO B4"
MATES_CCSS,Funciones CCSS,2022.0,Reserva 3,Ejercicio B3,"Ax?+16x+17 si x<-1
Se considera la función f(x)= =(10-5x) si —1<x<2
a) Estudie la continuidad y derivabilidad de f.
b) Represente gráficamente la función f.
c) Calcule el área de la región limitada por la gráfica de f y el eje de abscisas entre x=-2 y
x=2
SOCIALES II. 2022 RESERVA 3 EJERCICIO B3"
MATES_CCSS,Funciones CCSS,2022.0,Reserva 3,Ejercicio B4,"Se considera la función f(x)=3x*-6x*+5
a) Obtenga las ecuaciones de las rectas tangentes a f que sean paralelas a la recta y =-3x+1
b) Calcule la función F que verifique F'(x)= f(x) y FQ)=4
SOCIALES II. 2022 RESERVA 3 EJERCICIO B4"
MATES_CCSS,Funciones CCSS,2022.0,Reserva 4,Ejercicio B3,"de las hectáreas que le encargan fumigar mensualmente viene dada por la expresión
B(x)=-x?+16x -48
Además, por problemas de personal, la empresa no puede fumigar más de 10 hectáreas al mes.
a) ¿Cuántas hectáreas tiene que fumigar al mes para que la empresa tenga beneficios?
b) ¿Cuántas hectáreas tiene que fumigar para obtener el máximo beneficio mensual? ¿A
cuánto asciende dicho beneficio?.
c) Si un mes ha obtenido un beneficio de 7000 €, ¿cuántas hectáreas ha fumigado?
SOCIALES II. 2022 RESERVA 4. EJERCICIO B3"
MATES_CCSS,Funciones CCSS,2022.0,Reserva 4,Ejercicio B4,"ax?+bx+1 si x<l
Se considera la función f(x)= 2 ,con a y bnúmeros reales.
>1
x
a) ¿Para qué valores de a y b la función es continua y derivable en x=12?
b)Para a=-3 y b=4, calcule los extremos relativos de f.
3
c) Para a=-2 y b=3, calcule el valor de la integral J f (69) dx
-1
SOCIALES II. 2022. RESERVA 4. EJERCICIO B4"
MATES_CCSS,Funciones CCSS,2022.0,Julio,Ejercicio B3,"a) Se considera la función f(x)=x*+bx?+cx-1 donde b y c son números reales. Determine
el valor de b y c para que la función f presente un extremo relativo en el punto de abscisa x=>
y además la gráfica de la función f pase por el punto (-2,-3).
a) Dada la función g(x)=-x*-x?+x+1, realice un esbozo de su gráfica estudiando los
puntos de corte con los ejes coordenados y su monotonía. Determine el área del recinto acotado,
limitado por la gráfica de la función g y el eje de abscisas.
SOCIALES II. 2022. JULIO. EJERCICIO B3"
MATES_CCSS,Funciones CCSS,2022.0,Julio,Ejercicio B4,"aceitunas, en miles de kilogramos, viene dada por la siguiente función:
B(x)=-0'02x*+1'3x-15,x>0.
a) Represente la función beneficio y calcule los puntos de corte con el eje OX
b) ¿Para qué valores de x la finca no tiene pérdidas?.
c) ¿Para qué número de kilogramos el beneficio será máximo? ¿Cuánto vale dicho beneficio?
d) ¿Cuántos kilogramos debe vender para obtener un beneficio de 5000 €?.
SOCIALES II. 2022 JULIO. EJERCICIO B4"
MATES_CCSS,Funciones CCSS,2023.0,Junio,Ejercicio B3,"Se considera la función f(x)=x*-3x?*+2x
a) Halle los puntos de corte con los ejes, los intervalos de crecimiento y decrecimiento, los
extremos relativos de f y su curvatura.
b) Represente gráficamente la función f.
c) Calcule el área del recinto acotado, limitado por la gráfica de f y el eje de abscisas.
SOCIALES II. 2023. JUNIO. EJERCICIO B3"
MATES_CCSS,Funciones CCSS,2023.0,Junio,Ejercicio B4,"Se desea analizar el valor de las acciones de una empresa en un día. La función v(t) nos indica
el valor, en euros, de cada acción de la empresa en función del tiempo t, medido en horas, a partir
de la hora de apertura del mercado. De la función v(t) se conoce que su variación instantánea es:
v(t)=t1""-5t+6  te[0,6]
a) Determine los intervalos de crecimiento y decrecimiento de la función v
b) Si en el momento de la apertura del mercado se conoce que v(0)=10, halle la función v.
c) Si un inversor compró 3000 de estas acciones en el instante t =2 y posteriormente las vendió en
el instante t=4, indique a cuánto ascendió la ganancia o la perdida que obtuvo el inversor con
esta gestión.
d) ¿En qué momentos debería haber realizado este inversor las gestiones de compra y de venta
para que la ganancia hubiese sido máxima?. Justifique la respuesta.
SOCIALES II. 2023 JUNIO. EJERCICIO B4"
MATES_CCSS,Funciones CCSS,2023.0,Reserva 1,Ejercicio B4,"x742x?-3
Se considera la función f(x)= ; 1
+
x-2
a) Estudie la continuidad de f . Si la función no es continua en algún punto, indique el tipo de
discontinuidad que presenta.
b) Estudie la derivabilidad de f.
c) Determine las asíntotas de f.
SOCIALES II. 2023. RESERVA 1. EJERCICIO B4"
MATES_CCSS,Funciones CCSS,2023.0,Reserva 2,Ejercicio B3,"_In(x 122x?)
(O) =ET+x y e” 200 E
b) Represente gráficamente la región acotada comprendida entre la recta y=-—2x+6 y la
parábola y=-x”+2x+3 y calcule su área.
SOCIALES II. 2023. RESERVA 2. EJERCICIO B3"
MATES_CCSS,Funciones CCSS,2023.0,Reserva 2,Ejercicio B4,"La temperatura en el interior de un equipo de refrigeración durante un día que sufrió un corte
de ener gía viene dada por la función f expresada en grados centígrados y el tiempo t en horas:
-9 si O<t<l
f(t)=4-t*+12t-20 si 1<t<ll
-9 si 11<t<24
a) Estudie la continuidad de f .
b) Represente gráficamente la función.
c) Conteste razonadamente a qué hora se produjo el corte de ener gía y cuánto duró dicho corte.
d) El equipo de refrigeración se utiliza para conservar sueros y vacunas. Los sueros se
estropean si se alcanzan temperaturas de 20”C en algún momento. Las vacunas se estropean si
están por encima de 0%C durante más de seis horas. Razone si alguno de esos productos se
estropeó ese día.
SOCIALES II. 2023. RESERVA 2. EJERCICIO B4"
MATES_CCSS,Funciones CCSS,2023.0,Reserva 3,Ejercicio B3,"ax?+bx+6 si x<2'5
=1'4x4+7 si x>2'5
con a y b números reales. Calcule el valor de los parámetros a y b para que la función sea continua
y tenga un máximo en x=1.
a) Se considera la función f(x) =|
b) Represente gráficamente la función g(x)=-2x?+2x+4 y calcule el área de la región
acotada, limitada por la gráfica de dicha función y el eje de abscisas.
SOCIALES II. 2023 RESERVA 3. EJERCICIO B3"
MATES_CCSS,Funciones CCSS,2023.0,Reserva 3,Ejercicio B4,"Se considera la función f(x)=
a) Estudie la continuidad y derivabilidad de la función f.
b) Determine los intervalos de crecimiento y decrecimiento, el máximo de la función y
represente gráficamente la función.
SOCIALES II. 2023 RESERVA 3. EJERCICIO B4"
MATES_CCSS,Funciones CCSS,2023.0,Reserva 4,Ejercicio B3,"x?-4x+4 si x<3
—x+4 si x>3
Se considera la función f(x)=
a) Estudie la continuidad y derivabilidad de la función f en todos los puntos de su dominio.
b) Represente gráficamente f.
c) Calcule el área de la región limitada por la gráfica de f , el eje de abscisas y las rectas x=2 y
x=4
SOCIALES II. 2023 RESERVA 4. EJERCICIO B3"
MATES_CCSS,Funciones CCSS,2023.0,Reserva 4,Ejercicio B4,"La función B(t)=-—t 2+21t-20 con 0<t<15 representa el beneficio, en miles de euros, de una
empresa en función de los años, t.
a) Si la función T(t)=-—t?+48t representa los ingresos de esta empresa, en miles de euros, para el
mismo intervalo de tiempo, ¿cuál es la función de gastos de dicha empresa? ¿Cuáles son los gastos
iniciales?.
b) Calcule el momento a partir del cual el beneficio fue positivo.
c) Calcule en qué momento el beneficio fue máximo y el valor del mismo.
d) Represente gráficamente la función beneficio.
SOCIALES II. 2023 RESERVA 4. EJERCICIO B4"
MATES_CCSS,Funciones CCSS,2023.0,Julio,Ejercicio B3,"El área quemada de la región plana de la cubierta de plástico de un invernadero, coincide con
el área de la región acotada delimitada por las gráficas de las funciones f(x)=(x=1)? y
g(x)=5-2x donde x está expresado en metros.
a) Represente gráficamente la zona deteriorada.
b) Para reparar la región quemada, se ha de utilizar plástico cuyo coste es de 15 euros por
metro cuadrado. Si en el trabajo de reparación se desperdicia la tercera parte del plástico
adquirido, ¿cuánto costará el plástico comprado?.
SOCIALES II. 2023. JULIO. EJERCICIO B3"
MATES_CCSS,Funciones CCSS,2023.0,Julio,Ejercicio B4,"Sea la función E(y= 224 120
t+3
a) Represente gráficamente la función f, determinando los puntos de corte con los ejes
coordenados y las ecuaciones de las asíntotas, y estudiando la monotonía y curvatura de f.
b) Si la función f representa los beneficios de una empresa, en millones de euros, donde tindica
los años de vida de la empresa:
b.1)¿A partir de qué año la empresa deja de tener pérdidas?. Justifique la respuesta
b.2) A medida que pasan los años, ¿están limitados los beneficios?. En caso afirmativo,
¿cuál es su límite y por qué?.
SOCIALES II. 2023 JULIO. EJERCICIO B4"
MATES_CCSS,Funciones CCSS,2024.0,Junio,Ejercicio B3,"a) Calcule las derivadas de las funciones siguientes:
_ In(1—x?)
=(1-2x?)?
f0o9)=(1 +2) e g(x)
b) Halle los valores a y b para que sea horizontal la recta tangente a la gráfica de la función
h(x)=x*+ax?*+3x+b en el punto P(1,2).
SOCIALES II. 2024. JUNIO. EJERCICIO B3"
MATES_CCSS,Funciones CCSS,2024.0,Junio,Ejercicio B4,"La velocidad media del viento en la zona de Sierra Nevada, prevista para cierto día, viene dada
por la función v(t) expresada en km/h, donde t es el tiempo expresado en horas:
t?—8t +60 si O<t<10
ví(t) =
—t*+32t-140 si 10<t<24
a) Compruebe que la función ves continua y derivable.
b) Represente gráficamente la función, estudiando previamente la monotonía y calculando los
extremos absolutos.
c) La Agencia Estatal de Meteorología emite avisos de alerta por vientos siguiendo el código de
colores: naranja para vientos entre 100 y 140 km/h, y rojo para vientos de más de 140 km/h.
Según la previsión, indique si se debe emitir alguna alerta naranja en Sierra Nevada ese día y
durante qué horas estaría activa. ¿Se emitirá alerta roja?.
SOCIALES II. 2024. JUNIO. EJERCICIO B4"
MATES_CCSS,Funciones CCSS,2024.0,Reserva 1,Ejercicio B3,"La superficie de ampliación de un parque de atracciones, en decámetros cuadrados, coincide
con el área de la región delimitada por las gráficas de las funciones f(x)==—x*+6x y
2
Xx
20) ==>:
a) Represente gráficamente la superficie de ampliación del parque de atracciones.
b) Si el coste para acondicionar el nuevo suelo es de 75 €/m?, calcule el área de ampliación del
parque y el coste total del acondicionamiento.
SOCIALES II. 2024. RESERVA 1. EJERCICIO B3"
MATES_CCSS,Funciones CCSS,2024.0,Reserva 1,Ejercicio B4,"Se consideran las funciones
2-x? 1
f0)= e09=1 si -1<x<3
(x-2) si 1<xx3
a) Estudie la continuidad y derivabilidad de f y g en sus dominios.
b) Represente el recinto limitado por las gráficas de ambas funciones y calcule su área.
SOCIALES II. 2024 RESERVA 1. EJERCICIO B4"
MATES_CCSS,Funciones CCSS,2024.0,Reserva 2,Ejercicio B3,"Se considera la función f(x)=1-
+xX
a) Halle el dominio de f y los puntos de corte de su gráfica con los ejes de coordenadas.
b) Calcule las asíntotas de la función f.
c) Obtenga los puntos donde la recta tangente a la gráfica de f tiene pendiente 1.
d) Estudie la curvatura de la función f.
SOCIALES II. 2024. RESERVA 2. EJERCICIO B3"
MATES_CCSS,Funciones CCSS,2024.0,Reserva 2,Ejercicio B4,"=x2+2x si x<2
x?-2x si x>2
a) Estudie la continuidad y derivabilidad de f
b) Represente el recinto limitado por las rectas y=2x ,x=-—1,x=]1 y la gráfica de f. Calcule su
Se considera la función f(x) -|
área.
SOCIALES II. 2024 RESERVA 2 EJERCICIO B4"
MATES_CCSS,Funciones CCSS,2024.0,Reserva 3,Ejercicio B3,"Se desea analizar la evolución de la población de una localidad. Se conoce que la función f
aproxima el número de habitantes que tiene la población para cada tiempo t, medido en meses,
con te [0,60] . El crecimiento de esta población viene dado por la siguiente expresión:
f (1 =400+30,/t
También se sabe que la población en la actualidad, t =0,es de 90.000 habitantes
a) ¿Cuál será la población dentro de 9 meses?.
16
b) Calcule j f '(t) dt einterprete el resultado.
9
c) Si se entrega una ayuda de 150 € por cada nuevo habitante durante los tres primeros años,
calcule la cuantía total aproximada de la ayuda que recibirá la localidad.
SOCIALES II. 2024. RESERVA 3. EJERCICIO B3"
MATES_CCSS,Funciones CCSS,2024.0,Reserva 3,Ejercicio B4,"3+e* si x<l
Se considera la función f(x) -|
x?+ax+2 si x>1
a) Determine el valor de a para que la función f sea continua en R . Para ese valor de a, ¿es f
derivable?
b) Para a =-— 3, calcule la recta tangente a la gráfica de f en el punto de abscisa x=0.
c) Para a =-— 3, represente la región limitada por la gráfica de f, las rectas x=2, x =4 y el eje
de abscisas. Calcule el área de dicha región.
SOCIALES II. 2024 RESERVA 3. EJERCICIO B4"
MATES_CCSS,Funciones CCSS,2024.0,Reserva 4,Ejercicio B3,"Se considera la función f(x)= si 1<x<3 con a y bnúmeros reales
x—-1
3
a) Determine los valores de a y b para que f sea continua. Para dichos valores, estudie la
derivabilidad de f
b) Para a=5 y b=2, represente el recinto limitado por la gráfica de f, las rectas x=2, x=4
y el eje OX. Calcule su área.
SOCIALES II. 2024 RESERVA 4. EJERCICIO B3"
MATES_CCSS,Funciones CCSS,2024.0,Reserva 4,Ejercicio B4,"1
—=x24x+1
Se considera la función f(x)= con a y b números reales
x>2
1
x—-1
a) Estudie la continuidad, derivabilidad y monotonía de f. Represente gráficamente dicha
función.
b) Calcule el área del recinto limitado por la gráfica de f, las rectas x =0, x=4 y el eje OX.
SOCIALES II. 2024 RESERVA 4. EJERCICIO B4"
MATES_CCSS,Funciones CCSS,2024.0,Julio,Ejercicio B3,"2x-6
2-x
a) Estudie la continuidad y derivabilidad de dicha función. Calcule sus asíntotas.
Dada la función f(x)=
b) Estudie los intervalos de crecimiento y decrecimiento, así como la existencia de extremos
relativos.
c) Halle los puntos de corte con los ejes de coordenadas y represente gráficamente la función.
SOCIALES II. 2024. JULIO. EJERCICIO B3"
MATES_CCSS,Funciones CCSS,2024.0,Julio,Ejercicio B4,"—=x?4+4x43 si x<4
2x-5 si x>4
a) Estudie su continuidad y derivabilidad.
b) Estudie su monotonía y calcule sus extremos relativos.
c) Represente la región del plano limitada por la gráfica de f , las rectas x=3, x=5 y el eje de
abscisas. Calcule su área
SOCIALES II. 2024 JULIO. EJERCICIO B4"
MATES_CCSS,Funciones CCSS,2024.0,Modelo,Ejercicio 2,"La cotización en bolsa de una empresa en un determinado día viene expresada, en euros, por la
función c(t),con te [0,24] , medido en horas.
La variación instantánea de esta función es la derivada de c, que viene dada por
c'(1)=0'03t?-0'9t+6,con t e (0,24)
a) Estudie los inter valos en los que la función c es creciente.
b) Analice los puntos críticos de la función c, indicando en cuáles se alcanza el máximo y el
mínimo relativos.
c) Halle la expresión analítica de la función c, sabiendo que la cotización en bolsa de la empresa
era de 50 euros en el instante inicial
SOCIALES II. 2024. MODELO. EJERCICIO 2"
MATES_CCSS,Funciones CCSS,2025.0,Junio,Ejercicio B2,"Un periódico digital ha publicado una noticia de última hora. El número de personas que han visto
la noticia t horas después de su lanzamiento viene modelado por la función:
N(t) = 500000 -(1—e 0) o t>0
a) Estudie la monotonía y curvatura de la función N.
b) Represente gráficamente la función N y describa su tendencia a lo largo del tiempo.
c) ¿Cuánto tiempo ha debido pasar para que la noticia haya sido vista por 450000 personas?.
d) La velocidad de difusión de la noticia (número de personas por hora que han visto la publicación)
es N'(t). ¿Qué conclusión se obtiene al comparar N'(t) en los instantes t=1 y t=10?
SOCIALES II. 2025. JUNIO. EJERCICIO B2"
MATES_CCSS,Funciones CCSS,2025.0,Junio,Ejercicio B3,"A un paciente con diabetes se le monitoriza durante un día completo, suministrándole un
medicamento a mediodía para observar su reacción. La función que aproxima la cantidad de
glucosa en sangre (mg/dl) del paciente, en cada instante t(horas) , es:
3
5 12 +108t+108 | si 0<t<12
f(1)=3 61 3 .
t* —40t+546 si 12<t<24
a) Halle en qué periodos de tiempo el nivel de glucosa va aumentando.
b) ¿En qué momentos del día el paciente tiene los niveles más alto y más bajo de glucosa en sangre
y a cuánto ascienden?.
c) ¿En qué momentos, después del mediodía, el paciente tiene 155 mg/dl?
SOCIALES II. 2025 JUNIO. EJERCICIO B3"
MATES_CCSS,Funciones CCSS,2025.0,Reserva 1,Ejercicio B3,"a) Se considera la función: f(x)= x?-2 =1<x<2
b-log(12-x) 2<x<12
siendo a y b números reales. Determine los valores de a y b para que la función f sea continua en
su dominio.
b) Represente el recinto acotado, limitado por la recta y==x+3 y la parábola y==x?+5.
Calcule el área del recinto.
SOCIALES II. 2025. RESERVA 1. EJERCICIO B3"
MATES_CCSS,Funciones CCSS,2025.0,Reserva 1,Ejercicio B4,"El nivel de concentración de un alumno universitario durante un examen viene dado por la siguiente
=t2+2t+10  0<t<2'5
t?+at+b 215<t<5
donde t es el tiempo en horas y a y b números reales.
a) ¿Con qué nivel de concentración el alumno comienza el examen? Determine los valores de a y b
para que la función sea continua y derivable en t=2'5.
b)Para a=-8 y b=22'5,esboce la gráfica de la función f, estudiando previamente la monotonía
función: f(t)=
y calculando en qué momentos se alcanzan los niveles máximo y mínimo de concentración.
SOCIALES II. 2025. RESERVA 1. EJERCICIO B4"
MATES_CCSS,Funciones CCSS,2025.0,Reserva 2,Ejercicio B3,"El índice de audiencia de un programa de radio se puede modelizar por una función del tipo:
f(D)=at*+bt+c  te[0,60]
donde t es el tiempo medido en minutos y a,b,ce R.
Se sabe que cuando comienza el programa el índice de audiencia es 20 puntos y que a los 40
minutos se alcanza el máximo índice de audiencia, que es 36 puntos. Determine a, b y c y
represente gráficamente la función obtenida.
b) Calcule la derivada de las siguientes funciones:
eo 27) hO0)=(2x=1)-e
SOCIALES II. 2025 RESERVA 2. EJERCICIO B3"
MATES_CCSS,Funciones CCSS,2025.0,Reserva 2,Ejercicio B4,"104
2
Se considera la función f(x)=3x*+1
10-—
2
a) Estudie la continuidad y derivabilidad de f en el punto de abscisa x=-2.
b) Calcule la ecuación de la recta tangente a la gráfica de la función f con pendiente —1.
c) Represente la región del plano acotada superiormente por la gráfica de f e inferiormente por
el eje de abscisas. Calcule el área de dicha región.
SOCIALES II. 2025 RESERVA 2. EJERCICIO B4"
MATES_CCSS,Funciones CCSS,2025.0,Reserva 3,Ejercicio B3,"Un grupo de emprendedores valora crear una empresa y, para ello, ha encargado un estudio de
mercado en el que se estima que los beneficios para los próximos 10 años, en millones de euros,
0<t<10
vendrán dados por la función:
donde t representa los años transcurridos desde la apertura de la empresa.
a) ¿En qué intervalo de tiempo la empresa no tendrá beneficios?
b) ¿En qué momento se alcanza el máximo beneficio y a cuánto asciende su valor?
c) ¿Cuánto tiempo ha de pasar para que la empresa obtenga un beneficio de 800.000 €?
d) Si la función de beneficios se mantuviera y transcurrieran los años de manera indefinida, ¿A
que valor tendería el beneficio de la empresa?.
SOCIALES II. 2025 RESERVA 3. EJERCICIO B3"
MATES_CCSS,Funciones CCSS,2025.0,Reserva 3,Ejercicio B4,"Las ventas de un producto (en miles de euros), en los 6 primeros años desde que se lanzó una
campaña de publicidad, evolucionan de acuerdo con la siguiente función:
V(t) =4t* -24t? + 36t +100 0<t<6
siendo t el tiempo transcurrido en años.
a) Estudie el crecimiento y decrecimiento de las ventas a lo largo de los 6 años. Calcule los
extremos.
b) Represente gráficamente la función V.
c) Calcule el área de la región limitada por la gráfica de V, la recta t =6 y los ejes de coordenadas.
SOCIALES II. 2025 RESERVA 3. EJERCICIO B4"
MATES_CCSS,Funciones CCSS,2025.0,Reserva 4,Ejercicio B3,"El Cesio 137 es un elemento radioactivo que se usa, entre otros, para tratamientos de
radioterapia. La cantidad (en mg) de Cesio 137 que queda en el lugar de almacenamiento,
transcurrido un número de años t, viene dada por la función:
t
. 130
1=10,3) t>0
a) Calcule los años que deben pasar para que la cantidad de Cesio 137 que quede en el almacén
sea la mitad de la que había al inicio.
b) Calcule la ecuación de la recta tangente a la gráfica de la función f, en el punto de abscisa
t=10
c) Indique si la función tiene asíntotas horizontales y verticales. En caso afirmativo, calcúlelas.
SOCIALES II. 2025 RESERVA 4. EJERCICIO B3"
MATES_CCSS,Funciones CCSS,2026.0,Modelo,Ejercicio 2B,"delimitada por las gráficas de las funciones f(x)=(x-1)? y g(x)=5-2x.
a) Represente gráficamente la región acotada delimitada por las gráficas de las funciones f(x)
y 2(x).
b) Para realizar dicha siembra, se ha de utilizar simiente cuyo coste es de 150 euros por
hectómetro cuadrado. Si en la siembra se desperdicia la tercera parte de la simiente comprada,
¿Cuánto costará la simiente que hay que comprar para sembrar toda la región?.
c) Si la venta de la verdura producida en cada hectómetro cuadrado supone un ingreso de 300
euros, halle el beneficio obtenido con la venta de toda la cosecha.
SOCIALES II. 2026. MODELO. EJERCICIO 2B"
MATES_CCSS,Funciones CCSS,2026.0,Junio,Ejercicio 2,"2
Xx
20
Se considera la función, siendo a y b números reales: f(x)=3 a+bx 20<x<50
0<x<20
2
36-%2  5s0<x<60
100
a) Determine los valores de a y b para que la función f sea continua en todo su dominio.
3
b)Para a=26 y b==-—
) y 10
i) Calcule los extremos relativos de f(x).
ii) Represente gráficamente f(x).
iii) Calcule el área del recinto acotado limitado por el eje OX y la gráfica de la función
f(x.
SOCIALES II. 2026. JUNIO. EJERCICIO 2"
MATES_CCSS,Probabilidad,2001.0,Junio,Ejercicio 3 Parte I Opción B,"En el experimento aleatorio de lanzar una moneda tres veces se consideran los siguientes sucesos:
A: “sacar al menos una cara y una cruz”.
B: “sacar a lo sumo una cara”.
a) Determine el espacio muestral asociado a ese experimento y los sucesos A y B.
b) ¿Son independientes ambos sucesos?.
SOCIALES II. 2001. JUNIO. EJERCICIO 3. PARTE I. OPCIÓN B"
MATES_CCSS,Probabilidad,2001.0,Reserva 2,Ejercicio 3 Parte I Opción A,"Dos cajas, A y B, tienen el siguiente contenido:
La A: 5 monedas de l euro y 3 de 10 pesetas.
La B: 4 monedas de l euro, 4de 10 pesetas y 2 de 25 pesetas.
De una de las cajas elegida al azar, se extrae una moneda.
a) ¿Cuáles la probabilidad de que sea de 1 euro?
b) Si la moneda extraída resulta ser de 10 pesetas, ¿cuál es la probabilidad de que proceda de la
caja B?
SOCIALES II. 2001. RESERVA 2. EJERCICIO 3. PARTE I. OPCIÓN A"
MATES_CCSS,Probabilidad,2001.0,Reserva 2,Ejercicio 3 Parte I Opción B,"5
La probabilidad de que un jugador A marque un gol de penalti es de e? mientras que la de otro
4
jugador B es 5 Si cada uno lanza un penalti,
a) Halle la probabilidad de que marque gol uno solo de los dos jugadores.
b) Halle la probabilidad de que al menos uno marque gol.
SOCIALES II. 2001. RESERVA 2. EJERCICIO 3. PARTE I. OPCIÓN B"
MATES_CCSS,Probabilidad,2001.0,Reserva 3,Ejercicio 3 Parte I Opcion A,"1 1 1
Sean A y B dos sucesos tales que P(A)= 2? P(B) =3 y PCANB)= q Calcule:
a) P(A/B)y P(B/A).b) P(AUB).c) P(AC AB).
(AS indica el contrario del suceso A).
SOCIALES II. 2001. RESERVA 3. EJERCICIO 3. PARTE I. OPCION A"
MATES_CCSS,Probabilidad,2001.0,Reserva 4,Ejercicio 3 Parte I Opción A,"En una ciudad el 60 % de sus habitantes son aficionados al fútbol, el 30 % son aficionados al
baloncesto y el 25 % a ambos deportes.
a) ¿Son independientes los sucesos “ser aficionado al fútbol” y “ser aficionado al baloncesto”?.
b) Si una persona no es aficionada al fútbol, ¿cuál es la probabilidad de que no sea aficionada al
baloncesto?
c) Si una persona no es aficionada al baloncesto, ¿cuál es la probabilidad de que sea aficionada al
fútbol?
SOCIALES H. 2001. RESERVA 4. EJERCICIO 3. PARTE I. OPCIÓN A"
MATES_CCSS,Probabilidad,2001.0,Reserva 4,Ejercicio 3 Parte I Opcion B,"Tenemos un cofre A con 2 monedas de oro y 3 de plata, un cofre B con 5 monedas de oro y 4 de
plata y un tercer cofre C con 2 monedas de oro. Elegimos un cofre al azar y sacamos una
moneda.
a) Calcule la probabilidad de que sea de oro. b) Sabiendo que ha sido de plata, calcule la
probabilidad de que haya sido extraída del cofre A.
SOCIALES II. 2001 RESERVA 4. EJERCICIO 3. PARTE I. OPCION B"
MATES_CCSS,Probabilidad,2001.0,Septiembre,Ejercicio 3 Parte I Opción A,"Una caja contiene 10 tornillos, de los que dos son defectuosos.
a) Si vamos extrayendo tornillos, uno tras otro, hasta localizar los dos defectuosos, ¿cuál es la
probabilidad de necesitar exactamente tres extracciones para localizarlos?.
b) Si extraemos solo dos tornillos, y el segundo ha resultado ser defectuoso, ¿cuál es la
probabilidad de que el primero también lo haya sido?.
SOCIALES II. 2001. SEPTIEMBRE. EJERCICIO 3. PARTE I. OPCIÓN A"
MATES_CCSS,Probabilidad,2001.0,Septiembre,Ejercicio 3 Parte I Opción B,"Disponemos de tres dados, uno de los cuales está trucado. La probabilidad de sacar 5 con el
dado trucado es 025, siendo los otros resultados equiprobables. Se elige un dado al azar y se
realiza un lanzamiento con él.
a) Determine la probabilidad de obtener un 2.
b) Dado que ha salido un 2, ¿cuál es la probabilidad de que hayamos elegido el dado trucado?.
SOCIALES II. 2001. SEPTIEMBRE. EJERCICIO 3. PARTE I. OPCIÓN B"
MATES_CCSS,Probabilidad,2002.0,Junioejercicio,3 Parte I Opcion A,"Los alumnos de Bachillerato de un I.E.S. proceden de 3 localidades A, B y C, siendo un 20% de
A, un 30% de B y el resto de C. El 80% de los alumnos de A cursa 1” de Bachillerato y el resto 2”.
El 50% de los alumnos de B cursa 1” de Bachillerato y el resto 2”. El 60% de los alumnos de C
cursa 1” de Bachillerato y el resto 2”.
a) Seleccionado, al azar, un alumno de Bachillerato de ese I.E.S., ¿cuál es la probabilidad de que
sea de 29?.
b) Si elegimos, al azar, un alumno de Bachillerato de ese I.E.S. y éste es un alumno de 1”, ¿cuál es
la probabilidad de que proceda de la localidad B?.
SOCIALES II. 2002. JUNIO.EJERCICIO 3. PARTE I. OPCION A"
MATES_CCSS,Probabilidad,2002.0,Junio,Ejercicio 3 Parte I Opcion B,"Según la estadística de los resultados en las Pruebas de Acceso en una provincia andaluza, en
septiembre de 2001, el número de alumnas presentadas es 840, de las que han aprobado un 70%
mientras que el número de alumnos presentados es 668, habiendo aprobado un 75% de éstos.
a) Elegida, al azar, una persona presentada a las Pruebas, ¿cuál es la probabilidad de que haya
aprobado?.
b) Sabiendo que una persona ha aprobado, ¿cuál es la probabilidad de que sea varón?.
SOCIALES II. 2002. JUNIO. EJERCICIO 3. PARTE I. OPCION B"
MATES_CCSS,Probabilidad,2002.0,Reserva 1,Ejercicio 3 Parte Iopciona,"Una urna contiene 15 bolas, de las cuales 6 son azules y 9 son rojas. Se extraen sucesivamente y
sin reemplazamiento, 3 bolas, al azar.
a) Describa el espacio muestral asociado al experimento.
b) Determine la probabilidad de que se extraiga, al menos, una bola azul.
c) Halle la probabilidad de que la tercera bola extraída sea roja.
SOCIALES II. 2002 RESERVA 1. EJERCICIO 3. PARTE I.OPCIONA"
MATES_CCSS,Probabilidad,2002.0,Reserva 1Ejercicio,3 Parte I Opción B,"Tenemos 3 estuches de lápices A, B y C. El estuche A tiene 9 lápices, de los cuales 3 son negros; el
B contiene 7 lápices, de los cuales 2 son negros; el C contiene 5 lápices de los que 1 es negro.
a) Si tomamos, al azar, un lápiz del estuche B, ¿cuál es la probabilidad de que sea negro?
b) Si elegimos, al azar, uno de los 3 estuches y de éste tomamos, al azar, un lápiz, ¿cuál es la
probabilidad de que no sea negro?
SOCIALES II. 2002 RESERVA 1.EJERCICIO 3. PARTE I. OPCIÓN B"
MATES_CCSS,Probabilidad,2002.0,Reserva 2,Ejercicio 3 Parte I Opción A,"El despertador de Pedro no funciona bien, pues el 20 % de las veces no suena. Cuando suena,
Pedro llega tarde a clase con probabilidad 0”2; pero si no suena, la probabilidad de que llegue
tarde a clase es 09,
a) Calcule la probabilidad de que Pedro llegue a tiempo.
b) Determine la probabilidad de que el despertador haya funcionado bien, si sabemos que Pedro
ha llegado tarde a clase.
SOCIALES I1. 2002. RESERVA 2. EJERCICIO 3. PARTE I. OPCIÓN A"
MATES_CCSS,Probabilidad,2002.0,Reserva 2,Ejercicio 3 Parte 1 Opción B,"Las instalaciones de un club tienen una sala de medios audiovisuales y una de informática. El
60% de los socios utiliza la 1*, el 30 % la 2* y el 20 % ambas.
a) Calcule la probabilidad de que un socio, elegido al azar, no utilice ninguna de las dos salas.
b) Si se sabe que un socio utiliza la sala de audiovisuales, ¿cuál es la probabilidad de que no
utilice la de informática?
SOCIALES II. 2002. RESERVA 2. EJERCICIO 3. PARTE 1. OPCIÓN B"
MATES_CCSS,Probabilidad,2002.0,Reserva 3,Ejercicio 3 Parte I Opcion B,"De una bolsa que contiene 4 monedas de 2 euros, 5 de 1 euro y 3 de 020 euros, se extraen dos
monedas, al azar, sucesivamente y sin devolverlas a la bolsa.
a) Calcule las probabilidades de los siguientes sucesos:
A = “la suma de las dos monedas es inferior a 220 euros”.
B = “al menos una de las dos monedas es de 020 euros”.
b) Razone si esos dos sucesos son independientes.
SOCIALES II. 2002. RESERVA 3. EJERCICIO 3. PARTE I. OPCION B"
MATES_CCSS,Probabilidad,2002.0,Reserva 4,Ejercicio 3 Parte I Opción A,"Se dispone de una baraja española de 40 cartas (10 de oros, 10 de copas, 10 de espadas y 10 de
bastos). Se saca una carta, al azar, y, sin devolverla, se saca otra, al azar.
a) Calcule la probabilidad de que ninguna de las dos cartas sea de oros.
b) Sabiendo que la 2* carta extraída ha sido de copas, calcule la probabilidad de que también lo
fuera la primera.
SOCIALES Il. 2002. RESERVA 4. EJERCICIO 3. PARTE I. OPCIÓN A"
MATES_CCSS,Probabilidad,2002.0,Reserva 4,Ejercicio 3 Parte I Opcion B,"Juan y Pedro juegan a obtener la puntuación más alta lanzando sus dados. El dado de Juan tiene
cuatro caras con la puntuación 5 y las otras dos caras con el 1. El dado de Pedro tiene dos caras
con el 6, otras dos con el 4 y las otras dos con el 1.
a) ¿Cuáles la probabilidad de que gane Pedro?
b) ¿Cuál es la probabilidad de empatar?
SOCIALES II. 2002 RESERVA 4. EJERCICIO 3. PARTE I. OPCION B"
MATES_CCSS,Probabilidad,2003.0,Junio,Ejercicio 3 Parte I Opción A,"Blanca y Alfredo escriben, al azar, una vocal cada uno en papeles distintos.
a) Determine el espacio muestral asociado al experimento.
b) Calcule la probabilidad de que no escriban la misma vocal.
SOCIALES II. 2003. JUNIO. EJERCICIO 3. PARTE I. OPCIÓN A"
MATES_CCSS,Probabilidad,2003.0,Reserva 2,Ejercicio 3 Parte 1 Opción A,"De dos sucesos A y B, asociados a un mismo experimento aleatorio, se conocen las probabilidades
P(B)=0'7, P(A/B)=0'8y P(ANB"")=0'24.
Calcule: a) PCANB); b) P(A); c) Determine si A y B son independientes.
SOCIALES II. 2003. RESERVA 2. EJERCICIO 3. PARTE 1. OPCIÓN A"
MATES_CCSS,Probabilidad,2003.0,Reserva 2,Ejercicio 3 Parte I Opción B,"En un hospital se han producido 200 nacimientos en un mes. De ellos, 105 son varones y, de éstos,
21 tienen los ojos azules. Asimismo se ha observado que 38 de las niñas nacidas en ese mes tienen
los ojos azules.
Se elige, al azar, un recién nacido entre los 200 citados.
a) Calcule la probabilidad de que tenga los ojos azules.
b) Si el recién nacido que se elige tiene los ojos azules, ¿cuál es la probabilidad de que sea un
varón?.
SOCIALES I1. 2003. RESERVA 2. EJERCICIO 3. PARTE I. OPCIÓN B"
MATES_CCSS,Probabilidad,2003.0,Reserva 3,Ejercicio 3 Parte I Opción A,"El 55% de la población española son mujeres, de las cuales un 23% usa el coche para ir al
trabajo. Se sabe que la probabilidad de que una persona, sea hombre o mujer, vaya al trabajo en
coche es 052.
a) Elegido un hombre, al azar, ¿cuál es la probabilidad de que utilice el coche para desplazarse al
trabajo?.
b) Si se elige una persona, al azar, y resulta que no utiliza el coche para ir al trabajo, calcule la
probabilidad de que sea mujer.
SOCIALES HI. 2003. RESERVA 3. EJERCICIO 3. PARTE I. OPCIÓN A"
MATES_CCSS,Probabilidad,2003.0,Reserva 3,Ejercicio 3 Parte I Opción B,"En una biblioteca sólo hay libros de física y de matemáticas, que están escritos en inglés o en
español. Se sabe que el 70% de los libros son de física, el 80% de los libros están escritos en
español y el 10% son libros de matemáticas escritos en inglés.
a) Calcule qué tanto por ciento de los libros son de física y escritos en español.
b) Si escogemos un libro de física, ¿cuál es la probabilidad de que esté escrito en español?.
SOCIALES II. 2003. RESERVA 3. EJERCICIO 3. PARTE I. OPCIÓN B"
MATES_CCSS,Probabilidad,2003.0,Reserva 4,Ejercicio 3 Parte I Opción A,"En un curso, el porcentaje de aprobados en Lengua es del 65% y en Filosofía del 50% . Se sabe
que la probabilidad P(F/L)=0'7, siendo F y L los sucesos “aprobar Filosofía” y “aprobar
Lengua”, respectivamente.
a) Calcule P(L/F).
b) Halle la probabilidad de no aprobar ninguna de las dos asignaturas.
SOCIALES II. 2003. RESERVA 4. EJERCICIO 3. PARTE I. OPCIÓN A"
MATES_CCSS,Probabilidad,2003.0,Reserva 4,Ejercicio 3 Parte L Opción B,"Sea el experimento aleatorio consistente en lanzar 3 veces una moneda y observar el resultado
a) Escriba el espacio muestral asociado y las probabilidades de los sucesos elementales.
b) Sean los sucesos A: “Obtener al menos una cara” y B: “Obtener cara en sólo uno de los tres
lanzamientos”. Calcule p(A) y p(B).¿Son independientes A y B?
SOCIALES II. 2003 RESERVA 4. EJERCICIO 3. PARTE l. OPCIÓN B"
MATES_CCSS,Probabilidad,2003.0,Septiembre,Ejercicio 3 Parte I Opción B,"Sean A y B dos sucesos aleatorios independientes. Se sabe que P(A)=0'3; P(B)=0'4.
Calcule las siguientes probabilidades: a) P(AUB);b) P(A/B“)
SOCIALES II. 2003. SEPTIEMBRE. EJERCICIO 3. PARTE I. OPCIÓN B"
MATES_CCSS,Probabilidad,2004.0,Junio,Ejercicio 3 Parte I Opción A,"María y Laura idean el siguiente juego: cada una lanza un dado, si en los dos dados sale el mismo
número, gana Laura; si la suma de ambos es 7, gana María; y en cualquier otro caso hay empate.
a) Calcule la probabilidad de que gane Laura.
b) Calcule la probabilidad de que gane María.
SOCIALES II. 2004. JUNIO. EJERCICIO 3. PARTE I. OPCIÓN A"
MATES_CCSS,Probabilidad,2004.0,Junio,Ejercicio 3 Parte I Opción B,"Dados los sucesos aleatorios A y B, se sabe que:
PB)=1 y PA)=PAB)=>
a) Razone si los sucesos A y B son independientes.
b) Calcule P(AUB)
SOCIALES II. 2004. JUNIO. EJERCICIO 3. PARTE I. OPCIÓN B"
MATES_CCSS,Probabilidad,2004.0,Reserva 1,Ejercicio 3 Parte I Opción A,"Sean A y B dos sucesos tales que P(A)=0'4,P(B“)=0'7 y P(AUB)=0'6 , donde BC es el
suceso contrario de B.
a) ¿Son independientes A y B ?
b) Calcule P(A/B*)
SOCIALES II. 2004 RESERVA 1. EJERCICIO 3. PARTE I. OPCIÓN A"
MATES_CCSS,Probabilidad,2004.0,Reserva 1Ejercicio,3 Parte I Opción B,"Se realiza una encuesta sobre las preferencias de vivir en la ciudad o en urbanizaciones cercanas.
Del total de la población encuestada el 60% son mujeres, de las cuales prefieren vivir en la
ciudad un 73% . Se sabe que la probabilidad de que una persona, sea hombre o mujer, desee vivir
en la ciudad es 062.
a) Calcule la probabilidad de que elegido un hombre al azar, prefiera vivir en la ciudad.
b) Supuesto que una persona, elegida al azar, desee vivir en la ciudad, calcule la probabilidad de
que sea mujer.
SOCIALES I1. 2004 RESERVA 1.EJERCICIO 3. PARTE I. OPCIÓN B"
MATES_CCSS,Probabilidad,2004.0,Reserva 2,Ejercicio 3 Parte I Opción A,"Una urna contiene 5 bolas rojas y 3 verdes. Se extrae una bola y se reemplaza por 2 bolas del
otro color. A continuación, se extrae una segunda bola. Calcule:
a) La probabilidad de que la segunda bola sea verde.
b) La probabilidad de que la primera haya sido roja, sabiendo que la segunda también ha sido
roja.
SOCIALES Il. 2004. RESERVA 2. EJERCICIO 3. PARTE I. OPCIÓN A"
MATES_CCSS,Probabilidad,2004.0,Reserva 2,Ejercicio 3 Parte I Opción B,"El despertador de un trabajador suena en el 80% de los casos. Si suena, la probabilidad de que
llegue puntual al trabajo es 09; si no suena, llega tarde el 50% de las veces.
a) ¿Cuáles la probabilidad de que llegue puntual?
b) Si llega tarde, ¿cuál es la probabilidad de que no haya sonado el despertador?
SOCIALES I1. 2004. RESERVA 2. EJERCICIO 3. PARTE I. OPCIÓN B"
MATES_CCSS,Probabilidad,2004.0,Reserva 3,Ejercicio 3 Parte I Opción A,"En una universidad española el 30% de los estudiantes son extranjeros y, de éstos, el 15% están
becados. De los estudiantes españoles, sólo el 8% tienen beca. Si se elige, al azar, un alumno de
esa universidad:
a) ¿Cuáles la probabilidad de que sea español y no tenga beca?
b) Calcule la probabilidad de que sea extranjero, sabiendo que tiene beca.
SOCIALES II. 2004. RESERVA 3. EJERCICIO 3. PARTE I. OPCIÓN A"
MATES_CCSS,Probabilidad,2004.0,Reserva 3,Ejercicio 3 Parte I Opción B,"En un centro de Bachillerato, los alumnos de 1” son el 60% del total, y los de 2* el 40% restante.
De todos ellos, el 46% posee móvil y el 18% son de 1” y tienen móvil.
a) Calcule la probabilidad de que un alumno de 1”, elegido al azar, posea móvil.
b) Elegido un alumno, al azar, resulta que tiene móvil, ¿cuál es la probabilidad de que sea de 2”?
SOCIALES I1. 2004. RESERVA 3. EJERCICIO 3. PARTE I. OPCIÓN B"
MATES_CCSS,Probabilidad,2004.0,Reserva 4,Ejercicio 3 Parte I Opcion A,"En cierto barrio hay dos panaderías. El 40% de la población compra en la panadería A, el 25%
en la B, y el 15% en ambas. Se escoge una persona al azar:
a) ¿Cuáles la probabilidad de que esta persona compre en A y no compre en B ?
b) Si esta persona es cliente de A, ¿cuál es la probabilidad de que también sea cliente de B?
c) ¿Cuál es la probabilidad de que no sea cliente de A ni de B?
d) ¿Son independientes los sucesos “ser cliente de A” y “ser cliente de B”?
SOCIALES II. 2004. RESERVA 4. EJERCICIO 3. PARTE I. OPCION A"
MATES_CCSS,Probabilidad,2004.0,Reserva 4,Ejercicio 3 Parte I Opcion B,"Entre las 7 bolas de una máquina de futbolín hay 2 rojas y 5 blancas; en cada partida, la
máquina va sacando las bolas de una en una, de forma aleatoria, sin reemplazamiento. Calcule la
probabilidad de cada uno de los siguientes sucesos:
a) “La primera bola es roja”.
b) “Las dos primeras bolas son blancas”.
c) “Las dos primeras bolas son de colores distintos”.
SOCIALES II. 2004 RESERVA 4. EJERCICIO 3. PARTE I. OPCION B"
MATES_CCSS,Probabilidad,2004.0,Septiembre,Ejercicio 3 Parte I Opción A,"Consideramos el experimento aleatorio de lanzar dos dados distintos y anotar el producto de
sus puntuaciones.
a) ¿Cuál es la probabilidad de que dicho producto sea igual a 6?.
b) Si sabemos que el producto ha sido 4, ¿cuál es la probabilidad de que hayan salido los dos
dados con la misma puntuación?.
SOCIALES II. 2004. SEPTIEMBRE. EJERCICIO 3. PARTE I. OPCIÓN A"
MATES_CCSS,Probabilidad,2004.0,Septiembre,Ejercicio 3 Parte I Opción B,"En una ciudad, el 40% de sus habitantes lee el diario A, el 25% lee el diario B y el 50% lee al
menos uno de los dos diarios.
a) Los sucesos “leer el diario A” y “leer el diario B” ¿son independientes?.
b) Entre los que leen el diario A ¿qué porcentaje lee también el diario B?.
c) Entre los que leen, al menos, un diario ¿Qué porcentaje lee los dos?.
d) Entre los que no leen el diario A,¿qué porcentaje lee el diario B?.
SOCIALES HH. 2004. SEPTIEMBRE. EJERCICIO 3. PARTE I. OPCIÓN B"
MATES_CCSS,Probabilidad,2005.0,Junio,Ejercicio 3 Parte I Opción A,"En un juego se sortea cada día un premio utilizando papeletas con tres cifras, numeradas del 000 al
999.
a) Calcule la probabilidad de que el número premiado termine en 5.
b) Calcule la probabilidad de que el número premiado termine en 55.
c) Sabiendo que ayer salió premiado un número terminado en 5, calcule la probabilidad de que el
número premiado hoy también ter mine en 5.
SOCIALES II. 2005. JUNIO. EJERCICIO 3. PARTE I. OPCIÓN A"
MATES_CCSS,Probabilidad,2005.0,Junio,Ejercicio 3 Parte I Opción B,"Una bolsa contiene tres cartas: una es roja por las dos caras, otra tiene una cara blanca y otra roja,
y la tercera tiene una cara negra y otra blanca. Se saca una carta al azar y se muestra, también al
azar, una de sus caras.
a) ¿Cuál es la probabilidad de que la cara mostrada sea roja?
b) ¿Cuál es la probabilidad de que la cara mostrada sea blanca?.
c) Si la cara mostrada es blanca, ¿cuál es la probabilidad de que la otra cara sea roja?
SOCIALES II. 2005. JUNIO. EJERCICIO 3. PARTE I. OPCIÓN B"
MATES_CCSS,Probabilidad,2005.0,Reserva 1,Ejercicio 3 Parte I Opcion B,"En los “Juegos Mediterráneos Almería 2005” se sabe que el 5% de los atletas son asiáticos, el
25% son africanos y el resto son europeos. También se sabe que el 10% de los atletas asiáticos, el
20% de los atletas africanos y el 25% de los atletas europeos hablan español.
a) Calcule la probabilidad de que un atleta, elegido al azar, hable español.
b) Si nos encontramos con un atleta que no habla español, ¿cuál es la probabilidad de que sea
africano?
SOCIALES II. 2005 RESERVA 1. EJERCICIO 3. PARTE I. OPCION B"
MATES_CCSS,Probabilidad,2005.0,Reserva 2,Ejercicio 3 Parte I Opcion A,"En una agrupación musical el 60% de sus componentes son mujeres. El 20% de las mujeres y el
30% de los hombres de la citada agrupación están jubilados.
a) ¿Cuál es la probabilidad de que un componente de la agrupación, elegido al azar, esté
jubilado?
b) Sabiendo que un componente de la agrupación, elegido al azar, está jubilado ¿cuál es la
probabilidad de que sea mujer?
SOCIALES II. 2005. RESERVA 2. EJERCICIO 3. PARTE I. OPCION A"
MATES_CCSS,Probabilidad,2005.0,Reserva 2,Ejercicio 3 Parte I Opción B,"Sean A y B dos sucesos del mismo experimento aleatorio tales que:
1 1 1
P(A)=5,P(B)=7 y P(AUB)=>.
a) ¿Son A y B incompatibles? ¿Son independientes?
b) Calcule P[A/(AUB)]
SOCIALES II. 2005. RESERVA 2. EJERCICIO 3. PARTE I. OPCIÓN B"
MATES_CCSS,Probabilidad,2005.0,Reserva 3,Ejercicio 3 Parte I Opcion A,"En una urna hay 1 bola blanca, 3 rojas y 4 verdes. Se considera el experimento que consiste en
sacar primero una bola, si es blanca se deja fuera, y si no lo es se vuelve a introducir en la urna; a
continuación se extrae una segunda bola y se observa su color.
a) ¿Cuáles la probabilidad de que salgan 2 bolas del mismo color?
b) ¿Cuál es la probabilidad de que la bola blanca salga en la 2* extracción?
SOCIALES II. 2005. RESERVA 3. EJERCICIO 3. PARTE I. OPCION A"
MATES_CCSS,Probabilidad,2005.0,Reserva 3,Ejercicio 3 Parte I Opción B,"Sean A y B dos sucesos independientes tales que P(A)=0'4 y P(ANB)=0'05
a) Calcule P(B)
b) Calcule P(ANB*)
c) Sabiendo que no ha sucedido B, calcule la probabilidad de que suceda A.
SOCIALES II. 2005. RESERVA 3. EJERCICIO 3. PARTE I. OPCIÓN B"
MATES_CCSS,Probabilidad,2005.0,Reserva 4,Ejercicio 3 Parte I Opción A,"En un concurso se dispone de cinco sobres; dos de ellos contienen premio y los otros tres no. Se
pide a un primer concursante que escoja un sobre y observe si tiene premio, y a un segundo
concursante que elija otro de los restantes y obser ve si tiene premio.
a) Escriba el conjunto de resultados posibles asociado a este experimento e indique la
probabilidad de cada uno de ellos.
b) ¿Qué probabilidad tiene el segundo concursante de obtener premio? ¿Cuál es la probabilidad
de que ambos concursantes obtengan premio?
SOCIALES I1. 2005. RESERVA 4. EJERCICIO 3. PARTE I. OPCIÓN A"
MATES_CCSS,Probabilidad,2005.0,Reserva 4,Ejercicio 3 Parte Li Opción B,"Juan dispone de dos días para estudiar un examen. La probabilidad de estudiarlo solamente el
primer día es del 10%, la de estudiarlo los dos días es del 10% y la de no hacerlo ningún día es
del 25%. Calcule la probabilidad de que Juan estudie el examen en cada uno de los siguientes
casos:
a) El segundo día.
b) Solamente el segundo día.
c) El segundo día, sabiendo que no lo ha hecho el primero.
SOCIALES II. 2005 RESERVA 4. EJERCICIO 3. PARTE lI. OPCIÓN B"
MATES_CCSS,Probabilidad,2005.0,Septiembre,Ejercicio 3 Parte I Opción A,"Sean A y B dos sucesos independientes tales que P(B)=0'05 y P(A/B)=0'35.
a) ¿Cuál es la probabilidad de que suceda al menos uno de ellos?.
b) ¿Cuál es la probabilidad de que ocurra el suceso A pero no el B?.
SOCIALES II. 2005. SEPTIEMBRE. EJERCICIO 3. PARTE I. OPCIÓN A"
MATES_CCSS,Probabilidad,2006.0,Reserva 1,Ejercicio 3 Parte 1 Opción A,"Sean A y B dos sucesos tales que p(A“)=0'60 ; p(B)=0'25 y p(AUB)=0'55
a) Razone si A y B son independientes.
b) Calcule p(A“ UB“)
SOCIALES 11. 2006. RESERVA 1. EJERCICIO 3. PARTE 1. OPCIÓN A"
MATES_CCSS,Probabilidad,2006.0,Reserva 1,Ejercicio 3 Parte 1 Opción B,"Una urna contiene tres bolas azules y cuatro rojas. Se extraen al azar tres bolas sucesivamente
con reemplazamiento.
a) Calcule la probabilidad de que las tres sean del mismo color.
b) Calcule la probabilidad de que dos sean azules y una roja.
SOCIALES II. 2006. RESERVA 1. EJERCICIO 3. PARTE 1. OPCIÓN B"
MATES_CCSS,Probabilidad,2006.0,Reserva 2,Ejercicio 3 Parte I Opción A,"Una enfermedad afecta a un 5 % de la población. Se aplica una prueba diagnóstica para detectar
dicha enfermedad, obteniéndose el siguiente resultado: Aplicada a personas que padecen la
enfermedad se obtiene un 96 % de resultados positivos, y aplicada a personas que no la padecen
se obtiene un 2 % de resultados positivos. Elegida una persona, al azar, y aplicada la prueba:
a) ¿Cuáles la probabilidad de que se obtenga un resultado positivo?
b) Si se obtiene un resultado positivo, ¿cuál es la probabilidad de que esta persona no padezca la
enfermedad?
SOCIALES II. 2006. RESERVA 2. EJERCICIO 3. PARTE I. OPCIÓN A"
MATES_CCSS,Probabilidad,2006.0,Reserva 2,Ejercicio 3 Parte I Opción B,"Una urna A contiene diez bolas numeradas del 1 al 10, y otra urna B contiene ocho bolas
numeradas del 1 al 8.
Se escoge una urna al azar y se saca una bola.
a) ¿Cuáles la probabilidad de que la bola extraída tenga el número 2?
b) Si el número de la bola extraída es impar, ¿cuál es la probabilidad de que proceda de la urna
B.
SOCIALES II. 2006. RESERVA 2. EJERCICIO 3. PARTE I. OPCIÓN B"
MATES_CCSS,Probabilidad,2006.0,Reserva 3,Ejercicio 3 Parte I Opción A,"Se dispone de dos urnas A y B. En la urna A hay diez bolas, numeradas del 1 al 10 y en la urna B
hay 3 bolas, numeradas del 1 al 3. Se lanza una moneda, si sale cara se extrae una bola de la urna
A y si sale cruz se extrae de la B.
a) Calcule la probabilidad de obtener cara y un 5.
b) Halle la probabilidad de obtener un 6.
c) Calcule la probabilidad de obtener un 3.
SOCIALES II. 2006. RESERVA 3. EJERCICIO 3. PARTE I. OPCIÓN A"
MATES_CCSS,Probabilidad,2006.0,Reserva 3,Ejercicio 3 Parte I Opción B,"Se conocen los siguientes datos de un grupo de personas, relativos al consumo de un determinado
producto:
Consume
No consume
Hombre
10
30
Mujer
25
12
Se elige en ese grupo una persona al azar. Calcule la probabilidad de que:
a) Sea mujer.
b) Habiendo consumido el producto, se trate de una mujer.
c) Sea mujer y no consuma el producto.
SOCIALES II. 2006. RESERVA 3. EJERCICIO 3. PARTE I. OPCIÓN B"
MATES_CCSS,Probabilidad,2006.0,Reserva 4,Ejercicio 3 Parte 1 Opción A,"En un espacio muestral se tienen dos sucesos independientes, A y B. Se sabe que
P(ANB)=0'18 y P(A/B)=0'30.
a) Calcule las probabilidades de A y de B.
b) Calcule la probabilidad de que no ocurra ninguno de esos dos sucesos.
SOCIALES II. 2006. RESERVA 4. EJERCICIO 3. PARTE 1. OPCIÓN A"
MATES_CCSS,Probabilidad,2006.0,Reserva 4,Ejercicio 3 Parte I Opción B,"En una empresa, el 65 % de la plantilla son hombres; de ellos, el 80 % usan el ordenador. Se
sabe que el 835 % de la plantilla de la empresa usa el ordenador.
a) Calcule la probabilidad de que una persona de esa empresa, elegida al azar, sea un hombre
que no utiliza el ordenador.
b) Seleccionada una mujer de esa empresa, al azar, calcule la probabilidad de que utilice el
ordenador.
SOCIALES II. 2006 RESERVA 4. EJERCICIO 3. PARTE I. OPCIÓN B"
MATES_CCSS,Probabilidad,2006.0,Septiembre,Ejercicio 3 Parte I Opción A,"Laura tiene un dado con tres caras pintadas de azul y las otras tres de rojo. María tiene otro
dado con tres caras pintadas de rojo, dos de verde y una de azul. Cada una tira su dado y
obser van el color.
a) Describa el espacio muestral asociado y las probabilidades de los sucesos elementales.
b) Si salen los dos colores iguales gana Laura; y si sale el color verde, gana María. Calcule la
probabilidad que tiene cada una de ganar.
SOCIALES II. 2006. SEPTIEMBRE. EJERCICIO 3. PARTE I. OPCIÓN A"
MATES_CCSS,Probabilidad,2006.0,Septiembre,Ejercicio 3 Parte I Opción B,"De un estudio sobre accidentes de tráfico se dedujeron los siguientes datos: En el 23 % de los
casos no se llevaba puesto el cinturón de seguridad, en el 65 % no se respetaron los límites de
velocidad permitidos y en el 30 % de los casos se cumplían ambas normas, es decir, llevaban
puesto el cinturón y respetaban los límites de velocidad.
a) Calcule la probabilidad de que, en un accidente de tráfico, no se haya cumplido alguna de las
dos normas.
b) Razone si son independientes los sucesos “llevar puesto el cinturón” y “respetar los límites
de velocidad”.
SOCIALES II. 2006. SEPTIEMBRE. EJERCICIO 3. PARTE I. OPCIÓN B"
MATES_CCSS,Probabilidad,2007.0,Junio,Ejercicio 3 Parte Iopciona,"La baraja española consta de diez cartas de oros, diez de copas, diez de espadas y diez de
bastos. Se extraen dos cartas. Calcule razonadamente la probabilidad de que, al menos, una de
las dos cartas sea de espadas en los siguientes supuestos:
a) Si se extraen las cartas con reemplazamiento.
b) Si se extraen las cartas sin reemplazamiento.
SOCIALES II. 2007. JUNIO. EJERCICIO 3. PARTE I.OPCIONA"
MATES_CCSS,Probabilidad,2007.0,Junio,Ejercicio 3 Parte I Opción B,"En una urna hay cuatro bolas blancas y dos rojas. Se lanza una moneda, si sale cara se extrae
una bola de la urna y si sale cruz se extraen, sin reemplazamiento, dos bolas de la urna.
a) Calcule la probabilidad de que se hayan extraído dos bolas rojas.
b) Halle la probabilidad de que no se haya extraido ninguna bola roja.
SOCIALES II. 2007. JUNIO. EJERCICIO 3. PARTE I. OPCIÓN B"
MATES_CCSS,Probabilidad,2007.0,Reserva 4,Ejercicio 3 Parte I Opcion B,"En un tribunal se han examinado 140 alumnos de un Instituto A y 150 de otro Instituto B.
Aprobaron el 80% de los alumnos del A y el 72% del B.
a) Determine el tanto por ciento de alumnos aprobados por ese tribunal.
b) Un alumno, elegido al azar, no ha aprobado, ¿cuál es la probabilidad de que pertenezca al
Instituto B?
SOCIALES II. 2007. RESERVA 4. EJERCICIO 3. PARTE I. OPCION B."
MATES_CCSS,Probabilidad,2007.0,Septiembre,Ejercicio 3 Parte I Opcion A,"En un espacio muestral se sabe que para dos sucesos A y B se verifica:
P(ANB)=0'1 ; P(ATAB"")=0'6 ; P(A/B)=0'5.
a) Calcule P(B).
b) Calcule P(AUB).
c) ¿Son A y B independientes?.
SOCIALES II. 2007. SEPTIEMBRE. EJERCICIO 3. PARTE I. OPCION A"
MATES_CCSS,Probabilidad,2007.0,Septiembre,Ejercicio 3 Parte 1 Opción B,"Una urna A contiene tres bolas azules y cuatro rojas y otra urna B contiene dos bolas azules, dos
rojas y dos negras. Se extrae, al azar, una bola de una de las urnas.
a) Calcule la probabilidad de que la bola extraída sea roja.
b) Si la bola extraída resulta ser azul, ¿cuál es la probabilidad de que proceda de la urna B .
SOCIALES II. 2007. SEPTIEMBRE. EJERCICIO 3. PARTE 1. OPCIÓN B"
MATES_CCSS,Probabilidad,2008.0,Junio,Ejercicio 3 Parte I Opción A,"a) Sean A y B dos sucesos de un mismo espacio muestral. Sabiendo que p(A)=0'S, que
p(B)=0'4 y que [AuB)=0'8,determine p(A/B).
b) Sean C y D dos sucesos de un mismo espacio muestral. Sabiendo que p(C)=0'3, que
p(D) =0'8 y que C y D son independientes, determine p(C UD).
SOCIALES II. 2008. JUNIO. EJERCICIO 3. PARTE I. OPCIÓN A"
MATES_CCSS,Probabilidad,2008.0,Junio,Ejercicio 3 Parte I Opción B,"Se sabe que el 30 % de los individuos de una población tiene estudios superiores; también se
sabe que, de ellos, el 95 % tiene empleo. Además, de la parte de la población que no tiene
estudios superiores, el 60 % tiene empleo.
a) Calcule la probabilidad de que un individuo, elegido al azar, tenga empleo.
b) Se ha elegido un individuo aleatoriamente y tiene empleo; calcule la probabilidad de que
tenga estudios superiores..
SOCIALES II. 2008. JUNIO. EJERCICIO 3. PARTE I. OPCIÓN B"
MATES_CCSS,Probabilidad,2008.0,Reserva 2,Ejercicio 3 Parte I Opcion A,"En una población, donde el 45% son hombres y el resto mujeres, se sabe que el 10% de los
hombres y el 8% de las mujeres son inmigrantes.
a) ¿Qué porcentaje de inmigrantes hay en esta población?
b) Si se elige, al azar, un inmigrante de esta población, ¿cuál es la probabilidad de que sea
hombre?
SOCIALES II. 2008 RESERVA 2. EJERCICIO 3. PARTE I. OPCION A"
MATES_CCSS,Probabilidad,2008.0,Reserva 2,Ejercicio 3 Parte I Opción B,"Una caja contiene 12 bombillas, de las cuales 4 están fundidas. Se eligen, al azar y sin
reemplazamiento, tres bombillas de esa caja.
a) Calcule la probabilidad de que ninguna de las tres bombillas esté fundida.
b) Calcule la probabilidad de que las tres bombillas estén fundidas.
SOCIALES II. 2008 RESERVA 2. EJERCICIO 3. PARTE I. OPCIÓN B"
MATES_CCSS,Probabilidad,2008.0,Reserva 3,Ejercicio 3 Parte I Opción A,"En un aula de informática hay 20 puestos de ordenador. De ellos, 10 son compartidos y otros 10
son individuales. De los puestos compartidos, hay 3 en los que el ordenador no funciona, de los
individuales hay 2 en los que el ordenador no funciona.
a) Seleccionado al azar un puesto en el aula, ¿cuál es la probabilidad de que no funcione el
ordenador?.
b) Si se elige al azar un puesto en el que funciona el ordenador, ¿cuál es la probabilidad de que
sea compartido?.
SOCIALES II. 2008. RESERVA 3. EJERCICIO 3. PARTE I. OPCIÓN A"
MATES_CCSS,Probabilidad,2008.0,Reserva 3,Ejercicio 3 Parte I Opción B,"Se dispone de los siguientes datos sobre el equipamiento de los hogares de una ciudad: En el
60% de los hogares se puede ver la TDT (Televisión Digital Terrestre) y el 70% de los hogares
dispone de ordenador. De entre los hogares que disponen de ordenador, el 80% puede ver la
TDT.
a) ¿Son sucesos independientes “disponer de ordenador” y “poder ver la TDT”?.
b) ¿Qué porcentaje de hogares no disponen de ordenador ni pueden ver la TDT?
SOCIALES II. 2008. RESERVA 3. EJERCICIO 3. PARTE I. OPCIÓN B"
MATES_CCSS,Probabilidad,2008.0,Reserva 4,Ejercicio 3 Parte I Opción A,"Ana y Blas deciden jugar con un dado de la siguiente forma:
“Ana lanza el dado y, si saca un 6, gana y se acaba el juego. En caso contrario lanza Blas, que
gana si saca un 2 o un 3, y también se acaba el juego. De no ocurrir esto, la partida se acaba sin
ganador.
Halle la probabilidad de los siguientes sucesos: “gana Ana”, “gana Blas”, “ninguno gana”.
,
SOCIALES II. 2008. RESERVA 4. EJERCICIO 3. PARTE I. OPCIÓN A"
MATES_CCSS,Probabilidad,2008.0,Reserva 4,Ejercicio 3 Parte I Opción B,"En una industria de calzado se producen botas y sandalias. De cada 12 pares producidos, 7
pares son botas y 5 de sandalias. La probabilidad de que un par de botas sea defectuoso es 008
y de que lo sea un par de sandalias es 003. Se escoge al azar un par y resulta ser “no
defectuoso”.
a) ¿Cuál es la probabilidad de que se haya escogido un par de botas?
b) ¿Cuál es la probabilidad de que se haya escogido un par de sandalias?
SOCIALES II. 2008 RESERVA 4. EJERCICIO 3. PARTE I. OPCIÓN B"
MATES_CCSS,Probabilidad,2008.0,Septiembre,Ejercicio 3 Parte I Opción A,"El examen de Matemáticas de un alumno consta de dos ejercicios. La probabilidad de que
resuelva el primero es del 30% , la de que resuelva ambos es del 10% , y la de que no resuelva
ninguno es del 35% . Calcule las probabilidades de los siguientes sucesos:
a) Que el alumno resuelva el segundo ejercicio.
b) Que resuelva el segundo ejercicio, sabiendo que no ha resuelto el primero.
SOCIALES II. 2008 SEPTIEMBRE. EJERCICIO 3. PARTE I. OPCIÓN A"
MATES_CCSS,Probabilidad,2009.0,Junio,4 Ejercicio 3 Parte I Opción A,"Un turista que realice un crucero tiene un 50% de probabilidad de visitar Cádiz, un 40% de
visitar Sevilla y un 30% de visitar ambas. Calcule la probabilidad de que:
a) Visite al menos una de las dos ciudades.
b) Visite únicamente una de las dos ciudades.
c) Visite Cádiz pero no visite Sevilla.
d) Visite Sevilla, sabiendo que ha visitado Cádiz.
SOCIALES II. 2009. JUNIO 4. EJERCICIO 3. PARTE I. OPCIÓN A"
MATES_CCSS,Probabilidad,2009.0,Junio,Ejercicio 3 Parte I Opción B,"En un centro escolar, los alumnos de 2” Bachillerato pueden cursar, como asignaturas
optativas, Estadística o Diseño Asistido por Ordenador (DAO). El 70% de los alumnos estudia
Estadística y el resto DAO. Además, el 60% de los alumnos que estudia Estadística son mujeres
y, de los alumnos que estudian DAO son hombres el 70% .
a) Elegido un alumno al azar, ¿cuál es la probabilidad de que sea hombre?.
b) Sabiendo que se ha seleccionado una mujer, ¿cuál es la probabilidad de que estudie
Estadística?.
SOCIALES II. 2009. JUNIO. EJERCICIO 3. PARTE I. OPCIÓN B"
MATES_CCSS,Probabilidad,2009.0,Reserva 1,Ejercicio 3 Parte 1 Opción A,"7
Lena y Adrián son aficionados al tiro con arco. Lena da en el blanco con probabilidad — y
Adrián con probabilidad Z . Si ambos sucesos son independientes, calcule la probabilidad de los
siguientes Sucesos:
a) “Ambos dan en el blanco”.
b) “Sólo Lena da en el blanco”.
c) “Al menos uno da en el blanco”.
SOCIALES II. 2009. RESERVA 1. EJERCICIO 3. PARTE 1. OPCIÓN A"
MATES_CCSS,Probabilidad,2009.0,Reserva 1,Ejercicio 3 Parte 1 Opción B,"Una encuesta realizada por un banco muestra que el 60% de sus clientes tiene un préstamo
hipotecario, el 50% tiene un préstamo personal y el 20% tiene un préstamo de cada tipo. Se elige,
al azar, un cliente de ese banco.
a) Calcule la probabilidad de que no tenga ninguno de los dos préstamos.
b) Calcule la probabilidad de que tenga un préstamo hipotecario, sabiendo que no tiene un
préstamo personal.
SOCIALES II. 2009. RESERVA 1. EJERCICIO 3. PARTE 1. OPCIÓN B"
MATES_CCSS,Probabilidad,2009.0,Reserva 2,Ejercicio 3 Parte 1 Opción A,"Sean A y B dos sucesos de un experimento aleatorio tales que:
p(A“)=02 , p(B)=0.25 , p(AUB)=0.85
a) ¿Son los sucesos A y B independientes?.
b) Calcule p(A“/BS).
SOCIALES II. 2009. RESERVA 2. EJERCICIO 3. PARTE 1. OPCIÓN A"
MATES_CCSS,Probabilidad,2009.0,Reserva 2,Ejercicio 3 Parte 1 Opción B,"Un polideportivo dispone de 100 bolas de pádel y 120 bolas de tenis. Se sabe que 65 bolas son
nuevas. Además, 75 bolas de pádel son usadas. Por un error, todas las bolas se han mezclado.
a) Calcule la probabilidad de que si elegimos, al azar, una bola de tenis, ésta sea usada.
b) Calcule la probabilidad de que si elegimos, al azar, una bola, sea nueva.
SOCIALES II. 2009. RESERVA 2. EJERCICIO 3. PARTE 1. OPCIÓN B"
MATES_CCSS,Probabilidad,2009.0,Reserva 3,Ejercicio 3 Parte I Opción A,"Sean A y B dos sucesos tales que:
p(A)=0.3 , p(B)=0.4 , p(AUB)=0.65
Conteste razonadamente las siguientes preguntas:
a) ¿Son incompatible A y B?.
b) ¿Son independientes A y B?.
c) Calcule p(A/BS).
SOCIALES II. 2009. RESERVA 3. EJERCICIO 3. PARTE I. OPCIÓN A"
MATES_CCSS,Probabilidad,2009.0,Reserva 3,Ejercicio 3 Parte 1 Opción B,"Sean A y B dos sucesos independientes de un mismo experimento aleatorio, tales que:
p(A)=04 , p(B)=0.6
a) Calcule pANB) y p(AUB).
b) Calcule p(A/B) y p(B/AS).
SOCIALES II. 2009. RESERVA 3. EJERCICIO 3. PARTE 1. OPCIÓN B"
MATES_CCSS,Probabilidad,2009.0,Reserva 4,Ejercicio 3 Parte 1 Opción A,"Se consideran dos sucesos A y B, asociados a un espacio muestral, tales que:
p(AUB)=1, p(ANB)=03 , p(A/B)=06
a) Halle las probabilidades de los sucesos A y B.
b) Determine si el suceso B es independiente del suceso A.
SOCIALES II. 2009. RESERVA 4. EJERCICIO 3. PARTE 1. OPCIÓN A"
MATES_CCSS,Probabilidad,2009.0,Reserva 4,Ejercicio 3 Parte I Opcion B,"El 70% de los visitantes de un museo son españoles. El 49% son españoles y mayores de edad. De
los que no son españoles, el 40% son menores de edad.
a) Si se escoge, al azar, un visitantes de este museo, ¿cuál es la probabilidad de que sea mayor de
edad?.
b) Se ha elegido, aleatoriamente, un visitante de este museo y resulta que es menor de edad, ¿cuál
es la probabilidad de que no sea español?.
SOCIALES II. 2009. RESERVA 4. EJERCICIO 3. PARTE I. OPCION B"
MATES_CCSS,Probabilidad,2009.0,Septiembre,Ejercicio 3 Parte I Opción A,"Una enfermedad afecta al 10% de la población. Una prueba de diagnóstico tiene las siguientes
características: si se aplica a una persona con la enfermedad, da positivo en el 98% de los
casos; si se aplica a una persona que no tiene la enfermedad, da positivo en el 6% de los casos.
Se elige una persona, al azar, y se le aplica la prueba.
a) ¿Cuál es la probabilidad de que dé positivo?.
b) Si no dá positivo, ¿Cuál es la probabilidad de que tenga la enfermedad?.
SOCIALES II. 2009. SEPTIEMBRE. EJERCICIO 3. PARTE I. OPCIÓN A"
MATES_CCSS,Probabilidad,2009.0,Septiembre,Ejercicio 3 Parte Il Opción B,"En una editorial hay dos máquinas A y B que encuadernan 100 y 900 libros al día,
respectivamente. Además, se sabe que la probabilidad de que un libro encuadernado por A
tenga algún fallo de encuadernación es del 2% y del 10% si ha sido encuadernado por la
máquina B. Se elige, al azar, un libro encuadernado por esa editorial.
a) Calcule la probabilidad de que no sea defectuoso.
b) Si es defectuoso, halle la probabilidad de haber sido encuadernado por la máquina A.
SOCIALES II. 2009. SEPTIEMBRE. EJERCICIO 3. PARTE Il. OPCIÓN B"
MATES_CCSS,Probabilidad,2010.0,Junio,Ejercicio 3 Opción B,"De las 180 personas que asisten a un congreso médico, 100 son mujeres. Observando las
especialidades de los congresistas, vemos que de las 60 personas que son pediatras 20 son
mujeres. Se elige al azar una persona asistente al congreso.
a) ¿Cuáles la probabilidad de que sea mujer y pediatra?.
b) ¿Cuál es la probabilidad de que no sea hombre ni sea pediatra?.
c) ¿Cuál es la probabilidad de que sea pediatra?.
SOCIALES II. 2010. JUNIO. EJERCICIO 3. OPCIÓN B"
MATES_CCSS,Probabilidad,2010.0,Reserva 1,Ejercicio 3 Opción A,"2
De dos sucesos aleatorios A y B del mismo espacio de sucesos se sabe que P(A) =3 , P(B)=
P(ANB)= Ñ . Calcule:
a) La probabilidad de que se verifique alguno de los dos sucesos.
b) La probabilidad de que no ocurra ninguno de los dos sucesos.
c) La probabilidad de que ocurra A si se ha verificado B.
SOCIALES II. 2010. RESERVA 1. EJERCICIO 3. OPCIÓN A"
MATES_CCSS,Probabilidad,2010.0,Reserva 1,Ejercicio 3 Opción B,"El 60% de los camareros de una localidad tienen 35 años o más, y de ellos el 70% son dueños del
local donde trabajan. Por otra parte, de los camareros con menos de 35 años sólo el 40% son
dueños del local donde trabajan.
a) Seleccionado un camarero al azar, ¿cuál es la probabilidad de que no sea dueño del local?.
b) Elegido al azar un camarero dueño de su local, ¿cuál es la probabilidad de que tenga menos de
35 años?.
SOCIALES I1. 2010. RESERVA 1. EJERCICIO 3. OPCIÓN B"
MATES_CCSS,Probabilidad,2010.0,Reserva 2,Ejercicio 3 Opción A,"Una empresa utiliza dos servidores para conectarse a Internet. El primero, S,, lo utiliza el 45%
de las veces y el segundo, S,,el resto.
Cuando se conecta a Internet con S,,los ordenadores se bloquean el 5% de las veces, y cuando
lo hace con S, el 8%. Si un día, al azar, la empresa está conectada a Internet,
a) ¿cuál es la probabilidad de que los ordenadores se queden bloqueados?.
b) ¿Cuál es la probabilidad de que la empresa esté utilizando el servidor S,, sabiendo que los
ordenadores se han quedado bloqueados?.
SOCIALES I1. 2010. RESERVA 2. EJERCICIO 3. OPCIÓN A"
MATES_CCSS,Probabilidad,2010.0,Reserva 2,Ejercicio 3 Opción B,"En un centro de enseñanza secundaria se sabe que el 45% de los alumnos juegan al fútbol, que el
60% practican atletismo, y que de los que practican atletismo el 50% juegan al fútbol.
a) ¿Qué porcentaje de alumnos practican ambos deportes?
b) Si se elige al azar un alumno de ese centro, ¿cuál es la probabilidad de que no practique
ninguno de estos deportes?.
c) Si un alumno de ese centro no juega al fútbol, ¿cuál es la probabilidad de que practique
atletismo?.
SOCIALES I1. 2010. RESERVA 2. EJERCICIO 3. OPCIÓN B"
MATES_CCSS,Probabilidad,2010.0,Reserva 3,Ejercicio 3 Opción A,"El 41% de quienes se presentan a un examen son varones. Aprueban dicho examen el 70% de los
varones presentados y el 60% de las mujeres presentadas.
a) Calcule la probabilidad de que si una persona escogida al azar ha aprobado, sea mujer.
b) Calcule la probabilidad de que si una persona escogida al azar ha suspendido, sea mujer.
c) Ana dice que si alguien ha aprobado, es más probable que sea mujer que varón; Benito dice
que si alguien ha suspendido es más probable que sea mujer que varón. ¿Quién tiene razón?.
SOCIALES II. 2010. RESERVA 3. EJERCICIO 3. OPCIÓN A"
MATES_CCSS,Probabilidad,2010.0,Reserva 3,Ejercicio 3 Opción B,"Una persona lanza dos veces consecutivas un dado equilibrado, con las caras numeradas de l al
6.
a) Determine el número de resultados del espacio muestral de este experimento aleatorio.
b) Sea A el suceso “la mayor de las puntuaciones obtenidas es menor que 4” y B el suceso “la
primera puntuación es impar”. Halle la probabilidad de A y la de B.
c) ¿Son independientes A y B?.
SOCIALES II. 2010. RESERVA 3. EJERCICIO 3. OPCIÓN B"
MATES_CCSS,Probabilidad,2010.0,Reserva 4,Ejercicio 3 Opción A,"En el experimento aleatorio consistente en lanzar un dado equilibrado con las caras numeradas
del 1 al 6 y obser var el resultado se consideran los siguientes sucesos:
A: “Obtener un número mayor que 4”. B: “Obtener un número par”
a) Escriba los elementos de cada uno de los siguientes sucesos:
A;B; ASUB; AMB"" ;(ANB)”
b) Calcule las probabilidades P(A[ ABS) y P(ALUBS).
SOCIALES II. 2010. RESERVA 4. EJERCICIO 3. OPCIÓN A"
MATES_CCSS,Probabilidad,2010.0,Reserva 4,Ejercicio 3 Opcion B,"Una fábrica posee un sistema de alarma contra robos. Por estudios previos a la instalación del
sistema se sabe que la probabilidad de que un día se produzca un robo en la fábrica es 0.08.
Las indicaciones técnicas del fabricante de la alarma dicen que la probabilidad de que suene si se
ha producido un robo es 0.98, y de que suene si no ha habido robo es 0.03.
a) En un día cualquiera calcule la probabilidad de que no suene la alarma.
b) Si suena la alarma, ¿cuál es la probabilidad de que no sea debido a un robo?.
SOCIALES II. 2010. RESERVA 4. EJERCICIO 3. OPCION B"
MATES_CCSS,Probabilidad,2010.0,Septiembre,Ejercicio 3 Opción A,"En una capital de editan dos periódicos, CIUDAD y LA MAÑANA. Se sabe que el 85% de la
población lee alguno de ellos, que el 18% lee los dos y que el 70% lee CIUDAD. Si elegimos al
azar un habitante de esa capital, halle la probabilidad de que:
a) No lea ninguno de los dos.
b) Lea sólo LA MAÑANA. -
Cc) Lea CIUDAD, sabiendo que no lee LA MAÑANA.
SOCIALES II. 2010. SEPTIEMBRE. EJERCICIO 3. OPCIÓN A"
MATES_CCSS,Probabilidad,2010.0,Septiembre,Ejercicio 3 Opcion B,"Un dado tiene seis caras, tres de ellas marcadas con un 1, dos marcadas con una X y la otra
marcada con un 2. Se lanza tres veces ese dado.
a) ¿Cuáles la probabilidad de obtener tres veces el 1?.
b) ¿Cuál es la probabilidad de obtener dos X y un 2 en cualquier orden?.
c) ¿Cuál es la probabilidad de obtener tres resultados diferentes?.
SOCIALES II. 2010. SEPTIEMBRE. EJERCICIO 3. OPCION B"
MATES_CCSS,Probabilidad,2011.0,Junio,Ejercicio 3 Opción A,"En una primera bolsa se han colocado 4 bolas blancas y 3 negras, y en una segunda bolsa 3
blancas y 5 negras. Se saca una bola de la primera y, sin verla, se introduce en la segunda. A
continuación se saca una bola de la segunda. Halle la probabilidad de que:
a) La bola extraída de la segunda bolsa sea negra.
b) La bola extraída de la primera bolsa sea negra, si sabemos que la bola extraída de la segunda
ha sido blanca.
SOCIALES II. 2011. JUNIO. EJERCICIO 3. OPCIÓN A"
MATES_CCSS,Probabilidad,2011.0,Reserva 4,Ejercicio 3 Opcion A,"En una ciudad, el 55% de la población consume aceite de oliva, el 30% de girasol, y el 20%
ambos tipos de aceite. Se escoge una persona al azar:
a) Si consume aceite de oliva, ¿cuál es la probabilidad de que consuma también aceite de
girasol?.
b) Si consume aceite de girasol, ¿cuál es la probabilidad de que no consuma aceite de oliva?.
c) ¿Cuál es la probabilidad de que no consuma ninguno de los dos tipos de aceite?
SOCIALES II. 2011. RESERVA 4. EJERCICIO 3. OPCION A"
MATES_CCSS,Probabilidad,2012.0,Reserva 3,Ejercicio 3 Opción A,"Se ha impartido un curso de “conducción eficiente” a 200 personas. De los asistentes al curso, 60
son profesionales de autoescuela y, de ellos, el 95% han mejorado su conducción. Este porcentaje
baja al 80% en el resto de los asistentes. Halle la probabilidad de que, elegido un asistente al
azar:
a) No haya mejorado su conducción.
b) No sea profesor de autoescuela, sabiendo que ha mejorado su conducción.
SOCIALES II. 2012. RESERVA 3. EJERCICIO 3. OPCIÓN A"
MATES_CCSS,Probabilidad,2012.0,Reserva 4,Ejercicio 3 Opcion A,"Una urna contiene 25 bolas blancas sin marcar, 75 bolas blancas marcadas, 125 bolas negras sin
marcar y 175 bolas negras marcadas. Se extrae una bola al azar.
a) Calcule la probabilidad de que sea blanca.
b) ¿Cuál es la probabilidad de que sea blanca sabiendo que está marcada?.
c) ¿cuál es la probabilidad de que sea negra y esté marcada?.
d) Son independientes los sucesos “sacar bola marcada” y “sacar bola blanca”.
SOCIALES II. 2012. RESERVA 4. EJERCICIO 3. OPCION A"
MATES_CCSS,Probabilidad,2012.0,Septiembre,Ejercicio 3 Opción B,"Sean A y B dos sucesos de un espacio muestral, de los que se conocen las probabilidades
p(A)=0.60 y p(B)=0.25. Determine las probabilidades que deben asignarse a los sucesos
AUB y AnB en cada uno de los siguientes supuestos:
a) Si A y B fuesen incompatibles.
b) Si A y B fueran independientes.
c) Si p(A/B)=0.40.
SOCIALES II. 2012. SEPTIEMBRE. EJERCICIO 3. OPCIÓN B"
MATES_CCSS,Probabilidad,2013.0,Junio,Ejercicio 3 Opción B,"De los sucesos aleatorios independientes A y B se sabe que p(A)=0.3 y que p(B“)=0.25.
Calcule las siguientes probabilidades:
a) (AUB)
b) CALABS)
c) p(A/BC)
SOCIALES I1. 2013. JUNIO. EJERCICIO 3. OPCIÓN B"
MATES_CCSS,Probabilidad,2013.0,Reserva 2,Ejercicio 3 Opcion B,"Una encuesta realizada en un banco indica que el 60% de sus clientes tiene un préstamo
hipotecario, el 50% tiene un préstamo personal y un 20% tiene un préstamo de cada tipo. Se
elige, al azar, un cliente de ese banco:
a) Calcule la probabilidad de que no tenga ninguno de los dos préstamos.
b) Calcule la probabilidad de que tenga un préstamo hipotecario sabiendo que no tiene
préstamo personal.
SOCIALES II. 2013 RESERVA 2. EJERCICIO 3. OPCION B"
MATES_CCSS,Probabilidad,2013.0,Reserva 4,Ejercicio 3 Opcion B,"De los sucesos independientes A y B se sabe que P(A“)=0.4 y P(AUB)=0.8.
a) Halle la probabilidad de B.
b) Halle la probabilidad de que no se verifique B si se ha verificado A.
c) ¿Son incompatibles los sucesos A y B ?
SOCIALES II. 2013 RESERVA 4. EJERCICIO 3. OPCION B"
MATES_CCSS,Probabilidad,2013.0,Septiembre,Ejercicio 3 Opción A,"Se cree que hay una vuelta hacia estilos de bailes más populares, por lo que se realiza una
encuesta a estudiantes de bachillerato, resultando que al 40% les gusta la salsa, al 30% le gusta el
merengue y al 10% les gusta tanto la salsa como el merengue.
a) ¿Cuales la probabilidad de que a un estudiante le guste el merengue si le gusta la salsa?
b) ¿Y la de que a un estudiante le guste el merengue si no le gusta la salsa?
c) ¿Son independientes los sucesos "" gustar la salsa"" y ""gustar el merengue"" ? ¿Son compatibles?
SOCIALES II. 2013. SEPTIEMBRE. EJERCICIO 3. OPCIÓN A"
MATES_CCSS,Probabilidad,2014.0,Junio,Ejercicio 3 Opción A,"Una urna, A, contiene siete bolas numeradas de 1 al 7. Otra urna, B, contiene cinco bolas
numeradas del 1 al 5. Lanzamos una moneda equilibrada, de forma que si sale cara, extraemos
una bola de la urna A, y, si sale cruz, la extraemos de la urna B.
Calcule las probabilidades de los siguientes sucesos:
a) “La bola haya sido extraída de la urna A y el número sea par”.
b) “El número de la bola extraída sea par”.
c) “La bola sea de la urna A, si ha salido un número par”
SOCIALES I1. 2014. JUNIO. EJERCICIO 3. OPCIÓN A"
MATES_CCSS,Probabilidad,2014.0,Reserva 1,Ejercicio 3 Opción A,"El 65% de la población española adulta no fuma, el 15% fuma ocasionalmente y el resto fuma
habitualmente. Elegidos al azar dos adultos españoles, calcule las probabilidades de los siguientes
Sucesos:
a) Los dos sean no fumadores.
b) Uno de ellos sea no fumador y el otro sea fumador ocasional.
SOCIALES II. 2014. RESERVA 1. EJERCICIO 3. OPCIÓN A"
MATES_CCSS,Probabilidad,2014.0,Reserva 1,Ejercicio 3 Opcion B,"Se sabe que el 80% de los visitantes de un determinado museo son andaluces y que el 55% son
andaluces y adultos. Además, el 17% de los visitantes son no andaluces y adultos. Se elige, al
azar, un visitante del museo:
a) ¿Cuáles la probabilidad de que no sea adulto?
b) Si es adulto, ¿cuál es la probabilidad de que sea andaluz?
SOCIALES II. 2014. RESERVA 1. EJERCICIO 3. OPCION B"
MATES_CCSS,Probabilidad,2014.0,Reserva 2,Ejercicio 3 Opción A,"p(B)=0.3
a) Diga, razonadamente, si A y B son sucesos incompatibles.
b) ¿Cuál es la probabilidad de que suceda A y no suceda B?
c) Calcule p(A/B“)
SOCIALES II. 2014. RESERVA 2. EJERCICIO 3. OPCIÓN A"
MATES_CCSS,Probabilidad,2014.0,Reserva 2,Ejercicio 3 Opción B,"Un estudio estadístico de la producción de una fábrica de batidoras determina que el 4.5% de las
batidoras presenta defectos eléctricos, el 3.5% presenta defectos mecánicos y el 1% presenta
ambos defectos. Se escoge al azar una batidora.
a) Calcule la probabilidad de que no tenga ninguno de los dos defectos.
b) Calcule la probabilidad de que tenga un defecto mecánico sabiendo que tiene un defecto
eléctrico.
c) Justifique si los sucesos “tener un defecto eléctrico” y “tener un defecto mecánico” son
independientes. ¿Son incompatibles?
SOCIALES II. 2014. RESERVA 2. EJERCICIO 3. OPCIÓN B"
MATES_CCSS,Probabilidad,2014.0,Reserva 3,Ejercicio 3 Opción A,"En un servicio técnico especializado en cámaras fotográficas, el 70% de las cámaras que se
reciben son del modelo A y el resto del modelo B. El 95% de las cámaras del modelo A son
reparadas, mientras que del modelo B sólo se reparan el 80% . Si se elige una cámara al azar:
a) Calcule la probabilidad de que no se haya podido reparar.
b) Si se observa que no ha sido reparada, ¿cuál es la probabilidad de que sea del modelo B?
SOCIALES I1. 2014. RESERVA 3. EJERCICIO 3. OPCIÓN A"
MATES_CCSS,Probabilidad,2014.0,Reserva 3,Ejercicio 3 Opción B,"Se elige un número, al azar, entre el siguiente conjunto:
(225,201, 162, 210, 180, 172, 156, 193, 218, 167, 176, 222, 215, 120, 190, 171).
a) Calcule la probabilidad de que el número elegido sea impar.
b) Si el número elegido es múltiplo de 5, ¿cuál es la probabilidad de que sea mayor que 200?
c) Determine si son independientes los sucesos S: “el número elegido es mayor que 200” y T: “el
número elegido es par”.
d) Halle la probabilidad del suceso SUT.
SOCIALES II. 2014. RESERVA 3. EJERCICIO 3. OPCIÓN B"
MATES_CCSS,Probabilidad,2014.0,Reserva 4,Ejercicio 3 Opción A,"al baloncesto y el 20% practican ambos deportes.
a) ¿Cuál es la probabilidad de que un alumno, elegido al azar, no practique ninguno de los dos
deportes?
b) Si un alumno, elegido al azar, juega al fútbol, ¿cuál es la probabilidad de que no juegue al
baloncesto?
c) ¿Son independientes los sucesos “jugar al fútbol” y “jugar al baloncesto”?
SOCIALES II. 2014. RESERVA 4. EJERCICIO 3. OPCIÓN A"
MATES_CCSS,Probabilidad,2014.0,Reserva 4,Ejercicio 3 Opción B,"El 25% de los estudiantes de una Universidad lee las noticias en prensa escrita en papel, el 70%
en prensa digital y el 10% en ambos formatos. Elegido, al azar, un estudiante de esa
Universidad:
a) Calcule la probabilidad de que lea las noticias en formato papel o digital.
b) Sabiendo que lee las noticias en prensa digital, calcule la probabilidad de que también las lea
en prensa escrita en papel.
c) ¿Cuál es la probabilidad de que lea las noticias exclusivamente en uno de los dos formatos?
SOCIALES II. 2014. RESERVA 4. EJERCICIO 3. OPCIÓN B"
MATES_CCSS,Probabilidad,2014.0,Septiembre,Ejercicio 3 Opción A,"Se sabe que dos alumnos de la asignatura de Matemáticas asisten a clase, de forma
independiente, el primero a un 85% de las clases y el segundo a un 35% . Tomado al azar un día
de clase, calcule la probabilidad de cada uno de los siguientes sucesos:
a) Que los dos hayan asistido a clase ese día.
b) Que alguno de ellos haya asistido a clase ese día.
Cc) Que ninguno haya asistido a clase ese día.
d) Que haya asistido a clase el segundo, sabiendo que el primero no ha asistido
SOCIALES II. 2014. SEPTIEMBRE. EJERCICIO 3. OPCIÓN A"
MATES_CCSS,Probabilidad,2014.0,Septiembre,Ejercicio 3 Opción B,"En una tienda de complementos disponen de 100 bolsos, de los cuales 80 son de una conocida
marca y 20 son imitaciones casi perfectas de dicha marca. Una inspección encarga a un experto
el peritaje de los bolsos de la tienda. Se sabe que este experto acierta en el 95% de sus peritajes
cuando el bolso es auténtico y que detecta el 98% de las imitaciones. Se elige, al azar, un bolso
para su examen:
a) Calcule la probabilidad de que el experto acierte en su dictamen sobre ese bolso.
b) Si el experto no ha acertado en su peritaje, calcule la probabilidad de que el bolso sea
auténtico.
SOCIALES H. 2014. SEPTIEMBRE. EJERCICIO 3. OPCIÓN B"
MATES_CCSS,Probabilidad,2015.0,Junio,Ejercicio 3 Opción A,"De los 700 alumnos matriculados en una asignatura, 210 son hombres y 490 mujeres. Se sabe que
el 60% de los hombres y el 70% de las mujeres aprueban dicha asignatura. Se elige una persona
alazar.
a) ¿Cuáles la probabilidad de que apruebe la asignatura?
b) Sabiendo que ha aprobado la asignatura, ¿cuál es la probabilidad de que sea una mujer?
SOCIALES II. 2015. JUNIO. EJERCICIO 3. OPCIÓN A"
MATES_CCSS,Probabilidad,2015.0,Reserva 1,Ejercicio 3 Opcion B,"El 30% de los habitantes de una ciudad lee el diario A, el 13% el diario B, y el 6% ambos
diarios.
a) ¿Qué porcentaje de habitantes de esta ciudad no lee ninguno de los diarios?
b) Si se elige al azar un habitante de esta ciudad de entre los no lectores del diario B, ¿cuál es la
probabilidad de que lea el diario A?
SOCIALES II. 2015 RESERVA 1 EJERCICIO 3. OPCION B"
MATES_CCSS,Probabilidad,2015.0,Reserva 2,Ejercicio 3 Opcion A,"El 70% de los clientes de un supermercado realizan las compras en el local y el resto de los
clientes las realizan por internet. De las compras realizadas en el local, sólo el 30% supera los
100 €, mientras que de las realizadas por internet el 80% supera esa cantidad.
a) Elegida una compra al azar, ¿cuál es la probabilidad de que supere los 100 €?
b) Si se sabe que una compra supera los 100 €, ¿cuál es la probabilidad de que se haya hecho en
el local?
SOCIALES II. 2015 RESERVA 2 EJERCICIO 3. OPCION A"
MATES_CCSS,Probabilidad,2015.0,Reserva 2,Ejercicio 3 Opcion B,"Sean dos sucesos A y B tales que p(A)=0.25 , p(B)=0.6 , [ANB*)=0.1
a) Calcule la probabilidad de que ocurra A y ocurra B.
b) Calcule la probabilidad de que no ocurra A pero sí ocurra B.
c) Calcule la probabilidad de que ocurra A sabiendo que ha ocurrido B.
d) ¿Son independientes A y B?
SOCIALES II. 2015 RESERVA 2 EJERCICIO 3. OPCION B"
MATES_CCSS,Probabilidad,2015.0,Reserva 3,Ejercicio 3 Opcion A,"a) Calcule la probabilidad de que al lanzar dos dados, la suma de sus puntuaciones sea un
múltiplo de 4.
b) De un experimento aleatorio se conocen las siguientes probabilidades
p(AS)=08,p(B"")=0.7 , (AUB)=0.5
¿Son A y B incompatibles?
SOCIALES II. 2015 RESERVA 3 EJERCICIO 3. OPCION A"
MATES_CCSS,Probabilidad,2015.0,Reserva 3,Ejercicio 3 Opcion B,"Una empresa dedicada a la producción de jamones ibéricos dispone de dos secaderos, A y B,
con distintas condiciones ambientales y de almacenamiento. En el secadero B se curan la
tercera parte de los jamones. El 25% de los jamones curados en el secadero A son catalogados
como Reserva, mientras que en el B este porcentaje asciende al 80% . Elegido un jamón al azar
de uno de los secaderos, calcule la probabilidad de los siguientes sucesos:
a) El jamón no es de Reserva.
b) Si el jamón es de Reserva, que proceda del secadero A.
SOCIALES II. 2015 RESERVA 3 EJERCICIO 3. OPCION B"
MATES_CCSS,Probabilidad,2015.0,Reserva 4,Ejercicio 3 Opcion A,"Un estudio estadístico determina que la noche del 31 de diciembre conduce el 5% de la
población, el 20% consume alcohol esa noche y el 2% conduce y consume alcohol.
a) ¿Son independientes los sucesos “conducir” y “consumir alcohol”?
b) ¿Qué porcentaje de la población no conduce ni consume alcohol esa noche?
c) De las personas que consumen alcohol, ¿qué porcentaje conduce esa noche?
SOCIALES II. 2015 RESERVA 4 EJERCICIO 3. OPCION A"
MATES_CCSS,Probabilidad,2015.0,Reserva 4,Ejercicio 3 Opcion B,"Una enfermedad puede estar provocada por solo una de estas tres causas: A, B o C. La
probabilidad de que la causa sea A es 0.3, la de que sea B es 0.2 y la de que sea C es 0.5. El
tratamiento de esta enfermedad requiere hospitalización en el 20% de los casos si está
provocada por A, en el 55% si la causa es B y en el 10% si la causa es C.
a) ¿Cuál es la probabilidad de que un enfermo con la citada enfermedad no necesite
hospitalización?
b) Si un enfermo está hospitalizado debido a esta enfermedad, ¿cuál es la probabilidad de que
la causa haya sido A?
SOCIALES II. 2015 RESERVA 4 EJERCICIO 3. OPCION B"
MATES_CCSS,Probabilidad,2015.0,Septiembre,Ejercicio 3 Opción B,"En una urna A hay $ bolas verdes y 6 rojas. En otra urna B hay 4 bolas verdes, 5 rojas y 1 negra.
Se lanza un dado, si sale un número menor que 3 se saca una bola de la urna A, y si sale mayor o
igual que 3 se saca una bola de la urna B.
a) Calcule la probabilidad de que la bola sea verde si ha salido un 4.
b) Calcule la probabilidad de que la bola elegida sea roja.
c) Sabiendo que ha salido una bola verde, ¿cuál es la probabilidad de que sea de la urna A?
SOCIALES 1H. 2015. SEPTIEMBRE. EJERCICIO 3. OPCIÓN B"
MATES_CCSS,Probabilidad,2016.0,Junio,Ejercicio 3 Opción B,"En una encuesta sobre la nacionalidad de los veraneantes en un municipio de la costa andaluza,
se ha observado que el 40% de los encuestados son españoles y el 60% extranjeros, que el 30%
de los españoles y el 80% de los extranjeros residen en un hotel y el resto en otro tipo de
residencia.
Se elige al azar un veraneante del municipio
a) ¿Cuál es la probabilidad de que no resida en un hotel?
b) Si no reside en un hotel, ¿cuál es la probabilidad de que sea español?
c) ¿Son independientes los sucesos “ser extranjero” y “residir en un hotel”?.
SOCIALES 11. 2016. JUNIO. EJERCICIO 3. OPCIÓN B"
MATES_CCSS,Probabilidad,2016.0,Reserva 2,Ejercicio 3 Opcion A,"El 60% de los jóvenes de una ciudad usa Facebook, el 80% usa WhatsApp y el 4% usa
Facebook pero no WhatsApp.
a) Halle el porcentaje de jóvenes de esa ciudad que usa ambas aplicaciones.
b) Calcule el porcentaje de esos jóvenes que usa WhatsApp pero no Facebook.
c) Entre los jóvenes que usan WhatsApp, ¿qué porcentaje usa también Facebook?
d) Los sucesos “usar Facebook” y “usar WhatsApp”, ¿son independientes?
SOCIALES II. 2016. RESERVA 2. EJERCICIO 3. OPCION A"
MATES_CCSS,Probabilidad,2016.0,Reserva 2,Ejercicio 3 Opcion B,"De los sucesos A y B de un experimento aleatorio se conocen las siguientes probabilidades:
P(A)=04 , P(B)=05 , P((AUB)%)=0.1
a) Razone si A y B son sucesos compatibles.
b) Razone si A y B son sucesos independientes.
c) Calcule P(ANB"")
d) Calcule P(A/BCS).
SOCIALES II. 2016. RESERVA 2. EJERCICIO 3. OPCION B"
MATES_CCSS,Probabilidad,2016.0,Reserva 3,Ejercicio 3 Opcion A,"En un centro de estudios que tiene 250 estudiantes, hay 50 que tienen problemas visuales y 20
que tienen problemas auditivos. Los sucesos “tener problemas visuales” y “tener problemas
auditivos” son independientes.
Se elige un estudiante al azar, calcule las probabilidades de los sucesos siguientes:
a) Tener problemas visuales y auditivos.
b) No tener problemas visuales ni auditivos.
c) Tener algún problema auditivo si no tiene problemas visuales.
SOCIALES II. 2016. RESERVA 3. EJERCICIO 3. OPCION A"
MATES_CCSS,Probabilidad,2016.0,Reserva 3,Ejercicio 3 Opcion B,"En un aeropuerto internacional operaron 300000 vuelos en un determinado año, distribuidos
de la siguiente forma: 150000 en la terminal A, 100000 en la B y 50000 en la C. En ese año se
sabe que sufrieron retrasos el 10% de los vuelos de la terminal A, el 8% de la B y el 5% de la C.
Determine, para un vuelo elegido al azar, las probabilidades de los siguientes sucesos:
a) Que no sufriera retraso.
b) Que operase en la terminal A, sabiendo que tuvo retraso.
SOCIALES II. 2016. RESERVA 3. EJERCICIO 3. OPCION B"
MATES_CCSS,Probabilidad,2016.0,Reserva 4,Ejercicio 3 Opcion A,"Disponemos de tres monedas: 1 dólar, 1 libra y 1 euro.
La moneda de 1 dólar está trucada y la probabilidad de que salga cara es el doble de la
probabilidad de que salga cruz. La moneda de 1 libra también está trucada y tiene dos caras y
la de 1 euro es correcta. Se escoge una de las tres monedas al azar y se lanza.
a) ¿Cuál es la probabilidad de que salga cara?
b) Sabiendo que salió cruz, ¿cuál es la probabilidad de que la moneda lanzada fuera la de 1
dólar?
SOCIALES II. 2016. RESERVA 4. EJERCICIO 3. OPCION A"
MATES_CCSS,Probabilidad,2016.0,Reserva 4,Ejercicio 3 Opcion B,"De los alumnos que se presentaron a las pruebas de selectividad de una provincia, 1150 se
examinaron de Geografía; de estos, 598 eligieron la opción A. Se sabe que aprobaron esa
asignatura el 78% de los que eligieron la opción A y el 74% de los que eligieron la opción B. Se
ha escogido al azar uno de los alumnos que se examinaron de Geografía.
a) ¿Cuál es la probabilidad de que este alumno haya aprobado esta asignatura?
b) Si se sabe que este alumno ha aprobado Geografía, ¿cuál es la probabilidad de que haya
elegido la opción A?
SOCIALES II. 2016. RESERVA 4. EJERCICIO 3. OPCION B"
MATES_CCSS,Probabilidad,2016.0,Septiembre,Ejercicio 3 Opcion A,"Sean A y B dos sucesos aleatorios tales que p(A)=0.3 , p(B)=0.6 , p(A""NB*)=0.28
a) Halle la probabilidad de que ocurran ambos sucesos a la vez.
b) Calcule la probabilidad de que ocurra A sabiendo que no ha ocurrido B.
c) ¿Son A y B independientes?
SOCIALES II. 2016 SEPTIEMBRE EJERCICIO 3. OPCION A"
MATES_CCSS,Probabilidad,2016.0,Septiembre,Ejercicio 3 Opción B,"El aparcamiento de una sala de conciertos está completo el 85% de los días. El 90% de los días
que el aparcamiento está completo, la sala de conciertos está llena, y el 22% de los días que el
aparcamiento no está completo, la sala de conciertas no está llena. Elegido un día al azar,
a) ¿cuáles la probabilidad de que la sala de conciertos esté llena?.
b) Si se sabe que la sala de conciertos está llena, ¿cuál es la probabilidad de que el aparcamiento
esté completo?.
SOCIALES H1. 2016. SEPTIEMBRE. EJERCICIO 3. OPCIÓN B"
MATES_CCSS,Probabilidad,2017.0,Reserva 2,Ejercicio 3 Opción A,"De los sucesos A y B se sabe que P(A)=0.6,P(B/A)=0.8 y P(B/A“)=0.1.
a) Calcule las probabilidades P(B),P(ANB) y P(AUB).
b) ¿Son los sucesos A y B independientes?
SOCIALES II. 2017 RESERVA 2. EJERCICIO 3. OPCIÓN A"
MATES_CCSS,Probabilidad,2017.0,Reserva 4,Ejercicio 3 Opción A,"En un estudio sobre los niveles de audiencia de dos cadenas de radio, se obtuvo que el 50 % de
la población escucha la cadena A, el 40 % escucha la cadena B y el 20 % oye ambas.
a) Halle el porcentaje de la población que escucha alguna de las dos cadenas.
b) Calcule el porcentaje de la población que escucha solo la cadena B.
c) Halle el porcentaje de la población que escucha solo una de las dos cadenas.
SOCIALES II. 2017 RESERVA 4. EJERCICIO 3. OPCIÓN A"
MATES_CCSS,Probabilidad,2017.0,Septiembre,Ejercicio 3 Opcion A,"Supongamos que el 20% de los votantes de Trump apoya la construcción del muro en la
frontera de México y que sólo el 5% de los que no lo votaron lo apoya. En un grupo formado
por 5000 votantes de Trump y 10000 estadounidenses que no lo votaron se elige una persona al
azar
a) ¿Cuál es la probabilidad de que ésta apoye la construcción del muro?.
b) Si la persona elegida apoya la construcción del muro, ¿cuál es la probabilidad de que no
haya votado a Trump?.
c) Calcule la probabilidad de que sea votante de Trump o apoye la construcción del muro.
SOCIALES II. 2017 SEPTIEMBRE EJERCICIO 3. OPCION A"
MATES_CCSS,Probabilidad,2018.0,Junio,Ejercicio 3 Opción B,"Un campus universitario dispone de 3000 plazas numeradas de aparcamiento para vehículos,
distribuidos en tres zonas A, B y C. La zona A está constituida por las plazas del 1 al 1500, estando
1350 de ellas protegidas del sol. La zona B la conforman las plazas numeradas desde 1501 a 2500,
estando el 80% protegidas del sol. La zona C contiene plazas numeradas desde 2501 hasta 3000,
estando protegidas solamente 250 protegidas del sol. Aleatoriamente se elige una de las plazas de
aparcamiento del campus.
a) ¿Cuál es la probabilidad de que esté en la zona A o en la B?
b) ¿Cuál es la probabilidad de que no esté protegida del sol?
c) Si se ha elegido una plaza protegida del sol, ¿cuál es la probabilidad de que esté ubicada en la
zona B?
SOCIALES HH. 2018 JUNIO. EJERCICIO 3 OPCIÓN B"
MATES_CCSS,Probabilidad,2018.0,Reserva 2,Ejercicio 3 Opcion B,"a) Se sabe que P(A)=0.5 , P(AUB)=0.7 y P(ANB)=04. Halle la probabilidad de que
ocurra B
b) Se sabe que P(C)=04 , P(D)=0.3 y P(CUD)=0.5. Halle la probabilidad de que ocurra
C sabiendo que no ocurre D.
c) Se sabe que los sucesos E y F son independientes, que P(E)=0.6 y que P(F)=0.8 . Calcule
la probabilidad de que no ocurra ninguno de los dos sucesos.
SOCIALES II. 2018. RESERVA 2. EJERCICIO 3. OPCION B"
MATES_CCSS,Probabilidad,2018.0,Septiembre,Ejercicio 3 Opcion A,"En una localidad, el 25% de los habitantes asiste periódicamente a la consulta del dentista, el
10% se hace una analítica y el 8% hace ambas cosas.
a) Razone si los sucesos “Asistir a la consulta del dentista” y “Hacerse una analítica” son
independientes.
b) ¿Qué porcentaje de habitantes ni se hace una analítica ni va al dentista?.
Cc) Si elegimos un habitante al azar de esa localidad de entre los que no van al dentista, ¿cuál es
la probabilidad de que se haga una analítica?.
SOCIALES II. 2018 SEPTIEMBRE EJERCICIO 3. OPCION A"
MATES_CCSS,Probabilidad,2019.0,Junio,Ejercicio 3 Opción B,"El 69% de los habitantes de una determinada ciudad ven series, el 35% películas y el 18% no
ven ni series ni películas. Se elige al azar un habitante de la ciudad.
a) Calcule la probabilidad de que vea series o películas.
b) Sabiendo que ve series, calcule la probabilidad de que vea películas.
c) ¿Cuál es la probabilidad de que vea series y no vea películas?
SOCIALES II. 2019 JUNIO. EJERCICIO 3. OPCIÓN B"
MATES_CCSS,Probabilidad,2019.0,Reserva 1,Ejercicio 3 Opcion A,"El 17% de la población adulta de una ciudad sigue una dieta de adelgazamiento y practica algún
deporte regularmente. El 58% ni sigue una dieta de adelgazamiento ni hace deporte
regularmente. Además, se sabe que de los que hacen deporte regularmente, el 50% hace dieta de
adelgazamiento. Se elige al azar un adulto de esa población.
a) ¿Cuál es la probabilidad de que siga una dieta de adelgazamiento o que practique deporte
regularmente?
b) Si el individuo elegido sigue una dieta de adelgazamiento, ¿cuál es la probabilidad de que
practique deporte con regularidad?
c) ¿Son independientes los sucesos “Seguir una dieta de adelgazamiento” y “Practicar algún
deporte regularmente”?
SOCIALES II. 2019 RESERVA 1. EJERCICIO 3. OPCION A"
MATES_CCSS,Probabilidad,2019.0,Reserva 1,Ejercicio 3 Opcion B,"Sean A y B dos sucesos de un experimento aleatorio dado. Se sabe
P(A)=0'5, P(AUB)=0'75 y P(A-B)=0'3.
a) Calcule P(ANB).
b) Calcule P(A/B“).
c) ¿Son independientes los sucesos A y B? ¿Son los sucesos A y B incompatibles?
SOCIALES II. 2019 RESERVA 1. EJERCICIO 3. OPCION B"
MATES_CCSS,Probabilidad,2019.0,Reserva 2,Ejercicio 3 Opcion B,"El 70% de los taxistas de una ciudad tiene 40 años o más y de estos, el 60% es propietario de la
licencia del vehículo. Sin embargo, en el caso de los menores de 40 años, son propietarios de la
licencia el 23% . Se escoge al azar un taxista de esa ciudad.
a) Calcule la probabilidad de que sea propietario de la licencia del vehículo.
b) Sabiendo que no es propietario de la licencia, calcule la probabilidad de que tenga 40 años o
más.
c) Calcule la probabilidad de que sea propietario de la licencia o tenga menos de 40 años.
SOCIALES II. 2019 RESERVA 2. EJERCICIO 3. OPCION B"
MATES_CCSS,Probabilidad,2019.0,Reserva 3,Ejercicio 3 Opcion A,"Una cooperativa envasa zumos de naranja, zumos de piña y zumos de melocotón en botellas de 1
litro y de 2 litros. Se sabe que el 60% de las botellas son de zumo de naranja y el 30% de piña.
Además, el 80% de las botellas de zumo de naranja y el 70% de las de zumo de piña son de 2
litros, mientras que el 60% de las de melocotón son botellas de 1 litro. Se elige al azar una botella
envasada por la cooperativa.
a) Calcule la probabilidad de que la botella sea de 2 litros.
b) Calcule la probabilidad de que el zumo sea de naranja, sabiendo que la botella es de 2 litros.
c) Calcule la probabilidad de que el zumo sea de melocotón, sabiendo que la botella es de 1 litro.
SOCIALES II. 2019 RESERVA 3. EJERCICIO 3. OPCION A"
MATES_CCSS,Probabilidad,2019.0,Reserva 3,Ejercicio 3 Opcion B,"Una determinada enfermedad puede estar provocada por una sola de las causas, A, B o C. En el
35% de los casos está provocada por A, en el 40% por B y en el 25% por C. Se sabe que el
tratamiento de esta enfermedad requiere hospitalización en el 15% de los casos si está provocada
por A, en el 45% si está provocada por B y en un 20% si está provocada por C. Se elige al azar
una persona afectada por esa enfermedad.
a) ¿Cuál es la probabilidad de que necesite hospitalización?
b) Si no necesita hospitalización, ¿cuál es la probabilidad de que la causa de la enfermedad sea C?
SOCIALES II. 2019 RESERVA 3. EJERCICIO 3. OPCION B"
MATES_CCSS,Probabilidad,2019.0,Reserva 4,Ejercicio 3 Opcion A,"Para tratar cierta enfermedad, en un hospital se utilizan tres fármacos distintos, A, B y C,
administrándose a cada enfermo un solo fármaco. El 30% de los pacientes es tratado con el
fármaco A, el 50% es tratado con el B y el resto con el fármaco C. La probabilidad de que la
enfermedad se cure con el fármaco A es de 0.6, de que se cure con el fármaco B es de 0.8 y de que
se cure con el fármaco C es de 0.7. Se elige al azar un paciente de ese hospital con esa enfermedad.
a) Calcule la probabilidad de que el paciente se cure.
b) Sabiendo que el paciente se ha curado, ¿cuál es la probabilidad de que haya sido tratado con el
fármaco A?
SOCIALES II. 2019 RESERVA 4. EJERCICIO 3. OPCION A"
MATES_CCSS,Probabilidad,2019.0,Reserva 4,Ejercicio 3 Opcion B,"Sean A y B dos sucesos asociados a un experimento aleatorio tales que P(B)=0'4,
P(A/B)=0'25 y P(A-B)=0'4.
a) Calcule P(ANB).
b) Calcule P(A) y P(AUB).
c) ¿Son A y B independientes? ¿Son incompatibles?
SOCIALES II. 2019 RESERVA 4. EJERCICIO 3. OPCION B"
MATES_CCSS,Probabilidad,2019.0,Septiembre,Ejercicio 3 Opcion A,"Una marca de patinetes eléctricos fabrica tres modelos distintos A, B y C. El modelo A supone
el 25% de su producción, el B el 40% y el resto de la producción corresponde al modelo C.
Transcurridos tres meses desde su venta, se comprobó que el 15% de patinetes del modelo A, el
10% del B y el 12% del C había presentado alguna avería. Se elige al azar un patinete de esta
marca.
a) Calcule la probabilidad de que dicho patinete haya presentado alguna avería.
b) Si sabemos que el patinete elegido es del modelo A, ¿cuál es la probabilidad de que no haya
presentado avería?.
c) Calcule la probabilidad de que haya presentado avería o sea del modelo C.
SOCIALES II. 2019 SEPTIEMBRE EJERCICIO 3. OPCION A"
MATES_CCSS,Probabilidad,2019.0,Septiembre,Ejercicio 3 Opcion B,"P(ANB)=02 , P(AUB)=04 y P(A/B)=0.8
a) Calcule p(B) y p(A)
b) ¿Son los sucesos A y B independientes?. Razone la respuesta
c) Calcule p.ATUB*)
SOCIALES II. 2019. SEPTIEMBRE. EJERCICIO 3. OPCION B"
MATES_CCSS,Probabilidad,2020.0,Junio,Ejercicio Cs,"A 120 estudiantes se les ha recomendado la lectura de dos libros. Se sabe que 46 de ellos han
leído el primer libro recomendado, 34 el segundo y 16 estudiantes han leído ambos libros. Se
elige un estudiante al azar.
a) (06 puntos) Calcule la probabilidad de que haya leído alguno de los dos libros.
b) (06 puntos) Calcule la probabilidad de que no haya leído ninguno de los dos libros.
c) (06 puntos) Calcule la probabilidad de que solamente haya leído el primer libro.
d) (0”7 puntos) Calcule la probabilidad de que haya leído el primer libro, si se sabe que no ha
leído el segundo.
SOCIALES II. 2020 JUNIO. EJERCICIO CS"
MATES_CCSS,Probabilidad,2020.0,Junio,Ejercicio C6,"Las bicicletas de alquiler de una ciudad se clasifican por su calidad: buena, media, mala. El
30% de dichas bicicletas son gestionadas por una empresa E, y el resto por una empresa E,.
De las bicicletas de la empresa E, ,el 80% son de buena calidad, el 5% de calidad media y el resto
de mala calidad. De las bicicletas de la empresa E, se sabe que el 60% son de buena calidad, pero
se desconocen los porcentajes de calidad media y de calidad mala. Se elige al azar una bicicleta de
alquiler de esa ciudad.
a) (1 punto) Calcule la probabilidad de que sea de buena calidad.
b) (075 puntos) Calcule la probabilidad de que sea de la empresa E, y de mala calidad.
c) (075 puntos) Si se sabe que el porcentaje de bicicletas de calidad media en toda la ciudad es del
19% , ¿cuál es la probabilidad de que sea de calidad media, sabiendo que la bicicleta elegida es de
la empresa E ,?.
SOCIALES II. 2020 JUNIO. EJERCICIO C6"
MATES_CCSS,Probabilidad,2020.0,Reserva 1,Ejercicio C5,"Se han mezclado 90 llaves electrónicas de apertura de un determinado garaje, con apariencia
idéntica, de las cuales 60 funcionan correctamente y 30 no funcionan. Se eligen al azar 2 de las
90 llaves.
a) (0”7 puntos) ¿Cuál es la probabilidad de que las dos llaves elegidas abran la puerta del
garaje?
b) (08 puntos) ¿Cuál es la probabilidad de poder abrir el garaje con alguna de ellas?
c) (1 punto) ¿Cuál es la probabilidad de que una de las llaves elegidas funcione correctamente y
la otra no?
SOCIALES II. 2020 RESERVA 1. EJERCICIO C5"
MATES_CCSS,Probabilidad,2020.0,Reserva 1,Ejercicio C6,"Una empresa almacena el mismo número de latas de refresco de cola, naranja y limón. De las
30000 latas de refresco almacenadas, se sabe que 1800 latas de cola, 2400 de naranja y 3000 de
limón caducan en 2021.
a) (15 puntos) ¿Cuál es la probabilidad de que una lata elegida al azar caduque en 2021?
b) (1 punto) Si se ha elegido al azar una lata que no caduca en 2021, ¿cuál es la probabilidad de
que sea de cola?
SOCIALES II. 2020 RESERVA 1. EJERCICIO C6"
MATES_CCSS,Probabilidad,2020.0,Reserva 2,Ejercicio C5,"Tres personas se encargan de los cobros de la caja de un supermercado. El mes pasado, la
primera de ellas realizó el 30% de los cobros, la segunda el 45% y la tercera el resto. La
dirección del supermercado ha comprobado que de los cobros realizados por la primera
persona, el 1% son erróneos, que la segunda cometió errores en el 3% de los cobros y la tercera
en el 2%.
a) (15 puntos) Calcule la probabilidad de que un cobro elegido al azar haya sido erróneo.
b) (1 punto) Se elige al azar un cobro correcto. ¿Cuál es la probabilidad de que haya sido
realizado por la segunda persona?
SOCIALES II. 2020 RESERVA 2. EJERCICIO C5"
MATES_CCSS,Probabilidad,2020.0,Reserva 2,Ejercicio C6,"En un centro de enseñanza secundaria, el 11% de los profesores ocupan cargos directivos y el
13% pertenecen a alguna comisión. Además, el 6% ocupan un cargo directivo y pertenecen a
alguna comisión.
a) (1 punto) ¿Cuál es el porcentaje de profesores que pertenecen a alguna comisión y no ocupan
ningún cargo directivo?
b) (1 punto) Calcule el porcentaje de profesores que no ocupan cargos directivos ni pertenecen
a ninguna comisión.
c) (05 puntos) De los profesores que ocupan un cargo directivo, ¿qué porcentaje pertenece a
alguna comisión?
SOCIALES II. 2020 RESERVA 2. EJERCICIO C6"
MATES_CCSS,Probabilidad,2020.0,Reserva 3,Ejercicio C5,"Sean A y B dos sucesos de un mismo experimento aleatorio.
a) (05 puntos) Si p(A)*0 y p(B)x*0, ¿pueden ser los sucesos A y B independientes e
incompatibles a la vez? Justifique la respuesta.
b) Q puntos) Sabiendo que p(A)=0'3, p(B)=0'S5 y p(A/B)=0'2, calcule las siguientes
probabilidades:
Pp(ANB) P(AUB) p(ACUBS)  p(A-B)
SOCIALES II. 2020 RESERVA 3. EJERCICIO C5"
MATES_CCSS,Probabilidad,2020.0,Reserva 3,Ejercicio C6,"El censo de una población andaluza está compuesto en total por 15000 personas, de las cuales
8500 son mujeres. Se sabe que el 15% de las mujeres y el 20% de los hombres censados en
dicha población han viajado alguna vez a un país extranjero. Se elige al azar una persona
censada en dicha población.
a) (125 puntos) ¿Cuál es la probabilidad de que haya viajado al extranjero?
b) (125 puntos) Si se sabe que esta persona no ha viajado al extranjero, ¿cuál es la
probabilidad de que sea hombre?
SOCIALES II. 2020 RESERVA 3. EJERCICIO C6"
MATES_CCSS,Probabilidad,2020.0,Reserva 4,Ejercicio C5,"Se sabe que el 65% de los estudiantes de bachillerato de Andalucía ha participado en
programas Erasmus+ y que de ellos, el 80% ha mejorado su calificación en lengua extranjera.
De los estudiantes que no han participado en programas Erasmus+, mejoran su calificación en
lengua extranjera el 30% . Se elige al azar un estudiante de bachillerato de Andalucía.
a) (15 puntos) ¿Cuál es la probabilidad de que haya mejorado su calificación en lengua
extranjera?
b) (1 punto) Si se sabe que ha mejorado su calificación en lengua extranjera, ¿cuál es la
probabilidad de que haya participado en un programa Erasmus+?
SOCIALES II. 2020 RESERVA 4. EJERCICIO C5"
MATES_CCSS,Probabilidad,2020.0,Reserva 4,Ejercicio C6,"El 47% de los jóvenes andaluces tienen una vida sedentaria. De ellos, el 72% presentan
obesidad, mientras que solamente la presentan el 22% de los jóvenes no sedentarios. Se elige al
azar un joven andaluz.
a) (1 punto) Calcule la probabilidad de que sea sedentario y no presente obesidad.
b) (075 puntos) Calcule la probabilidad de que presente obesidad.
e) (075 puntos) Calcule la probabilidad de que sea sedentario, sabiendo que presenta obesidad.
SOCIALES II. 2020 RESERVA 4. EJERCICIO C6"
MATES_CCSS,Probabilidad,2020.0,Septiembre,Ejercicio C5,"Una urna contiene 6 bolas rojas y 4 azules. Se extrae una bola al azar y se reemplaza por seis
bolas del otro color. A continuación, se vuelve a extraer una segunda bola de la urna.
a) (15 puntos) Calcule la probabilidad de que la segunda bola extraída sea roja.
b) (1 punto) Si sabemos que la segunda bola extraída es azul, ¿cuál es la probabilidad de que
también lo haya sido la primera?.
SOCIALES II. 2020 SEPTIEMBRE EJERCICIO C5"
MATES_CCSS,Probabilidad,2020.0,Septiembre,Ejercicio C6,"Una empresa fabrica dos tipos de bombillas: una LED y otra halógena. Se sabe que un 5% de
las LED y un 2% de las halógenas salen defectuosas. Se elige al azar una bombilla de una caja
que contiene 40 bombillas LED y 10 halógenas.
a) (15 puntos) Calcule la probabilidad de que la bombilla elegida no sea defectuosa.
b) (1 punto) Calcule la probabilidad de que la bombilla elegida sea LED, sabiendo que es
defectuosa.
SOCIALES II. 2020 SEPTIEMBRE EJERCICIO C6"
MATES_CCSS,Probabilidad,2021.0,Reserva 1,Ejercicio C5,"Una empresa dedicada a la fabricación de coches lanza al mercado un nuevo modelo que
fabrica en tres plantas diferentes, A, B y C La planta A produce el 45% de los vehículos, la
planta B el 21% y el resto los produce la planta C. Se ha detectado un defecto en la colocación
del airbag, que afecta al 1% de los coches procedentes de la planta A, al 3% de los procedentes
de la planta B y al 2% de los de la planta C. Se selecciona un coche al azar de este nuevo
modelo.
a) ¿Cuál es la probabilidad de que no sea defectuoso y proceda de la planta C?.
b) Si el coche elegido no es defectuoso, ¿cuál es la probabilidad de que proceda de la planta A?.
SOCIALES II. 2021 RESERVA 1. EJERCICIO C5"
MATES_CCSS,Probabilidad,2021.0,Reserva 1,Ejercicio C6,"La probabilidad de que una persona sana se contagie de otra enferma por un virus es del 80% si
coinciden en una reunión.
a) Si una persona enferma se reúne con dos personas sanas, teniendo en cuenta que contagiar a
distintas personas son sucesos independientes entre sí, ¿cuál es la probabilidad de que se contagien
las dos personas a la vez? ¿Cuál es la probabilidad de que se contagie alguna de ellas?.
b) Una prueba para detectar la enfermedad da el resultado correcto en el 90% de los casos
cuando se le aplica a personas contagiadas y da falsos positivos en el 5% de los casos cuando se
aplica a personas sanas. Si una persona sana se reúne con una enferma y resulta positivo en una
prueba posterior, ¿qué probabilidad hay de que se haya contagiado en la reunión?.
SOCIALES II. 2021 RESERVA 1. EJERCICIO C6"
MATES_CCSS,Probabilidad,2021.0,Reserva 2,Ejercicio C5,"Un equipo andaluz de baloncesto jugó en la temporada un 40% de los partidos en casa y el
resto fuera. De los partidos que jugó en casa, obtuvo un 60% de victorias y el resto fueron
derrotas, mientras que de los que jugó fuera, obtuvo un 30% de victorias y el resto derrotas. Se
elige un partido de este equipo al azar.
a) Calcule la probabilidad de que el partido acabase en victoria.
b) Calcule la probabilidad de que el partido haya sido jugado en casa, sabiendo que el
resultado final fue una derrota.
c) Si además se sabe que el 10% de las victorias obtenidas en casa y el 20% de las obtenidas
fuera se produjeron tras una prórroga, calcule la probabilidad de que el partido acabase en
victoria y que además esa victoria haya sido tras una prórroga
SOCIALES II. 2021 RESERVA 2. EJERCICIO C5"
MATES_CCSS,Probabilidad,2021.0,Reserva 2,Ejercicio C6,"Sean A y B dos sucesos asociados a un mismo espacio muestral con P(A“)=0'4 y
P(ANB5)=0'12.
a) Calcule P(A) y P(ANB).
b) Determine P(B) para que A y B sean independientes.
c) Si P(B*)=0'2, calcule P(AUB),P(A“ UB“) y P(A/B*)
SOCIALES II. 2021 RESERVA 2. EJERCICIO C6"
MATES_CCSS,Probabilidad,2021.0,Reserva 3,Ejercicio C5,"Sean A y B dos sucesos de un mismo experimento aleatorio de los que se sabe que:
P(A-B)=0'3 , P(A)=0'35 y P(B)=0'55.
a) Calcule la probabilidad de que suceda al menos uno de ellos.
b) Calcule la probabilidad de que ocurra B, sabiendo que no ha ocurrido A.
c) Calcule la probabilidad de que no ocurra ninguno de los dos sucesos.
d) Razone si los sucesos A y B son independientes.
SOCIALES II. 2021 RESERVA 3. EJERCICIO C5"
MATES_CCSS,Probabilidad,2021.0,Reserva 3,Ejercicio C6,"En una determinada muestra de suelo se han aislado dos tipos de bacterias, A y B, de las cuales
el 70% son de A y el 30% de B. La probabilidad de que una bacteria de tipo A reaccione a la
prueba del nitrato es 015 y para la bacteria B es 08. De las bacterias aisladas se selecciona una
al azar.
a) Calcule la probabilidad de que reaccione a la prueba del nitrato.
b) Si la bacteria ha reaccionado a la prueba del nitrato, calcule la probabilidad de que sea del
tipo B.
c) Calcule la probabilidad de que la bacteria sea del tipo A y no reaccione a la prueba del
nitrato.
SOCIALES II. 2021 RESERVA 3. EJERCICIO C6"
MATES_CCSS,Probabilidad,2021.0,Reserva 4,Ejercicio C5,"Una determinada ciudad tiene en la plantilla del ayuntamiento 1000 agentes de la policía local,
600 bomberos y 400 funcionarios de protección civil. En esta plantilla, el 42% de policías, el
20% de bomberos y el 50% de funcionarios de protección civil son mujeres. Se elige una
persona al azar de la plantilla.
a) ¿Cuál es la probabilidad de que sea mujer?.
b) Si las persona elegida es hombre, ¿cuál es la probabilidad de que sea bombero?.
SOCIALES II. 2021 RESERVA 4. EJERCICIO C5"
MATES_CCSS,Probabilidad,2021.0,Reserva 4,Ejercicio C6,"Una urna A contiene 4 bolas rojas y 5 verdes y otra urna B contiene 6 bolas rojas y 3 verdes.
Lanzamos dos dados y si la suma es mayor o igual a 9, extraemos una bola de la urna A y en
caso contrario, la extraemos de la urna B.
a) Calcule la probabilidad de que la bola extraída sea verde y de la urna B.
b) Halle la probabilidad de que la bola extraída sea roja.
SOCIALES II. 2021 RESERVA 4. EJERCICIO C6"
MATES_CCSS,Probabilidad,2022.0,Junio,Ejercicio Cs,"En un estudio realizado en una sucursal bancaria se ha determinado que el 70% de los créditos
concedidos son hipotecarios y el 25% de los créditos superan los 200.000 €. El 20% de los
créditos son hipotecarios y de más de 200.000 €. Se elige al azar un cliente al que le han
concedido un crédito. Calcule la probabilidad de que:
a) El crédito no sea hipotecario y no supere los 200.000 €.
b) Si su crédito no es hipotecario, este no supere los 200.000 €.
e) Si su crédito supera los 200.000 €, que este no sea hipotecario.
SOCIALES II. 2022 JUNIO. EJERCICIO CS"
MATES_CCSS,Probabilidad,2022.0,Junio,Ejercicio C6,"En su tiempo libre, el 65% de los estudiantes de un centro educativo juega con videojuegos, el
45% lee libros y el 15% no hace ninguna de las dos cosas. Elegido al azar un estudiante de
dicho centro, calcule la probabilidad de que:
a) Juegue con videojuegos o lea libros.
b) Juegue con videojuegos y no lea libros.
c) Lea libros sabiendo que no juega con videojuegos.
SOCIALES II. 2022 JUNIO. EJERCICIO C6"
MATES_CCSS,Probabilidad,2022.0,Reserva 1,Ejercicio C5,"El 80% de los restaurantes de una localidad admite el pago con tarjeta de crédito, el 50%
admite pagar mediante el móvil y el 10% no admite el pago con ninguno de estos métodos.
Escogido al azar un restaurante de dicha localidad.
a) Calcule la probabilidad de que el restaurante admita
1) alguno de estos dos medios de pago
ii) Pagar con móvil sabiendo que admite pagar con tarjeta de crédito
b) ¿Son independientes los sucesos “Pagar con tarjeta” y “Pagar con móvil”?
SOCIALES II. 2022 RESERVA 1. EJERCICIO C5"
MATES_CCSS,Probabilidad,2022.0,Reserva 1,Ejercicio C6,"En una localidad se han vendido 1335 boletos de lotería en tres establecimientos A, B y C. En el
establecimiento A se han vendido 1054 boletos, 99 en el B y el resto en C. De los boletos
premiados, 5 han sido vendidos en B y 13 en C. Sabemos que 95 de cada 100 boletos vendidos
no han obtenido premio. Elegido un boleto al azar, se pide:
a) ¿Cuál es el establecimiento que tiene una mayor probabilidad de haber vendido un boleto no
premiado?.
b) ¿Cuál es la probabilidad de que un boleto no premiado haya sido vendido en el
establecimiento A?.
SOCIALES II. 2022. RESERVA 1. EJERCICIO C6"
MATES_CCSS,Probabilidad,2022.0,Reserva 2,Ejercicio C5,"Se ha llevado a cabo una encuesta en un centro educativo para saber qué actividades
extraescolares se realizan por la tarde. El 80% de los encuestados practican deporte o estudian
idiomas, el 35% realizan ambas actividades y el 60% no estudian idiomas.
a) Elegido un estudiante de ese centro al azar, calcule la probabilidad de que:
i) Practique deporte y no estudie idiomas.
ii) Estudie idiomas y no practique deporte.
iii) Haga solamente una de las dos actividades.
iv) No haga ninguna de las dos actividades.
b) ¿Son independientes los sucesos “Practicar deporte” y “Estudiar idiomas”?
SOCIALES II. 2022 RESERVA 2. EJERCICIO C5"
MATES_CCSS,Probabilidad,2022.0,Reserva 2,Ejercicio C6,"Del total de personas vacunadas en un país para prevenir una enfermedad, el 48% recibió la
vacuna A, el 35% la vacuna B y el resto la vacuna C.
La efectividad de la vacuna A se sitúa en el 70%, la de B en el 95% y la de C en el 94% . Elegida
al azar una persona vacunada:
a) ¿Cuál es la probabilidad de que haya sido vacunada con A y no le sea efectiva?.
b) ¿Qué probabilidad hay de que la vacuna le sea efectiva?.
c) Sabiendo que la vacuna no le ha sido efectiva, ¿cuál es la probabilidad de que haya sido
vacunada con C?.
SOCIALES II. 2022. RESERVA 2. EJERCICIO C6"
MATES_CCSS,Probabilidad,2022.0,Reserva 3,Ejercicio C5,"De los sucesos A y B de un mismo experimento aleatorio se conocen las siguientes
probabilidades: P(A)=0'7 ; P(B)=0'6 ; P(AUB)=0'8.
Calcule la probabilidad de que:
a) Ocurra Ay B.
b) No ocurra ni Ani B.
c) Ocurra Apero no B.
d) Ocurra A sabiendo que no ha ocurrido B.
SOCIALES II. 2022 RESERVA 3. EJERCICIO C5"
MATES_CCSS,Probabilidad,2022.0,Reserva 3,Ejercicio C6,"El porcentaje de conductores que consumen alcohol durante la madrugada del sábado es del
5% . La policía realiza controles de alcoholemia mediante un test del que se sabe que da positivo
en un 96% si la persona ha bebido alcohol y en un 10% si la persona no ha bebido alcohol
Elegido al azar un conductor en la madrugada del sábado y realizado el test de alcoholemia,
halle la probabilidad de que:
a) Si el test da positivo, el conductor haya consumido alcohol.
b) El test dé negativo y el conductor no haya consumido alcohol.
c) Si el test ha dado negativo, el conductor no haya consumido alcohol.
SOCIALES II. 2022 RESERVA 3. EJERCICIO C6"
MATES_CCSS,Probabilidad,2022.0,Reserva 4,Ejercicio Cs,"Juan realiza el siguiente juego: Lanza dos dados simultáneamente y si la suma es 2 o mayor que
7, gana y termina el juego. En caso contrario, tiene una segunda y última oportunidad
lanzando de nuevo los dos dados y ganaría si la suma es mayor que 9.
a) ¿Cuál es la probabilidad de que Juan gane lanzando una sola vez los dados?.
b) ¿Cuál es la probabilidad de que Juan gane en la segunda oportunidad?.
c) ¿Cuál es la probabilidad de que Juan gane?.
SOCIALES II. 2022. RESERVA 4. EJERCICIO CS"
MATES_CCSS,Probabilidad,2022.0,Reserva 4,Ejercicio C6,"Una encuesta realizada a los clientes de un banco muestra que el 60% de sus clientes tiene un
ordenador, el 50% tiene una tablet y el 20% posee un ordenador y una tablet. Se elige al azar
un cliente de ese banco.
a) Calcule la probabilidad de que:
i) Tenga un ordenador o una tablet.
ii) No tenga tablet si no tiene ordenador.
iii) Tenga ordenador y no tenga tablet.
b) ¿Son los sucesos “Tener un ordenador” y “Tener una tablet” incompatibles? ¿Son sucesos
independientes?
SOCIALES II. 2022 RESERVA 4. EJERCICIO C6"
MATES_CCSS,Probabilidad,2022.0,Julio,Ejercicio Cs,"En una determinada región hay tres universidades A, B y C. De los estudiantes que terminaron
sus estudios el año pasado, el 60% procedían de la universidad A, el 30% de la B y el resto de la
C. Además, se conoce que la probabilidad de que un estudiante de la universidad A no
encuentre trabajo en su región es 04, y para un estudiante de B es 075.
a) Si la probabilidad de que un estudiante no encuentre trabajo en su región es 0395,
determine la probabilidad de que un estudiante de la universidad C encuentre trabajo en su
región.
b) Calcule la probabilidad de que un estudiante no haya encontrado trabajo en su región
proceda de la universidad A o de la B.
SOCIALES II. 2022. JULIO. EJERCICIO CS"
MATES_CCSS,Probabilidad,2022.0,Julio,Ejercicio C6,"Sean A y B dos sucesos del mismo espacio muestral tales que:
3 5 2
P(AUB)=>; p(A5)=-=; p(B"")=-.
( ) 7 pcA”) 7 p(B"") 3
a) ¿Son A y B independientes?. ¿Son A y B incompatibles?.
b) Calcule LA AB).
c) Calcule p(B/ A“)
SOCIALES II. 2022 JULIO. EJERCICIO C6"
MATES_CCSS,Probabilidad,2023.0,Junio,Ejercicio C5,"Disponemos de una moneda trucada en la que la probabilidad de obtener cara, al lanzarla, es el
doble de la de obtener cruz.
a) Halle la probabilidad de que, al lanzar la moneda, se obtenga cara.
b) Halle la probabilidad de que, al lanzar dos veces la moneda, se obtenga una cara y una cruz
sin importar el orden.
c) Halle la probabilidad de que, al lanzar dos veces la moneda, se obtenga al menos una cara.
d) Si al lanzar la moneda dos veces observamos que ha salido al menos una cara, halle la
probabilidad de que se obtengan dos caras.
SOCIALES II. 2023. JUNIO. EJERCICIO C5"
MATES_CCSS,Probabilidad,2023.0,Junio,Ejercicio C6,"En una base de datos de correos electrónicos se ha observado que el 20% de los correos
recibidos son spam. Además, se ha observado que la palabra “lottery” ha aparecido en el 40%
de los correos que son spam y en el 06% de los correos que no lo son.
a) Halle la probabilidad de que en un correo elegido al azar en el que aparezca la palabra
“lottery” sea spam.
b) Halle la probabilidad de que un correo elegido al azar en el que no aparezca la palabra
“lottery” no sea spam.
c) Si un correo se etiqueta como spam si aparece la palabra “lottery” y como no spam si esta
palabra no aparece, calcule la probabilidad de que un correo se etiquete incorrectamente.
SOCIALES II. 2023. JUNIO. EJERCICIO C6"
MATES_CCSS,Probabilidad,2023.0,Reserva 2,Ejercicio C5,"En una encuesta realizada en un instituto sobre los hábitos de los estudiantes en su tiempo libre, el
80% de los encuestados dedica el tiempo libre a enviar mensajes con el móvil o a jugar
videojuegos, el 45% realiza ambas cosas y el 40% no juega a videojuegos. Si se elige un estudiante
de ese instituto al azar, calcule la probabilidad de que dedique su tiempo libre a:
a) Enviar mensajes con el móvil y no jugar a videojuegos.
b) Jugar a videojuegos sabiendo que no envía mensajes con el móvil.
c) Hacer solamente una de las dos cosas.
d) No hacer ninguna de las dos cosas.
SOCIALES II. 2023 RESERVA 2. EJERCICIO C5"
MATES_CCSS,Probabilidad,2023.0,Reserva 2,Ejercicio C6,"Un componente electrónico se produce en dos fábricas, A y B. Se exporta el 40% de los
componentes producidos en A y la cuarta parte de los producidos en B, mientras que el resto es
para consumo nacional. Además, el 37% de todos los componentes producidos es exportado. Si
se elige un componente electrónico al azar, halle la probabilidad de que:
a) Se haya producido en la fábrica A.
b) Se haya producido en la fábrica A sabiendo que no es exportado.
SOCIALES II. 2023. RESERVA 2. EJERCICIO C6"
MATES_CCSS,Probabilidad,2023.0,Reserva 3,Ejercicio C6,"El 32% de las microempresas tiene página web y el 64% ni tiene página web ni realiza ventas por
comercio electrónico. De las microempresas que tienen página web, el 30% realiza ventas por
comercio electrónico. Se selecciona al azar una microempresa.
a) Calcule la probabilidad de que tenga página web o realice ventas por comercio electrónico.
b) Calcule la probabilidad de que realice ventas por comercio electrónico.
c) Calcule la probabilidad de que no tenga página web y realice ventas por comercio electrónico.
d) Razone si son independientes los sucesos “Tener página web” y “Realizar ventas por
comercio electrónico”. ¿Son incompatibles?.
SOCIALES II. 2023 RESERVA 3. EJERCICIO C6"
MATES_CCSS,Probabilidad,2023.0,Reserva 4,Ejercicio C5,"Una fábrica produce procesadores que se clasifican en un primer control en tres tipos, A,B y C,
según la frecuencia a la que pueden trabajar. El 60% de los procesadores fabricados se
clasifican de tipo A, el 30% de tipo B y el resto de tipo C. En un segundo control, se desechan el
20% de los procesadores de tipo A, el 50% de los de tipo B y el 60% de los de tipo C, por
problemas al trabajar a ciertas temperatura. Si se elige un procesador de esta fábrica al azar,
calcule la probabilidad de que:
a) Sea descartado y sea de tipo Ao de tipo B.
b) Sea descartado.
c) Sea de tipo C sabiendo que no ha sido descartado.
SOCIALES II. 2023. RESERVA 4. EJERCICIO C5"
MATES_CCSS,Probabilidad,2023.0,Reserva 4,Ejercicio C6,"El 75% del alumnado de un instituto utiliza la plataforma del centro como medio para
comunicarse con sus profesores y el 40% lo hace a través del correo electrónico. Además, hay un
15% que no usa ninguno de estos medios. Se elige un estudiante de este instituto al azar.
a) Calcule la probabilidad de que utilice ambos medios de comunicación.
b) Calcule la probabilidad de que utilice solamente uno de estos medios de comunicación.
c) Calcule la probabilidad de que utilice la plataforma del centro sabiendo que no usa el correo
electrónico como medio de comunicación.
d) Razone si los sucesos “Utilizar la plataforma del centro” y “Utilizar el correo electrónico”
son independientes.
SOCIALES II. 2023 RESERVA 4. EJERCICIO C6"
MATES_CCSS,Probabilidad,2023.0,Julio,Ejercicio Cs,"Una caja contiene 3 fichas verdes, 2 fichas azules y 4 fichas rojas. Un juego consiste en realizar
dos extracciones, sin reemplazamiento, de tal manera que el jugador que saque dos fichas
azules gana el primer premio, el jugador que saque dos fichas verdes gana el segundo premio y
el jugador que, de las dos fichas, una sea azul y otra de un color diferente gana el tercer
premio.
a) Calcule la probabilidad de que un jugador consiga el primer o el segundo premio.
b) Calcule la probabilidad de que un jugador gane el tercer premio.
c) Sabiendo que un jugador ha obtenido premio, ¿cuál es la probabilidad de que haya ganado
el tercer premio?
SOCIALES II. 2023. JULIO. EJERCICIO CS"
MATES_CCSS,Probabilidad,2023.0,Julio,Ejercicio C6,"Dados dos sucesos A y B de un experimento aleatorio, se sabe que:
p(A)=0'6; p(B)=0'3; p(A/B)=0'6.
Se pide:
a) (AUB).
b) pPCA-B)+ p(B-A).
c) p(B/AS)
d) Razone si los sucesos A y B son independientes. ¿Son incompatibles?
SOCIALES II. 2023 JULIO. EJERCICIO C6"
MATES_CCSS,Probabilidad,2024.0,Junio,Ejercicio C5,"ha dividido a los conductores en dos grupos: jóvenes los menores de 30 años y sénior al resto de
conductores. Asimismo, también se ha dividido a los vehículos en dos grupos: nuevos los que
tienen menos de 5 años de antigiiedad y viejos el resto de vehículos. De los 54 siniestros
registrados, en 19 de ellos el vehículo implicado era nuevo y en 29 los conductores eran jóvenes.
Finalmente, 21 de los siniestros se dieron con vehículos viejos y conductores jóvenes. Se escoge
uno de estos siniestros al azar.
a) Calcule la probabilidad de que el conductor sea sénior y el vehículo viejo.
b) Calcule la probabilidad de que el conductor sea joven sabiendo que el vehículo es viejo.
c) Determine razonadamente si la siguiente afirmación es cierta: “Los siniestros de este estudio
menos probables son aquellos en los que el conductor es sénior y el vehículo es nuevo”.
SOCIALES II. 2024. JUNIO. EJERCICIO C5"
MATES_CCSS,Probabilidad,2024.0,Junio,Ejercicio C6,"Un grupo de turistas programa una visita a la Geoda de Pulpí. El 42% de los turistas del grupo
proceden de Andalucía, el 32% de otras comunidades autónomas y el resto del extranjero. Son
mayores de edad el 65% de los visitantes que proceden de Andalucía y el 75% de los que
proceden de otras comunidades autónomas. Son menores de edad el 20% de los visitantes
extranjeros. Elegido un turista de este grupo al azar, halle la probabilidad de que:
a) Sea mayor de edad.
b) Proceda de Andalucía y sea menor de edad.
c) Sea extranjero sabiendo que es menor de edad.
SOCIALES II. 2024. JUNIO. EJERCICIO C6"
MATES_CCSS,Probabilidad,2024.0,Reserva 1,Ejercicio C5,"novelas históricas, mientras que el 40% no compra novelas de fantasía. Además, de los clientes
que compran novelas de fantasía, sólo el 30% compran también novelas históricas. Elegido un
cliente al azar, calcule la probabilidad de que:
a) Compre novelas históricas y de fantasía.
b) No compre novelas históricas y tampoco de fantasía.
c) Compre una novela de fantasía, sabiendo que no ha comprado ninguna novela histórica.
SOCIALES II. 2024. RESERVA 1. EJERCICIO C5"
MATES_CCSS,Probabilidad,2024.0,Reserva 1,Ejercicio C6,"Una fábrica dispone de tres máquinas A, B y C para la fabricación de una cierta pieza. El 25%
de las piezas son fabricadas por la máquina A, el 35% por B y el resto por C. Tras un estudio se
determina que el 205% del total de piezas fabricadas son defectuosas y que el 1% de las piezas
fabricadas por B son defectuosas.
a) Se selecciona una pieza al azar y resulta no ser defectuosa, ¿qué probabilidad hay de que fuera
fabricada por la máquina B?.
b) Si A y C tienen la misma probabilidad de fabricar una pieza defectuosa, ¿cuál es la
probabilidad de que una pieza sea fabricada por A sabiendo que es defectuosa?.
SOCIALES II. 2024. RESERVA 1. EJERCICIO C6"
MATES_CCSS,Probabilidad,2024.0,Reserva 2,Ejercicio C5,"Un grupo de 15 amigas se van a pasar un fin de semana a una casa rural. Al llegar reparten las
tareas: 3 irán al mercado, 2 a comprar leña y el resto se quedarán en la casa. Para realizar el
reparto de las tareas se introducen 15 papeletas en una urna de las que 3 tienen la palabra
“mercado”, 2 la palabra “leña” y el resto la palabra “casa”. Cada una coge una papeleta de
forma ordenada y sin reposición. Calcule la probabilidad de los siguientes sucesos:
a) Las dos primeras papeletas extraídas tienen escrita la palabra “mercado”.
b) Las dos primeras papeletas extraídas no tienen escrita la palabra “casa”.
c) Si la segunda papeleta extraída tiene escrita “leña”, ¿cuál es la probabilidad de que la primera
también tenga escrita “leña”?
SOCIALES II. 2024. RESERVA 2. EJERCICIO C5"
MATES_CCSS,Probabilidad,2024.0,Reserva 2,Ejercicio C6,"Una empresa ha instalado 50 alarmas de las que 30 son de tipo básico y el resto de tipo superior.
Se sabe que el 80% de todas las alarmas no presentan incidencias y que de las de tipo básico un
30% presentan alguna incidencia. Se elige al azar una de estas alarmas. Calcule la probabilidad
de que:
a) Sea de tipo básico y no presente incidencias.
b) No presente incidencias siendo de tipo superior.
c) Teniendo incidencias sea de tipo básico.
d) Sea de ""tipo básico y tenga incidencias"" o sea de ""tipo superior y no tenga incidencias"".
SOCIALES II. 2024. RESERVA 2. EJERCICIO C6"
MATES_CCSS,Probabilidad,2024.0,Reserva 3,Ejercicio C5,"Una tienda vende ropa de tallas M, L y XL. Se sabe que el 65% de sus clientes son mujeres. El
50% de las mujeres que compran ropa en esa tienda usan la talla M y el 10 % la talla XL. De los
hombres, el 40% usan la talla L y el 45% la XL.
a) ¿Qué porcentaje de mujeres que compran ropa en esa tienda no usan la talla XL?
b) Halle el porcentaje de clientes que no usan la talla L.
c) De los clientes que usan la talla M, ¿qué porcentaje son mujeres?
SOCIALES II. 2024. RESERVA 3. EJERCICIO C5"
MATES_CCSS,Probabilidad,2024.0,Reserva 3,Ejercicio C6,"El 75% de los estudiantes de un centro aprueba la asignatura A y un 55% aprueba la
asignatura B. Además, un 35% del total de estudiantes aprueba ambas. Elegido un estudiante
al azar de este centro, calcule las siguientes probabilidades:
a) No apruebe B sabiendo que ha aprobado A.
b) Aprueba alguna de estas asignaturas.
c) No apruebe ni AniB.
d) Haya aprobado A si se sabe que ha aprobado alguna de estas dos asignaturas.
e) Estudie si los sucesos “aprobar 4” y “aprobar B” son independientes.
SOCIALES II. 2024 RESERVA 3. EJERCICIO C6"
MATES_CCSS,Probabilidad,2024.0,Reserva 4,Ejercicio Cs,"En cierta localidad el 30% de los habitantes profesan la religión A y el 50% profesan otras
religiones diferentes de A. De los que profesan la religión A el 40% son mujeres. De las mujeres
el 25% profesa la religión A. Se elige un habitante al azar de esa localidad. Calcule la
probabilidad de que:
a) No profese ninguna religión.
b) Sea hombre.
c) Solo verifique uno de los siguientes sucesos: ""profesa la religión A""; ""es mujer"".
SOCIALES II. 2024. RESERVA 4. EJERCICIO CS"
MATES_CCSS,Probabilidad,2024.0,Reserva 4,Ejercicio C6,"En una empresa, el 30% de los empleados ejercen de economistas y el 25% ejercen de abogados.
El 75% de los economistas y el 60% de los abogados ocupan puestos directivos, mientras que, de
los empleados que no ejercen ni de economistas ni de abogados, el 15% ocupa un puesto directivo.
Seleccionado un empleado al azar de esta empresa, calcule la probabilidad de que:
a) No ocupe un puesto directivo.
b) Ejerza de economista sabiendo que ocupa un puesto directivo.
SOCIALES II. 2024 RESERVA 4. EJERCICIO C6"
MATES_CCSS,Probabilidad,2024.0,Julio,Ejercicio Cs,"El 7% de los habitantes de una ciudad no tienen coche ni moto. De entre los que tienen coche el
36% tienen moto y de entre los que no tienen coche el 28% no tienen moto. Se elige al azar un
habitante de esa ciudad:
a) Calcule la probabilidad de que solo tenga uno de los dos vehículos.
b) Calcule la probabilidad de que al menos tenga uno de los dos vehículos.
c) Si tiene coche, ¿cuál es la probabilidad de que no tenga moto?.
d) ¿Son independientes los sucesos “tener coche” y “no tener moto”?¿Son incompatibles?
SOCIALES II. 2024. JULIO. EJERCICIO CS"
MATES_CCSS,Probabilidad,2024.0,Julio,Ejercicio C6,"Se ha realizado un estudio a personas que están teletrabajando actualmente. De estos, el 72%
trabajan por cuenta ajena con contrato indefinido, el 11% lo hacen por cuenta ajena con contrato
temporal y el resto trabajan por cuenta propia. El 87% de los que tienen contrato indefinido y el
86% de los que trabajan por cuenta propia piensan que el teletrabajo mejora la conciliación
familiar. Además, este estudio ha revelado que el 12”51% de los trabajadores opinan que el
teletrabajo no mejora la conciliación familiar. Seleccionado un teletrabajador al azar, determine
la probabilidad de que:
a) Opine que el teletrabajo sí mejora la conciliación familiar sabiendo que tienen un contrato
temporal.
b) No esté trabajando por cuenta propia sabiendo que opina que el teletrabajo mejora la
conciliación familiar.
SOCIALES II. 2024 JULIO. EJERCICIO C6"
MATES_CCSS,Probabilidad,2024.0,Modelo,Ejercicio 3A,"Para tratar cierta enfermedad, en un hospital se utilizan tres fármacos distintos, A, B y C,
administrándose a cada enfermo un solo fármaco. El 30% de los pacientes es tratado con el
fármaco A, el 50% es tratado con el B y el resto con el fármaco C. La probabilidad de que la
enfermedad se cure con el fármaco A es de 0.6, de que se cure con el fármaco B es de 0.8 y de que
se cure con el fármaco C es de 0.7. Se elige al azar un paciente de ese hospital con esa enfermedad.
a) Calcule la probabilidad de que el paciente se cure.
b) Sabiendo que el paciente se ha curado, ¿cuál es la probabilidad de que haya sido tratado con el
fármaco A?
SOCIALES II. 2024 MODELO. EJERCICIO 3A"
MATES_CCSS,Probabilidad,2025.0,Junio,Ejercicio C4,"En una casa con trastero viven tres personas y cada una tiene un llavero con las llaves de la casa.
El primer llavero contiene 7 llaves, el segundo 8 y el tercer 5. En cada uno de los llaveros hay una
única llave que abre el trastero. Otra persona necesita abrir el trastero y, para ello, selecciona un
llavero al azar y, de este, elige una llave aleatoriamente e intenta abrirlo. Calcule la probabilidad
de que:
a) No haya acertado con la llave seleccionada.
b) El llavero sea el tercero y la llave abra el trastero.
c) Sabiendo que la llave elegida abre el trastero, esta pertenezca al primer o al tercer llavero.
d) Si la llave no abre el trastero, esta no pertenezca al primer llavero.
SOCIALES II. 2025. JUNIO. EJERCICIO C4"
MATES_CCSS,Probabilidad,2025.0,Reserva 1,Ejercicio Cs,"Un nuevo servicio de streaming utiliza un algoritmo para recomendar películas a sus usuarios en
función de las películas vistas anteriormente. Como la plataforma es de reciente creación, solo
tiene disponibles tres géneros: ciencia ficción, terror y musicales. El 62% de las películas
disponibles son de ciencia ficción, la cuarta parte son de terror y el resto musicales. De las películas
de ciencia ficción, el algoritmo hace una recomendación correcta en el 70% de las ocasiones, de las
de terror,el 75% de las veces y de los musicales, el 15% . Un usuario selecciona al azar una película
de su lista de recomendaciones:
a) ¿Cuáles la probabilidad de que el algoritmo haya hecho una recomendación correcta?
b) Si no ha sido recomendada correctamente, ¿qué probabilidad hay de que la película sea de
terror?
c) De las recomendaciones correctas del género de ciencia ficción, el usuario queda satisfecho con
la elección de la película en el 55% de las ocasiones. ¿Qué probabilidad hay de que la película sea
de ciencia ficción, esté recomendada correctamente y el usuario haya quedado satisfecho?
SOCIALES II. 2025. RESERVA 1. EJERCICIO CS"
MATES_CCSS,Probabilidad,2025.0,Reserva 2,Ejercicio C5,"Una encuesta realizada a personas que utilizan productos de cosmética arroja los siguientes
datos: el 66% de las personas encuestadas son mujeres y, de estas, el 71 % utilizan cosmética
natural. Además, se sabe que el 1786 % son hombres que no utilizan cosmética natural. Se
selecciona una de estas personas al azar.
a) Calcule la probabilidad de que sea mujer o use cosmética natural.
b) Calcule la probabilidad de que sea hombre y utilice cosmética natural.
c) Sabiendo que no usa cosmética natural, calcule la probabilidad de que sea hombre.
d) ¿Son sucesos incompatibles "" utilizar cosmética natural"" y "" ser mujer"" ? ¿Son independientes?
SOCIALES II. 2025 RESERVA 2. EJERCICIO C5"
MATES_CCSS,Probabilidad,2025.0,Reserva 3,Ejercicio C5,"En un estudio sobre la presencia de mujeres en las empresas tecnológicas se observa que el 20 %
de los operarios, el 40 % de los ingenieros y el 30 % de los directivos son mujeres. Se sabe que
en estas empresas el 20 % de las plantillas son directivos, el 35 % son ingenieros y el resto son
operarios. Se elige un trabajador al azar de una de estas empresas.
a) ¿Cuáles la probabilidad de que no sea un operario y sea mujer?
b) Si el trabajador elegido no es un operario, ¿cuál es la probabilidad de que sea mujer?
c) Si el trabajador elegido es hombre, ¿a qué colectivo es más probable que pertenezca?
SOCIALES II. 2025 RESERVA 3. EJERCICIO C5"
MATES_CCSS,Probabilidad,2025.0,Reserva 4,Ejercicio C4,"Una empresa de tecnología fabrica tres modelos de teléfonos móviles: Básico, Intermedio y
Premium. Cada modelo puede estar fabricado con uno de los siguientes tipos de pantalla: Ao B.
El 35 % de los móviles fabricados por esta empresa son del modelo Básico, el 45 % son del
Intermedio y el resto son Premium. Se sabe que el 80 % de los móviles fabricados del modelo
Básico tienen una pantalla del tipo A, mientras que en el modelo Premium solo un 5 % dispone
de esta pantalla. Finalmente, el 53 % de los teléfonos producidos tienen pantalla del tipo A. Se
selecciona un teléfono al azar de la línea de producción. Determine la probabilidad de que:
a) Tenga una pantalla del tipo A sabiendo que es del modelo Intermedio.
b) Sea del modelo Intermedio sabiendo que tiene pantalla del tipo A
SOCIALES II. 2025 RESERVA 4. EJERCICIO C4"
MATES_CCSS,Probabilidad,2025.0,Reserva 4,Ejercicio C5,"El 20 % de los estudiantes de danza de una localidad andaluza están matriculados en la escuela
A y el resto en la B. En estas escuelas se practica danza clásica y moderna y cada estudiante solo
se puede matricular en una de estas dos especialidades. De los matriculados en A,el 70 % practica
danza clásica y el resto danza moderna. Se sabe también que el 32 % de los estudiantes de danza
son de la escuela B y practican danza clásica. Elegido al azar un estudiante de danza de la
localidad, calcule la probabilidad de que:
a) Practique danza clásica.
b) Practique danza moderna si es de la escuela B.
c) Estudie en la escuela B si resulta ser un estudiante de danza moderna.
d) Sea de la escuela A, practique danza clásica y realice un Máster, sabiendo que el 80 % de los
estudiantes de danza clásica de la escuela A realiza un Máster
SOCIALES II. 2025 RESERVA 4. EJERCICIO C5"
MATES_CCSS,Probabilidad,2025.0,Julio,Ejercicio Cs,"Los alumnos de un colegio de una localidad andaluza van a realizar una excursión a la estación de
esquí de Sierra Nevada desplazándose en tres autobuses A, B y C. En el autobús A se desplazan
cuatro novenos de los alumnos de la excursión, en el B se desplaza la tercera parte y el resto vanen
el autobús C. Se sabe que el 65% de los alumnos que viajan en el autobús A y el 40% de los del
autobús B no sabe esquiar y todos los del autobús C sí que saben esquiar. Se escoge al azar a uno
de los alumnos de la excursión. Calcule la probabilidad de que:
a) Sepa esquiar.
b) Viaje en el autobús C, si sabe esquiar.
c) Sepa esquiar y no viaje en el autobús B.
SOCIALES II. 2025. JULIO. EJERCICIO CS"
MATES_CCSS,Matrices Y Determinantes,2001.0,Reserva 3,Ejercicio 1 Opción A,"1
O |, razone si posee solución la ecuación matricial A-X=B y,
100 0
SiendoA=|2 1 O|yB=|1
1
1.0 1 1
en caso afirmativo, resuélvala.
SOCIALES II. 2001 RESERVA 3. EJERCICIO 1. OPCIÓN A"
MATES_CCSS,Matrices Y Determinantes,2002.0,Reserva 1,Ejercicio 1 Opción A,"3 1
Sean las matrices: A=|1 3]; B (*) ¡CC
y
1.0
Calcule x, y, z, sabiendo que A-B=2C-—D.
SOCIALES II. 2002 RESERVA 1. EJERCICIO 1. OPCIÓN A"
MATES_CCSS,Matrices Y Determinantes,2002.0,Reserva 2,Ejercicio 1 Opción A,". 2 -1 01 2 12 5
Sean las matrices: A= ; B= ¡C=
3 2 1 1-1 34
a) Realice, cuando sea posible, los siguientes productos de matrices: A-B; B-C; C:A
b) Resuelva la ecuación matricial: A-X+B=C.
SOCIALES II. 2002 RESERVA 2. EJERCICIO 1. OPCIÓN A"
MATES_CCSS,Matrices Y Determinantes,2002.0,Reserva 3,Ejercicio 1 Opcion B,"1.0 -1
Sea la matriz A=|0 m -—<S6
1.1 —m
a) Determine para qué valores del parámetro m existe A”'.b) Calcule A”' para m =2.
SOCIALES II. 2002 RESERVA 3. EJERCICIO 1. OPCION B"
MATES_CCSS,Matrices Y Determinantes,2002.0,Reserva 4,Ejercicio 1 Opción A,"10 1
Dada la matriz A=|1 1
10.1
SOCIALES II. 2002 RESERVA 4. EJERCICIO 1. OPCIÓN A"
MATES_CCSS,Matrices Y Determinantes,2002.0,Septiembre,Ejercicio 1 Opción A,"Sea la matriz A=| 0
m+1l
a) Calcule los valores de m para que dicha matriz tenga inversa.
b) Haciendo m = 4, resuelva la ecuación matricial X. A= (3 1 1) .
SOCIALES II. 2002. SEPTIEMBRE. EJERCICIO 1. OPCIÓN A"
MATES_CCSS,Matrices Y Determinantes,2003.0,Junio,Ejercicio 1 Opción B,". 1.2 4 3
Sean las matrices M = y N=
3.14 2 1
a) Calcule la matriz A=M-M'-—5M (M' indica la traspuesta de M).
b) Calcule la matriz B=M”' y resuelva la ecuación N + X-M=M-B, donde X es una matriz
2x2.
SOCIALES II. 2003. JUNIO. EJERCICIO 1. OPCIÓN B"
MATES_CCSS,Matrices Y Determinantes,2003.0,Reserva 1,Ejercicio 1 Opción B,". 3 m
Sea la matriz A=
l-m m+l
a) Calcule los valores de m para que dicha matriz tenga inversa.
b) Haciendo m = 0, resuelva la ecuación matricial A-X. A=1,, donde l> es la matriz unidad de
orden 2 y Xes una matriz cuadrada de orden 2.
SOCIALES II. 2003 RESERVA 1. EJERCICIO 1. OPCIÓN B"
MATES_CCSS,Matrices Y Determinantes,2003.0,Reserva 2,Ejercicio 1 Opción B,"Determine la matriz X, de orden 2, que verifica la igualdad:
AE
SOCIALES II. 2003 RESERVA 2. EJERCICIO 1. OPCIÓN B"
MATES_CCSS,Matrices Y Determinantes,2003.0,Reserva 3,Ejercicio 1 Opción A,"1 1 -—1 -
Sean ls matrices, ) y a-( y )yCatete (ac=0=21) z
0 1
SOCIALES II. 2003 RESERVA 3. EJERCICIO 1. OPCIÓN A"
MATES_CCSS,Matrices Y Determinantes,2003.0,Reserva 4,Ejercicio 1 Opción B,"1 3 3
Resuelva la ecuación: | 4 2+x x|=0
-1 1 3
SOCIALES II. 2003 RESERVA 4. EJERCICIO 1. OPCIÓN B"
MATES_CCSS,Matrices Y Determinantes,2003.0,Septiembre,Ejercicio 1 Opción A,"0 x+2
a) Halle los valores de x para los que se verifica A? =2A
b) Para x=-—1,halle A”'. Compruebe el resultado calculando A- A”?.
SOCIALES II. 2003. SEPTIEMBRE. EJERCICIO 1. OPCIÓN A"
MATES_CCSS,Matrices Y Determinantes,2004.0,Junio,Ejercicio 1 Opción B,"12
. 2-1 0 2 1
Sean las matrices A= , B= C=| 0 2
2
0 2 -1 2 2
0
a) Calcule la matriz P que verifica B-P-A=C'.
b) Determine la dimensión de la matriz M para que pueda efectuarse el producto A-M:C
c) Determine la dimensión de la matriz N para que C'- N sea una matriz cuadrada.
SOCIALES II. 2004. JUNIO. EJERCICIO 1. OPCIÓN B"
MATES_CCSS,Matrices Y Determinantes,2004.0,Reserva 1,Ejercicio 1 Opción A,". -=1.0 0 -1 2 -=1 2 -1
Sean las matrices A= , B= y C= .
1.2 1-10 0 1 -
a) Calcule (A—1,)-B, siendo 1, la matriz identidad de orden 2.
b) Obtenga la matriz B' (matriz traspuesta de B) y calcule, si es posible, B'- A.
c) Calcule la matriz X que verifica A-X4+B=C.
SOCIALES II. 2004 RESERVA 1. EJERCICIO 1. OPCIÓN A"
MATES_CCSS,Matrices Y Determinantes,2004.0,Reserva 2,Ejercicio 1 Opción A,"1
Dada la matriz A= lo
10)
yl halle A.
SOCIALES II. 2004 RESERVA 2. EJERCICIO 1. OPCIÓN A"
MATES_CCSS,Matrices Y Determinantes,2004.0,Septiembre,Ejercicio 1 Opción B,"1
De una matriz A se sabe que su segunda fila es (-1 2) y que su segunda columna es | 2 |. Halle
3
1.1.1 0.0
los restantes elementos de A sabiendo que + A= .
201 0 -1
SOCIALES II. 2004. SEPTIEMBRE. EJERCICIO 1. OPCIÓN B"
MATES_CCSS,Matrices Y Determinantes,2005.0,Junio,Ejercicio 1 Opción A,"2
Sean las matrices a ;
a) Calcule la matriz C=B-A-A'-B'.
2
SOCIALES II. 2005. JUNIO. EJERCICIO 1. OPCIÓN A"
MATES_CCSS,Matrices Y Determinantes,2005.0,Reserva 3,Ejercicio 1 Opción A,"0 1
. 2 13
Sean las matrices: A= y B=|1 -2
120
1.1
De las siguientes operaciones, algunas no se pueden realizar; razone por qué. Efectúe las que se
puedan realizar.
A+B;A'+B;A-B;A-B'
SOCIALES II. 2005 RESERVA 3. EJERCICIO 1. OPCIÓN A"
MATES_CCSS,Matrices Y Determinantes,2005.0,Reserva 4,Ejercicio 1 Opción B,"Sean las matrices a Xx »)
=y Xx
a) Calcule, si existe, la matriz inversa de B.
b)SiA-B=B-.A y A+A'=3+L,, calcule x e y.
SOCIALES II. 2005 RESERVA 4. EJERCICIO 1. OPCIÓN B"
MATES_CCSS,Matrices Y Determinantes,2005.0,Septiembre,Ejercicio 1 Opción A,". 1.3 2 -
Sean las matrices A= y B=
o 1 0. x
a) Determine el valor de x en la matriz B para que se verifique la igualdad: A-B=B-A
b) Obtenga la matriz C tal que: A'.«C=1I,
SOCIALES II. 2005. SEPTIEMBRE. EJERCICIO 1. OPCIÓN A"
MATES_CCSS,Matrices Y Determinantes,2006.0,Junio,Ejercicio 1 Opcion A,"el)
a) Encuentre el valor o valores de x de forma queB?=A.
1
Sean las matrices: A= x
1 x+1
b) Igualmente para que A—I,=B”?.
c) Determine x para que A-B=L,.
SOCIALES II. 2006 JUNIO. EJERCICIO 1. OPCION A"
MATES_CCSS,Matrices Y Determinantes,2006.0,Reserva 1,Ejercicio 1 Opción B,": 2 - 10
Sean las matrices A= 1 y B= .
- 1.2
a) Calcule A”! -(2B +31 2»).
b) Determine la matriz X para queX-.A=A+I,.
SOCIALES II. 2006 RESERVA 1. EJERCICIO 1. OPCIÓN B"
MATES_CCSS,Matrices Y Determinantes,2006.0,Reserva 2,Ejercicio 1 Opción A,"Sean las matrices a-( 2
Calcule A7' (BA).
SOCIALES II. 2006 RESERVA 2. EJERCICIO 1. OPCIÓN A"
MATES_CCSS,Matrices Y Determinantes,2006.0,Reserva 3,Ejercicio 1 Opción B,"Sean las matrices:
Calcule los valores de los números reales x , y ,Z , para que se verifique la siguiente igualdad
entre matrices: E-x-A-B=y:C+z-D
SOCIALES II. 2006 RESERVA 3. EJERCICIO 1. OPCIÓN B"
MATES_CCSS,Matrices Y Determinantes,2006.0,Reserva 4,Ejercicio 1 Opción A,". 2 2
Sean las matrices: A= y B=(1 1)
5 4
Explique qué dimensión debe tener la matriz X para que tenga sentido la ecuación matricial
X-A+2B= ( 0) . Resuelva dicha ecuación.
SOCIALES II. 2006 RESERVA 4. EJERCICIO 1. OPCIÓN A"
MATES_CCSS,Matrices Y Determinantes,2007.0,Junio,Ejercicio 1 Opción A,"1-2 1
Sean las matrices A=| 0 1 0|; XxX
-1 30 -2
a) Determine la matriz inversa de A.
b) Halle los valores de x, y, zpara los que se cumple A-X =Y.
SOCIALES II. 2007. JUNIO. EJERCICIO 1. OPCIÓN A"
MATES_CCSS,Matrices Y Determinantes,2007.0,Reserva 1,Ejercicio 1 Opción A,". 2 1 1 ox 0 -1
Sean las matrices A= , B= y C= .
1 1 x 0 1. 2
a) Encuentre el valor o valores de x de forma queB?*=A.
b) Igualmente para que B+C=A”!,
c) Determine x para que A+B+C=3-1,.
SOCIALES II. 2007. RESERVA 1. EJERCICIO 1. OPCIÓN A."
MATES_CCSS,Matrices Y Determinantes,2007.0,Reserva 2,Ejercicio 1 Opción A,"1.0 2
Sea la matriz B= h o) Calcule el valor de b para que B*=1,.
SOCIALES II. 2007. RESERVA 2. EJERCICIO 1. OPCIÓN A."
MATES_CCSS,Matrices Y Determinantes,2007.0,Reserva 3,Ejercicio 1 Opción A,"2
4
donde Xes una matriz cuadrada de orden 2.
SOCIALES II. 2007. RESERVA 3. EJERCICIO 1. OPCIÓN A."
MATES_CCSS,Matrices Y Determinantes,2007.0,Reserva 4,Ejercicio 1 Opción A,". 10.2 2
Sean las matrices A= , B= 5)
2.10
a) Calcule B-B'-A-A'.
b) Halle la matriz X que verifica (A- A')-X=B.
SOCIALES Il. 2007. RESERVA 4. EJERCICIO 1. OPCIÓN A."
MATES_CCSS,Matrices Y Determinantes,2007.0,Septiembre,Ejercicio 1 Opción B,". % 2 3 9
Halle la matriz A que verifica: ( ) az ) .
1 5 28
SOCIALES II. 2007. SEPTIEMBRE. EJERCICIO 1. OPCIÓN B"
MATES_CCSS,Matrices Y Determinantes,2008.0,Junio,Ejercicio 1 Opción A,". 0 2 a b
Sean las matrices A= y B= .
30 6 1
a) Calcule los valores de a y b para que A-B=B-A.
b)Para a=1 y b=0,resuelva la ecuación matricial X-B-— A=I.,.
SOCIALES II. 2008. JUNIO. EJERCICIO 1. OPCIÓN A"
MATES_CCSS,Matrices Y Determinantes,2008.0,Reserva 1,Ejercicio 1 Opción A,"a) Dada la matriz A= :
a
0) , calcule el valor de a para que A? sea la matriz nula.
1.2
b) Dada la matriz M «(| y) , calcule la matriz(M7'.M'y?.
SOCIALES II. 2008 RESERVA 1. EJERCICIO 1. OPCIÓN A"
MATES_CCSS,Matrices Y Determinantes,2008.0,Reserva 2,Ejercicio 1 Opción B,"Dadas las matrices F =(2 -1 3) yC= , calcule los productosC+-F yF-C.
-2
-1
verifique la ecuación X-A7'-B=C
SOCIALES II. 2008 RESERVA 2. EJERCICIO 1. OPCIÓN B"
MATES_CCSS,Matrices Y Determinantes,2008.0,Reserva 3,Ejercicio 1 Opción B,"2 5 1
a) Halle la matriz X que verifica la ecuación X 16 ,) = (Je 4).
b) Determine los valores de x e y que cumplen la igualdad
O
SOCIALES II. 2008. RESERVA 3. EJERCICIO 1. OPCIÓN B"
MATES_CCSS,Matrices Y Determinantes,2008.0,Reserva 4,Ejercicio 1 Opción B,"12 0 -1
Sean A y B las matrices siguientes: A= ; B=
0 1 2 4
a) Calcule (A+ B)-(A-—B)
b) Determine la matriz X, cuadrada de orden 2, en la ecuación matricial (A+2B)+-X =31,
SOCIALES II. 2008. RESERVA 4. EJERCICIO 1. OPCIÓN B"
MATES_CCSS,Matrices Y Determinantes,2008.0,Septiembre,Ejercicio 1 Opción A,"+3x 2
x
a) Plantee y resuelva el sistema de ecuaciones dado por: (
1.01
b) Calcule la matrizinversade |0 1 0
12.0
SOCIALES II. 2008 SEPTIEMBRE. EJERCICIO 1. OPCIÓN A"
MATES_CCSS,Matrices Y Determinantes,2009.0,Junio,Ejercicio 1 Opcion A,"Sea la igualdad A- X+B = A, donde A, X y B son matrices cuadradas de la misma dimensión.
a) Despeje la matriz X en la igualdad anterior, sabiendo que A tiene inversa.
2.5 0 -3
b) Obtenga la matriz X en la igualdad anterior, siendo ax ,) y B -( 1 »)
SOCIALES II. 2009 JUNIO. EJERCICIO 1. OPCION A"
MATES_CCSS,Matrices Y Determinantes,2009.0,Reserva 4,Ejercicio 1 Opcion A,"-1. 4 -2 1 3
Sean las matrices A=| O —1 0|, B=| 0 2 -1| y C=
3 1 2 1.0 1
Determine X en la ecuación matricial X. A—-2B=C.
SOCIALES II. 2009 RESERVA 4. EJERCICIO 1. OPCION A"
MATES_CCSS,Matrices Y Determinantes,2009.0,Septiembre,Ejercicio 1 Opcion B,". 1 -1 3 1
Sean las matrices A= , B=
o 2 -1 1
a) Calcule A? y 2B+1,
b) Resuelva la ecuación matricial A-X—1,=2B?.
SOCIALES II. 2009 SEPTIEMBRE. EJERCICIO 1. OPCION B"
MATES_CCSS,Matrices Y Determinantes,2010.0,Junio,Ejercicio 1 Opcion B,". 2 1 12
Sean las matrices A= y B= .
3 1 -150
a) Calcule A'-B—A-B'.
b) Resuelva la ecuación matricial AX+BA=B.
SOCIALES II. 2010 JUNIO. EJERCICIO 1. OPCION B"
MATES_CCSS,Matrices Y Determinantes,2010.0,Reserva 1,Ejercicio 1 Opcion B,"a) Sean A, B y C matrices con 2, 3 y 2 filas, respectivamente. Sabiendo que el producto de
matrices A:«B+.C es posible y que el resultado es una matriz con 4 columnas, halle las
dimensiones de dichas matrices.
0 2
B= .
-1 2
1 -1
b) Halle la matriz X que verifica 1, -2X =A-(A-B'), siendo A= (2 ,
SOCIALES II. 2010 RESERVA 1. EJERCICIO 1. OPCION B"
MATES_CCSS,Matrices Y Determinantes,2010.0,Reserva 2,Ejercicio 1 Opcion A,". a 1 1 b 1.3
Sean las matrices A= , B= C= .
0 2 0 3 2 5
a) Halle los valores de a y b para que se verifique A-B+A-B'=C.
b) ¿Existe algún valor de b para el que el producto B-B' sea igual a la matriz nula?.
c) Para a=0.5 y b=1, halle la matriz X que verifica la igualdad A-X+B=0, (O representa
la matriz nula).?.
SOCIALES II. 2010 RESERVA 2. EJERCICIO 1. OPCION A"
MATES_CCSS,Matrices Y Determinantes,2010.0,Septiembre,Ejercicio 1 Opcion B,". 12 1.15 c d 6
Sean las matrices P = , Q= y R= .
a 0 8 4 b 10 10 50
a) Calcule, si es posible, P-Q y Q-P ,razonando la respuesta.
b) ¿Cuánto deben de valer las constantes a,b,c y d para queP -2Q=R?.
SOCIALES II. 2010 SEPTIEMBRE. EJERCICIO 1. OPCION B"
MATES_CCSS,Matrices Y Determinantes,2011.0,Junio,Ejercicio 1 Opcion A,". 2 -5 3-1 2
Sean las matrices A= , B= ,
1 -3 0 1 1
a) Calcule A?-B-C'.
b) Resuelva la ecuación matricial A- X+B=2-C.
SOCIALES II. 2011 JUNIO. EJERCICIO 1. OPCION A"
MATES_CCSS,Matrices Y Determinantes,2011.0,Reserva 1,Ejercicio 1 Opcion B,". 0.3 -1 : 2.3 -1 - o
a) Dadas las matrices M = y N'= , razone cuáles de las siguientes
1.0 -2 -=11.0
operaciones tienen sentido y efectúa las que puedan realizarse: M+N',M'-N ,M-N.
b) Un industrial cafetero produce dos tipos de café, natural y descafeinado, en tres modalidades
cada uno, A, B y C. Se han anotado en la matriz P los pesos, en Kg, del café que el industrial
produce de cada una de las modalidades de cada tipo, y en la matriz Q los precios a los que
vende el Kg de cada producto final:
A B C A B C
natural 550 400 240 natural 220 2.75 2.50
260 200 100 “descafeinado | 3.20 3.90 3.60
Efectúe el producto P-Q' y explique el significado económico de cada uno de los elementos de
la diagonal principal de la matriz resultante.
SOCIALES II. 2011 RESERVA 1. EJERCICIO 1. OPCION B"
MATES_CCSS,Matrices Y Determinantes,2011.0,Reserva 2,Ejercicio 1 Opcion A,"0
1
1 1
0 11.
110
a) Resuelva la ecuación matricial 2. X-C.-D=(1,+D)-C.
Sean las matricesC = D=
b) Si las matrices C y D son las matrices de adyacencia de dos grafos, de vértices a,b, c y 1,2,3,
respectivamente, haga la representación gráfica de dichos grafos.
SOCIALES II. 2011 RESERVA 2. EJERCICIO 1. OPCION A"
MATES_CCSS,Matrices Y Determinantes,2011.0,Reserva 3,Ejercicio 1 Opcion A,"6
a) Dada la matriz A 7 | ,calcule (1,— Ay”.
1
5
1
0
b) Dadas las matrices B = Ñ 0 (7) , D-[;): determine a y b de manera que
B.C-—D=0 siendo O la matriz nula.
SOCIALES II. 2011 RESERVA 3. EJERCICIO 1. OPCION A"
MATES_CCSS,Matrices Y Determinantes,2011.0,Reserva 4,Ejercicio 1 Opcion A,"a) De una matriz cuadrada, A, de orden 3 se conocen los siguientes elementos
a, =4,=-2 ; a,=a,=0 ;a,=a)=1
Determine los demás elementos de la matriz A sabiendo que debe cumplirse la ecuación
A-B=C',donde B'=(1 -1 1) y C=(-4 2 -1).
1 -5
b) Calcule 2D?, siendo D= Ñ >) .
SOCIALES II. 2011 RESERVA 4. EJERCICIO 1. OPCION A"
MATES_CCSS,Matrices Y Determinantes,2011.0,Septiembre,Ejercicio 1 Opcion B,". 0.1.0 3 -1
Sean las matrices A= y B= .
1.0 1 1. 2
a) Efectúe, si es posible, los siguientes productos: A-A' ; A'-A; A-B.
b) Resuelva la siguiente ecuación matricial A-A'.X=B.
SOCIALES II. 2011 SEPTIEMBRE. EJERCICIO 1. OPCION B"
MATES_CCSS,Matrices Y Determinantes,2012.0,Junio,Ejercicio 1 Opcion B,"1 —-1
Sea la matriz A= .
2 -1
a) Resuelva la ecuación matricial A-X+A'=1,.
b) ¿Qué requisitos mínimos debe cumplir una matriz B para que pueda efectuarse el producto
A-B?.
Cc) ¿Y para el producto 3-B-A?.
SOCIALES II. 2012 JUNIO. EJERCICIO 1. OPCION B"
MATES_CCSS,Matrices Y Determinantes,2012.0,Reserva 1,Ejercicio 1 Opcion A,". -1 -6 -=1 1 2 a 01
Sean las matrices A= y B= yC= .
2 4 10 -—1 3 —-1 b
a) Halle los valores de a y b para que se verifique B-C'=A.
b) Resuelva la ecuación matricial A- X— A? =1,.
SOCIALES II. 2012. RESERVA 1. EJERCICIO 1. OPCION A"
MATES_CCSS,Matrices Y Determinantes,2012.0,Reserva 2,Ejercicio 1 Opcion B,"Los alumnos de 2” Bachillerato organizan una venta de pasteles para el viaje de fin de curso.
Venden pasteles grandes, que necesitan 2 huevos, 5 terrones de azúcar y 100 g de harina cada
uno, y pasteles pequeños, que necesitan 1 huevo, 3 terrones de azúcar y 80 g de harina cada
uno.
a) Presente en una matriz M, de dimensión 3x2, las cantidades de los elementos necesarios para
la elaboración de un pastel grande y uno pequeño.
b) Si desean fabricar 20 pasteles de una clase y 30 de otra, escriba las dos matrices columna,
A (20 grandes y 30 pequeños) y B (30 grandes y 20 pequeños) que representan este reparto.
c) Calcule los productos M:A y M'B e indique si con 8 docenas de huevos, 200 terrones de
azúcar y 5 Kg de harina se pueden elaborar 20 pasteles grandes y 30 pequeños. ¿ Y 30 grandes y
20 pequeños?.
SOCIALES II. 2012 RESERVA 2. EJERCICIO 1. OPCION B"
MATES_CCSS,Matrices Y Determinantes,2012.0,Reserva 3,Ejercicio 1 Opcion A,"Halle la matriz X que verifique la ecuación matricial A?”.X =A-—B-C, siendo A, B y C las
matrices:
1.0
11 1.01 Ñ
A= y B= yC=|-1 1
0 2 -1.14
20
SOCIALES II. 2012. RESERVA 3. EJERCICIO 1. OPCION A"
MATES_CCSS,Matrices Y Determinantes,2012.0,Reserva 4,Ejercicio 1 Opcion A,"Una empresa vende tres artículos diferentes A, B y C, cada uno de ellos en dos formatos,
grande y normal. En la matriz F se indican las cantidades de los tres artículos, en cada uno de
los dos formatos, que ha vendido la empresa en un mes. En la matriz G se indican las
ganancias, en euros, que obtiene la empresa por cada unidad que ha vendido de cada artículo
en cada formato.
A B C A BC
grande (100 150 80 grande [6 8 5
F = G=
200 250 140 “normal | 4 5 3
a) Efectúe los productos F'-G y F-G'
b) Indique en qué matriz se pueden encontrar las ganancias que ha recibido la empresa en ese
mes por el total de las unidades vendidas de cada uno de los tres artículos y especifique cuáles
son esas ganancias.
c) Indique en qué matriz se pueden encontrar las ganancias que ha recibido la empresa en ese
mes por el total de las unidades vendidas en cada uno de los dos formatos, especifique cuáles
son esas ganancias y halle la ganancia total.
SOCIALES II. 2012 RESERVA 4. EJERCICIO 1. OPCION A"
MATES_CCSS,Matrices Y Determinantes,2012.0,Septiembre,Ejercicio 1 Opcion B,"Una fábrica produce dos tipos de productos, A y B, que distribuye a tres clientes. En el mes de
enero el primer cliente compró 9 unidades de A y 5 de B, el segundo cliente 3 de A y 7 de B, y el
tercer cliente 4 de A y 6 de B.
En el mes de febrero el primer cliente y el segundo duplicaron las compras del mes anterior, y
el tercer cliente compró de cada producto una unidad más de las que compró en enero. En
marzo el primer cliente no compró nada, y el segundo y el tercero compraron lo mismo que en
febrero.
a) Para cada mes construya la matriz de dimensión 3x2 correspondiente a las compras de ese
mes.
b) Calcule la matriz de compras del trimestre.
c) Si los precios de los productos A y B son, respectivamente, 80 y 100 euros, calcule lo que
factura la fábrica en el primer trimestre, por cada cliente y en total.
SOCIALES II. 2012 SEPTIEMBRE EJERCICIO 1. OPCION B"
MATES_CCSS,Matrices Y Determinantes,2013.0,Junio,Ejercicio 1 Opcion A,"2
Sean las matrices a-(
a
5 -2
a) Obtenga a y b sabiendo que A? -( > al ¿Es A simétrica?
b) Para los valores a=3 y b=1 calcule la matriz X tal que A-B=2(X-31,).
SOCIALES II. 2013 JUNIO. EJERCICIO 1. OPCION A"
MATES_CCSS,Matrices Y Determinantes,2013.0,Reserva 1,Ejercicio 1 Opcion B,". O 1 12
Sean las matrices A= y B= .
1.0 3 1
a) Calcule A? y AP"",
b) Resuelva la ecuación matricial A-X+1,=5B'-—A?.
SOCIALES II. 2013. RESERVA 1. EJERCICIO 1. OPCION B"
MATES_CCSS,Matrices Y Determinantes,2013.0,Reserva 2,Ejercicio 1 Opción B,"2.0
Sean las matrices A=(1 -2 3) , B ,C 1 1
1.3
1
Resuelva, si es posible, la ecuación matricial B- A+2X=C .
SOCIALES II. 2013 RESERVA 2. EJERCICIO 1. OPCIÓN B"
MATES_CCSS,Matrices Y Determinantes,2013.0,Reserva 4,Ejercicio 1 Opción A,"3
5
Sean las matrices a-(
, B=
a) Calcule A?.
b) Determine la matriz X para que A-X+B.C=D
SOCIALES II. 2013 RESERVA 4. EJERCICIO 1. OPCIÓN A"
MATES_CCSS,Matrices Y Determinantes,2013.0,Septiembre,Ejercicio 1 Opcion B,"Sean las matrices A=
5.5
a) Resuelva la ecuación matricial(2A+B)-X =3A-—B.
b) Determine en cada caso las dimensiones de la matriz D para que se puedan realizar las
siguientes operaciones: C-D+A,C'-D-C ,D-C' ,C-D-C*'.
SOCIALES II. 2013 SEPTIEMBRE EJERCICIO 1. OPCION B"
MATES_CCSS,Matrices Y Determinantes,2014.0,Junio,Ejercicio 1 Opcion A,"Sean las matrices A= o ,Siendo a un número real cualquiera.
a) Obtenga la matriz A””*,
b) Para a =2,resuelva la ecuación matricial A?. X-4B=0.
SOCIALES II. 2014. JUNIO .EJERCICIO 1. OPCION A"
MATES_CCSS,Matrices Y Determinantes,2014.0,Reserva 1,Ejercicio 1 Opcion A,". la
Sean las matrices a-(, ) y B=(-1 1)
a) Calcule el valor del parámetro a para que se verifique(B-A)' =A-B'.
b)Para a=2,resuelva la ecuación matricial X- A=B
SOCIALES II. 2014. RESERVA 1. EJERCICIO 1. OPCION A"
MATES_CCSS,Matrices Y Determinantes,2014.0,Reserva 2,Ejercicio 1 Opcion A,". -50
Sean las matrices B =
4 6
-1 -8 -1
C=
E 3 e)
a) Determine la dimensión que debe de tener la matriz A para que se verifique la igualdad:
AB=2C'
b) Halle la matriz A anterior, sabiendo que de ella se conocen los elementos
a, =2,a,=-3,a,=l.
SOCIALES II. 2014 RESERVA 2 EJERCICIO 1. OPCION A"
MATES_CCSS,Matrices Y Determinantes,2014.0,Reserva 3,Ejercicio 1 Opción B,"a) Determine los valores de x e y que hacen cierta la igualdad
|
0 o. 1.3 0 -1 1 2
b) Resuelva la ecuación matricial: xl al Il )
5 1.0
SOCIALES II. 2014 RESERVA 3. EJERCICIO 1. OPCIÓN B"
MATES_CCSS,Matrices Y Determinantes,2014.0,Reserva 4,Ejercicio 1 Opción A,". . 2. 1 3 -2
Se consideran las matrices A= y B= .
3 -2 1.4
a) Efectúe la operación A-B'
b) Determine la matriz X tal que A+2.X=B.
6
c) Calcule la matriz Y, sabiendo que: B-Y = (5)
SOCIALES II. 2014 RESERVA 4. EJERCICIO 1. OPCIÓN A"
MATES_CCSS,Matrices Y Determinantes,2014.0,Reserva 4,Ejercicio 1B Opción B,"Resuelva la ecuación matricial A- X =2-(C—D'),siendo :
SOCIALES II. 2014 RESERVA 4. EJERCICIO 1b. OPCIÓN B"
MATES_CCSS,Matrices Y Determinantes,2014.0,Septiembre,Ejercicio 1 Opcion A,". 1 -7 1.0
Sean las matrices A= y B=
2 -1 -5 2
a) Calcule las matrices X e Y para las que se verifica:
X+Y=A y 3X+Y=B
b) Halle la matriz Z que verifica: B-Z+B*=21,.
SOCIALES II. 2014 SEPTIEMBRE EJERCICIO 1. OPCION A"
MATES_CCSS,Matrices Y Determinantes,2015.0,Junio,Ejercicio 1 Opcion B,". 2 3 2
Sean las matrices A= , B=
-1 1 5
a) Calcule las matrices Xe Y si: X+Y=2A y  X+B=2Y
b) Analice cuáles de las siguientes operaciones con matrices se pueden realizar, indicando en los
casos afirmativos las dimensiones de la matriz D.
A+D=C A:D=C' D.A=C D.A=C'
SOCIALES II. 2015 JUNIO EJERCICIO 1. OPCION B"
MATES_CCSS,Matrices Y Determinantes,2015.0,Reserva 1,Ejercicio 1 Opcion A,"2 1
Sean las matrices A=
3 -2
a) Efectúe la operación A-B'
b) Determine la matriz X tal que A+2X=B
6
c) Halle la matriz Y tal que B-Y = 5)
SOCIALES II. 2015 RESERVA 1 EJERCICIO 1. OPCION A"
MATES_CCSS,Matrices Y Determinantes,2015.0,Reserva 2,Ejercicio 1 Opcion A,"1 —-1 2
1 2 1
Sean las matrices A=| 0 1 -—1 al 2 0) ,C=(2 1) ,D=(1 -1 2)
1 o 2
a) Estudie cuáles de los siguientes productos de matrices se pueden realizar, indicando las
dimensiones de la matriz resultante:
A-B' C'.D B'.D D-B'
b) Despeje la matriz Xen la ecuación X-A”'+2B=3C'-D, sin calcular sus elementos.
c) Calcule la matriz A-(B'-2D'-C)
SOCIALES II. 2015 RESERVA 2 EJERCICIO 1. OPCION A"
MATES_CCSS,Matrices Y Determinantes,2015.0,Reserva 3,Ejercicio 1 Opciona,"Sean las matrices
yor
a) Resuelva la ecuación A. X+B-X=C
b) Calcule A* y AY
SOCIALES II. 2015 RESERVA 3 EJERCICIO 1. OPCIONA"
MATES_CCSS,Matrices Y Determinantes,2015.0,Reserva 4,Ejercicio 1 Opcion A,"2 1 1
a) Resuelva la ecuación matricial -X+
1.2 0
1.0
verifique la ecuación M-A=A
SOCIALES II. 2015 RESERVA 4 EJERCICIO 1. OPCION A"
MATES_CCSS,Matrices Y Determinantes,2015.0,Septiembre,Ejercicio 1 Opcion A,". 12
Sean las matrices A= , B
-1
a) Calcule A?
b) Resuelva la ecuación matricial: A-X+4B=C'.
SOCIALES II. 2015 SEPTIEMBRE EJERCICIO 1. OPCION A"
MATES_CCSS,Matrices Y Determinantes,2016.0,Junio,Ejercicio 1 Opcion A,"Las filas de la matriz P indican los respectivos precios de tres artículos A,, A, y A, en dos
25 20 15
23 25 17
Cati desea comprar 2 unidades del artículo A,,1de A, y 3 de A,
comercios, C , (fila 1) y C, (fila 2): P -(
Manuel desea comprar 5 unidades del artículo A,,1de A, y 1 de A,
2 1 3
Han dispuesto esas compras en la matriz Q: Q = ( 1 )
a) Calcule P-Q' y Q-P' e indique el significado de los elementos de las matrices resultantes.
b) A la vista de lo obtenido en el apartado anterior, ¿dónde les interesa hacer la compra a cada
uno?
SOCIALES II. 2016 JUNIO. EJERCICIO 1. OPCION A"
MATES_CCSS,Matrices Y Determinantes,2016.0,Reserva 1,Ejercicio 1 Opcion A,"Sean las matrices a-[
a) Calcule A? y A%%,
b) Resuelva la ecuación matricial A-X-B=C!',
SOCIALES II. 2016. RESERVA 1. EJERCICIO 1. OPCION A"
MATES_CCSS,Matrices Y Determinantes,2016.0,Reserva 2,Ejercicio 1 Opcion A,"-3
1
Sean las matrices a-(,
a) Resuelva la ecuación matricial C-B-X-2A.X=A!',
b) Analice cuáles de las siguientes operaciones, sin efectuarlas, se pueden realizar y justifique
las respuestas: B-C+2A , A:C4+C , B'-C , C-B-A.
SOCIALES II. 2016. RESERVA 2. EJERCICIO 1. OPCION A"
MATES_CCSS,Matrices Y Determinantes,2016.0,Reserva 3,Ejercicio 1 Opcion B,". 2.4 1.01
Sean las matrices A= y B=
-2 -6 122.0
1
a) Resuelva la ecuación matricial X -(B -B ')- ”] A-2A'.
b) Razone cuáles de las siguientes operaciones pueden realizarse e indique, en su caso, la
dimensión de la matriz resultante: A-B- , A-B' , B-A7! , B'.-A+A”!
SOCIALES II. 2016. RESERVA 3. EJERCICIO 1. OPCION B"
MATES_CCSS,Matrices Y Determinantes,2016.0,Reserva 4,Ejercicio 1 Opcion A,"que (A'-A)-X=1,.
1 1
b) Calcule dicha matriz X en el caso en que A=|1 —1
1 1
c) Calcule, si es posible, el producto AJA! . A) .
SOCIALES II. 2016. RESERVA 4. EJERCICIO 1. OPCION A"
MATES_CCSS,Matrices Y Determinantes,2016.0,Reserva 4,Ejercicio 1 Opcion B,". 30 -1
Sean las matrices A= , B =(-2 3) y C= .
1.2 -1
a) Justifique cuáles de las siguientes operaciones se pueden realizar y en dichos casos calcule el
resultado: A-B ,B-A,B-C yC'-B!.
b) Calcule la matriz X en la ecuación A-X+B*'=4C.
SOCIALES II. 2016. RESERVA 4. EJERCICIO 1. OPCION B"
MATES_CCSS,Matrices Y Determinantes,2016.0,Septiembre,Ejercicio 1 Opcion A,". 2 2 -1 3
Sean las matrices A= , B= , C=
=1 -3 4 01
a) Resuelva la ecuación matricial A?.X+C=2B
b) ¿Qué dimensiones deben tener las matrices P y Q para que las matrices (B+C)-P y
B-Q-C' sean cuadradas?.
SOCIALES II. 2016 SEPTIEMBRE EJERCICIO 1. OPCION A"
MATES_CCSS,Matrices Y Determinantes,2017.0,Junio,Ejercicio 1 Opcion A,". 1.2 3 —-1
Sean las matrices A= y B=
0 -1 0 2
a) Calcule la matriz A?”,
b) ¿Se verifica la expresión (B+A)-(B-A)=B?-A??.
SOCIALES II. 2017. JUNIO. EJERCICIO 1. OPCION A"
MATES_CCSS,Matrices Y Determinantes,2017.0,Septiembre,Ejercicio 1 Opcion A,"0 1 1
0 1
. 1.01
Sean las matrices A= y B=|1 0
1 1
a) Justifique cuales de las siguientes operaciones pueden realizarse y, en tal caso, calcule el
resultado: A? ; A-B ; A-B ; A-B'
b) Halle la matriz X tal que: A'+B-X=3B
SOCIALES II. 2017 SEPTIEMBRE EJERCICIO 1. OPCION A"
MATES_CCSS,Matrices Y Determinantes,2018.0,Reserva 3,Ejercicio 1 Opción B,"a) Resuelva el sistema de ecuaciones matriciales:
3
-1
7 2
2A-5B= : 3A-B
)
o 1
2 resuelva la ecuación matricial
3
b) Dadas las matrices co[ 1
y =
1 -
X-C-D*=I,
SOCIALES II. 2018 RESERVA 3. EJERCICIO 1. OPCIÓN B"
MATES_CCSS,Matrices Y Determinantes,2019.0,Junio,Ejercicio 1 Opción B,"Se considera la matriz A=|-2 2
0 1
a) Razone si la matriz A es simétrica.
b) Calcule A”.
c) Resuelva la ecuación matricial 2X . A— A?—3I,=0
SOCIALES II. 2019 JUNIO. EJERCICIO 1. OPCIÓN B"
MATES_CCSS,Matrices Y Determinantes,2019.0,Reserva 1,Ejercicio 1 Opcion B,"Se consideran las matrices:
a; 1 p- ) c-(;) D=(-2 2)
a) Justifique cuáles de las siguientes operaciones se pueden realizar y efectúelas cuando sea
posible:
A+B-Co A:C+B-D'  B*+C.-D  A+D-C
b) Resuelva la ecuación matricial X (A+ I ,) =3B"".
SOCIALES II. 2019 RESERVA 1. EJERCICIO 1. OPCION B"
MATES_CCSS,Matrices Y Determinantes,2019.0,Reserva 2,Ejercicio 1 Opcion B,"Se consideran las matrices
a) Resuelva la ecuación matricial A*X =B*+L,.
b) ¿Tiene inversa la matriz C? Justique la respuesta.
SOCIALES II. 2019 RESERVA 2. EJERCICIO 1. OPCION B"
MATES_CCSS,Matrices Y Determinantes,2019.0,Reserva 3,Ejercicio 1 Opcion B,"Se consideran las matrices
0
1 2
1 C=
2 -3
1
a) ¿Tiene inversa la matriz A-B-—C? Justifique la respuesta y, en caso afirmativo, calcule
(A-B-C)”.
b) Resuelva la ecuación matricial A-B-X-C-X=C'.,
SOCIALES II. 2019 RESERVA 3. EJERCICIO 1. OPCION B"
MATES_CCSS,Matrices Y Determinantes,2019.0,Reserva 4,Ejercicio 1 Opcion B,"Se consideran las matrices
1 1 3
A=|1 2 -1 B=|3
1
-1 -1
a) Justifique que la matriz A tiene inversa y calcule A”.
b) Calcule, si existe, la matriz X que satisface la ecuación matricial A-X=B.
SOCIALES TI. 2019 RESERVA 4. EJERCICIO 1. OPCION B"
MATES_CCSS,Matrices Y Determinantes,1.0,Ponencia,,". 0.1.2
Dadas las matrices A= y B
1.23
a) Calcule la inversa de (A-A').
b) ¿Admite inversa la matriz (A' - A)?.
c) Calcule, cuando sea posible: A-B, B-
SOCIALES II.2019 PONENCIA 1"
MATES_CCSS,Matrices Y Determinantes,2019.0,Ponencia,2,"Consideremos la matriz a-(
2 m*+m
] , Siendo m un parámetro real. Se pide:
a) ¿Para qué valores del parámetro m existe la matriz inversa de A?
b) Para m=0, calcule la matriz inversa de A.
c) Para m=0 en la matriz A, resuelva la ecuación matricial X- A=2C, siendo C = hi 0)
SOCIALES II. 2019 PONENCIA 2"
MATES_CCSS,Matrices Y Determinantes,2019.0,Ponencia,3,"1 1 -3 1
Se consideran las matrices A= yB=
-2 -1 0-1
a) ¿Es invertible la matriz B+21,?. Justifique la respuesta y, en caso afirmativo calcule
(B+21,)'
b) Resuelva la ecuación matricial A?+X-B+2X=3B"".
SOCIALES II. 2019 PONENCIA 3"
MATES_CCSS,Matrices Y Determinantes,2019.0,Ponencia,4,"-1
Dada la matriz A=| 2
a) Calcule su determinante y el valor o los valores del parámetro m para los que existe la
inversa de la matriz A.
b) Para m=-1,calcule A”.
c) Resuelva la ecuación matricial A-X=A+I,
SOCIALES II. 2019 PONENCIA 4"
MATES_CCSS,Matrices Y Determinantes,2019.0,Ponencia,5,"Se considera la ecuación matricial A- X=A'.B,donde A=|0 1 2|yB=Jj0|.
12 0 2
a) ¿Qué dimensiones debe tener la matriz X?.
b) Resuelva la ecuación matricial A-X=A'-B
SOCIALES II. 2019 PONENCIA 5"
MATES_CCSS,Matrices Y Determinantes,2019.0,Ponencia,6,"1.2 3 2.13 2 -1 6
Se consideran las siguientes matrices A=| 1 2 1 El ):e- 0 1|;D=|0|.
01.0
1-10 3-0 3
a) Indique razonadamente cuáles de las siguientes matrices posee inversa, calculando dicha
inversa cuando sea posible: A,B, C-C'.
b) Calcule, si existe, una matriz X que satisfaga la ecuación A-X=D
SOCIALES II. 2019 PONENCIA 6"
MATES_CCSS,Matrices Y Determinantes,2019.0,Ponencia,7,"Dada la matriz A=|m
1
a) Obtenga los valores de m y n para que A coincida con su traspuesta y no tenga inversa.
b) Para m=0 y n=3,obtenga A”!.
c) Para m=0 y n=3,resuelva la ecuación matricial X-A+2I,=A
SOCIALES II. 2019 PONENCIA 7"
MATES_CCSS,Matrices Y Determinantes,2019.0,Ponencia,8,"20m
Dada la matriz A=| 1 -1 0
m 3 2
a) Determine el valor de m para los que la matriz A no tiene inversa.
b) Para m=0,obtenga A”.
SOCIALES II. 2019 PONENCIA 8"
MATES_CCSS,Matrices Y Determinantes,2020.0,Junio,Ejercicio Al,"Sean A, B, X, Y matrices invertibles que verifican: A-X=B y B-Y=A.
a) (1 punto) Compruebe que Y ""'=X.
2 1
B= , halle X e Y.
0 -1
12
b) (1P5 puntos) Para A= h ») y
SOCIALES II. 2020 JUNIO. EJERCICIO Al"
MATES_CCSS,Matrices Y Determinantes,2020.0,Reserva 1,Ejercicio A2,"2
Se consideran las matrices A=| a
3
1
-1
0
-1
—2a
a) (07 Puntos). Determine para qué valores de a tiene inversa la matriz A.
b) (1 Punto). Para a =2, calcule la matriz inversa de A.
c) (08 Puntos). Para a =0,resuelva la ecuación matricial X-A7'-B+B'=I
SOCIALES TI. 2020 RESERVA 1. EJERCICIO A2"
MATES_CCSS,Matrices Y Determinantes,2020.0,Reserva 2,Ejercicio A2,"1
1
10 -2
Se consideran las matrices a-( 1 o) , B=A-A' y c-(
a
-2 !
, Siendo a un
0
parámetro real.
a) (075 puntos) ¿Para qué valores del parámetro a existe la inversa de la matriz B?
b) (0775 puntos) Para a =1, calcule la inversa de la matriz B.
c) (1 punto) Para a =1, resuelva la ecuación matricial B'-X+9C=0.
SOCIALES TI. 2020 RESERVA 2. EJERCICIO A2"
MATES_CCSS,Matrices Y Determinantes,2020.0,Reserva 3,Ejercicio A2,". . -2 -1 -2 4
Se consideran las matrices A=|k -3 2| B= ] y C= 13)
1 o k 1
a) (08 puntos) Razone si las siguientes operaciones se pueden realizar y en aquellos casos en
que sea posible, indique la dimensión de la matriz resultante:
B'.A ,C-B , B-A+B , B”?
b) (0.7 puntos) Calcule los valores del parámetro k para los que la matriz A es invertible.
c) (1 punto) Para k =—1 , calcule la inversa de la matriz A.
SOCIALES II. 2020 RESERVA 3. EJERCICIO A2"
MATES_CCSS,Matrices Y Determinantes,2020.0,Reserva 4,Ejercicio Al,"Dada la matriz A=| 1 1
m 3 5
a) (08 Puntos). ¿Para qué valores del parámetro m tiene inversa la matriz A?.
b) (17 Puntos). Para m=0,resuelva la ecuación matricial X-A=A-A'.
SOCIALES II. 2020 RESERVA 4. EJERCICIO Al"
MATES_CCSS,Matrices Y Determinantes,2020.0,Septiembre,Ejercicio Al,"Tres institutos piden presupuesto de alojamiento en Roma en dos agencias de viajes, que les
dan el precio por noche según tipo de habitación, individual, doble y triple.
La primera agencia ofrece los siguientes precios: individual a 65 euros, doble a 85 euros y triple
a 104 euros. La segunda agencia oferta la individual a 78 euros, la doble a 83 euros y la triple a
106 euros. El primer instituto necesita tres habitaciones individuales, quince dobles y dos
triples, el segundo dos individuales, doce dobles y cinco triples y el tercer instituto una
individual, dieciséis dobles y siete triples.
a) (1 punto) Exprese, mediante una matriz A, los precios de las dos agencias según el tipo de
habitación y con otra matriz D la demanda de los tres individuos.
b) (1 punto) Mediante operaciones con las matrices anteriores, calcule el precio por noche que
cada agencia facilita a los distintos institutos por el total de habitaciones solicitadas. ¿Qué
agencia le interesa a cada instituto?
c) (05 puntos) ¿Existe inversa de la matriz D? ¿Y de la matriz A? Justifique las respuestas.
SOCIALES II. 2020 SEPTIEMBRE EJERCICIO Al"
MATES_CCSS,Matrices Y Determinantes,2021.0,Junio,Ejercicio A2,"1 -1 m
Se considera la matriz A=| 0 2 -—3 |,con mun parámetro real.
m 1 1
a) ¿Para qué valores del parámetro m existe la matriz inversa de A?.
b) Para m=2, resuelva la ecuación matricial X. A—A*=I,.
SOCIALES II. 2021 JUNIO. EJERCICIO A2"
MATES_CCSS,Matrices Y Determinantes,2021.0,Reserva 2,Ejercicio A2,"8 3.3
a) Calcule el valor del parámetro a para que la matriz A no tenga inversa.
b) Para a =3,resuelva la ecuación matricial X. A-X.B=C
. . a 4 2 2
Se consideran las matrices a—(; ) , »-( ) y C=(1 2)
c) Para a=3,compruebe que A*=11-A yexprese A* en función de la matriz A.
SOCIALES II. 2021 RESERVA 2. EJERCICIO A2"
MATES_CCSS,Matrices Y Determinantes,2021.0,Julio,Ejercicio Al,"Se considera la matriz A=|1 0 2
02 a
a) Determine para qué valores del parámetro a, la matriz A tiene inversa.
b) Para a=1, calcule la inversa de A
c) Para a =1,resuelva la ecuación matricial A-X =B',siendo B= (0 1 -1).
SOCIALES II. 2021 JULIO. EJERCICIO Al"
MATES_CCSS,Matrices Y Determinantes,2022.0,Junio,Ejercicio A2,"1.0
Se consideran las matrices A= a 1|, B =(2 =1 0) , C =(1 3 -1)
4 1
Donde a es un número real.
a) Halle los valores del parámetro a para que la matriz A tenga inversa.
b) Para a=2, calcule la matriz inversa de A
c) Para a =2,resuelva la ecuación matricial X-A+1,=B*'-C
SOCIALES II. 2022 JUNIO. EJERCICIO A2"
MATES_CCSS,Matrices Y Determinantes,2022.0,Reserva 1,Ejercicio Al,"2 -3 —a-1
Considere la matriz A=| —1 a+l
Donde a es un número real. Determine de manera justificada:
a) Los valores de a para los que la matriz A tiene inversa.
b) Las matrices A?,A?* y A%” para a=4
c) La matriz X que verifica que X-A=I, para a=3.
SOCIALES II. 2022 RESERVA 1. EJERCICIO Al"
MATES_CCSS,Matrices Y Determinantes,2022.0,Reserva 2,Ejercicio A2,"Se consideran las matrices A=|8 a 0 y B= , donde a es un número real
00 a
a) Determine los valores de a para que la matriz A no sea invertible.
b) Para a=5, calcule la inversa de la matriz A.
c) Para a =5,resuelva la ecuación matricial A-X=B.
SOCIALES II. 2022 RESERVA 2. EJERCICIO A2"
MATES_CCSS,Matrices Y Determinantes,2022.0,Reserva 3,Ejercicio Al,"Se consideran las matrices: A=| —1 —1 1 B=|-1 -1 -1
2-10 1 —1 1
a) Razone si se pueden efectuar las siguientes operaciones y realice las que sean posibles:
C.-A — A+B C'.B'
b) Resuelva la ecuación matricial A- X=B-X+C.
SOCIALES II. 2022 RESERVA 3. EJERCICIO Al"
MATES_CCSS,Matrices Y Determinantes,2022.0,Julio,Ejercicio Al,"Se consideran las matrices A=|—2
O —1
a) Determine la matriz X que verifica A-X+B=A?-C.
b) Determine las dimensiones de dos matrices P y Q sabiendo que A-P'+C=C-(Q-B).
SOCIALES II. 2022 JULIO. EJERCICIO Al"
MATES_CCSS,Matrices Y Determinantes,2023.0,Junio,Ejercicio A2,"Dadas las matrices A=| 0 =1
0
a) Calcule los valores del parámetro a para los que tanto A como B admitan inversa.
b) Para a=1, halle una matriz X que satisfaga A-X.B=C.
SOCIALES II. 2023 JUNIO. EJERCICIO A2"
MATES_CCSS,Matrices Y Determinantes,2023.0,Reserva 1,Ejercicio Al,"a) Un agricultor vende la producción de tres tipos de uva, Tempranillo, Garnacha y Macabeo,
50 40 35
0 60 55
de estos tipos de uva en cada finca. El precio de venta por kilogramo, en céntimos de euro, según
40 38 42
34 37 .o)
Calcule el producto Q-P*' y explique el significado económico de los elementos de la diagonal
principal del resultado. Indique también la cantidad total de dinero que ha obtenido el agricultor
por la venta de la cosecha de las dos fincas.
b) Dada la siguiente ecuación matricial M-X4+N=V':
b.1) Suponiendo que M sea invertible, despeje la matriz X de la ecuación anterior
10 54 8 7 .
b.2) Para M= ¿N= yV= , calcule la matriz X.
1 1 3.2 6 5
SOCIALES II. 2023 RESERVA 1. EJERCICIO Al"
MATES_CCSS,Matrices Y Determinantes,2023.0,Reserva 2,Ejercicio Al,"Una conservera fabrica latas de pisto con tomate, cebolla y pimiento siguiendo dos recetas
500 300 200
600 100 300
conseguir una lata de cada receta. Se dispone de dos proveedores, siendo la matriz de precios en
005 0'4 0'6
004 005 0'7
euros por lata vienen dados por la matriz (o' 11 0'09) . Los costes de transporte en euros por
distintas. La matriz
] indica los gramos necesarios de cada producto para
euros por kilo de cada producto ( ) . Los costes de producción de cada receta en
lata según cada proveedor vienen dados por la matriz (0'02 0'03) . La conservera quiere
obtener un beneficio de 5 céntimos por lata. Una distribuidora compra 11000 latas de la
primera receta, siendo 5000 del primer proveedor, y otras 11000 de la segunda receta, siendo
6000 del primer proveedor. ¿Cuánto debe cobrar la conservera por el pedido de esta
distribuidora.
SOCIALES II. 2023 RESERVA 2. EJERCICIO Al"
MATES_CCSS,Matrices Y Determinantes,2023.0,Reserva 3,Ejercicio A2,"1 -1 0
a) Se considera la matriz A=|0  m -—2
1 m 4
a.1) Obtenga para qué valores de m la matriz A tiene inversa.
a.2) Calcule, en caso de existir, la inversa de A para m=1.
b) Despeje y simplifique X en la ecuación X-B-B*+B=0, sabiendo que la matriz B es
invertible.
SOCIALES II. 2023 RESERVA 3. EJERCICIO A2"
MATES_CCSS,Matrices Y Determinantes,2023.0,Reserva 4,Ejercicio A2,"5-7 6 12 -9
Se consideran las matrices A=|7 0  4| B=|-2 0  11| y C=
0 3 -1 0.4 -7 -1
a) Halle las dimensiones de las siguientes matrices: C'-A-C”—, A-C-C'-B
b) Calcule, en caso de existir, las matrices inversas de A y B.
2X+3Y=A
-3X+4Y=B'
SOCIALES II. 2023 RESERVA 4. EJERCICIO A2"
MATES_CCSS,Matrices Y Determinantes,2023.0,Julio,Ejercicio Al,"1
a) Pruebe que se verifica que: A”' = (A -4A+51,) .
1 2
3 -1
b) Dada la ecuación matricial X'- a-(
y , determine la dimensión de X y resuelva la
ecuación.
SOCIALES II. 2023 JULIO. EJERCICIO Al"
MATES_CCSS,Matrices Y Determinantes,2024.0,Junio,Ejercicio Al,"Se consideran las matrices A=|a-3 a-—1
0 2
siendo a un número real.
a) Obtenga los valores de a para los que la matriz A tenga inversa.
b)Para a =1,resuelva la ecuación X-A-B=C-A
c) Determine razonadamente la dimensión de la matriz D que permite realizar la operación
B.A+D-C'.-B
SOCIALES II. 2024 JUNIO. EJERCICIO Al"
MATES_CCSS,Matrices Y Determinantes,2024.0,Reserva 2,Ejercicio Al,"1.01 322 5-a?
Se consideran las matrices M=|2 1 0 N=|5 2 1 V=| a-1 |, siendo a un
1.11 740 a?
número real
a) Halle el valor de a para que se verifique que M'-V = (s 1 5) .
b) Calcule M ""' y resuelva la ecuación matricial X-M—1,=N.
c) Razone si las operaciones 2-V.N ' y (N+M')-V se pueden realizar y, en aquellos casos en
que sea posible, indique la dimensión de la matriz resultante.
SOCIALES II. 2024 RESERVA 2. EJERCICIO Al"
MATES_CCSS,Matrices Y Determinantes,2024.0,Reserva 3,Ejercicio Al,"1 1
Se consideran las matrices a > 0) , B=
-1
100
a) Resuelva la siguiente ecuación A-B-X+C = lo 1 o) :
b) Halle las dimensiones de las matrices D y E para que tenga sentido la igualdad A-D=E-B.
SOCIALES II. 2024. RESERVA 3. EJERCICIO Al"
MATES_CCSS,Matrices Y Determinantes,2024.0,Reserva 4,Ejercicio Al,"o 1 3.2 10
Se consideran las matrices A= B= C= .
10 2.0 1 1
a) Determine las matrices X e Y que satisfacen simultáneamente las ecuaciones
2.X-Y =4-A X+Y=B
b) Calcule la matriz C%%,
c) Si D es una matriz de dimensión 2 x 3, razone si las siguientes operaciones se pueden realizar
y, en aquellos casos en los que sea posible, indique la dimensión de la matriz resultante:
A'.B+D+-D' D-B'+A D'.-A'+D
SOCIALES II. 2024 RESERVA 4. EJERCICIO Al"
MATES_CCSS,Matrices Y Determinantes,2024.0,Julio,Ejercicio Al,"1 20
Dada la matriz A=| 0 -—1 2|,resuelva la ecuación: A?-X+A*=A
-2 01
SOCIALES II. 2024 JULIO. EJERCICIO Al"
MATES_CCSS,Matrices Y Determinantes,2025.0,Junio,Ejercicio Al,"a) Plantee y resuelva el siguiente problema de forma matricial:
El gerente de una empresa de productos hospitalarios desea introducir un nuevo producto en el
mercado nacional. Para ello contrata a 3 vendedores que se han encargado de las zonas A,B y €
del país, respectivamente. E vendedor de la zona A ha trabajado 40 horas, ha realizado 10
demostraciones y 5 viajes para dicha promoción. El vendedor de la zona B ha trabajado el doble
de horas que el de la zona A, realizando 15 demostraciones y 8 viajes. En cuanto al vendedor de
la zona C, ha trabajado 100 horas, ha realizado 25 demostraciones y 10 viajes. El gerente debe
abonarles 75 € por hora trabajada, 300 € por demostración y 250 € por viaje realizado. Teniendo
en cuenta que, además, debe aplicárseles una retención en concepto del impuesto de IRPF del
15% si la cantidad a abonar al vendedor es menor de diez mil euros y del 18% en caso contrario,
determine la cantidad final que cobrará cada vendedor.
2. 2 1
b)Sea A=| 3 a-—1 2| ¿Para qué valores de a es la matriz A invertible?.
4 0 3
SOCIALES II. 2025 JUNIO EJERCICIO Al"
MATES_CCSS,Matrices Y Determinantes,2025.0,Reserva 2,Ejercicio Al B,"1.0 -1
b) Dada la matriz A=|-1 2  3|,calculeelrango de Ay A?
12 1
SOCIALES II. 2025 RESERVA 2. EJERCICIO Al b"
MATES_CCSS,Matrices Y Determinantes,2025.0,Reserva 4,Ejercicio Al B,"-1
3
matrices coincide con la suma de las inversas de cada una.
SOCIALES II. 2025 RESERVA 4. EJERCICIO Al .b"
MATES_CCSS,Matrices Y Determinantes,2025.0,Julio,Ejercicio Al,"a) Un fabricante de paneles fotovoltaicos está analizando la eficiencia de tres modelos de placas
(A, B, y C). En un día determinado se realizaron tres pruebas. En la primera, utilizando 2 placas
del modelo A, 1 placa del modelo B y 3 placas del modelo C, se generó una potencia efectiva total
de 2960 W. En la segunda, al combinar 1 placa del modelo A, 3 placas del modelo B y 2 placas
del modelo C, se obtuvo una potencia efectiva total de 2990 W. En la tercera, una configuración
con 3 placas del modelo A, 2 placas del modelo B y 1 placa del modelo C produjo una potencia
efectiva total de 2870 W. Exprese el problema en forma matricial y discuta, a partir de la matriz
del sistema, si se puede obtener la potencia efectiva que generó individualmente cada modelo de
placa fotovoltaica. En caso afirmativo, obtenga dichas potencias efectivas.
1 1Y(
b) Resuelva la ecuación matricial 2X -( ] ( ]
0 -1
SOCIALES II. 2025 JULIO EJERCICIO Al"
MATES_CCSS,Programación Lineal,2001.0,Junio,Ejercicio 1 Opción A,"Para fabricar dos tipos de cable, A y B, que se venderán a 09 € y 0% € el metro,
respectivamente, se emplean 16 Kg de plástico y 4 Kg de cobre para cada Hm del tipo A y 6 Kg
de plástico y 12 Kg de cobre para cada Hm del tipo B.
Sabiendo que la longitud de cable fabricado del tipo B no puede ser mayor que el doble de la
del tipo A y que, además, no pueden emplearse más de 252 Kg de plástico ni más de 168 Kg de
cobre, determine la longitud, en Hm, de cada tipo de cable que debe fabricarse para que la
cantidad de dinero obtenida en su venta sea máxima.
SOCIALES Il. 2001 JUNIO. EJERCICIO 1 OPCIÓN A."
MATES_CCSS,Programación Lineal,2001.0,Reserva 1,Ejercicio 1 Opción B,"5x+2y-10>0
x—-y-2<0
Sea el recinto definido por las siguientes inecuaciones: 3x+4y-20<0
x20
y20.
a) Dibuje dicho recinto y determine sus vértices.
b) Determine en qué punto de ese recinto alcanza la función F(x,y)=4x+3y el máximo
valor.
SOCIALES II. 2001 RESERVA 1. EJERCICIO 1 OPCIÓN B."
MATES_CCSS,Programación Lineal,2002.0,Junio,Ejercicio 1 Opción B,"Sea el sistema de inecuaciones siguiente: x+ y <120;3y<x:;x<100; y>10
a) Represente gráficamente la región factible y calcule sus vértices.
b) ¿En qué punto de esa región, F(x, y) =25x +20 y alcanza el máximo?.
SOCIALES HH. 2002 JUNIO. EJERCICIO 1 OPCIÓN B"
MATES_CCSS,Programación Lineal,2002.0,Reserva 1,Ejercicio 1 Opcion B,"Un ahorrador dispone de 10000 euros para invertir en fondos de dos tipos: A ÓB. La inversión
en fondos A debe superar los 5000 euros y, además, ésta debe doblar, al menos, la inversión en
fondos B.
La rentabilidad del pasado año de los fondos A ha sido del 2”7 % y la de los B ha sido del 63
%.
Suponiendo que la rentabilidad continúe siendo la misma, determine la inversión que obtenga
el máximo beneficio. Calcule este beneficio.
SOCIALES II. 2002 RESERVA 1. EJERCICIO 1 OPCION B."
MATES_CCSS,Programación Lineal,2002.0,Reserva 3,Ejercicio 1 Opción A,"Una fábrica de muebles dispone de 600 kg de madera para fabricar librerías de 1 y de 3
estantes. Se sabe que son necesarios 4 kg de madera para fabricar una librería de 1 estante,
siendo su precio de venta 20 euros; para fabricar una librería de 3 estantes se necesitan 8 kg de
madera y el precio de venta de ésta es 35 euros.
Calcule el número de librerías de cada tipo que se deben fabricar para obtener el máximo
ingreso, sabiendo que, por falta de otros materiales, no se pueden fabricar más de 120 librerías
de 1 estante, ni tampoco más de 70 de 3 estantes.
SOCIALES Il. 2002 RESERVA 3. EJERCICIO 1 OPCIÓN A."
MATES_CCSS,Programación Lineal,2003.0,Reserva 4,Ejercicio 1 Opción A,"Una empresa fabrica sofás de dos tipos, A y B, por los que obtiene un beneficio, por unidad, de
1500 y 2000 €, respectivamente.
Al menos se deben fabricar 6 sofás del tipo A y 10 del tipo B, por semana, y además, el número
de los del tipo A no debe superar en más de 6 unidades al número de los del B.¿Cuántas
unidades de cada tipo se deben fabricar semanalmente para obtener beneficio máximo, si no se
pueden fabricar más de 30 sofás semanalmente?.
SOCIALES Il. 2003 RESERVA 4. EJERCICIO 1 OPCIÓN A."
MATES_CCSS,Programación Lineal,2004.0,Junio,Ejercicio 1 Opción A,"x+y<6
3x-2y<13
x+3y>-3
x>0
Sea el siguiente sistema de inecuaciones:
a) Dibuje el recinto cuyos puntos son las soluciones del sistema y obtenga sus vértices.
b) Halle los puntos del recinto en los que la función F(x, y) =x-—2y toma los valores máximo y
mínimo, y determine éstos.
SOCIALES Il. 2004 JUNIO. EJERCICIO 1 OPCIÓN A"
MATES_CCSS,Programación Lineal,2004.0,Reserva 1,Ejercicio 1 Opción B,"Calcule los valores máximo y mínimo que alcanza la función F(x,y)=3x+5y, en el recinto
del plano determinado por las inecuaciones:
x20, y20, 3x-2y210, 2x4+3y<24, x-5y2>-1
SOCIALES II. 2004 RESERVA 1. EJERCICIO 1 OPCIÓN B."
MATES_CCSS,Programación Lineal,2004.0,Reserva 2,Ejercicio 1 Opcion B,"a) Los vértices de un polígono convexo son (1,1), (3,1/2), (8/3,5/2), (7/3,3) y (0,5/3). Calcule el
máximo de la función objetivo F(x, y) =3x—2y+4en la región delimitada por dicho polígono.
b) Dibuje el recinto del plano definido por las inecuaciones:
xX+2y>26 ; x—ySl ; yS<5 ; x>20 ; y>0
y determine sus vértices.
SOCIALES II. 2004 RESERVA 2. EJERCICIO 1 OPCION B."
MATES_CCSS,Programación Lineal,2004.0,Reserva 3,Ejercicio 1 Opción A,"a) Dibuje la región del plano definida por las siguientes inecuaciones:
2x-3y2-13 , 2x4+3y217 , x+ysll , y20.
b) Determine los vértices de este recinto.
c) Calcule los valores máximo y mínimo de la función F(x, y) =5x+6y en la región anterior e
indique en qué puntos se alcanzan.
SOCIALES HI. 2004 RESERVA 3. EJERCICIO 1 OPCIÓN A."
MATES_CCSS,Programación Lineal,2004.0,Reserva 4,Ejercicio 1 Opción A,"Una fábrica produce dos tipos de relojes: de pulsera, que vende a 90 euros la unidad, y de
bolsillo, que vende a 120 euros cada uno. La capacidad máxima diaria de fabricación es de
1000 relojes, pero no puede fabricar más de 800 de pulsera ni más de 600 de bolsillo. ¿Cuántos
relojes de cada tipo debe producir para obtener el máximo ingreso? ¿Cuál sería dicho ingreso?
SOCIALES Il. 2004 RESERVA 4. EJERCICIO 1 OPCIÓN A."
MATES_CCSS,Programación Lineal,2004.0,Septiembre,Ejercicio 1 Opción A,"Una pastelería elabora dos tipos de trufas, dulces y amargas. Cada trufa dulce lleva 20 gr de
cacao, 20 gr de nata y 30 gr de azúcar y se vende a 1 euro la unidad. Cada trufa amarga lleva
100 gr de cacao, 20 gr de nata y 15 gr de azúcar y se vende a 1”3 euros la unidad.
En un día, la pastelería sólo dispone de 30 kg de cacao, 8 kg de nata y 105 kg de azúcar. Sabiendo
que vende todo lo que se elabora, calcule cuántas trufas de cada tipo deben elaborarse ese día,
para maximizar los ingresos y determine dichos ingresos.
SOCIALES Il. 2004 SEPTIEMBRE. EJERCICIO 1 OPCIÓN A."
MATES_CCSS,Programación Lineal,2005.0,Junio,Ejercicio 1 Opción B,"Sea el siguiente sistema de inecuaciones: 2x-3y<6; x>2y-4; x+yS<8;x>0;y>0
a) Dibuje la región que definen y calcule sus vértices.
b) Halle los puntos de esa región en los que la función F(x,y)=2x+3y alcanza los valores
máximo y mínimo y calcule dichos valores.
SOCIALES Il. 2005 JUNIO. EJERCICIO 1 OPCIÓN B"
MATES_CCSS,Programación Lineal,2006.0,Junio,Ejercicio 1 Opción B,"a) Represente la región definida por las siguientes inecuaciones y calcule sus vértices:
x20; y>20;-—x+2y<6;x+y<6;x<4
b) Calcule el máximo de la función F(x,y)=2x+2y+1 en la región anterior e indique dónde
se alcanza.
SOCIALES II. 2006 JUNIO. EJERCICIO 1 OPCIÓN B"
MATES_CCSS,Programación Lineal,2006.0,Reserva 1,Ejercicio 1 Opción A,"Una imprenta local edita periódicos y revistas. Para cada periódico necesita un cartucho de
tinta negra y otro de color, y para cada revista uno de tinta negra y dos de color. Si sólo
dispone de 800 cartuchos de tinta negra y 1100 de color, y si no puede imprimir más de 400
revistas,¿cuánto dinero podrá ingresar como máximo, si vende cada periódico a 0”9 euros y
cada revista a 12 euros?
SOCIALES II. 2006 RESERVA 1. EJERCICIO 1 OPCIÓN A"
MATES_CCSS,Programación Lineal,2006.0,Reserva 4,Ejercicio 1 Opción B,"Se considera el recinto definido por las inecuaciones
y=xS4 , x-yS4 , x+ysl2
a) Represente el recinto y calcule sus vértices.
>
b) Dada la función objetivo F(x, y) = - x - y ,determine los valores máximo y mínimo de F
y los puntos del recinto donde se alcanzan.
SOCIALES II. 2006 RESERVA 4. EJERCICIO 1 OPCIÓN B"
MATES_CCSS,Programación Lineal,2006.0,Septiembre,Ejercicio 1 Opción A,"a) Represente gráficamente el recinto definido por el siguiente sistema de inecuaciones:
x20; y>0; x>3(y-3);2x+3y<36; x<15
b) Calcule los vértices del recinto.
c) Obtenga el valor máximo de la función F(x,y)=8x+12 y en este recinto e indique dónde se
alcanza.
SOCIALES II. 2006 SEPTIEMBRE. EJERCICIO 1 OPCIÓN A"
MATES_CCSS,Programación Lineal,2007.0,Junio,Ejercicio 1 Opción B,"Consideramos el recinto del plano limitado por las siguientes inecuaciones:
y=xS4; y+2x>27 ; -2x-y+13>20; x>0; y>0
a) Represente el recinto y calcule sus vértices.
b) Halle en qué puntos de ese recinto alcanza los valores máximo y mínimo la función
F(x, y) =4x+2y-1.
SOCIALES HH. 2007 JUNIO. EJERCICIO 1 OPCIÓN B"
MATES_CCSS,Programación Lineal,2007.0,Reserva 1,Ejercicio 1 Opción B,"Un Ayuntamiento concede licencia para la construcción de una urbanización de a lo sumo 120
viviendas, de dos tipos A y B.
Para ello la empresa constructora dispone de un capital máximo de 15 millones de euros,
siendo el coste de construcción de la vivienda de tipo A de 100000 euros y la de tipo B 300000
euros.
Si el beneficio obtenido por la venta de una vivienda de tipo A asciende a 20000 euros y por una
de tipo B a 40000 euros, ¿cuántas viviendas de cada tipo deben construirse para obtener un
beneficio máximo?
SOCIALES Il. 2007. RESERVA 1. EJERCICIO 1. OPCIÓN B."
MATES_CCSS,Programación Lineal,2007.0,Reserva 2,Ejercicio 1 Opción B,"Una empresa fabrica lunas para coches. Cada luna delantera requiere 25 m? de cristal,
mientras que cada luna trasera requiere 2 m?.
La producción de una luna delantera precisa 0”3 horas de máquina de corte y cada luna
trasera 0”2 horas. La empresa dispone de 1750 m? de cristal por semana y 260 horas
semanales de máquina de corte.
Para adaptarse a la demanda habitual, la empresa fabrica siempre, como mínimo, el doble de
lunas delanteras que de lunas traseras.
Determine cuántas lunas de cada tipo debe fabricar semanalmente la empresa para que el
número total de lunas sea máximo.
SOCIALES Il. 2007. RESERVA 2. EJERCICIO 1. OPCIÓN B."
MATES_CCSS,Programación Lineal,2007.0,Reserva 3,Ejercicio 1 Opción B,"La candidatura de un determinado grupo político para las elecciones municipales debe cumplir
los siguientes requisitos: el número total de componentes de la candidatura debe estar
comprendido entre 6 y 18 y el número de hombres (x) no debe exceder del doble del número de
mujeres (y).
a) Represente el recinto asociado a estas restricciones y calcule sus vértices.
b) ¿Cuál es el mayor número de hombres que puede tener una candidatura que cumpla esas
condiciones?
SOCIALES Il. 2007. RESERVA 3. EJERCICIO 1. OPCIÓN B."
MATES_CCSS,Programación Lineal,2007.0,Reserva 4,Ejercicio 1 Opción B,"Una fábrica produce bombillas de bajo consumo que vende a 1 euro cada una, y focos
halógenos que vende a 1”5 euros. La capacidad máxima de fabricación es de 1000 unidades,
entre bombillas y focos, si bien no se pueden fabricar más de 800 bombillas ni más de 600 focos.
Se sabe que la fábrica vende todo lo que produce. Determine cuántas bombillas y cuántos focos
debe producir para obtener los máximos ingresos posibles y cuáles serían éstos.
SOCIALES Il. 2007. RESERVA 4. EJERCICIO 1. OPCIÓN B."
MATES_CCSS,Programación Lineal,2008.0,Junio,Ejercicio 1 Opción B,"a) Represente gráficamente la región determinada por las siguientes restricciones:
2x+ y<S6 ; 4x+ y<S10; —-x+yS3;x>20; y>20
b) Calcule el máximo de la función F(x, y) =4x+2y-3 en el recinto anterior e indique dónde
se alcanza.
SOCIALES II. 2008 JUNIO. EJERCICIO 1 OPCIÓN B"
MATES_CCSS,Programación Lineal,2008.0,Reserva 2,Ejercicio 1 Opcion A,"Un joyero fabrica dos modelos de anillos. El modelo A se hace con 1 gramo de oro y 1.5 gramos
de plata. El modelo B lleva 1.5 gramos de oro y 1 gramo de plata. El joyero sólo dispone de 750
gramos de cada metal y piensa fabricar, al menos, 150 anillos del tipo B que ya tiene
encargados. Sabiendo que el beneficio de un anillo del tipo A es de 50 € y del tipo B es de 70 €,
¿Cuántos anillos ha de fabricar de cada tipo para obtener el beneficio máximo y cuál será éste?
SOCIALES II. 2008 RESERVA 2. EJERCICIO 1. OPCION A"
MATES_CCSS,Programación Lineal,2008.0,Reserva 4,Ejercicio 1 Opción A,"Una empresa produce botellas de leche entera y de leche desnatada y tiene una capacidad de
producción máxima de 6000 botellas al día. Las condiciones de la empresa obligan a que la
producción de botellas de leche desnatada sea, al menos, la quinta parte de las de leche entera
y, como máximo, el triple de la misma. El beneficio de la empresa por botella de leche entera es
de 20 céntimos y por botella de leche desnatada es de 32 céntimos. Suponiendo que se vende
toda la producción, determine la cantidad de botellas de cada tipo que proporciona un
beneficio máximo y el importe de este beneficio.
SOCIALES I1. 2008. RESERVA 4. EJERCICIO 1. OPCIÓN A"
MATES_CCSS,Programación Lineal,2009.0,Junio,Ejercicio 1 Opción B,"a) Dibuje el recinto definido por las siguientes restricciones:
x+y22; x-yS0; y<4; x>0
b) Determine el máximo y el mínimo de la función F(x, y)=x+ y en el recinto anterior y los
puntos dónde se alcanza.
14 . . ce
c) ¿Pertenece el punto (55) al recinto anterior?. Justifique la respuesta.
SOCIALES Il. 2009 JUNIO. EJERCICIO 1 OPCIÓN B"
MATES_CCSS,Programación Lineal,2009.0,Reserva 1,Ejercicio 1 Opción B,"En un examen de Matemáticas se propone el siguiente problema:
“Indique dónde se alcanza el mínimo de la función F(x,y)=6x+3y-2 en la región
determinada por las restricciones 2x+ y>6 ; 2x+5y<30 ; 2x-y<6.”
a) Resuelva el problema
b) Ana responde que se alcanza en (1,4) y Benito que lo hace en (3.0). ¿Es cierto que el mínimo
se alcanza en (1,4)?. ¿Es cierto que se alcanza en (3,0)?.
SOCIALES II. 2009 RESERVA 1. EJERCICIO 1 OPCIÓN B"
MATES_CCSS,Programación Lineal,2009.0,Reserva 2,Ejercicio 1 Opción B,"Un agricultor posee 10 hectáreas (ha.) y decide dedicarlas al cultivo de cereales y hortalizas.
Por las limitaciones de agua no puede destinar más de 5 ha. A hortalizas. El cultivo de cereales
tiene un coste de 1000 euros/ha. Y el de hortalizas de 3000 euros/ha., no pudiendo superar el
coste la cantidad de 16000 euros. El beneficio neto por ha. De cereales asciende a 2000 euros y
el de hortalizas a 8000 euros. Halle la distribución de cultivos que maximiza el beneficio y
calcule dicho máximo.
SOCIALES HI. 2009 RESERVA 2. EJERCICIO 1. OPCIÓN B"
MATES_CCSS,Programación Lineal,2009.0,Reserva 3,Ejercicio 1 Opción A,"Obtenga los valores máximo y mínimo, indicando donde se alcanzan, de la función objetivo
F (x, y) = x-— y en la región definida por las restricciones:
6x+y>3 ; 2x+y<2; ys? ¡xX>0; y>0
SOCIALES Il. 2009 RESERVA 3. EJERCICIO 1 OPCIÓN A"
MATES_CCSS,Programación Lineal,2009.0,Reserva 4,Ejercicio 1 Opción B,"a) Plantee, sin resolver, el siguiente problema de programación lineal: “Una empresa fabrica
camisas de dos tipos A y B. El beneficio que obtiene es de 8 euros por cada camisa que fabrica
del tipo A y de 6 euros por cada una del tipo B. La empresa puede fabricar, como máximo,
100.000 camisas, y las del tipo B han de suponer, al menos, el 60% del total. ¿Cuántas camisas
debe fabricar de cada tipo para obtener el máximo beneficio?.
b) Represente la región definida por las inecuaciones:
y<x ; y+2x<6; x<4y+3
Calcule el máximo de F(x,y)= y+2x en la región anterior e indique dónde se alcanza.
SOCIALES Il. 2009 RESERVA 4. EJERCICIO 1 OPCIÓN B"
MATES_CCSS,Programación Lineal,2009.0,Septiembre,Ejercicio 1 Opción A,"a) Represente la región definida por las siguientes inecuaciones y determine sus vértices:
x+3y<12; 3H : y21;x>0
b) Calcule los valores extremos de la función F(x,y)=5x+15y en dicha región y dónde se
alcanzan.
SOCIALES Il. 2009 SEPTIEMBRE. EJERCICIO 1 OPCIÓN A"
MATES_CCSS,Programación Lineal,2010.0,Junio,Ejercicio 1 Opción A,"Sea el recinto definido por las inecuaciones siguientes:
x+yS15; x<2y;0< y<6; x>20
a) Represente gráficamente dicho recinto.
b) Calcule sus vértices.
c) Determine el máximo valor de la función F(x,y)=8x+5y en el recinto anterior y dónde se
alcanza.
SOCIALES II. 2010 JUNIO. EJERCICIO 1 OPCIÓN A"
MATES_CCSS,Programación Lineal,2010.0,Reserva 1,Ejercicio 1 Opción A,"Sea el recinto del plano definido por el siguiente sistema de inecuaciones:
X+yS3 ; —-x+yS3; x<2; y>0
a) Represéntelo gráficamente.
b) Calcule los vértices de dicho recinto.
c) ¿Cuáles son los valores máximo y mínimo de la función objetivo F(x,y)=-=—2x- y ?.¿En qué
puntos se alcanzan dichos valores?.
SOCIALES Il. 2010 RESERVA 1. EJERCICIO 1 OPCIÓN A"
MATES_CCSS,Programación Lineal,2010.0,Reserva 2,Ejercicio 1 Opción B,"a) Represente la región definida por las siguientes inecuaciones y determine sus vértices:
xS2; y>2-4x+8 ; 3y-4x-16<0
b) Calcule los valores máximo y mínimo de la función F(x, y)=3x- y, y los puntos donde se
alcanzan.
SOCIALES II. 2010 RESERVA 2. EJERCICIO 1 OPCIÓN B"
MATES_CCSS,Programación Lineal,2010.0,Reserva 3,Ejercicio 1 Opción A,"Un comerciante quiere dar salida a 400 kg de avellanas, 300 kg de nueces y 400 kg de
almendras. Para ello hace dos tipos de lotes: los de tipo A contienen 2 kg de avellanas, 2 kg de
nueces y l kg de almendras; y los de tipo B contienen 3 kg de avellanas, 1 kg de nueces y 4 kg
de almendras. El precio de venta de cada lote es de 20 € para los del tipo A y de 40€ para los del
tipo B. ¿Cuántos lotes de cada tipo debe vender para obtener el máximo ingreso y a cuánto
asciende éste?.
SOCIALES Il. 2010 RESERVA 3. EJERCICIO 1 OPCIÓN A."
MATES_CCSS,Programación Lineal,2010.0,Reserva 3,Ejercicio 1 Opción B,"Se considera el recinto del plano determinado por los siguientes semiplanos:
4x-y24:; 2x+ yS15 ; 3y-x<10; y20
a) Represente el recinto y calcule sus vértices.
b) Calcule los puntos del recinto donde la función F(x,y)=4x-—7y alcanza el máximo y el
mínimo
c) ¿Entre que valores varia la función F(x, y) =4x-—7 y en el recinto?.
SOCIALES Il. 2010 RESERVA 3. EJERCICIO 1 OPCIÓN B"
MATES_CCSS,Programación Lineal,2010.0,Reserva 4,Ejercicio 1 Opción A,"Un supermercado se abastece de gambas y langostinos a través de dos mayoristas, A y B, que le
envían contenedores con cajas completas de ambos productos. El mayorista A envía en cada
contenedor 2 cajas de gambas y 3 de langostinos, al precio de 350 € el contenedor, mientras que
el mayorista B envía en cada uno 1 caja de gambas y 5 de langostinos, al precio de 550 € el
contenedor.
El supermercado necesita, como mínimo, 50 cajas de gambas y 180 de langostinos, pudiendo
almacenar ,como máximo, 50 contenedores.
¿Cuántos contenedores debería pedir el supermercado a cada mayorista para satisfacer sus
necesidades con el menor coste posible?. Indique cuál sería ese coste mínimo.
SOCIALES Il. 2010 RESERVA 4. EJERCICIO 1 OPCIÓN A."
MATES_CCSS,Programación Lineal,2010.0,Reserva 4,Ejercicio 1 Opción B,"a) Dibuje el recinto del plano definido por las inecuaciones:
x+3y>9 ; 4x-5y+25>0 ; 7x-2yS17 ; x>20; y>0
b) Calcule los vértices del mismo.
c) Obtenga en dicho recinto los valores máximo y mínimo de la función F(x,y)=2x-y+6 y
los puntos donde se alcanzan.
SOCIALES Il. 2010 RESERVA 4. EJERCICIO 1 OPCIÓN B"
MATES_CCSS,Programación Lineal,2010.0,Septiembre,Ejercicio 1 Opción A,"Sea el recinto del plano definido por el siguiente sistema de inecuaciones:
3x+y24 5 x+y<6:; 0< y<5
a) Represéntelo gráficamente.
b) Calcule los vértices de dicho recinto.
c) En el recinto anterior, halle los valores máximo y mínimo de la función F(x,y)=5x+3y.
¿En qué puntos se alcanzan dichos valores?.
SOCIALES Il. 2010 SEPTIEMBRE. EJERCICIO 1 OPCIÓN A"
MATES_CCSS,Programación Lineal,2011.0,Junio,Ejercicio 1 Opción B,"Sea el recinto determinado por las siguientes inecuaciones:
x+yS<20 ; 3x+5y<S70 ; x>0; y20
a) Razone si el punto de coordenadas (4.1,11.7) pertenece al recinto.
b) Represente dicho recinto y calcule sus vértices.
c) ¿Dónde alcanzará la función F(x, y) =0.6x + y sus valores extremos y cuáles serán éstos?.
SOCIALES Il. 2011 JUNIO. EJERCICIO 1 OPCIÓN B"
MATES_CCSS,Programación Lineal,2011.0,Reserva 1,Ejercicio 1 Opción A,"a) Represente gráficamente el recinto determinado por las siguientes inecuaciones:
6x-y+920 ; 2x+5y-13<0 ; 2x-3y-5<0
b) Determine los vértices del recinto anterior.
c) Halle los valores máximo y mínimo de la función F(x,y)=3x-2y+3 en el recinto del
primer apartado, y especifique en qué puntos los alcanza.
SOCIALES Il. 2011 RESERVA 1. EJERCICIO 1 OPCIÓN A"
MATES_CCSS,Programación Lineal,2011.0,Reserva 2,Ejercicio 1 Opción B,"Una empresa elabora dos productos, A y B. Cada unidad de A requiere 2 horas en una
máquina y 5 horas en una segunda máquina. Cada unidad B necesita 4 horas en la primera
máquina y 3 horas en la segunda máquina. Semanalmente se dispone de 100 horas en la
primera máquina y de 110 horas en la segunda.
Si la empresa obtiene un beneficio de 70 euros por cada unidad A, y de 50 euros por cada
unidad de B, ¿qué cantidad semanal de cada producto debe producir con objeto de maximizar
el beneficio total?. ¿Cuál es ese beneficio?
SOCIALES Il. 2011 RESERVA 2. EJERCICIO 1 OPCIÓN B"
MATES_CCSS,Programación Lineal,2011.0,Reserva 3,Ejercicio 1 Opción B,"a) Dibuje el recinto del plano definido por el siguiente sistema de inecuaciones y determine sus
vértices.
y>200-2x ; x-100<3y ; x+2y<600 ; x>0
b) Sabiendo que A(0,2),B(1,4),C(3,4),D(4,2) yE(2,1) son los vértices de una región factible,
determine en ella el mínimo y el máximo de la función F(x,y)=10x+5y+21,e indique los
puntos donde se alcanza.
SOCIALES II. 2011 RESERVA 3. EJERCICIO 1 OPCIÓN B"
MATES_CCSS,Programación Lineal,2011.0,Reserva 4,Ejercicio 1 Opción B,"Se considera el recinto R del plano determinado por las siguientes inecuaciones:
13x+8y<600 ; 3(x-2)>2(y-3); x-4y<0
a) Represente gráficamente el recinto R y calcule sus vértices.
c) Calcule el valor máximo en dicho recinto de la función F(x, y)=65x+40 y, indicando donde
se alcanza.
SOCIALES II. 2011 RESERVA 4. EJERCICIO 1 OPCIÓN B"
MATES_CCSS,Programación Lineal,2011.0,Septiembre,Ejercicio 1 Opción A,"Se considera el recinto R del plano, determinado por las siguientes inecuaciones:
x+y22; x43y<15; 3x-y<15; x>20; y20
a) Represente gráficamente el recinto R y calcule sus vértices.
b) Halle los valores máximo y mínimo que alcanza la función F(x, y) =3x+ y en dicho recinto.
c) Razone si existen puntos (x, y) del recinto, para los que F(x, y)=30..
SOCIALES Il. 2011 SEPTIEMBRE. EJERCICIO 1 OPCIÓN A"
MATES_CCSS,Programación Lineal,2012.0,Junio,Ejercicio 1 Opción A,"Sea el recinto limitado por las siguientes inecuaciones:
y+2x22 ; 2y-3x2-3 ; 3y-x<6
a) Represente gráficamente dicho recinto.
b) Calcule sus vértices.
c) Obtenga el valor mínimo de la función F(x,y)=2x-— y en el recinto anterior, así como
dónde lo alcanza.
SOCIALES Il. 2012 JUNIO. EJERCICIO 1 OPCIÓN A"
MATES_CCSS,Programación Lineal,2012.0,Reserva 1,Ejercicio 1 Opción B,"Sea el recinto determinado por las siguientes inecuaciones:
3x+4y2>28 ; 5x4+2y<42 ; x-y20
a) Razone si el punto de coordenadas (7,3) pertenece al recinto.
b) Represente dicho recinto y halle sus vértices.
c) Calcule el valor máximo de la función F(x, y) =3x-—2y+6 en el recinto, indicando el punto
o los puntos donde se alcanza ese máximo.
SOCIALES Il. 2012 RESERVA 1. EJERCICIO 1 OPCIÓN B"
MATES_CCSS,Programación Lineal,2012.0,Reserva 2,Ejercicio 1 Opción A,"Un comerciante dispone de 1200 euros para comprar dos tipos de manzanas A y B. Las del tipo
A las compra a 0.60 €/Kg y las vende a 0.90 €/Kg, mientras que las de tipo B las compra a 1
€/Kg y las vende a 1.35 €/Kg.
Sabiendo que su vehículo a lo sumo puede transportar 1500 Kg de manzanas, ¿cuántos
Kilogramos de cada tipo deberá adquirir para que el beneficio que obtenga sea máximo? ¿Cuál
sería ese beneficio?.
SOCIALES Il. 2012 RESERVA 2. EJERCICIO 1 OPCIÓN A"
MATES_CCSS,Programación Lineal,2012.0,Reserva 3,Ejercicio 1 Opción B,"a) Represente la región definida por las siguientes inecuaciones y determine sus vértices.
Tx-y2-10; x+yS2; 3x-5y<S14
b) Calcule los valores máximo y mínimo que alcanza la función F(x,y)=2x+3y en dicha
región.
SOCIALES Il. 2012 RESERVA 3. EJERCICIO 1 OPCIÓN B"
MATES_CCSS,Programación Lineal,2012.0,Reserva 4,Ejercicio 1 Opción B,"En una carpintería se construyen dos tipos de estanterías: grandes y pequeñas, y se tienen para
ello 60 m? de tableros de madera. Las grandes necesitan 4 m? de tablero y las pequeñas 3 m?. El
carpintero debe hacer como mínimo 3 estanterías grandes, y el número de pequeñas que haga
debe ser, al menos, el doble del número de las grandes. Si la ganancia por cada estantería
grande es de 60 euros y por cada una de las pequeñas es de 40 euros,¿cuántas debe fabricar de
cada tipo para obtener el máximo beneficio?.
SOCIALES Il. 2012 RESERVA 4. EJERCICIO 1 OPCIÓN B"
MATES_CCSS,Programación Lineal,2012.0,Septiembre,Ejercicio 1 Opcion A,"Un empresario fabrica camisas y pantalones para jóvenes. Para hacer una camisa se necesitan
2 metros de tela y 5 botones, y para hacer un pantalón hacen falta 3 metros de tela, 2 botones y
una cremallera. La empresa dispone de 1050 metros de tela, 1250 botones y 300 cremalleras. El
beneficio que se obtiene por la venta de una camisa es de 30 euros y el de un pantalón es de 50
euros.
Suponiendo que se vende todo lo que se fabrica, calcule el número de camisas y de pantalones
que debe confeccionar para obtener el máximo beneficio, y determine este beneficio máximo.
SOCIALES II. 2012 SEPTIEMBRE. EJERCICIO 1 OPCION A"
MATES_CCSS,Programación Lineal,2013.0,Junio,Ejercicio 1 Opción B,"Un fabricante de tapices dispone de 500 kg de hilo de seda, 400 kg de hilo de plata y 225 kg de
hilo de oro. Desea fabricar dos tipos de tapices: A y B. Para los del tipo A se necesita 1 kg de
hilo de seda y 2 kg de hilo de plata, y para los del tipo B, 2 kg de hilo de seda, 1 kg de hilo de
plata y 1 kg de hilo de oro. Cada tapiz del tipo A se vende a 2000 euros y cada tapiz del tipoB a
3000 euros. Si se vende todo lo que se fabrica,
a) ¿Cuántos tapices de cada tipo ha de fabricar para que el beneficio sea máximo y cuál es ese
beneficio?
b) ¿Qué cantidad de hilo de cada clase quedará cuando se fabrique el número de tapices que
proporciona el máximo beneficio?
SOCIALES II. 2013 JUNIO. EJERCICIO 1 OPCIÓN B"
MATES_CCSS,Programación Lineal,2013.0,Reserva 1,Ejercicio 1 Opción A,"a) Plantee, sin resolver, el siguiente problema: “Un barco puede transportar vehículos de dos
tipos: coches y motos. Las condiciones de la nave obligan a que el número de motos no pueda
ser inferior a la cuarta parte del de coches ni superior a su doble; además, la suma del número
de motos más el doble del número de coches no puede ser mayor que 100. ¿Cuántos vehículos,
como máximo, puede transportar este barco?”.
b) Dado el recinto limitado por las inecuaciones: y>30 ; 3x-—y>150 ; 6x+7y<840, halle
en qué puntos de ese recinto la función F(x,y)=6x-2y, alcanza su valor mínimo.
SOCIALES Il. 2013 RESERVA 1. EJERCICIO 1 OPCIÓN A"
MATES_CCSS,Programación Lineal,2013.0,Septiembre,Ejercicio 1 Opción A,"Sea R la región factible definida por las inecuaciones x>3 y; x<5:; y21.
a) Razone si el punto (4.5,1.55) pertenece a R.
b) Dada la función objetivo F(x, y)=2x-—3 y , calcule sus valores extremos en R.
c) Razone si hay algún punto de R donde la función F valga3.5 .¿Y 7.5 ?
SOCIALES Il. 2013 SEPTIEMBRE. EJERCICIO 1 OPCIÓN A"
MATES_CCSS,Programación Lineal,2014.0,Junio,Ejercicio 1 Opción B,"a) Dadas las inecuaciones: y<x+5,2x+ y>-4 ,4xS10- y, y>0,represente el recinto que
limitan y calcule sus vértices.
b) obtenga el máximo y el mínimo de la función F(x,y)=x +5 en el recinto anterior, así como
los puntos en los que se alcanza.
SOCIALES Il. 2014 JUNIO. EJERCICIO 1. OPCIÓN B"
MATES_CCSS,Programación Lineal,2014.0,Reserva 1,Ejercicio 1 Opción B,"a) Represente la región del plano determinada por las siguientes inecuaciones:
2x+5y<S15 ; x+y<S6 ; 53x-7y<S42;x>0
b) Halle los vértices de la región anterior.
c) En esta región, halle el valor mínimo de la función F(x,y)=-2x-2y+3 y donde lo
alcanza.
SOCIALES II. 2014 RESERVA 1. EJERCICIO 1 OPCIÓN B"
MATES_CCSS,Programación Lineal,2014.0,Reserva 2,Ejercicio 1 Opción B,"Un nutricionista receta a una de sus pacientes una dieta semanal especial basada en lácteos y
pescado. Cada kg de lácteos cuesta 6 € y proporciona 3 unidades de proteínas y 1 de calorías;
cada kg de pescado cuesta 12 €, aportando 1 unidad de proteínas y 2 de calorías.
La dieta le exige no tomar más de 4 kg, conjuntamente, de lácteos y pescado, y un aporte
mínimo de 4 unidades de proteínas y 3 de calorías.
a) Plantee el problema para obtener la combinación de ambos alimentos que tenga el coste
mínimo.
b) Dibuje la región factible y determine la solución óptima del problema.
SOCIALES Il. 2014 RESERVA 2. EJERCICIO 1 OPCIÓN B"
MATES_CCSS,Programación Lineal,2014.0,Reserva 3,Ejercicio 1 Opción A,"a) Represente gráficamente la región definida por las siguientes inecuaciones y calcule sus vértices:
x+2yS3,x-ySl,x>2-1,y>0.
b) Calcule los valores máximo y mínimo de la función objetivo F (x, y) =2x +4 y en la región anterior
y los puntos donde se alcanzan.
SOCIALES I1. 2014 RESERVA 3. EJERCICIO 1. OPCIÓN A"
MATES_CCSS,Programación Lineal,2014.0,Reserva 4,Ejercicio 1B Opción B,"Si A(0,2), B(2,0) ,C(4,0), D(6,3) y E(3,6) son los vértices de una región factible, determine,
en esa región, el valor mínimo y el valor máximo de la función F(x,y)=4x-3y+8 e indique
los puntos donde se alcanzan.
SOCIALES II. 2014 RESERVA 4. EJERCICIO 1b. OPCIÓN B"
MATES_CCSS,Programación Lineal,2014.0,Septiembre,Ejercicio 1 Opción B,"a) Plantee, sin resolver, el siguiente problema:
“Un mayorista vende productos congelados que presenta en envases de dos tamaños, pequeños
y grandes. La capacidad de sus congeladores no le permite almacenar más de 1000 envases en
total. En función de la demanda sabe que debe mantener un stock mínimo de 100 envases
pequeños y 200 envases grandes. La demanda de envases grandes es igual o superior a la de
envases pequeños. El coste por almacenaje es de 10 céntimos de euro por cada envase pequeño
y de 20 céntimos de euro por cada envase grande. ¿Qué número de envases de cada tipo
proporciona el mínimo coste de almacenaje?”
b) Represente el recinto que determinan las inecuaciones
2x2 10+ y; x<2(5- y);x>0; y>0.
SOCIALES Il. 2014 SEPTIEMBRE. EJERCICIO 1 OPCIÓN B"
MATES_CCSS,Programación Lineal,2015.0,Reserva 1,Ejercicio 1 Opcion B,"a) Represente gráficamente la región factible definida por las siguientes restricciones:
4x4+2y2>5 2x+5y<10 2x+2y<6 x20 y20
y calcule sus vértices.
b) Calcule los valores máximo y mínimo de la función objetivo F(x,y)=x+2y en la región
anterior y los puntos donde se alcanzan.
SOCIALES II. 2015 RESERVA 1 EJERCICIO 1. OPCION B"
MATES_CCSS,Programación Lineal,2015.0,Reserva 2,Ejercicio 1 Opcion B,"Un supermercado tiene almacenados 600 kg de manzanas y 400 kg de naranjas. Para
incentivar su venta elabora dos tipos de bolsas: A y B.
Las bolsas de tipo A contienen 3 kg de manzanas y 1 kg de naranjas; las bolsas de tipo B
incluyen 2 kg de cada uno de los productos.
El precio de venta de la bolsa A es de 4 € y de 3 € el de la bolsa de tipo B.
Suponiendo que vende todas las bolsas preparadas, ¿cuántas bolsas de cada tipo debe haber
elaborado para maximizar los ingresos? ¿A cuánto asciende el ingreso máximo?
SOCIALES II. 2015 RESERVA 2 EJERCICIO 1. OPCION B"
MATES_CCSS,Programación Lineal,2015.0,Reserva 3,Ejercicio 1 Opcion B,"Sea el siguiente conjunto de inecuaciones:
x-3y<8 3x+2y215 x+3y<12 x20 y20
a) Dibuje el recinto del plano determinado por estas inecuaciones.
b) Determine los vértices de este recinto.
c) Maximice la función F(x, y) =5x+9 y en este recinto, indicando el punto o puntos donde se
alcanza ese máximo.
SOCIALES II. 2015 RESERVA 3 EJERCICIO 1. OPCION B"
MATES_CCSS,Programación Lineal,2015.0,Reserva 4,Ejercicio 1 Opcion B,"Se desea invertir 100000 € en dos productos financieros A y B que tienen una rentabilidad del
2% y del 2.5% respectivamente. Se sabe que el producto B exige una inversión mínima de
10000 € y, por cuestiones de riesgo, no se desea que la inversión en B supere el triple de lo
invertido en A. ¿Cuánto se debe invertir en cada producto para que el beneficio sea máximo y
cuál sería dicho beneficio?
SOCIALES II. 2015 RESERVA 4 EJERCICIO 1. OPCION B"
MATES_CCSS,Programación Lineal,2016.0,Junio,Ejercicio 1 Opción B,"Un taller fabrica y vende dos tipos de alfombras, de seda y de lana. Para la elaboración de una
unidad se necesita un trabajo manual de 2 horas para el primer tipo y de 3 horas para el
segundo y de un trabajo de máquina de 2 horas para el primer tipo y de 1 hora para el
segundo. Por cuestiones laborales y de planificación, se dispone de hasta 600 horas al mes para
el trabajo manual y de hasta 480 horas al mes para el destinado a la máquina.
Si el beneficio por unidad para cada tipo de alfombra es de 150 € y de 100 €, respectivamente.
¿cuántas alfombras de cada tipo debe elaborar para obtener máximo beneficio? ¿A cuánto
asciende el mismo?
SOCIALES I1. 2016 JUNIO. EJERCICIO 1. OPCIÓN B"
MATES_CCSS,Programación Lineal,2016.0,Reserva 2,Ejercicio 1 Opcion B,"Una empresa fabrica dos tipos de agua de colonia, A y B. La colonia A contiene un 5% de
extracto de rosas y un 10% de alcohol, mientras que la B se fabrica con un 10% de extracto de
rosas y un 15% de alcohol. El precio de venta de la colonia A es de 24 €/litro y el de la B es de
40 €/litro. Se dispone de 70 litros de extracto de rosas y de 120 litros de alcohol. ¿Cuántos litros
de cada colonia convendría fabricar para que el importe de la venta de la producción sea
máximo?
SOCIALES II. 2016. RESERVA 2. EJERCICIO 1. OPCION B"
MATES_CCSS,Programación Lineal,2016.0,Reserva 3,Ejercicio 1 Opcion A,"Sea la región factible definida por las siguientes inecuaciones:
x+y<20 x-y>0 5x-13y+8<0
a) Represéntela gráficamente y calcule sus vértices.
b) Razone si el punto (3,2.5) está en la región factible.
c) Determine el valor máximo y el mínimo de la función F(x,y)=x-— y+6 en esa región y los
puntos en los que se alcanzan.
SOCIALES II. 2016. RESERVA 3. EJERCICIO 1. OPCION A"
MATES_CCSS,Programación Lineal,2016.0,Septiembre,Ejercicio 1 Opcion B,"a) Represente la región definida por las siguientes inecuaciones y determine sus vértices:
2x- y <-2 4x-2y>-10 Sx-ys4 x20
b) Calcule los valores extremos de la función F(x,y)=6x-—3y, en la región anterior y
determine los puntos en los que se alcanzan.
SOCIALES II. 2016 SEPTIEMBRE EJERCICIO 1. OPCION B"
MATES_CCSS,Programación Lineal,2017.0,Junio,Ejercicio 1 Opción B,"Un distribuidor de software informático tiene en su cartea de cliente tanto a empresas como a
particulares. Ha de conseguir al menos 25 empresas como clientes y el número de clientes
particulares deberá ser como mínimo el doble que el de empresas. Por razones de eficiencia del
servicio postventa, tiene estipulado un límite global de 120 clientes anuales. Cada empresa le
produce 386 € de beneficio, mientras que cada particular le produce 229 €. ¿Qué combinación
de empresas y particulares le proporcionará el máximo beneficio?. ¿A cuánto ascenderá ese
beneficio?.
SOCIALES II. 2017 JUNIO. EJERCICIO 1. OPCIÓN B"
MATES_CCSS,Programación Lineal,2017.0,Septiembre,Ejercicio 1 Opcion B,"a) Represente el recinto definido por las siguientes inecuaciones:
x+y<3 2x+ y2>4 y2-1
b) Razone si el punto (2,1) pertenece al recinto anterior.
c) Obtenga los vértices del recinto y los valores mínimo y máximo de la función
F (x,y)=5x+4y en ese recinto, indicando en que puntos se alcanzan.
d) Razona si la función F puede alcanzar el valor 9 en el recinto anterior.
SOCIALES II. 2017 SEPTIEMBRE EJERCICIO 1. OPCION B"
MATES_CCSS,Programación Lineal,2019.0,Junio,Ejercicio 1 Opción A,"SELECTIVIDAD
Una empresa textil quiere fabricar dos tipos de camisetas, lisas y estampadas. Para fabricar
una camiseta lisa necesita 70 g de algodón y 20 g de poliéster y para cada camiseta estampada
60 g de algodón y 10 g de poliéster. La empresa dispone para ello de 4200 g de algodón y 800 g
de poliéster. Para que sea rentable debe fabricar al menos 10 estampadas y además, el doble de
las estampadas debe ser al menos igual al número de lisas. Sabiendo que cada camiseta lisa da
un beneficio de 5 euros y cada estampada de 4 euros, ¿cuántas camisetas de cada tipo debería
fabricar para obtener el máximo beneficio? ¿Cuál es ese beneficio?.
SOCIALES HI. 2019 JUNIO. EJERCICIO 1 OPCIÓN A"
MATES_CCSS,Programación Lineal,2019.0,Reserva 1,Ejercicio 1 Opcion A,"Consideremos el recinto definido por las siguientes desigualdades:
7y<154+3x y2x-3 3y2-x+11
a) Represente gráficamente el recinto anterior y calcule sus vértices.
b) Calcule en qué puntos se alcanzan los valores máximo y mínimo de la función
H(x, y) =4x- y—16 restringida al anterior recinto y obtenga dichos valores.
SOCIALES II. 2019 RESERVA 1. EJERCICIO 1. OPCION A"
MATES_CCSS,Programación Lineal,2019.0,Reserva 2,Ejercicio 1 Opcion A,"Una granja elabora una dieta mezclando dos tipos de pienso A y B.El pienso A aporta 2 unidades
de Calcio y 1 de Hierro por cada kilogramo, mientras que el B aporta 1 de Calcio y 2 de Hierro. El
coste por kilogramo tanto del pienso A como del pienso B es 1 euro por kilogramo. La dieta
deberá aportar al menos 2 unidades de Calcio y 2 de Hierro. Determine los kilogramos que se han
de mezclar de cada tipo de pienso para que el coste de la dieta sea mínimo. ¿Cuál sería dicho
coste? ¿Cuántas unidades de Hierro y de Calcio se administrarían a los animales con esta dieta?
SOCIALES II. 2019 RESERVA 2. EJERCICIO 1. OPCION A"
MATES_CCSS,Programación Lineal,2019.0,Reserva 3,Ejercicio 1 Opcion A,"a) Se considera el recinto cuadrado de vértices (1,0), (0,1), (21,0) y (0,—1). Indique en qué
puntos del recinto se alcanzan el valor máximo de la función F(x,y)=3x+2y+7 y el valor
mínimo de la función G(x, y)=x+ y+6, calculando dichos valores.
b) Resuelva la ecuación matricial (a- A' )- X =B,siendo A y B las matrices
SOCIALES II. 2019 RESERVA 3. EJERCICIO 1. OPCION A"
MATES_CCSS,Programación Lineal,2019.0,Reserva 4,Ejercicio 1 Opcion A,"Se quiere elaborar dos suplementos alimenticios UNAL y DOSAL con idea de completar la dieta
de ciertos individuos. Cada comprimido de UNAL aporta 5 unidades de calcio, 5 de proteínas y 1
caloría y tiene un coste 0.6 euros, mientras que un comprimido de DOSAL aporta 2 unidades de
calcio, 5 de proteínas y 3 calorías, siendo su coste de 1 euro. Sabiendo que los mínimos diarios
requeridos son 10 unidades de calcio, 20 de proteínas y 6 calorías, encuentre la combinación de
comprimidos de los dos suplementos que satisfacen las necesidades diarias con el menor coste.
SOCIALES II. 2019 RESERVA 4. EJERCICIO 1. OPCION A"
MATES_CCSS,Programación Lineal,9.0,Ponencia,,"a) Represente el recinto limitado por las siguientes restricciones, calculando sus vértices:
yS2x x-ySs2 3x4+2y<24 2x+3y>12
b) Halle los puntos de esta región donde la función F(x,y)=x+2y alcanza los valores
máximo y mínimo, calculando dichos valores.
SOCIALES II.2019 PONENCIA 9"
MATES_CCSS,Programación Lineal,2018.0,Ponencia,10,"Una librería necesita al menos 14 cajas de rotuladores, 8 cajas de folios y 18 cajas de bolígrafos.
Dos distribuidores pueden proporcionarle los materiales, pero solamente los venden en lotes
completos. El distribuidor A envía en cada lote 2 cajas de rotuladores, 4 de folios y 1 de
bolígrafos. El distribuidor B envía en cada lote 3 cajas de rotuladores, 1 de folios y 7 de
bolígrafos. Los costes por lote que se compre a cada distribuidor son de 60 € y 65 €,
respectivamente. ¿Cuántos lotes habrá que comprar a cada distribuidor para que los costes
sean mínimos?. ¿Cuáles serían esos costes?.
SOCIALES II. 2018 PONENCIA 10"
MATES_CCSS,Programación Lineal,11.0,Ponencia,,"Consideremos el recinto definido por las siguientes desigualdades:
2y<-3x+3 y2x-6 2x<7y+37
a) Represente gráficamente el recinto anterior y calcule sus vértices.
b) Calcule en qué punto se alcanza el mínimo de la función H(x, y) =-3x+3y+2 restringida
al anterior recinto y cuál es dicho valor.
SOCIALES I1.2019 PONENCIA 11"
MATES_CCSS,Programación Lineal,2018.0,Ponencia,12,"Una agencia de viajes quiere reservar una serie de camarotes para un crucero. Sus previsiones
de venta son de al menos 8 camarotes individuales, 10 camarotes dobles y 8 triples.
Actualmente hay dos navieras que le ofrecen sendas ofertas por paquetes. La naviera A le
ofrece comprar paquetes formados por 3 camarotes individuales, 2 dobles y 2 triples a 7800
euros el paquete. La naviera B ofrece paquetes a 8000 euros, formados por 2 camarotes
individuales, 3 dobles y 2 triples. ¿Cuántos paquetes habrá de comprar a cada naviera para
que la agencia de viajes tenga un coste mínimo?. ¿A cuánto asciende dicho coste?.
SOCIALES II. 2018 PONENCIA 12"
MATES_CCSS,Programación Lineal,13.0,Ponencia,,"Un agricultor quiere abonar su terreno con una mezcla de dos abonos A y B. El abono A aporta
por cada kg de producto 3 unidades de Nitrógeno, 1 unidad de Potasio y 1 de Fósforo, mientras
que el abono B aporta por cada kg de producto 1 unidad de Nitrógeno, 1 unidad de Potasio y 4
de Fósforo. El terreno a abonar necesita al menos 10 unidades de Nitrógeno, al menos 6 de
Potasio y al menos 12 de Fósforo. Por otra parte, se sabe que el precio de cada producto es de 5
€/kg para el abono A y 2 €/kg para el abono B. ¿Cuántos kg de abono se han de mezclar para
que, respetando las condiciones indicadas, el coste sea el mínimo posible?.
SOCIALES II.2018 PONENCIA 13"
MATES_CCSS,Programación Lineal,2018.0,Ponencia,14,"Una empresa dedicada al comercio electrónico, pretende planificar su publicidad diaria en
radio y televisión. Se estima que cada espacio publicitario en radio proporciona 2000 nuevos
clientes en la sección de electrónica y 4000 en la sección de moda. Por otra parte, la estimación
de nuevos clientes por cada espacio publicitario en TV es de 1000 para la sección de electrónica
y 10000 para la sección de moda. La empresa desea conseguir diariamente al menos 8000
nuevos clientes en electrónica y 32000 en moda. Se sabe que cada espacio publicitario tiene un
coste de 5000 euros en radio y de 12000 euros en TV y que la emisión en TV no puede superar
el doble de la emisión en radio.
Determine el número de espacios publicitarios que se deben emitir diariamente para conseguir
los objetivos indicados de nuevos clientes con un coste mínimo. ¿Cuál es dicho coste?.
SOCIALES II. 2018 PONENCIA 14"
MATES_CCSS,Programación Lineal,2019.0,Ponencia,15,"a) Represente gráficamente la región factible definida por las siguientes restricciones,
calculando sus vértices:
2x-y24 2x+3y>212 y>1  y<l0
b) Calcule el mínimo de F(x,y)=3x+4y en la región anterior.
SOCIALES II. 2019 PONENCIA 15"
MATES_CCSS,Programación Lineal,2020.0,Junio,Ejercicio A2,"a) (1 punto) Una fábrica de electrodomésticos dispone de dos cadenas de montaje. En una hora
de trabajo, la cadena A produce 10 lavadoras y 5 frigoríficos, mientras que la cadena B
produce 7 lavadoras y 6 frigoríficos. El coste de cada hora de trabajo en las cadenas A y B es de
1200y 1500 euros, respectivamente. La cadena A puede funciona, como máximo, el doble de
horas que la cadena B. Si deben producir como mínimo 400 lavadoras y 280 frigoríficos,
formule, sin resolver, el problema que permite obtener las horas de funcionamiento de las
cadenas A y B para minimizar el coste de producción de esos electrodomésticos.
b) (15 puntos) Represente el recinto definido por las siguientes inecuaciones y calcule sus
vértices: x+2y>7 ; 4x-y>1; 2x-—y<4; 3x+2y<20; x>0; y>0
Obtenga el valor mínimo de la función F(x,y)=2x+ y en el recinto anterior, así como el
punto en el que se alcanza.
SOCIALES II. 2020 JUNIO. EJERCICIO A2"
MATES_CCSS,Programación Lineal,2020.0,Reserva 1,Ejercicio Al,"Con el fin de recaudar dinero para el viaje de fin de curso, los alumnos de un instituto van a
poner a la venta dos tipos de bolsas de merienda. El primer tipo contendrá dos bocadillos, un
refresco y una pieza de fruta y el segundo tipo tendrá un bocadillo, un refresco y dos piezas de
fruta. Por cada bolsa del primer tipo cobrarán 6 euros y por las del segundo tipo 5 euros.
Sabiendo que disponen de 120 bocadillos, 70 refrescos y 110 piezas de fruta y que se tiene
garantizada la venta de todas las bolsas, ¿cuántas convendría preparar de cada tipo para que
la cantidad de dinero obtenida por su venta sea máxima y a cuánto asciende la misma? ¿Es
posible que vendan 40 bolsas de cada tipo? ¿Hay alguna posibilidad de que el importe de las
ventas sea de 410 euros?
SOCIALES II. 2020 RESERVA 1. EJERCICIO Al"
MATES_CCSS,Programación Lineal,2020.0,Reserva 2,Ejercicio Al,"(2.5 puntos) Un cocinero tiene que hacer el postre para una cena y le han encargado dos de sus
mejores creaciones: Delicia Roja y Delicia Negra. Para elaborar 1 kg de Delicia Roja son
necesarias 3 tarrinas de fresas y 1 tableta de chocolate y para elaborar 1 kg de Delicia Negra se
necesita 1 tarrina de fresas y 2 tabletas de chocolate. Dispone de 15 tarrinas de fresas y 10
tabletas de chocolate. Además, la cantidad de Delicia Negra no debe ser inferior a 15 kg y
tampoco debe ser superior al doble de Delicia Roja. Si cada kilogramo de Delicia Roja le
reporta un beneficio de 3 euros y el de Delicia Negra 5 euros, averigúe qué cantidad de cada
postre debe elaborar para conseguir un beneficio máximo y a cuánto asciende ese beneficio.
SOCIALES II. 2020 RESERVA 2. EJERCICIO Al"
MATES_CCSS,Programación Lineal,2020.0,Reserva 3,Ejercicio Al,"(2.5 puntos) Una confitería elabora dos tipos de tartas, unas de chocolate y otras de merengue y
chocolate. Para ello dispone de 100 kg de bizcocho, 80 kg de crema de chocolate y 46 kg de
merengue. Para elaborar una tarta de chocolate, se requieren 1 kg de bizcocho y 2 kg de crema
de chocolate y para la tarta de chocolate y merengue se requieren 2 kg de bizcocho, 1 kg de
crema de chocolate y 1 kg de merengue. Por cada tarta de chocolate se obtiene un beneficio de
10 euros y de 12 euros por cada una de merengue y chocolate. Suponiendo que se vende todo lo
que se elabora, ¿cuántas tartas de cada tipo debe preparar para obtener un beneficio máximo?
¿Cuál es dicho beneficio?
SOCIALES II. 2020 RESERVA 3. EJERCICIO Al"
MATES_CCSS,Programación Lineal,2020.0,Reserva 4,Ejercicio A2,"Se considera la región del plano definida por las siguientes inecuaciones:
x+yS4:; x-y2-2:; x+3y22; y<2
a) (15 puntos) Represéntela gráficamente y determine sus vértices.
b) (025 puntos) Indique razonadamente si el punto (4,—0'75) pertenece a dicha región.
c) (0.75 puntos) ¿En qué puntos de la región anterior la función F(x,y)=x+ y alcanza los
valores máximo y mínimo y cuáles son estos valores?
SOCIALES II. 2020 RESERVA 4. EJERCICIO A2"
MATES_CCSS,Programación Lineal,2020.0,Septiembre,Ejercicio A2,"a) (175 puntos) Represente la región factible definida por las siguientes inecuaciones y calcule
sus vértices:
x+2yS<13 x-y<4  x-2y>2-7 x+y>5
b) (075 puntos) Calcule los valores máximo y mínimo de la función objetivo F(x, y) =x+ y en
la región anterior y determine los puntos en los que se alcanzan.
SOCIALES II. 2020 SEPTIEMBRE. EJERCICIO A2"
MATES_CCSS,Programación Lineal,2021.0,Junio,Ejercicio Al,"Una empresa de recambios industriales produce dos tipos de baterías, A y B. Su producción
semanal debe ser de al menos 10 baterías en total y el número de baterías de tipo B no puede
superar en más de 10 unidades a las fabricadas del tipo A. Cada batería de tipo A tiene unos
gastos de producción de 150 euros y cada batería de tipo B de 100 euros, disponiendo de un
máximo de 6000euros a la semana para el coste total de producción.
Si la empresa vende todo lo que produce y cada batería de tipo A genera un beneficio de
130euros y la de tipo B de 140 euros, ¿cuántas baterías de cada tipo tendrán que producir a la
semana para que el beneficio total sea máximo?. ¿Cuál es ese beneficio?.
SOCIALES II. 2021 JUNIO. EJERCICIO Al"
MATES_CCSS,Programación Lineal,2021.0,Reserva 1,Ejercicio Al,"La Agencia Espacial Europea contará con un presupuesto de 2*”4 millones de euros para
financiar misiones sobre Observación de la Tierra y para financiar programas de Transporte
Espacial.
Cada misión supone una inversión de 200.000 euros y cada programa 100.000 euros. Teniendo
en cuenta que en la decisión final deben superarse los 2 millones de euros de inversión y el
número de misiones debe ser al menos 4, pero no más de la mitad del número de programas,
¿Cuántas misiones y cuántos programas se deben llevar a cabo para obtener el máximo de la
función F(x,y)=0'6x+0'4y,con x misiones e y programas?.
SOCIALES II. 2021 RESERVA 1. EJERCICIO Al"
MATES_CCSS,Programación Lineal,2021.0,Reserva 2,Ejercicio Al,"Un laboratorio farmacéutico tiene una línea de producción con dos medicamentos A y B, con
marca comercial y genérico respectivamente, de los cuales, entre los dos como máximo puede
fabricar 10 unidades a la hora. Desde el punto de vista del rendimiento, se han de producir al
menos 4 unidades por hora entre los dos y por motivos de política sanitaria, la producción de A
ha de ser como mucho 2 unidades más que la de B.
Cada unidad de tipo A que vende le produce un beneficio de 60 euros, mientras que cada
unidad de tipo B le produce un beneficio de 25 euros. Si se vende todo lo que se produce,
determine las unidades de cada medicamento que deberá fabricar por hora para maximizar su
beneficio y obtenga el valor de dicho beneficio.
SOCIALES II. 2021 RESERVA 2. EJERCICIO Al"
MATES_CCSS,Programación Lineal,2021.0,Reserva 3,Ejercicio Al,"a) Una frutería vende dos tipos de surtidos de frutos rojos, A y B. El surtido de tipo A contiene
75 g de arándanos, 100 g de frambuesas y se vende a 2,40 euros, mientras que el de tipo B
contiene 75 g de arándanos, 50 g de frambuesas y se vende a 1,80 euros. La frutería dispone de
un total de 375 kg de arándanos y 4 kg de frambuesas y el número de surtidos que vende del
tipo A, siempre es menor o igual al doble de los de tipo B.
Formule, sin resolver, el problema que permite obtener el número de surtidos de cada tipo que
debe vender para que el beneficio sea máximo.
b) Represente el recinto limitado por las siguientes restricciones, calculando sus vértices:
X+4y>5 ; x+2y>4 ; 7x+5y<35 ; x>0
¿En qué punto de la región anterior la función F(x,y)=2x+ y alcanza el mínimo y cuál es
dicho valor?.
SOCIALES II. 2021 RESERVA 3. EJERCICIO Al"
MATES_CCSS,Programación Lineal,2021.0,Reserva 4,Ejercicio A2,"Se consideran las siguientes inecuaciones:
5x-3y2-9 ; x+ySll ; 6x+yS36 ; x4+2y26
a) Representa la región factible definida por las inecuaciones anteriores y determine sus
vértices.
b) ¿Pertenece el punto (5,7) a la región factible anterior?.
c) Calcule los valores máximo y mínimo de la función F(x,y)=10x-—6y en la región anterior
y determine los puntos en los que se alcanzan.
SOCIALES II. 2021 RESERVA 4. EJERCICIO A2"
MATES_CCSS,Programación Lineal,2022.0,Junio,Ejercicio Al,"Una pastelería decide preparar dos tipos de cajas de pastelitos para regalar a los clientes en su
inauguración. En total dispone de 120 piononos y 150 pestiños. En la caja del primer tipo habrá
3 piononos y 2 pestiños y en la caja del segundo tipo 4 piononos y 6 pestiños. Deben preparar al
menos 9 cajas del segundo tipo.
Determine cuántas cajas de cada tipo deberá preparar para realizar el máximo número de
regalos posible. En este caso, indique cuántos piononos y cuántos pestiños se utilizarán.
SOCIALES II. 2022 JUNIO. EJERCICIO Al"
MATES_CCSS,Programación Lineal,2022.0,Reserva 1,Ejercicio A2,"Una sastrería dispone de 70m? de tela de lino y de 150m? de tela de algodón. En la confección
de un traje se emplea 1m?” de tela de lino y 3m” de tela de algodón, y en un vestido se
necesitan 2m?” de tela de cada tipo. Se obtienen 60 euros de beneficio por cada traje y 70 euros
por cada vestido. Determine el número de trajes y vestidos que se deben confeccionar para
obtener el máximo beneficio, así como dicho beneficio máximo.
SOCIALES II. 2022 RESERVA 1. EJERCICIO A2"
MATES_CCSS,Programación Lineal,2022.0,Reserva 2,Ejercicio Al,"Se considera el recinto definido por las siguientes inecuaciones:
x+2y>27 2x-yS<4 4x-y2l 3x+2y<20
a) Represente dicho recinto y calcule sus vértices.
b) Obtenga el valor máximo de la función F(x,y)=x+3y en el recinto anterior, así como el
punto donde se alcanza.
SOCIALES II. 2022 RESERVA 2. EJERCICIO Al"
MATES_CCSS,Programación Lineal,2022.0,Reserva 3,Ejercicio A2,"Una papelería quiere vender 400 cuadernos de vacaciones y 300 estuches de lápices de colores.
Para ello ha preparado dos lotes de esos productos a precios especiales. Los lotes de tipo A
contienen 2 cuadernos y dos estuches; los lotes de tipo B contienen 3 cuadernos y 1 estuche. No
es posible vender más de 100 lotes de tipo B. Cada lote de tipo A se vende a 35 € y cada lote de
tipo B a 45 €. Calcule cuántos lotes de cada tipo debe vender la papelería para conseguir el
máximo valor de ventas. ¿A cuánto asciende dicho valor?
SOCIALES IT. 2022 RESERVA 3. EJERCICIO A2"
MATES_CCSS,Programación Lineal,2022.0,Reserva 4,Ejercicio Al,"Una fábrica de juguetes educativos produce juegos de ajedrez y dominó. Para fabricar un
ajedrez se necesitan 2 kg de madera y 4 horas de trabajo, mientras que para fabricar un
dominó se necesita 1 kg de madera y 1 hora de trabajo. Para que la producción sea rentable
hay que hacer al día al menos 3 juegos y emplear como máximo 7 kg de madera y 9 horas de
trabajo. Cada ajedrez se vende por 40 € y cada dominó por 15 €. ¿Cuántos juegos de ajedrez y
dominó deben fabricarse para que la ganancia obtenida sea máxima? ¿Cuál será esa ganancia?
SOCIALES II. 2022 RESERVA 4. EJERCICIO Al"
MATES_CCSS,Programación Lineal,2022.0,Julio,Ejercicio A2,"Se considera el recinto limitado por las siguientes inecuaciones:
y-=2x<7 -—x+3y<21 x+2y<19 x+ysl4
a) Represente el recinto y determine sus vértices.
b) Calcule los valores máximo y mínimo de la función F(x, y) =x+4y en el recinto anterior,
así como los puntos donde se alcanza.
c) ¿Podría tomar la función objetivo F el valor de 40 en algún punto de la región factible? ¿Y el
valor 207. Justifique las respuestas.
SOCIALES II. 2022 JULIO. EJERCICIO A2"
MATES_CCSS,Programación Lineal,2023.0,Junio,Ejercicio Al,"Sea la función F(x,y)=5x-3y y la región del plano R definida mediante las inecuaciones:
2x-3yS<1 4x+y<9 x+ysS5 9x-y20 y20
a) Dibuje la región R y calcule sus vértices.
b) Indique razonadamente si los puntos A(2,2) y B(1,3'5) pertenecen a la región R.
c) Obtenga los puntos de la región R donde F alcanza el máximo y el mínimo y calcule sus
valores correspondientes.
SOCIALES II. 2023 JUNIO. EJERCICIO Al"
MATES_CCSS,Programación Lineal,2023.0,Reserva 1,Ejercicio A2,"Una empresa de material informático dispone de dos cadenas de fabricación, A y B, en las que
quiere aumentar su producción realizando horas extraordinarias.
En una hora extraordinaria de trabajo, la cadena A prepara 15 portátiles y 6 tablets, y la
cadena B prepara 10 portátiles y 10 tablets. Los costes de producción por hora extraordinaria
de A y B son de 300 € y 600 € respectivamente por hora extraordinaria. La cadena B puede
realizar, como máximo, el triple de horas extraordinarias que la cadena A. Si para la próxima
semana se debe producir adicionalmente un máximo de 360 portátiles y al menos 216 tablets,
formule y resuelva el problema que permita obtener la planificación de la empresa que
minimice los costes de producción. ¿A cuánto ascienden dichos costes?.
SOCIALES II. 2023 RESERVA 1. EJERCICIO A2"
MATES_CCSS,Programación Lineal,2023.0,Reserva 2,Ejercicio A2,"Una compañía de transporte marítimo de mercancías dispone de dos barcos B, y B, para
realizar una determinada ruta, durante un año, entre dos ciudades costeras europeas. El barco
B, no puede realizar más de 14 viajes y debe realizar tantos viajes o más que el barco B,.
Entre los dos barcos deben realizar al menos 10 viajes y como mucho 24. La compañía obtiene
unos beneficios de 15000 € por cada viaje del barco B, y 17000 € por cada viaje del barco B,.
Halle el número de viajes que debe realizar cada barco para que el beneficio obtenido por la
empresa sea máximo y obtenga dicho beneficio.
SOCIALES II. 2023 RESERVA 2. EJERCICIO A2"
MATES_CCSS,Programación Lineal,2023.0,Reserva 3,Ejercicio Al,"El aforo de un campo de fútbol es de 10000 personas. Según el reglamento establecido por la
federación de fútbol, como máximo deben ponerse a la venta 3000 entradas para los aficionados
del equipo visitante y por cada aficionado visitante debe haber dos aficionados locales como
mínimo y cuatro aficionados locales como máximo.
Si el precio de la entrada es de 50 € pero el aficionado local tiene un descuento del 20%,
¿Cuántos aficionados locales y visitantes deben asistir para obtener el mayor importe con la
venta de entradas?.
SOCIALES II. 2023 RESERVA 3. EJERCICIO Al"
MATES_CCSS,Programación Lineal,2023.0,Reserva 4,Ejercicio Al,"Una empresa de pinturas quiere elaborar botes de pintura de dos colores nuevos: Júpiter y
Minerva. Para ello, dispone de 1000 kg de pintura de color verde, 800 kg de color morado y 300
kg de color naranja. Para elaborar un bote de color Júpiter se necesitan 10 kg de pintura verde,
5 kg de morada y 5 kg de naranja. Para elaborar un bote de color Minerva se necesitan 5 kg de
pintura verde y 5 kg de morada. Sabiendo que se obtiene un beneficio de 30 € por cada bote de
pintura Júpiter y 20 € por un bote de pintura Minerva, ¿cuántos botes de cada tipo deberá
fabricar la empresa para obtener un beneficio máximo?¿cuál será el valor de ese beneficio?.
SOCIALES II. 2023 RESERVA 4. EJERCICIO Al"
MATES_CCSS,Programación Lineal,2023.0,Julio,Ejercicio A2,"Un artesano decide montar dos tipos de anillos utilizando dos tipos de piedras semipreciosas,
una de mayor calidad que otra. Para montar uno de los anillos tarda 20 minutos y utiliza 1 de
las piedras de mayor calidad y 2 de la menor calidad. Para el otro tarda 50 minutos y utiliza 3
piedras de mayor calidad y 1 de menor calidad.
Semanalmente, el artesano dispone de 200 piedras de mayor calidad y 150 de menor calidad.
Además, quiere trabajar al menos 1900 minutos a la semana.
Sabiendo que el primer tipo de anillo se vende a 21€, el segundo a 50€ y que deben fabricarse al
menos 20 anilllos del primer tipo a la semana, determine cuántos anillos de cada tipo deben
montarse para maximizar el valor de la ventas. ¿A cuánto asciende dicho valor?.
SOCIALES II. 2023 JULIO. EJERCICIO A2"
MATES_CCSS,Programación Lineal,2024.0,Junio,Ejercicio A2,"Un agricultor posee una finca con un olivar intensivo de secano y desea transformar una parte
de la misma en regadío, pero manteniendo un mínimo de 20 hectáreas de cultivo de secano.
Para ello, anualmente dispone de 30.000 m* de agua, de 5.500 kg de abono y de 3.00 kg de
productos fitosanitarios. Cada hectárea de olivar de regadío necesita 1.500 m* de agua, 110 kg
de abono y 80 kg de productos fitosanitarios; mientras que cada hectárea de olivar de secano
precisa 100 kg de abono y 50 kg de productos fitosanitarios. Se sabe que la producción anual
por hectárea es de 5.000 kg en secano y de 10.000 kg en regadío. Determine el número de
hectáreas de olivar de secano y de regadío que el agricultor debe cultivar para maximizar su
producción, así como la producción máxima esperada.
SOCIALES II. 2024 JUNIO. EJERCICIO A2"
MATES_CCSS,Programación Lineal,2025.0,Reserva 1,Ejercicio A2,"Una empresa de catering dispone semanalmente de 58 horas de cocina, 50 horas de empaquetado
3 . 4 . ee . » .
y 60 dm” de almacenamiento en cámaras frigoríficas para elaborar dos tipos de menús: premium
y estándar. Ambos menús requieren tiempo, tanto de preparación como de empaquetado, y
espacio de almacenamiento en frigoríficos. Concretamente, el menú premium requiere de 2 horas
de cocina, 2 horas de empaquetado y ocupa 1 dm? en frigoríficos. Por su parte, el menú estándar
requiere de 3 horas de cocina, 1 hora de empaquetado y ocupa 4 dm*en frigoríficos. El beneficio
obtenido por cada menú premium es de 1050 € y por cada menú estándar es de 5”50 €. La
empresa sabe que venderá todos los menús producidos. Determine cuántos menús de cada tipo
deben elaborarse semanalmente para maximizar el beneficio total y a cuánto asciende este
beneficio.
SOCIALES II. 2025. RESERVA 1. EJERCICIO A2"
MATES_CCSS,Programación Lineal,2025.0,Reserva 2,Ejercicio A2,"Un servicio técnico recibe un encargo para revisar lavadoras y frigoríficos de una empresa de
apartahoteles. La revisión de cada lavadora requiere 100 minutos de trabajo, mientras que cada
frigorífico requiere 50 minutos. El servicio técnico dispone de 26 horas y 40 minutos para hacer
las revisiones. Por política de empresa, no se aceptan encargos de más de 12 lavadoras ni de más
de l6frigoríficos. Sabiendo que las revisiones se pagan a 50 € la hora, en ambos tipos de
electrodomésticos, ¿cuántos electrodomésticos de cada clase debe revisar el servicio técnico para
maximizar el ingreso con el encargo? ¿A cuánto asciende este ingreso máximo?
SOCIALES II. 2025 RESERVA 2. EJERCICIO A2"
MATES_CCSS,Programación Lineal,2025.0,Reserva 3,Ejercicio A2,"Una agricultora vende en su tienda online frutas y hortalizas envasándolas en cajas de dos tipos
diferentes. La caja ""El regalo de la tierra"" la vende a 19”75 € y contiene 3 kg de frutas y 35 kg
de hortalizas. La caja ""El tesoro de la huerta"" contiene 2 kg de frutas y 4 kg de hortalizas y la
vende a 1850 €. La agricultora dispone semanalmente de 210 kg de hortalizas y 150 de frutas.
Debe vender al menos 12 cajas de "" El regalo de la tierra"" y no menos de 15 cajas de "" El tesoro
de la huerta"" . ¿Cuántas cajas de cada tipo debe vender a la semana para que el ingreso por la
venta sea máximo? ¿A cuánto asciende este ingreso?
SOCIALES II. 2025 RESERVA 3. EJERCICIO A2"
MATES_CCSS,Programación Lineal,2025.0,Reserva 4,Ejercicio A2,"Un fabricante produce mensualmente dos tipos de abonos ecológicos, A y B, que vende en su
totalidad, obteniendo unos beneficios de 15 y10 euros por kilogramo (kg), respectivamente. La
producción de abono del tipo A no puede superar los 200 kg; el doble de la producción de B
menos el triple de la producción de Aes lo sumo 100 kg. Además, la producción de A más el doble
de la producción de B es como mucho de 500 kg. Obtenga las cantidades que este fabricante debe
producir de sendos abonos para obtener el máximo beneficio e indique el valor de este beneficio.
SOCIALES II. 2025 RESERVA 4. EJERCICIO A2"
MATES_CCSS,Programación Lineal,2025.0,Julio,Ejercicio A2,"Un agricultor cultiva dos tipos de lechuga: iceberg y romana. Por razones de demanda, en cada
ciclo de cultivo, la cantidad de iceberg debe ser al menos la mitad de la de romana, pero no puede
superar las 1500 unidades. Además, deben cultivarse en total entre 900 y 2400 lechugas. El
cultivo de iceberg requiere 15 litros de agua por unidad, mientras que el de romana necesita 18
litros de agua por unidad. ¿Cuántas unidades de cada tipo de lechuga deben cultivarse para
minimizar el consumo total de agua?.
SOCIALES II. 2025. JULIO. EJERCICIO A2"
MATES_CCSS,Inferencia Estadística,2001.0,Junio,Ejercicio 3 Parte Ii Opción B,"La cantidad de hemoglobina en sangre del hombre sigue una ley normal con desviación típica
de 2 gr/dl. Calcule el nivel de confianza de una muestra de 12 extracciones de sangre que
indique que la media poblacional de hemoglobina en sangre está entre 13 y 15 gramos por
decilitro.
SOCIALES II. 2001 JUNIO. EJERCICIO 3 PARTE II OPCIÓN B"
MATES_CCSS,Inferencia Estadística,2001.0,Reserva 3,Ejercicio 3 Parte Ii Opcion A,"Una agencia de alquiler de automóviles necesita estimar el número medio de kilómetros diarios
que realiza su flota de automóviles. Se sabe que el número de kilómetros por día sigue una
distribución normal con desviación típica de 6 Km/día. Se toman los recorridos de 100
vehículos de la flota, obteniéndose que la media muestral es de 165 Km/día.
a) Construya un intervalo de confianza para la media de dicha distribución a un nivel de
confianza del 95 %.
b) ¿Cuál debería ser el tamaño de la muestra para asegurar al nivel de confianza del 90 % que
el error cometido es a lo sumo 01?
SOCIALES II. 2001 RESERVA 3. EJERCICIO 3 PARTE II OPCION A"
MATES_CCSS,Inferencia Estadística,2001.0,Reserva 4,Ejercicio 3 Parte Ii! Opcion A,"El periodo de funcionamiento de las bombillas de una determinada marca sigue una
distribución normal de media 360 días y desviación típica 40 días. Queremos elegir una
muestra de bombillas de esa marca cuyo periodo medio de funcionamiento sea superior a 330
días, con probabilidad 097. Calcule el tamaño mínimo de la muestra.
SOCIALES II. 2001 RESERVA 4. EJERCICIO 3 PARTE II! OPCION A"
MATES_CCSS,Inferencia Estadística,2002.0,Junio,Ejercicio 3 Parte Ii Opción A,"Se sabe que la estatura de los individuos de una población es una variable aleatoria que sigue
una distribución normal con desviación típica 6 cm. Se toma una muestra aleatoria de 225
individuos que da una media de 176 cm.
a) Obtenga un intervalo, con un 99% de confianza, para la media de la estatura de la
población.
b) Calcule el mínimo tamaño de muestra que se ha de tomar para estimar la estatura media de
los individuos de la población con un error inferior a 1 cm y un nivel de confianza del 95%.
SOCIALES II. 2002 JUNIO. EJERCICIO 3 PARTE II OPCIÓN A"
MATES_CCSS,Inferencia Estadística,2002.0,Junio,Ejercicio 3 Parte Ii Opción B,"Se sabe que los estudiantes de una provincia duermen un número de horas diarias que se
distribuye según una ley Normal de media yu horas y desviación típica 0 =2 horas.
a) A partir de una muestra de 64 alumnos se ha obtenido el siguiente intervalo de confianza
(726; 8”14) para la media de la población. Determine el nivel de confianza con que se ha
construido dicho intervalo.
b) Determine el tamaño muestral mínimo necesario para que el error que se cometa al estimar
la media de la población por un intervalo de confianza sea, como máximo, de 075 horas, con
un nivel de confianza del 98% .
SOCIALES II. 2002 JUNIO. EJERCICIO 3 PARTE II OPCIÓN B"
MATES_CCSS,Inferencia Estadística,2002.0,Reserva 2,Ejercicio 3 Parte Ii! Opción A,"El gasto mensual de los estudiantes de un Instituto se distribuye según una ley Normal de
media desconocida y desviación típica 4 euros. Se ha seleccionado una muestra aleatoria y, con
una confianza del 97 % , se ha construido un intervalo para la media poblacional cuya amplitud
es 217 euros.
a) ¿Cuál ha sido el tamaño de la muestra seleccionada?
b) Calcule el gasto mensual medio de la muestra tomada sabiendo que el límite inferior del
intervalo de confianza es 83.915 euros.
SOCIALES II. 2002 RESERVA 2. EJERCICIO 3 PARTE II! OPCIÓN A"
MATES_CCSS,Inferencia Estadística,2002.0,Reserva 2,Ejercicio 3 Parte Ii Opción B,"El tiempo de espera, en minutos, de los usuarios en una determinada parada de autobús sigue
una distribución Normal de media y y desviación típica 15 minutos.
a) ¿Cómo se distribuye el tiempo medio de espera para muestras aleatorias de tamaño 167.
b) Si hemos tomado una muestra aleatoria de 16 usuarios, cuya media es 5 minutos, determine
el inter valo de confianza, al 95 % , para la media poblacional.
SOCIALES II. 2002 RESERVA 2. EJERCICIO 3 PARTE II OPCIÓN B"
MATES_CCSS,Inferencia Estadística,2002.0,Reserva 3,Ejercicio 3 Parte Ii! Opción A,"Se ha medido la talla de 100 personas elegidas al azar, mediante muestreo aleatorio simple, de
entre los estudiantes varones de bachillerato de una gran ciudad, obteniéndose una talla media
de 175 m. Se sabe que la desviación típica de la población es 02 m.
a) Halle un intervalo de confianza, al 90 %, para la media poblacional de la talla de los
estudiantes.
b) ¿Con qué nivel de confianza se ha construido el intervalo (173, 177) para la media
poblacional?
SOCIALES II. 2002 RESERVA 3. EJERCICIO 3 PARTE II! OPCIÓN A"
MATES_CCSS,Inferencia Estadística,2002.0,Reserva 3,Ejercicio 3 Parte Ii Opción B,"El peso de los peces adultos que se crían en una piscifactoría se distribuye según una ley
Normal con desviación típica 9 g.
Los pesos, en gramos, de una muestra aleatoria de 9 peces adultos de esa piscifactoría son:
310,311,309,295, 280, 294, 303, 305, 293.
Determine un intervalo de confianza, al 95 % , para el peso medio de los peces adultos de esa
piscifactor ía.
SOCIALES II. 2002 RESERVA 3. EJERCICIO 3 PARTE II OPCIÓN B"
MATES_CCSS,Inferencia Estadística,2002.0,Reserva 4,Ejercicio 3 Parte Ii! Opcion A,"Para estudiar el gasto mensual en teléfono móvil de los jóvenes de una ciudad se ha elegido una
muestra aleatoria de 16 estudiantes, con los resultados siguientes, expresados en euros:
4,6,30, 14,16, 14, 15, 16,22,8,3, 56, 42, 26, 30, 18.
Admitiendo que este gasto mensual sigue una ley Normal con desviación típica 13”78 euros,
determine un intervalo de confianza, al 95 % , para la media del gasto mensual.
SOCIALES II. 2002 RESERVA 4. EJERCICIO 3 PARTE II! OPCION A"
MATES_CCSS,Inferencia Estadística,2002.0,Reserva 4,Ejercicio 3 Parte Ii Opción B,"La edad de los niños que van a un parque sigue una ley Normal de media 8 años y desviación
típica 2”1 años. En un momento determinado hay 25 niños en ese parque.
¿Cuál es la probabilidad de que la edad media de ese grupo esté entre 85 y 9 años?
SOCIALES II. 2002 RESERVA 4. EJERCICIO 3 PARTE II OPCIÓN B"
MATES_CCSS,Inferencia Estadística,2002.0,Septiembre,Ejercicio 3 Parte Ii Opcion B,"El peso neto de las bolsas de almendras de una determinada marca es una variable aleatoria
Normal con media yu, desconocida, y varianza O 2= 504 g 2 Se sabe que 35 bolsas, elegidas al
azar,han dado un peso total de 8652 g.
a) Calcule un intervalo, con un nivel de confianza del 90 % , para y.
b) ¿A partir de qué nivel de confianza, el correspondiente inter valo para y contiene el valor 250
g?.
SOCIALES II. 2002 SEPTIEMBRE. EJERCICIO 3 PARTE II OPCION B"
MATES_CCSS,Inferencia Estadística,2003.0,Junio,Ejercicio 3 Parte Ii Opción A,"La longitud de la ballena azul se distribuye según una ley normal con desviación típica 75 m.
En un estudio estadístico realizado a 25 ejemplares se ha obtenido el intervalo de confianza
(21”06,26”94) para la longitud media.
a) Calcule la longitud media de los 25 ejemplares de la muestra.
b) Calcule el nivel de confianza con el que se ha construido dicho intervalo.
SOCIALES II. 2003 JUNIO. EJERCICIO 3 PARTE II OPCIÓN A"
MATES_CCSS,Inferencia Estadística,2003.0,Junio,Ejercicio 3 Parte Il Opción B,"De una población normal, con media desconocida y varianza 81, se extrae una muestra
aleatoria que resulta tener una media muestral de 112.
a) Obtenga un intervalo de confianza, al 95%, para la media poblacional, si el tamaño de la
muestra es 49.
b) ¿Cuál debe ser el tamaño mínimo de la muestra si se desea que el error cometido, al estimar
la media poblacional, sea inferior a 2, para un nivel de confianza del 90% ?.
SOCIALES II. 2003 JUNIO. EJERCICIO 3 PARTE Il OPCIÓN B"
MATES_CCSS,Inferencia Estadística,2003.0,Reserva 3,Ejercicio 3 Parte Ii! Opcion B,"Se está estudiando el consumo de gasolina de una determinada marca de coches. Para ello se
escogen 50 automóviles al azar y se obtiene que el consumo medio es de 6”5 litros. Con
independencia de la muestra, se sabe que la desviación típica del consumo de ese modelo de
coches es 15 litros.
a) Halle un intervalo de confianza, al 97% , para el consumo medio de gasolina de los coches de esa
marca.
b) El fabricante afirma que el consumo medio de gasolina de sus vehículos está comprendido
entre 62 y 68 litros. ¿Con qué nivel de confianza puede hacer dicha afirmación?.
SOCIALES II. 2003 RESERVA 3. EJERCICIO 3 PARTE II! OPCION B"
MATES_CCSS,Inferencia Estadística,2003.0,Reserva 4,Ejercicio 3 Parte Il Opcion A,"a) Se sabe que la desviación típica de los salarios de una población es 205 €. Determine un
intervalo, con el 90% de confianza, para el salario medio de la población, sabiendo que el
salario medio correspondiente a una muestra de 2500 personas ha sido de 1215 €.
b) Elegida otra muestra grande, cuya media ha sido 1210 €, se ha obtenido, con un 95% de
confianza, el intervalo (1199.953 , 1220.045). ¿Cuál es el tamaño de esta muestra?.
SOCIALES II. 2003 RESERVA 4. EJERCICIO 3 PARTE Il OPCION A"
MATES_CCSS,Inferencia Estadística,2003.0,Reserva 4,Ejercicio 3 Parte Ii Opción B,"El perímetro craneal de una población de varones adultos sigue una ley normal con desviación
típica 4 cm.
a) Obtenga un intervalo de confianza, al 95% para el perímetro craneal medio, sabiendo que
una muestra aleatoria de 100 individuos de esa población tiene una media de 57 cm.
b) Con el mismo nivel de confianza, si se aumente el tamaño de la muestra, razone si aumenta,
disminuye o no varia la amplitud del intervalo.
SOCIALES II. 2003 RESERVA 4. EJERCICIO 3 PARTE II OPCIÓN B"
MATES_CCSS,Inferencia Estadística,2004.0,Junio,Ejercicio 3 Parte Ii Opción A,"Un fabricante de pilas alcalinas sabe que el tiempo de duración, en horas, de las pilas que
fabrica sigue una distribución normal de media desconocida y varianza 3600. Con una muestra
de su producción, elegida al azar, y un nivel de confianza del 95% ha obtenido para la media el
intervalo de confianza (372.6; 392.2).
a) Calcule el valor que obtuvo para la media de la muestra y el tamaño muestral utilizado.
b) ¿Cuál sería el error de su estimación, si hubiese utilizado una muestra de tamaño 225 y un
nivel de confianza del 86'9%?.
SOCIALES II. 2004 JUNIO. EJERCICIO 3 PARTE II OPCIÓN A"
MATES_CCSS,Inferencia Estadística,2004.0,Junio,Ejercicio 3 Parte Ii Opción B,"El peso de los paquetes enviados por una determinada empresa de transportes se distribuye
según una ley normal, con una desviación típica de 0”9 Kg. En un estudio realizado con una
muestra aleatoria de 9 paquetes, se obtuvieron los siguientes pesos en Kilos:
95;10;8.5;10.5; 12.5; 10.5; 12.5; 13; 12
a) Halle un intervalo de confianza, al 99% , para el peso medio de los paquetes enviados por esa
empresa.
b) Calcule el tamaño mínimo que debería tener una muestra, en el caso de admitir un error
máximo de 03 Kg, con un nivel de confianza del 90%.
SOCIALES II. 2004 JUNIO. EJERCICIO 3 PARTE II OPCIÓN B"
MATES_CCSS,Inferencia Estadística,2004.0,Reserva 1,Ejercicio 3 Parte Ii! Opción A,"Una empresa de teléfonos móviles ha hecho un estudio sobre el tiempo que tardan sus baterías
en descargarse, llegando a la conclusión de que dicha duración, en días, sigue una ley Normal
de media 3.8 y desviación típica 1.
Se toma una muestra de 16 móviles de esta empresa. Halle la probabilidad de que:
a) La duración media de las baterías de la muestra esté comprendida entre 4.1 y 4.3 días.
b) La duración media de las baterías de la muestra sea inferior a 3.35 días.
SOCIALES II. 2004 RESERVA 1. EJERCICIO 3 PARTE II! OPCIÓN A"
MATES_CCSS,Inferencia Estadística,2004.0,Reserva 1,Ejercicio 3 Parte Ii Opción B,"Se sabe que la velocidad de los coches que circulan por una carretera es una variable aleatoria
que sigue una distribución Normal con desviación típica 12 km/hora.
a) Se toma una muestra aleatoria de 400 coches que da una velocidad media de 87 km/hora.
Obtenga un intervalo con un 95% de confianza, para la velocidad media del total de coches que
circulan por esa carretera.
b) Calcule el mínimo tamaño de la muestra que se ha de tomar para estimar la velocidad media
del total de coches que circulan por esa carretera, con un error inferior a 1 km/hora para un
nivel de confianza del 99% .
SOCIALES II. 2004 RESERVA 1. EJERCICIO 3 PARTE II OPCIÓN B"
MATES_CCSS,Inferencia Estadística,2004.0,Reserva 2,Ejercicio 3 Parte Ii Opcion A,"La superficie de las parcelas de una determinada provincia se distribuye según una ley Normal
con media 2.9 Ha y desviación típica 0.6 Ha.
a) Indique la distribución de las medias muestrales para muestras de tamaño 169.
b) ¿Cuál es la probabilidad de que una muestra de tamaño 169 tenga una superficie media
comprendida entre 2.8 y 3 Ha?
SOCIALES II. 2004 RESERVA 2. EJERCICIO 3 PARTE II OPCION A"
MATES_CCSS,Inferencia Estadística,2004.0,Reserva 2,Ejercicio 3 Parte Ii Opción B,"a) De una población Normal de media desconocida y desviación típica 6, se extrae la siguiente
muestra
82,78,90,89,92,85,79,63,71
Determine un intervalo de confianza, al 98% , para la media de la población.
b) Determine el tamaño que debe tener otra muestra de esta población para que un intervalo
de confianza para la media, al 98% , tenga una amplitud igual a 4.66.
SOCIALES II. 2004 RESERVA 2. EJERCICIO 3 PARTE II OPCIÓN B"
MATES_CCSS,Inferencia Estadística,2004.0,Reserva 3,Ejercicio 3 Parte Ii! Opción A,"La duración de un cierto tipo de bombillas eléctricas se distribuye según una ley Normal con
desviación típica 1500 horas.
a) Si en una muestra de tamaño 100, tomada al azar, se ha observado que la vida media es de
9900 horas, determine un intervalo, con el 95% de confianza, para la vida media de esta clase
de bombillas.
b) Con un nivel de confianza del 99% se ha construido un intervalo para la media con un error
máximo de 772.5 horas, ¿qué tamaño de la muestra se ha tomado en este caso?
SOCIALES II. 2004 RESERVA 3. EJERCICIO 3 PARTE II! OPCIÓN A"
MATES_CCSS,Inferencia Estadística,2004.0,Reserva 3,Ejercicio 3 Parte Ii Opción B,"Una variable aleatoria puede tomar los valores 20, 24 y 30. Mediante muestreo aleatorio simple
se forman todas las muestras posibles de tamaño 2.
a) Escriba todas las muestras posibles.
b) Calcule la media y varianza de las medias muestrales.
SOCIALES II. 2004 RESERVA 3. EJERCICIO 3 PARTE II OPCIÓN B"
MATES_CCSS,Inferencia Estadística,2002.0,Reserva 4,Ejercicio 3 Parte Ii! Opcion A,"Para estudiar el gasto mensual en teléfono móvil de los jóvenes de una ciudad se ha elegido una
muestra aleatoria de 16 estudiantes, con los resultados siguientes, expresados en euros:
4,6,30, 14,16, 14, 15, 16,22,8,3, 56, 42, 26, 30, 18.
Admitiendo que este gasto mensual sigue una ley Normal con desviación típica 13”78 euros,
determine un intervalo de confianza, al 95 % , para la media del gasto mensual.
SOCIALES II. 2002 RESERVA 4. EJERCICIO 3 PARTE II! OPCION A"
MATES_CCSS,Inferencia Estadística,2004.0,Reserva 4,Ejercicio 3 Parte Ii Opción B,"La resistencia a la rotura, de un tipo de hilos de pesca, es una variable aleatoria Normal, con
media 4 kg y desviación típica 1.4 kg. Se toman muestras aleatorias de 25 hilos de este tipo y se
obtiene la resistencia media a la rotura.
a) ¿Cómo se distribuye la resistencia media a la rotura?
b) ¿Cuál es la probabilidad de que la resistencia media a la rotura no pertenezca al intervalo de
extremos 3.90 kg y 4.15 kg ?
SOCIALES II. 2004 RESERVA 4. EJERCICIO 3 PARTE II OPCIÓN B"
MATES_CCSS,Inferencia Estadística,2004.0,Septiembreejercicio,3 Parte Ii Opción A,"Dada la población de elementos 43, 4, 5, 8), se pretende seleccionar una muestra de tamaño 2,
mediante muestreo aleatorio con reemplazamiento.
a) Escriba todas las muestras posibles.
b) Calcule la varianza de la población.
c) Calcule la varianza de las medias muestrales.
SOCIALES II. 2004 SEPTIEMBRE.EJERCICIO 3 PARTE II OPCIÓN A"
MATES_CCSS,Inferencia Estadística,2004.0,Septiembre,Ejercicio 3 Parte Ii Opcion B,"El número de horas semanales que los estudiantes de Bachillerato de una ciudad dedican al
deporte se distribuye según una ley Normal de media 8 y varianza 7.29.
a) Para muestras de tamaño 36, indique cuál es la distribución de las medias muestrales.
b) ¿Cuál es la probabilidad de que la media de una muestra de tamaño 36 esté comprendida entre
7.82 y 8.36 horas?.
SOCIALES II. 2004 SEPTIEMBRE. EJERCICIO 3 PARTE II OPCION B"
MATES_CCSS,Inferencia Estadística,2005.0,Junio,Ejercicio 3 Parte Ii Opción A,"En una población una variable aleatoria sigue una ley Normal de media desconocida y desviación
típica 2.
a) Observada una muestra de tamaño 400, tomada al azar, se ha obtenido una media muestral
igual a 50. Calcule un inter valo, con el 97% de confianza, para la media de la población.
b) Con el mismo nivel de confianza, ¿qué tamaño mínimo debe tener la muestra para que la
amplitud del intervalo que se obtenga sea, como máximo, 1?.
SOCIALES II. 2005 JUNIO. EJERCICIO 3 PARTE II OPCIÓN A"
MATES_CCSS,Inferencia Estadística,2005.0,Reserva 2,Ejercicio 3 Parte Ii! Opción A,"La duración de un viaje entre dos ciudades es una variable aleatoria Normal con desviación
típica 025 horas. Cronometrados 30 viajes entre estas ciudades, se obtiene una media muestral
de 3?2 horas.
a) Halle un intervalo de confianza, al 97% , para la media de la duración de los viajes entre
ambas ciudades.
b) ¿Cuál es el error máximo cometido con dicha estimación?
SOCIALES II. 2005 RESERVA 2. EJERCICIO 3 PARTE II! OPCIÓN A"
MATES_CCSS,Inferencia Estadística,2005.0,Reserva 4,Ejercicio 3 Parte Ii Opción A,"Se supone que la puntuación obtenida por cada uno de los tiradores participantes en la sede de
Gádor de los “Juegos Mediterráneos Almería 2005”, es una variable aleatoria que sigue una
distribución Normal con desviación típica 6 puntos. Se toma una muestra aleatoria de tamaño
36 que da una media de 35 puntos.
a) Obtenga un intervalo, con un 95% de confianza, para la puntuación media del total de
tiradores.
b) Calcule el tamaño mínimo de la muestra que se ha de tomar para estimar la puntuación
media del total de tiradores, con un error inferior a 1 punto y con un nivel de confianza del
99% .
SOCIALES II. 2005 RESERVA 4. EJERCICIO 3 PARTE II OPCIÓN A"
MATES_CCSS,Inferencia Estadística,2005.0,Reserva 4,Ejercicio 3 Parte Ii! Opcion B,"El peso de los cerdos de una granja sigue una ley Normal con desviación típica 18 kg.
a) Determine el tamaño mínimo de una muestra para obtener un intervalo de confianza, para
la media de la población, de amplitud 5 kg con un nivel de confianza del 95%.
b) Si la media de los pesos de los cerdos de la granja fuera 92 kg, ¿cuál sería la probabilidad de
que el peso medio de una muestra de 100 cerdos estuviese entre 88 y 92 kg?
SOCIALES II. 2005 RESERVA 4. EJERCICIO 3 PARTE II! OPCION B"
MATES_CCSS,Inferencia Estadística,2005.0,Septiembreejercicio,3 Parte Ii Opción B,"El número de horas semanales que los adolescentes dedican a ver la televisión se distribuye
según una ley Normal de media 9 horas y desviación típica 4. Para muestras de 64 adolescentes:
a) Indique cuál es la distribución de las medias muestrales.
b) Calcule la probabilidad de que la media de una de las muestras esté comprendida entre 78 y
9”5 horas.
SOCIALES II. 2005 SEPTIEMBRE.EJERCICIO 3 PARTE II OPCIÓN B"
MATES_CCSS,Inferencia Estadística,2006.0,Junio,Ejercicio 3 Parte Ii Opción A,"En una población, una variable aleatoria sigue una ley Normal de media desconocida y
desviación típica 9.
¿De qué tamaño, como mínimo, debe ser la muestra con la cual se estime la media poblacional
con un nivel de confianza del 97% y un error máximo admisible igual a 3?.
SOCIALES II. 2006 JUNIO. EJERCICIO 3 PARTE II OPCIÓN A"
MATES_CCSS,Inferencia Estadística,2006.0,Junio,Ejercicio 3 Parte Ii Opción B,"Se ha lanzado un dado 400 veces y se ha obtenido 80 veces el valor cinco. Estime mediante un
intervalo de confianza al 95% el valor de la probabilidad de obtener un cinco.
SOCIALES II. 2006 JUNIO. EJERCICIO 3 PARTE II OPCIÓN B"
MATES_CCSS,Inferencia Estadística,2006.0,Reserva 2,Ejercicio 3 Parte Ii Opcion A,"a) Sea la población (1, 5, 7). Escriba todas las muestras de tamaño 2, mediante muestreo
aleatorio simple, y calcule la varianza de las medias muestrales.
b) De una población de 300 hombres y 200 mujeres se desea seleccionar, mediante muestreo
aleatorio estratificado con afijación proporcional, una muestra de tamaño 30 distribuida en los
dos estratos, ¿cuál será la composición de la muestra?
SOCIALES II. 2006. RESERVA 2. EJERCICIO 3 PARTE II OPCION A"
MATES_CCSS,Inferencia Estadística,2006.0,Reserva 3,Ejercicio 3 Parte Ii Opcion A,"Un fabricante produce tabletas de chocolate cuyo peso en gramos sigue una ley Normal de
media 125 g y desviación típica 4 g.
a) Si las tabletas se empaquetan en lotes de 25, ¿cuál es la probabilidad de que el peso medio de
las tabletas de un lote se encuentre entre 124 y 126 gramos?
b) Si los lotes fuesen de 64 tabletas, ¿cuál sería la probabilidad de que el peso medio de las
tabletas del lote superase los 124 gramos?
SOCIALES II. 2006. RESERVA 3. EJERCICIO 3 PARTE II OPCION A"
MATES_CCSS,Inferencia Estadística,2006.0,Reserva 4,Ejercicio 3 Parte Ii Opcion A,"De una población Normal, con media desconocida y varianza 36, se extrae una muestra
aleatoria que resulta tener una media muestral de 173.
a) Obtenga un intervalo de confianza del 97 % para la media poblacional, si el tamaño de la
muestra es 64.
b) ¿Cuál debe ser el tamaño mínimo de la muestra, si se desea que el error cometido al estimar
la media poblacional sea inferior a 12, para un nivel de confianza del 95 %?
SOCIALES II. 2006. RESERVA 4. EJERCICIO 3 PARTE II OPCION A"
MATES_CCSS,Inferencia Estadística,2006.0,Reserva 4,Ejercicio 3 Parte Ii Opción B,"Las calificaciones obtenidas por los estudiantes de Matemáticas siguen una ley Normal de
media desconocida y desviación típica 1?19. Para una muestra de esa población se obtiene que
(6801, 6899) es un intervalo de confianza, al 92 %, para la media poblacional.
a) Determine la media muestral.
b) Determine el tamaño de la muestra.
SOCIALES II. 2006. RESERVA 4. EJERCICIO 3 PARTE II OPCIÓN B"
MATES_CCSS,Inferencia Estadística,2006.0,Septiembre,Ejercicio 3 Parte Ii Opción A,"a) Los valores:
52, 61, 58, 49, 53, 60, 68, 50, 53
constituyen una muestra aleatoria de una variable aleatoria Normal, con desviación típica 6.
Obtenga un inter valo de confianza para la media de la población, con un nivel de confianza del
92%.
b) Se desea estimar la media poblacional de otra variable aleatoria Normal, con varianza 49,
mediante la media de una muestra aleatoria. Obtenga el tamaño mínimo de la muestra para
que el error máximo de la estimación, mediante un intervalo de confianza al 97 % ,sea menor o
igual que 2.
SOCIALES II. 2006 SEPTIEMBRE. EJERCICIO 3 PARTE II OPCIÓN A"
MATES_CCSS,Inferencia Estadística,2006.0,Septiembre,Ejercicio 3 Parte Ii Opción B,"En una muestra aleatoria de 1000 personas de una ciudad, 400 votan a un determinado partido
político.
Calcule un intervalo de confianza al 96 % para la proporción de votantes de ese partido en la
ciudad.
SOCIALES II. 2006. SEPTIEMBRE. EJERCICIO 3 PARTE II OPCIÓN B"
MATES_CCSS,Inferencia Estadística,2007.0,Junio,Ejercicio 3 Parte Ii Opción A,"En una muestra aleatoria de 256 individuos se ha obtenido una edad media de 17'4 años. Se
sabe que la desviación típica de la población normal de la que procede esa muestra es de 2 años.
a) Obtenga un intervalo de confianza al 95% , para la edad media de la población.
b) ¿Cuál debe ser el tamaño mínimo de la muestra para que el correspondiente intervalo de
confianza, al 90 %, tenga de amplitud a lo sumo 0?5?.
SOCIALES II. 2007 JUNIO. EJERCICIO 3 PARTE II OPCIÓN A"
MATES_CCSS,Inferencia Estadística,2007.0,Junio,Ejercicio 3 Parte Ii Opción B,"En una granja avícola se ha tomado una muestra aleatoria de 200 polluelos de pato, entre los
cuales se encontraron 120 hembras.
a) Halle un intervalo de confianza, con un nivel del 98% , para la proporción de hembras entre
estos polluelos.
b) Razone, a la vista del intervalo encontrado, si a ese nivel de confianza puede admitirse que la
verdadera proporción de hembras de pato en esa granja es 075.
SOCIALES II. 2007 JUNIO. EJERCICIO 3 PARTE II OPCIÓN B"
MATES_CCSS,Inferencia Estadística,2007.0,Reserva 1,Ejercicio 3 Parte Ii Opcion A,"El salario de los trabajadores de una ciudad sigue una distribución Normal con desviación
típica 15 euros. Se quiere calcular un intervalo de confianza para el salario medio con un nivel
de confianza del 98% . Determine cuál es el tamaño mínimo de la muestra que se necesitaría
recoger para que el intervalo de confianza tenga una amplitud, como máximo, de 6 euros.
SOCIALES II. 2007. RESERVA 1. EJERCICIO 3. PARTE II. OPCION A."
MATES_CCSS,Inferencia Estadística,2007.0,Reserva 1,Ejercicio 3 Parte Il Opción B,"En una encuesta representativa realizada a 1230 personas de una ciudad, se obtuvo como
resultado que 654 de ellas van al cine los fines de semana.
Calcule un intervalo de confianza, al 97%, para la proporción de asistencia al cine los fines de
semana en dicha ciudad.
SOCIALES II. 2007. RESERVA 1. EJERCICIO 3. PARTE Il. OPCIÓN B."
MATES_CCSS,Inferencia Estadística,2007.0,Reserva 2,Ejercicio 3 Parte Hi Opción A,"En una Universidad se toma, al azar,una muestra de 400 alumnos y se observa que 160 de ellos
han aprobado todas las asignaturas.
a) Halle un intervalo de confianza, al 97%, para estimar el porcentaje de alumnos de esa
Universidad que aprueban todas las asignaturas.
b) A la vista del resultado anterior se pretende repetir la experiencia para conseguir que el
error no sea superior a 0.04, con el mismo nivel de confianza. ¿Cuántos alumnos, como
mínimo, ha de tener la muestra?
SOCIALES II. 2007. RESERVA 2. EJERCICIO 3. PARTE HI. OPCIÓN A."
MATES_CCSS,Inferencia Estadística,2007.0,Reserva 2,Ejercicio 3 Parte Ii Opcion B,"Para realizar una encuesta en un Instituto se selecciona, aleatoriamente, una muestra de 50
alumnos y se les pregunta si tienen reproductores de mp3, contestando afirmativamente 20 de
ellos. Calcule un intervalo de confianza, al 96%, para la proporción de alumnos que poseen
reproductores de mp3 en la población total de alumnos del Instituto.
SOCIALES II. 2007. RESERVA 2. EJERCICIO 3. PARTE II. OPCION B."
MATES_CCSS,Inferencia Estadística,2007.0,Reserva 3,Ejercicio 3 Parte Ih Opción A,"Se ha lanzado al aire una moneda 200 veces y se ha obtenido cara en 120 ocasiones.
a) Estime, mediante un intervalo de confianza, al 90% , la probabilidad de obtener cara.
b) Se pretende repetir la experiencia para conseguir que el error cometido sea inferior a 003,
con un nivel de confianza del 97% . ¿Cuál debe ser el tamaño mínimo de la muestra?
SOCIALES II. 2007. RESERVA 3. EJERCICIO 3. PARTE IH. OPCIÓN A."
MATES_CCSS,Inferencia Estadística,2007.0,Reserva 3,Ejercicio 3 Parte Il Opción B,"Con los datos de una muestra aleatoria se estima que el porcentaje de hogares con conexión a
Internet es del 30%, con un error máximo de la estimación de 006 y un nivel de confianza del
93% .
a) Obtenga el intervalo de confianza, al 93% , de la proporción de hogares con conexión a
Internet.
b) Calcule el tamaño mínimo de la muestra utilizada.
SOCIALES II. 2007. RESERVA 3. EJERCICIO 3. PARTE Il. OPCIÓN B."
MATES_CCSS,Inferencia Estadística,2007.0,Reserva 4,Ejercicio 3 Parte Ii Opción A,"En una población una variable aleatoria sigue una ley Normal con desviación típica 8.
Se ha elegido, al azar, una muestra de tamaño 100 y su media ha sido 67.
a) Calcule el intervalo de confianza, al 93% ,para la media de la población.
b) ¿Cuántos datos, como mínimo, son necesarios para estimar, con un nivel de confianza del
99% , la media de la población con un error no superior a 2?
SOCIALES II. 2007. RESERVA 4. EJERCICIO 3. PARTE II. OPCIÓN A."
MATES_CCSS,Inferencia Estadística,2007.0,Reserva 4,Ejercicio 3 Parte Ii Opción B,"Para estimar la proporción de estudiantes de una Universidad que está a favor de un aumento
del importe de las becas, se entrevistó, aleatoriamente, a 500 estudiantes, de los cuales 465
respondieron afirmativamente. Calcule el intervalo de confianza, al 98% , en el cual se hallará
la proporción de la población universitaria que está a favor del aumento de la cuantía de las
becas.
SOCIALES II. 2007. RESERVA 4. EJERCICIO 3. PARTE II. OPCIÓN B."
MATES_CCSS,Inferencia Estadística,2007.0,Septiembre,Ejercicio 3 Parte Ii Opcion B,"Se sabe que (45'13;51'03) es un intervalo de confianza, al 95% , para la media de una variable
aleatoria que sigue una distribución Normal con desviación típica 15.
a) ¿Cuál es el error cometido?.
b) Calcule, con el mismo nivel de confianza, el tamaño muestral mínimo necesario para que el
error no sea superior a 1?8.
SOCIALES II. 2007 SEPTIEMBRE. EJERCICIO 3 PARTE II OPCION B"
MATES_CCSS,Inferencia Estadística,2008.0,Junio,Ejercicio 3 Parte Ii Opción A,"El número de días de permanencia de los enfermos en un hospital sigue una ley Normal de
media u días y desviación típica 3 días.
a) Determine un intervalo de confianza para estimar H, a un nivel del 97% , con una muestra
aleatoria de 100 enfermos cuya media es 8”1 días.
b) ¿Qué tamaño mínimo debe tener una muestra aleatoria para poder estimar y con un error
máximo de 1 día y un nivel de confianza del 92 %?.
SOCIALES II. 2008 JUNIO. EJERCICIO 3 PARTE II OPCIÓN A"
MATES_CCSS,Inferencia Estadística,2008.0,Junio,Ejercicio 3 Parte Il Opción B,"Sea la población (1,2,3,4) .
a) Construya todas las muestras posibles de tamaño 2, mediante muestreo aleatorio simple.
b) Calcule la varianza de las medias muestrales.
SOCIALES II. 2008 JUNIO. EJERCICIO 3 PARTE Il OPCIÓN B"
MATES_CCSS,Inferencia Estadística,2008.0,Reserva 1,Ejercicio 3 Parte Ii Opción A,"Se desea estimar la proporción de individuos zurdos en una determinada ciudad. Para ello se
toma una muestra aleatoria de 300 individuos resultando que 45 de ellos son zurdos.
a) Calcule, usando un nivel de confianza del 97%, el correspondiente intervalo de confianza
para la proporción de individuos zurdos de la población.
b) ¿Sería mayor o menor el error de estimación si se usara un nivel de confianza del 95% ?
Razone la respuesta.
SOCIALES II. 2008 RESERVA 1. EJERCICIO 3. PARTE II. OPCIÓN A"
MATES_CCSS,Inferencia Estadística,2008.0,Reserva 2,Ejercicio 3 Parte Ii Opción A,"Tomada al azar una muestra de 90 alumnos de un Instituto se encontró que un tercio habla
inglés.
Halle, con un nivel de confianza del 97% , un intervalo de confianza para estimar la proporción
de alumnos de ese Instituto que habla inglés.
SOCIALES II. 2008 RESERVA 2. EJERCICIO 3. PARTE II. OPCIÓN A"
MATES_CCSS,Inferencia Estadística,2008.0,Reserva 3,Ejercicio 3 Parte 1 Opciona,"El peso, en kg, de los alumnos de primaria de un colegio sigue una distribución Normal de
media 28 kg y desviación típica 2”7 kg. Consideremos muestras aleatorias de 9 alumnos.
a) ¿Qué distribución sigue la media de las muestras?.
b) Si elegimos, al azar, una de esas muestras, ¿cuál es la probabilidad de que su media esté
comprendida entre 26 y 29 kg?
SOCIALES II. 2008. RESERVA 3. EJERCICIO 3. PARTE 1. OPCIONA"
MATES_CCSS,Inferencia Estadística,2008.0,Reserva 3,Ejercicio 3 Parte Ii Opción B,"En un centro de anillamiento de aves se ha detectado que en una muestra de 250 ejemplares de
una especie, 60 son portadoras de una bacteria. Obtenga un intervalo de confianza, al 97%,
para la proporción de aves de esa especie que son portadoras de la bacteria.
SOCIALES II. 2008. RESERVA 3. EJERCICIO 3. PARTE II. OPCIÓN B"
MATES_CCSS,Inferencia Estadística,2008.0,Reserva 4,Ejercicio 3 Parte Ii Opción A,"En una muestra representativa de 1200 residentes de una ciudad, 450 utilizan habitualmente el
transporte público. Obtenga el intervalo de confianza, al 90% , de la proporción de residentes
en la ciudad que utilizan habitualmente el transporte público.
SOCIALES II. 2008. RESERVA 4. EJERCICIO 3. PARTE II. OPCIÓN A"
MATES_CCSS,Inferencia Estadística,2008.0,Reserva 4,Ejercicio 3 Parte Ii Opción B,"El consumo, en gramos, de un cierto producto sigue una ley Normal con varianza 225 g?.
a) A partir de una muestra de tamaño 25 se ha obtenido una media muestral igual a 175 g.
Halle un intervalo de confianza, al 90% , para la media del consumo.
b) ¿Cuál debe ser el tamaño mínimo de la muestra para que el correspondiente intervalo de
confianza, al 95% , tenga una amplitud máxima de 5?
SOCIALES II. 2008 RESERVA 4. EJERCICIO 3. PARTE II. OPCIÓN B"
MATES_CCSS,Inferencia Estadística,2008.0,Septiembre,Ejercicio 3 Parte Il Opción A,"La longitud de los cables de los auriculares que fabrica una empresa es una variable aleatoria
que sigue una ley Normal con desviación típica 45 cm. Para estimar la longitud media se han
medido los cables de una muestra aleatoria de 9 auriculares y se han obtenido las siguientes
longitudes, en cm:
205, 198, 202, 204, 197, 195, 196,201, 202
a) Halle un inter valo de confianza, al 97%, para la longitud media de los cables.
b) Determine el tamaño mínimo que debe tener una muestra de estos auriculares para que el
error de estimación de la longitud media sea inferior a 1 cm, con el mismo nivel de confianza
del apartado anterior.
SOCIALES II. 2008 SEPTIEMBRE. EJERCICIO 3. PARTE Il. OPCIÓN A"
MATES_CCSS,Inferencia Estadística,2008.0,Septiembreejercicio,3 Parte Hi Opción B,"Se ha aplicado un medicamento a una muestra de 200 enfermos y se ha observado una
respuesta positiva en 140 de ellos. Estímese, mediante un intervalo de confianza del 99%, la
proporción de enfermos que responderían positivamente si este medicamento se aplicase a la
población de la que se ha extraído la muestra.
SOCIALES II. 2008 SEPTIEMBRE.EJERCICIO 3. PARTE HI. OPCIÓN B"
MATES_CCSS,Inferencia Estadística,2009.0,Junio,Ejercicio 3 Parte Ii Opción A,"El tiempo (en horas) que permanecen los coches en un determinado taller de reparación es una
variable aleatoria con distribución Normal de desviación típica 4 horas.
a) Se eligieron, al azar, 16 coches del taller y se comprobó que, entre todos, estuvieron 136
horas en reparación. Determine un intervalo de confianza, al 98,5% , para la media del tiempo
que permanecen los coches en ese taller.
b) Determine el tamaño mínimo que debe tener una muestra que permita estimar la media del
tiempo que permanecen en reparación los coches en ese taller con un error no superior a una
hora y media y con el mismo nivel de confianza del apartado anterior.
SOCIALES II. 2009 JUNIO. EJERCICIO 3 PARTE II OPCIÓN A"
MATES_CCSS,Inferencia Estadística,2009.0,Junio,Ejercicio 3 Parte Ii Opción B,"En un estudio de mercado del automóvil en una ciudad se ha tomado una muestra aleatoria de
300 turismos, y se ha encontrado que 75 de ellos tienen motor diésel. Para un nivel de confianza
del 94% .
a) Determine un inter valo de confianza de la proporción de turismos que tienen motor diésel en
esa ciudad.
b) ¿Cuál es el error máximo de la estimación de la proporción?.
SOCIALES II. 2009 JUNIO. EJERCICIO 3 PARTE II OPCIÓN B"
MATES_CCSS,Inferencia Estadística,2009.0,Reserva 1,Ejercicio 3 Parte Ii! Opcion A,"En una muestra aleatoria de 100 individuos se ha obtenido, para la edad, una media de 17.5
años. Se sabe que la edad en la población, de la que procede esa muestra, sigue una distribución
Normal con una desviación típica de 0.8 años.
a) Obtenga un intervalo de confianza, al 94% , para la edad media de la población.
b) ¿Qué error máximo se comete en la estimación anterior?.
SOCIALES II. 2009 RESERVA 1. EJERCICIO 3 PARTE II! OPCION A"
MATES_CCSS,Inferencia Estadística,2009.0,Reserva 1,Ejercicio 3 Parte Ii Opción B,"El cociente intelectual de los alumnos de un centro educativo se distribuye según una ley
Normal de media 110 y desviación típica 15. Se extrae una muestra aleatoria simple de 25
alumnos.
a) ¿Cuál es la probabilidad de que la media del cociente intelectual de los alumnos de esa
muestra sea superior a 1137.
b) Razone cómo se vería afectada la respuesta a la pregunta anterior si el tamaño de la muestra
aumentase.
SOCIALES II. 2009 RESERVA 1. EJERCICIO 3 PARTE II OPCIÓN B"
MATES_CCSS,Inferencia Estadística,2009.0,Reserva 2,Ejercicio 3 Parte Il Opción A,"Escriba todas las muestras de tamaño 2 que, mediante muestreo aleatorio simple (con
reemplazamiento), se pueden extraer del conjunto [8 ,10 ,12) y determine el valor de la varianza
de las medias de esas muestras.
SOCIALES II. 2009 RESERVA 2. EJERCICIO 3 PARTE Il OPCIÓN A"
MATES_CCSS,Inferencia Estadística,2009.0,Reserva 2,Ejercicio 3 Parte Ii! Opcion B,"a) En una población, una variable aleatoria X sigue una distribución Normal de media 50 y
desviación típica 9. Se elige al azar, una muestra de tamaño 64 de esa población. ¿Cuál es la
probabilidad de que la media muestral está comprendida entre 48 y 52?.
b) En una empresa de gas trabajan 150 personas en mantenimiento, 450 en operaciones, 200 en
servicios y 100 en cargos directivos. Con objeto de realizar una encuesta laboral, se quiere
seleccionar una muestra de 180 trabajadores de esa empresa por muestreo aleatorio
estratificado con afijación proporcional, ¿qué número de trabajadores se debe elegir de cada
grupo?.
SOCIALES II. 2009 RESERVA 2. EJERCICIO 3 PARTE II! OPCION B"
MATES_CCSS,Inferencia Estadística,2009.0,Reserva 3,Ejercicio 3 Parte Ii Opción A,"Una variable aleatoria X se distribuye de forma Normal, con media u y desviación típica
o=0.9.
a) Una muestra aleatoria de tamaño 9 ha proporcionado los siguientes valores de X:
70,64,80,7.1,73,74,5.6,88,7.2
Obtenga un inter valo de confianza para la media con un nivel de confianza de 97%.
b) Con otra muestra, se ha obtenido que un intervalo de confianza para H, al 95%, es el
siguiente (6.906 , 7.494). ¿Cuál es el tamaño de la muestra utilizada?.
SOCIALES II. 2009 RESERVA 3. EJERCICIO 3 PARTE II OPCIÓN A"
MATES_CCSS,Inferencia Estadística,2009.0,Reserva 3,Ejercicio 3 Parte Ii Opción B,"Tomando, al azar, una muestra de 80 empleados de una empresa, se encontró que 20 usaban
gafas. Halle, con un nivel de confianza del 90%, un intervalo de confianza para estimar la
proporción de empleados de esa empresa que usan gafas.
SOCIALES II. 2009 RESERVA 3. EJERCICIO 3 PARTE II OPCIÓN B"
MATES_CCSS,Inferencia Estadística,2009.0,Reserva 4,Ejercicio 3 Parte Ii Opción A,"El gasto que hacen las familias españolas en regalos de Navidad sigue una ley Normal de media
desconocida y desviación típica 84 euros. Para estimar esta media se seleccionó una muestra
aleatoria y se obtuvo el intervalo de confianza (509.41 , 539.79), con un nivel de confianza del
97%.
a) ¿Cuál ha sido la media de la muestra escogida?.
b) ¿Qué tamaño tenía la muestra?.
SOCIALES II. 2009 RESERVA 4. EJERCICIO 3 PARTE II OPCIÓN A"
MATES_CCSS,Inferencia Estadística,2009.0,Reserva 4,Ejercicio 3 Parte Ii Opción B,"Los jóvenes andaluces duermen un número de horas diarias que se distribuye según una ley
Normal de media desconocida,h, y desviación típica 2 horas. A partir de una muestra de 64
jóvenes se ha obtenido una media de 7 horas.
a) Halle un inter valo de confianza, al 97%, para la media poblacional y .
b) Manteniendo la misma confianza, ¿cuál debe ser el tamaño mínimo de la muestra para estimar
la media de horas de sueño, cometiendo un error máximo de 0.25 horas?.
SOCIALES II. 2009 RESERVA 4. EJERCICIO 3 PARTE II OPCIÓN B"
MATES_CCSS,Inferencia Estadística,2009.0,Septiembre,Ejercicio 3 Parte Il Opción A,"Se desea estimar la proporción de fumadores de una población mediante una muestra
aleatoria.
a) Si la proporción de fumadores en la muestra es 0.2 y el error cometido en la estimación ha
sido inferior a 0.03, con un nivel de confianza del 95%, calcule el tamaño mínimo de la
muestra.
b) Si en otra muestra de tamaño 280 el porcentaje de fumadores es del 25% , determine, para
un nivel de confianza del 99% , el correspondiente intervalo de confianza para la proporción de
fumadores de esa población.
SOCIALES II. 2009 SEPTIEMBRE. EJERCICIO 3 PARTE Il OPCIÓN A"
MATES_CCSS,Inferencia Estadística,2009.0,Septiembreejercicio,3 Parte Ii Opción B,"El tiempo que se tarda en la caja de un supermercado en cobrar a los clientes sigue una ley
Normal con media desconocida y desviación típica 0.5 minutos. Para una muestra aleatoria de
25 clientes se obtuvo un tiempo medio de 5.2 minutos.
a) Calcule un intervalo de confianza, al nivel del 97%, para el tiempo medio que se tarda en
cobrar a los clientes.
b) Indique el tamaño muestral mínimo necesario para estimar dicho tiempo medio con un
error máximo de 0.5 y un nivel de confianza del 96% .
SOCIALES II. 2009 SEPTIEMBRE.EJERCICIO 3 PARTE II OPCIÓN B"
MATES_CCSS,Inferencia Estadística,2010.0,Junio,Ejercicio 4 Opcion A,"Una empresa consultora quiere estudiar algunos aspectos de la vida laboral de los trabajadores
de una ciudad. Para ello selecciona una muestra aleatoria de 500 trabajadores, de los que 118
afirman residir en otra ciudad. Con un nivel de confianza del 93%,
a) Calcule un intervalo de confianza para la proporción de trabajadores que residen fuera.
b) Calcule el error cometido en el intervalo anterior.
SOCIALES II. 2010 JUNIO. EJERCICIO 4 OPCION A"
MATES_CCSS,Inferencia Estadística,2010.0,Reserva 1,Ejercicio 4 Opción A,"a) En una población de 2000 hombres y 2500 mujeres se quiere seleccionar una muestra de 135
personas mediante muestreo aleatorio estratificado con afijación proporcional, ¿cuál sería la
composición de la muestra?.
b) Dada la población ( 6, 8, 11,a ), ¿cuánto debe valer a sabiendo que la media de las medias
muestrales de tamaño 3, obtenidas mediante muestreo aleatorio simple, es 10.3?
SOCIALES II. 2010. RESERVA 1. EJERCICIO 4. OPCIÓN A"
MATES_CCSS,Inferencia Estadística,2010.0,Reserva 2,Ejercicio 4 Opción A,"De una muestra aleatoria de 350 individuos de una población, 50 son adultos.
a) Calcule un intervalo de confianza, al 98% , para la proporción de adultos de esa población.
b) ¿Puede admitirse, a ese nivel de confianza, que la proporción de adultos de esa población es
2)
15
SOCIALES II. 2010. RESERVA 2. EJERCICIO 4. OPCIÓN A"
MATES_CCSS,Inferencia Estadística,2010.0,Reserva 3,Ejercicio 4 Opción A,"Se desea estimar la proporción de votantes a un determinado partido político mediante una
muestra aleatoria.
a) Si de una muestra de 500 personas 200 dicen que lo votan, calcule con un nivel de confianza
del 97% un intervalo para la proporción de votantes a ese partido en la población.
b) Si la proporción de votantes en otra muestra ha sido 0.2 y el error cometido en la estimación
ha sido inferior a 0.05, con un nivel de confianza del 99% , calcule el tamaño mínimo de dicha
muestra.
SOCIALES II. 2010. RESERVA 3. EJERCICIO 4. OPCIÓN A"
MATES_CCSS,Inferencia Estadística,2010.0,Reserva 3,Ejercicio 4 Opción B,"Se sabe que el tiempo de reacción a un determinado estímulo se distribuye según una ley
Normal de media desconocida y desviación típica 0.2 segundos.
a) Observada una muestra aleatoria de tamaño 25 se ha obtenido una media muestral de 0.3
segundos. Obtenga un intervalo de confianza para la media de la población con un nivel de
confianza del 94% .
b) A un nivel de confianza del 90% , ¿cuál será el tamaño muestral mínimo si el error cometido
es inferior a 0.057.
SOCIALES II. 2010. RESERVA 3. EJERCICIO 4. OPCIÓN B"
MATES_CCSS,Inferencia Estadística,2010.0,Reserva 4,Ejercicio 4 Opción A,"En los individuos de una población, la concentración de una proteína en sangre se distribuye
según una ley Normal de media desconocida y desviación típica 0.42 g/dl. Se toma una muestra
aleatoria de 49 individuos y se obtiene una media muestral de 6.85 g/dl.
a) Obtenga un intervalo de confianza, al 96%, para estimar la concentración media de la
proteína en sangre de los individuos de esa población.
b) ¿Es suficiente el tamaño de esa muestra para obtener un intervalo de confianza, al 98% , con
un error menor que 0.125 g/dl?.
SOCIALES II. 2010. RESERVA 4. EJERCICIO 4. OPCIÓN A"
MATES_CCSS,Inferencia Estadística,2010.0,Septiembre,Ejercicio 4 Opción B,"a) La altura de los alumnos de una Universidad sigue una distribución Normal de media
desconocida y desviación típica 11 cm. Calcule el tamaño mínimo que ha de tener una muestra
aleatoria de esos alumnos para que el error cometido al estimar la altura media sea inferior a 1
cm, con un nivel de confianza del 98% .
b) Dada la población (10, 12, 17), escriba todas las muestras de tamaño 2 mediante muestreo
aleatorio simple y calcule la media y la desviación típica de las medias muestrales.
SOCIALES I1. 2010. SEPTIEMBRE. EJERCICIO 4. OPCIÓN B"
MATES_CCSS,Inferencia Estadística,2012.0,Junio,Ejercicio 4 Opción A,"De una muestra aleatoria de 120 alumnos presentados a las Pruebas de Acceso, sólo 15 han
resultado no aptos.
a) Calcule un intervalo de confianza, al 99% , para estimar la proporción de alumnos que han
resultado aptos en dicha prueba.
b) Manteniendo la misma confianza, ¿cuál debe ser el tamaño mínimo de la muestra para
estimar la proporción de alumnos aptos, cometiendo un error inferior al 5% ?.
SOCIALES II. 2012 JUNIO. EJERCICIO 4 OPCIÓN A"
MATES_CCSS,Inferencia Estadística,2012.0,Reserva 1,Ejercicio 4 Opción A,"La variable “tiempo de reacción de un conductor ante un obstáculo imprevisto” sigue una
distribución Normal con desviación típica 0.05 segundos. Al medir dicho tiempo en 50
conductores se ha obtenido un tiempo medio de 0.85 segundos.
a) Halle el intervalo de confianza para el tiempo medio de reacción, con un nivel de confianza
del 99% .
b) ¿De qué tamaño mínimo ha de tomarse una muestra para que el error de estimación no
supere 0.01 segundos, con un nivel de confianza del 95% ?.
SOCIALES II. 2012. RESERVA 1. EJERCICIO 4. OPCIÓN A"
MATES_CCSS,Inferencia Estadística,2012.0,Reserva 2,Ejercicio 4 Opción A,"Una característica de una determinada población se distribuye según una variable aleatoria
Normal X de media desconocida y desviación típica 0.9. Extraída al azar una muestra de
tamaño 9 de esa población y observada X, dio como resultados:
10.5,10,8,5,10,5,11,55,13,5,95,13,12
a) Halle un intervalo de confianza, al 99% , para la media de la variable X.
b) Determine el tamaño mínimo que debe tener una muestra de esa población, para que el
error máximo que se cometa en la determinación de un intervalo de confianza para la media de
X sea, a lo sumo, 0.3, con un nivel de confianza del 90% .
SOCIALES II. 2012. RESERVA 2. EJERCICIO 4. OPCIÓN A"
MATES_CCSS,Inferencia Estadística,2012.0,Reserva 3,Ejercicio 4 Opción A,"Se acepta que los rendimientos anuales, medidos en porcentajes, que producen los depósitos
bancarios a plazo, se distribuyen según una ley Normal con desviación típica 1.8 y se pretende
realizar una estimación del rendimiento medio de los mismos. Para ello, se tiene una muestra
de 36 entidades bancarias en las que se obser va que el rendimiento medio de los depósitos es del
2.5.
a) Calcule un intervalo de confianza, al 96% , para el rendimiento medio de los depósitos a
plazo. ¿Cuál es el error máximo cometido en la estimación?.
b) Manteniendo el mismo nivel de confianza,¿cuál debe ser el tamaño mínimo de la muestra
para estimar el rendimiento medio de lo depósitos con un error máximo de 0.5?.
SOCIALES II. 2012. RESERVA 3. EJERCICIO 4. OPCIÓN A"
MATES_CCSS,Inferencia Estadística,2012.0,Reserva 4,Ejercicio 4 Opción B,"La velocidad a la que circulan los conductores por una autopista sigue una distribución
N (1,20) . En un control efectuado a 100 conductores elegidos al azar ha resultado una velocidad
media de 110 Km/h.
a) Determine el inter valo de confianza para u.,con un nivel del 99%.
b) ¿Cuál es el máximo error cometido en esta estimación?.
SOCIALES II. 2012. RESERVA 4. EJERCICIO 4. OPCIÓN B"
MATES_CCSS,Inferencia Estadística,2012.0,Septiembre,Ejercicio 4 Opción B,"El peso de las calabazas de una determinada plantación sigue una ley Normal con desviación
típica 1200 g.
a) Halle el tamaño mínimo de la muestra que se ha de elegir para, con un nivel de confianza del
95 % estimar el peso medio con un error menor de 450 g.
b) Para el mismo nivel de confianza, indique razonando la respuesta, si el error aumenta o
disminuye al aumentar el tamaño de la muestra.
SOCIALES II. 2012 SEPTIEMBRE. EJERCICIO 4 OPCIÓN B"
MATES_CCSS,Inferencia Estadística,2013.0,Junio,Ejercicio 4 Opción A,"Se quiere estimar la proporción de hembras entre los peces de una piscifactoría; para ello se ha
tomado una muestra aleatoria de 500 peces, y en ella hay 175 hembras.
a) Calcule un intervalo de confianza para la proporción de hembras en esta población de peces,
con un nivel de confianza del 94% .
b) A la vista del resultado del muestreo se quiere repetir la experiencia para conseguir un
intervalo de confianza con el mismo nivel y un error máximo de 0.02, ¿cuál es el tamaño
mínimo que debe tener la nueva muestra?.
SOCIALES II. 2013 JUNIO. EJERCICIO 4 OPCIÓN A"
MATES_CCSS,Inferencia Estadística,2013.0,Reserva 4,Ejercicio 4 Opción A,"Se conoce que la acidez de una solución es una variable aleatoria que sigue una distribución
Normal con desviación típica 0.2. Se ha tomado una muestra aleatoria de cinco soluciones y se
han obtenido las siguientes medidas de la acidez:
7.92,7.95,791,7.9,7.94.
a) Halle el inter valo de confianza, al 99% , para la media poblacional.
b) ¿Qué error máximo se ha cometido en el intervalo anterior ?
c) Para el mismo nivel de confianza, calcule el tamaño mínimo muestral que permita reducir el
error anterior a la mitad.
SOCIALES II. 2013 RESERVA 4. EJERCICIO 4. OPCIÓN A"
MATES_CCSS,Inferencia Estadística,2013.0,Reserva 4,Ejercicio 4 Opción B,"a) Se considera la población (2,4,6).. Escriba todas las posibles muestras de tamaño dos
elegidas mediante muestreo aleatorio simple y determine la desviación típica de las medias
muestrales.
b) En una ciudad se seleccionó una muestra aleatoria de 500 alumnos de Bachillerato a los que
se les preguntó si poseían una determinada marca de teléfono móvil, resultando que 80 de ellos
contestaron afirmativamente. Obtenga un intervalo de confianza, al 92%, para estimar la
proporción de estudiantes de Bachillerato que poseen esa marca de teléfono móvil.
SOCIALES II. 2013 RESERVA 4. EJERCICIO 4. OPCIÓN B"
MATES_CCSS,Inferencia Estadística,2013.0,Septiembre,Ejercicio 4 Opción B,"El gasto mensual de las familias de un municipio se distribuye según una variable Normal con
desviación típica igual a 180 euros. Seleccionadas 30 familias al azar, han tenido un gasto medio
mensual de 900 euros.
a) Calcule un intervalo de confianza para el gasto medio mensual de las familias de ese
municipio con un nivel de confianza del 98% .
b) Calcule el tamaño muestral mínimo necesario para estimar el medio mensual de las familias
con un error no superior a 60 euros, con el mismo nivel de confianza.
SOCIALES II. 2013 SEPTIEMBRE. EJERCICIO 4 OPCIÓN B"
MATES_CCSS,Inferencia Estadística,2014.0,Junio,Ejercicio 4 Opción A,"Se quiere hacer un estudio de mercado para conocer el precio medio de los libros de narrativa
que se venden en la actualidad. Para ello se elige una muestra aleatoria de 121 libros,
encontrando que tienen un precio medio de 23 €. Se sabe que el precio de los libros de narrativa
sigue una distribución Normal con media desconocida y desviación típica 5 €.
a) Obtenga un intervalo de confianza al 988 %, para el precio medio de esos libros.
b) ¿Cuántos libros habría que elegir como muestra para que, con la misma confianza, el error
máximo de la estimación no excediera de 1 €?.
SOCIALES II. 2014 JUNIO. EJERCICIO 4. OPCIÓN A"
MATES_CCSS,Inferencia Estadística,2014.0,Reserva 1,Ejercicio 4 Opciona,"Para estimar la proporción de balances contables incorrectos de un banco, se seleccionan
aleatoriamente 200 balances, y se encuentran que 19 de ellos son incorrectos.
a) Obtenga un intervalo de confianza, al 95% , para la proporción de balances incorrectos.
b) ¿Cuántos balances se deberán seleccionar para que, con un nivel de confianza del 99% , el
error de la estimación no sea superior a 002?
SOCIALES II. 2014 RESERVA 1. EJERCICIO 4 OPCIONA"
MATES_CCSS,Inferencia Estadística,2014.0,Reserva 1,Ejercicio 4 Opción B,"a) Determine todas las muestras de tamaño 2 que, mediante un muestreo aleatorio simple, se
pueden extraer del conjunto (6,9,12) y calcule la varianza de las medias muestrales.
b) Una empresa fabrica cuatro productos A, B, C y D, de los que elabora diariamente 40, 15, 25
y 120 unidades respectivamente.
Si un día se quiere elaborar una muestra de 40 unidades con los productos fabricados, por
muestreo aleatorio estratificado con afijación proporcional, ¿qué número de unidades de cada
producto se debe elegir?
SOCIALES II. 2014 RESERVA 1. EJERCICIO 4 OPCIÓN B"
MATES_CCSS,Inferencia Estadística,2014.0,Reserva 2,Ejercicio 4 Opción A,"Una panadería produce barras de pan cuya longitud, medida en centímetros, sigue una
distribución Normal con una desviación típica de 5 centímetros.
a) A partir de una muestra de 100 barras de pan se ha calculado el intervalo de confianza para
la media poblacional, resultando ser (31.2, 33.4). Halle la media muestral y el error de
estimación.
b) Para un nivel de confianza del 96% , halle el tamaño muestral mínimo necesario para que el
error de estimación máximo sea 1.5.
SOCIALES II. 2014 RESERVA 2. EJERCICIO 4 OPCIÓN A"
MATES_CCSS,Inferencia Estadística,2014.0,Reserva 3,Ejercicio 4 Opción A,"Con el fin de estudiar el precio medio del litro de gasolina en una provincia en un determinado
día, se seleccionan al azar ese día 9 estaciones de servicio y se observan los siguientes precios, en
euros, de un litro de gasolina:
1.3, 1.2, 1.4, 1.27, 1.25, 1.32, 1.37, 1.38, 1.23.
Se sabe que el precio del litro de gasolina se distribuye según una ley Normal con desviación
típica igual a 0.18 euros.
a) Obtenga un intervalo de confianza, al 95%, para estimar el precio medio del litro de
gasolina.
b) Calcule el tamaño muestral mínimo necesario para estimar el precio medio del litro de
gasolina con un error no superior a 0.08 euros, con el mismo nivel de confianza.
SOCIALES II. 2014 RESERVA 3. EJERCICIO 4 OPCIÓN A"
MATES_CCSS,Inferencia Estadística,2014.0,Reserva 3,Ejercicio 4 Opción B,"1) En un centro docente la tercera parte de los alumnos estudia el idioma A, la mitad el idioma
B y el resto el idioma C (cada alumno estudia sólo uno de estos idiomas).
a) Se desea seleccionar una muestra de 60 alumnos, mediante muestreo aleatorio estratificado
con afijación proporcional al número de los alumnos de cada idioma. ¿Cómo debería estar
conformada la muestra?
b) En otra muestra seleccionada por el procedimiento anterior, el número de alumnos tomados
del idioma A es 14. Determine cuántos se han elegido de los otros dos idiomas.
2) Una población tiene 5 elementos. Mediante muestreo aleatorio simple se seleccionan
muestras de tamaño 3, siendo la desviación típica de sus medias 2 y la media de las medias
muestrales 7. ¿Cuánto valen la media y la varianza de la población?
SOCIALES II. 2014 RESERVA 3. EJERCICIO 4 OPCIÓN B"
MATES_CCSS,Inferencia Estadística,2014.0,Reserva 4,Ejercicio 4 Opción B,"Para estimar la proporción de habitantes que es favorable a la construcción de un centro
comercial en un municipio, se ha obtenido el intervalo de confianza (0.31, 0.39), al 94% .
a) ¿Cuál ha sido el valor de la proporción muestral?
b) Si la muestra aleatoria elegida de esa población para el estudio fue de 500 personas, ¿cuántas
de ellas deseaban la construcción del centro comercial?
c) Se desea repetir el estudio para obtener un intervalo de confianza con un error máximo de
0.03 y el mismo nivel de confianza. ¿Cuántas personas, como mínimo, debe tener la nueva
muestra aleatoria?
SOCIALES II. 2014. RESERVA 4. EJERCICIO 4. OPCIÓN B"
MATES_CCSS,Inferencia Estadística,2014.0,Septiembre,Ejercicio 4 Opción B,"El peso de los huevos de una granja sigue una ley Normal de media desconocida y desviación
típica 1.23 gramos. Para estimar la media poblacional se ha tomado una muestra de dos
docenas de huevos que han dado un peso total de 1615.2 gramos.
a) Halle un inter valo de confianza, al 96% , para la media poblacional.
b) Con el mismo nivel de confianza anterior, si nos exigieran que el intervalo tuviera una
amplitud máxima de 0.8, ¿de qué tamaño, como mínimo, habría que tomar la muestra?.
SOCIALES II. 2014 SEPTIEMBRE. EJERCICIO 4 OPCIÓN B"
MATES_CCSS,Inferencia Estadística,2015.0,Junio,Ejercicio 4 Opción B,"Un fabricante de tuberías PVC sabe que la distribución de los diámetros interiores de los tubos
de conducción de agua que produce sigue una ley Normal con varianza 0? =0.25 mm”. Para
estimar el diámetro medio de esas tuberías, toma una muestra aleatoria de 64 tubos y
comprueba que el diámetro medio de esa muestra es de 20 mm.
a) Calcule un intervalo de confianza, con un nivel del 98% , para la media de los diámetros de
los tubos que fabrica.
b) Halle el tamaño mínimo que debe tener una muestra de esa distribución para que la
amplitud de un intervalo de confianza, con ese mismo nivel de confianza, sea inferior a 2 mm.
SOCIALES II. 2015 JUNIO. EJERCICIO 4. OPCIÓN B"
MATES_CCSS,Inferencia Estadística,2015.0,Reserva 1,Ejercicio 4 Opcion B,"El tiempo en horas dedicado cada día al uso de una aplicación de mensajería instantánea por
los estudiantes de bachillerato de una ciudad, es una variable aleatoria que sigue una ley
Normal con desviación típica 0.5 horas. Se toma una muestra aleatoria de 10 estudiantes y se
obtienen los siguientes tiempos de uso en horas:
3.5 4.25 2.25 3.75 42 2.75 125 1.2 1.75 2.1
a) Determine un intervalo de confianza al 90% para el tiempo medio diario dedicado al uso de
esta aplicación por los estudiantes.
b) Calcule el tamaño muestral mínimo necesario para estimar el tiempo medio diario dedicado
al uso de esta aplicación, para un error de estimación no superior a 0.1 horas y mismo nivel de
confianza anterior.
SOCIALES II. 2015 RESERVA 1 EJERCICIO 4. OPCION B"
MATES_CCSS,Inferencia Estadística,2015.0,Reserva 2,Ejercicio 4 Opcion B,"Se ha lanzado un dado 400 veces, y en 72 de ellas ha salido un tres.
a) Calcule un intervalo de confianza, al 99.2% , para la proporción de veces que se obtiene un
tres.
b) Calcule el error máximo admisible cometido con ese intervalo.
SOCIALES II. 2015 RESERVA 2 EJERCICIO 4. OPCION B"
MATES_CCSS,Inferencia Estadística,2015.0,Reserva 3,Ejercicio 4 Opcion B,"De una población Normal de media desconocida y desviación típica 2 se extrae la siguiente
muestra aleatoria simple de tamaño 10:
38 63 436 62 58 15 33 34 29
a) Estime, mediante un inter valo de confianza, la media poblacional para un nivel de confianza
del 92% . Obtenga su error de estimación.
b) ¿Qué tamaño muestral mínimo sería necesario para reducir ese error a la mitad, con el
mismo nivel de confianza?
SOCIALES II. 2015 RESERVA 3 EJERCICIO 4. OPCION B"
MATES_CCSS,Inferencia Estadística,2015.0,Reserva 4,Ejercicio 4 Opcion A,"El capital de las hipotecas constituidas sobre fincas urbanas en Andalucía es una variable
aleatoria Normal con desviación típica 10000 €.
a) Se toma una muestra aleatoria de 9 hipotecas con los siguientes capitales (en euros):
95000 99000 105000 106000 108000 111000 112000 115000 120000
Construya un intervalo de confianza, al 95% , para el capital medio de dichas hipotecas.
b) ¿Qué número mínimo de hipotecas deberíamos considerar en una muestra para que, con el
mismo nivel de confianza, el error máximo en la estimación del capital medio sea de 4000€?
SOCIALES II. 2015 RESERVA 4 EJERCICIO 4. OPCION A"
MATES_CCSS,Inferencia Estadística,2016.0,Junio,Ejercicio 4 Opción A,"Se desea estimar la media de una variable aleatoria Normal cuya desviación típica es 25. Para
ello, se toma una muestra aleatoria, obteniéndose los siguientes resultados:
18 185 14 165 19 20 205 17 185 18.
a) Determine un intervalo de confianza al 96% para la media poblacional.
b) ¿Cuál es el error máximo cometido con esta estimación?.
c) Con el mismo nivel de confianza, si queremos que el error máximo sea inferior a 1, ¿qué
tamaño muestral mínimo debemos tomar?.
SOCIALES II. 2016 JUNIO. EJERCICIO 4. OPCIÓN A"
MATES_CCSS,Inferencia Estadística,2016.0,Junio,Ejercicio 4 Opción B,"El peso de los habitantes de una determinada ciudad sigue un ley Normal de media 65 kg y
desviación típica 8 kg.
a) ¿Qué distribución sigue la media de los pesos de las muestras de habitantes de tamaño 64
extraídas de esa ciudad?.
b) Si se extrae una muestra aleatoria de tamaño 100 de esa ciudad, ¿cuál es la probabilidad de
que el peso medio de esa muestra está comprendido entre 64 y 65 kg?.
SOCIALES II. 2016 JUNIO. EJERCICIO 4 OPCIÓN B"
MATES_CCSS,Inferencia Estadística,2016.0,Reserva 1,Ejercicio 4 Opción A,"El número de pulsaciones por minuto (p/m) de los pacientes de un centro de salud de una cierta
población sigue una ley Normal de desviación típica 9.
a) Se elige una muestra aleatoria de 100 pacientes que da como número medio de (p/m) 68. Con
un nivel del 97% , determine un intervalo de confianza para el número medio de las p/m de los
pacientes de ese centro.
b) Con el mismo nivel de confianza, ¿cuántos pacientes, como mínimo, se necesitan en la
muestra para estimar el número medio de p/m con un error no superior a 1?.
SOCIALES II. 2016 RESERVA 1. EJERCICIO 4 OPCIÓN A"
MATES_CCSS,Inferencia Estadística,2016.0,Reserva 2,Ejercicio 4 Opcion A,"SELECTIVIDAD
a) La talla de los individuos de una población sigue una distribución Normal con desviación
típica 8 cm y media desconocida. A partir de una muestra aleatoria se ha obtenido un intervalo
de confianza al 95% para estimar la talla media poblacional, que ha resultado ser
(164.86 , 171.14) en cm.
Calcule la talla media de la muestra y el tamaño muestral mínimo necesario para reducir a la
mitad el error máximo de estimación anterior.
b) En un club privado con 243 usuarios se ha seleccionado una muestra para hacer un sondeo,
según la actividad realizada y por muestreo aleatorio estratificado. En esa muestra, 5 usuarios
practican Yoga, 7 Pilates y 15 Mantenimiento, ¿cuántos usuarios están inscritos en cada
actividad en ese club?
SOCIALES II. 2016. RESERVA 2. EJERCICIO 4. OPCION A"
MATES_CCSS,Inferencia Estadística,2016.0,Reserva 3,Ejercicio 4 Opcion B,"El peso de los paquetes de azúcar de una marca, medido en gramos, sigue una distribución
Normal con desviación típica de 16 gramos. A partir de una muestra de 100 paquetes de azúcar
de dicha marca, se obtuvo un peso medio de 247 gramos.
a) Obtenga un intervalo de confianza para el peso medio de los paquetes de azúcar de esa
marca, con un nivel de confianza del 97% .
b) Determine el tamaño muestral mínimo necesario para estimar el peso medio con un error
máximo de 0.5 gramos, a un nivel de confianza del 95%.
SOCIALES II. 2016. RESERVA 3. EJERCICIO 4. OPCION B"
MATES_CCSS,Inferencia Estadística,2016.0,Reserva 4,Ejercicio 4 Opcion A,"Para estudiar el número de personas que van al cine mensualmente en una ciudad, se ha
seleccionado una muestra aleatoria de 10 meses y se ha registrado el número de entradas al
cine vendidas en cada mes. Los datos son los siguientes:
682 553 555 666 657 649 522 568 “700 552
a) Suponiendo que el número de entradas vendidas mensualmente sigue una distribución
Normal con desviación típica 50 entradas, calcule un intervalo de confianza, con un nivel del
95% , para el número medio de personas que van al cine mensualmente en esa ciudad.
b) ¿Cuál es el error máximo que se comete al estimar esta media con este inter valo?
SOCIALES II. 2016. RESERVA 4. EJERCICIO 4. OPCION A"
MATES_CCSS,Inferencia Estadística,2016.0,Septiembre,Ejercicio 4 Opción A,"Una cadena de hipermercados decide estudiar la proporción de artículos de un determinado
tipo que tienen defectos en su envoltorio. Para ello, selecciona aleatoriamente 2000 artículos de
este tipo entre sus hipermercados y encuentra que 19 de ellos tienen defectos en su envoltorio.
a) Determine un intervalo, al 95% de confianza, para la proporción real de artículos con este
tipo de defecto e interprete el resultado obtenido.
b) ¿Cuántos artículos, como mínimo, deberá seleccionar para que, con un nivel de confianza
del 99% , la proporción muestral difiera de la proporción real a lo sumo en un 1%?.
SOCIALES II. 2016 SEPTIEMBRE. EJERCICIO 4 OPCIÓN A"
MATES_CCSS,Inferencia Estadística,2016.0,Septiembre,Ejercicio 4 Opción B,"a) Se desea tomar una muestra aleatoria estratificada de las personas mayores de edad de un
municipio, cuyos estratos son los siguientes intervalos de edades, en años: de 18 a 30,de 31 a 45,
de 46 a 60 y mayores de 60. En el primer intervalo hay 7500 personas, en el segundo hay 8400,
en el tercero 5700 y en el cuarto 3000. Calcule el tamaño de la muestra total y su composición,
sabiendo que el muestreo se hace con afijación proporcional y se han elegido al azar 375
personas del primer estrato.
b) Dada la población ( 2,4,6 ) construya todas las muestras posibles de tamaño 2, que se puedan
formar mediante muestreo aleatorio simple, y halle la varianza de las medias muestrales de todas
las muestras.
SOCIALES II. 2016 SEPTIEMBRE. EJERCICIO 4 OPCIÓN B"
MATES_CCSS,Inferencia Estadística,2017.0,Junio,Ejercicio 4 Opción A,"La altura de los estudiantes de 2” de Bachillerato de un centro sigue un ley Normal de media
165 cm y desviación típica 10 cm.
a) ¿Qué distribución sigue la altura media de las muestras de tamaño 257.
b) Se elige al azar una muestra de 25 estudiantes y se le mide la altura. ¿Cuál es la probabilidad
de que la altura media de esa muestra supere los 160 cm?.
SOCIALES II. 2017 JUNIO. EJERCICIO 4 OPCIÓN A"
MATES_CCSS,Inferencia Estadística,2017.0,Reserva 2,Ejercicio 4 Opción A,"Se desea estimar la proporción de bares y restaurantes que en el camino de Santiago ofertan el
menú del peregrino con un precio máximo de 12 €. Para ello se eligen aleatoriamente 120
establecimientos que ofrecen este menú, de los que 80 tienen un precio máximo de 12 €.
a) Con un nivel de confianza del 92 % , obtenga el intervalo de confianza para proporción de
establecimientos que tienen un precio máximo de 12 €.
b) Si aumentamos el nivel de confianza al 99 %, ¿qué efecto se produce en el error de
estimación?
c) ¿Cuántos establecimientos, como mínimo, deberíamos seleccionar para que, con un nivel de
confianza del 99 % , el error de la estimación no sea superior a 0.04?
SOCIALES II. 2017 RESERVA 2. EJERCICIO 4. OPCIÓN A"
MATES_CCSS,Inferencia Estadística,2017.0,Reserva 4,Ejercicio 4 Opción A,"En un centro docente hay 160 alumnos matriculados en 1? de ESO, 120 en 2”, 120 en 3%, 80 en
4”, 240 en 1” de Bachillerato y 200 en 2”. Se quiere constituir una comisión en la que todos los
cursos estén representados de forma proporcional.
a) ¿Cuántos alumnos debe haber en la comisión y cuántos de cada curso si dicha comisión está
formada por el 5 % del total del alumnado?
b) ¿Cuál sería la composición de la comisión si queremos que haya 9 alumnos de 2* de ESO?
SOCIALES II. 2017 RESERVA 4. EJERCICIO 4. OPCIÓN A"
MATES_CCSS,Inferencia Estadística,2017.0,Septiembre,Ejercicio 4 Opcion A,"El tiempo de vida de una determinada especie de tortuga es una variable aleatoria que sigue
una ley Normal de desviación típica 10 años. Se toma una muestra aleatoria simple de 10
tortugas y se obtienen los siguientes valores:
46 38 59 29 34 32 38 21 44 34
a) Determine un intervalo de confianza, al 95%, para la vida media de dicha especie de
tortugas.
b) Calcule el tamaño mínimo que debe tener una muestra para que el error de estimación de la
vida media no sea superior a 5 años, con un nivel de confianza del 98% .
SOCIALES II. 2017. SEPTIEMBRE. EJERCICIO 4. OPCION A"
MATES_CCSS,Inferencia Estadística,2017.0,Septiembre,Ejercicio 4 Opción B,"En una muestra, elegida al azar, de 100 estudiantes de una Universidad, se ha observado que
25 desayunan en la cafetería del campus.
a) Determine, con un nivel de confianza del 95%, un intervalo de confianza para estimar la
proporción de estudiantes de esa Universidad que desayunan en la cafetería.
b) Si la proporción de estudiantes de esa Universidad que desayunan en la cafetería del campus
en una muestra aleatoria es de 02, y el error cometido en la estimación ha sido inferior a 003,
con un nivel de confianza del 925%, calcule el tamaño mínimo de la muestra.
SOCIALES II. 2017 SEPTIEMBRE. EJERCICIO 4 OPCIÓN B"
MATES_CCSS,Inferencia Estadística,2018.0,Junio,Ejercicio 4 Opción A,"Se dispone de cuatro tornillos de 1, 2, 3 y 4 gramos de peso respectivamente.
a) Mediante muestreo aleatorio simple, exprese todas las muestras posibles de tamaño 2.
b) Determine la media y la varianza de los pesos medios muestrales
SOCIALES II. 2018 JUNIO. EJERCICIO 4 OPCIÓN A"
MATES_CCSS,Inferencia Estadística,2018.0,Junio,Ejercicio 4 Opción B,"En un estudio sobre la utilización de nuevas tecnologías entre los estudiantes de Bachillerato, se
ha realizado una encuesta a 500 estudiantes elegidos mediantes muestreo aleatorio simple,
resultando que 380 de ellos son usuarios de una determinada red social.
a) Calcule un intervalo de confianza al 97% para estimar la proporción de estudiantes que son
usuarios de esa red social
b) Suponiendo que se mantiene la proporción muestral, determine el número mínimo de
estudiantes a los que sería preciso entrevistar para que, con un nivel confianza del 96% , el error
cometido al estimar la proporción de usuarios de la citada red social no supere el 2%.
SOCIALES II. 2018 JUNIO. EJERCICIO 4 OPCIÓN B"
MATES_CCSS,Inferencia Estadística,2018.0,Reserva 1,Ejercicio 4 Opción A,"A la salida de unos grandes almacenes se ha tomado una muestra aleatoria simple de 100
clientes, a los que se les ha preguntado por el gasto que han realizado, obteniéndose una media
muestral de 110 euros. Se sabe que el gasto sigue una distribución Normal con desviación típica
de 20 euros.
a) ¿Qué distribución de probabilidad sigue la media muestral?.
b) Obtenga un intervalo de confianza al 90%, para el gasto medio de todos los clientes que han
comprado ese día.
c) Si deseamos que el error máximo cometido, con el mismo nivel de confianza, sea 2 euros,
¿cuál ha de ser el tamaño mínimo de la muestra?.
SOCIALES II. 2018 RESERVA 1. EJERCICIO 4 OPCIÓN A"
MATES_CCSS,Inferencia Estadística,2018.0,Reserva 2,Ejercicio 4 Opción A,"El peso de las ciruelas de una determinada variedad sigue una distribución Normal con media
desconocida y desviación típica 3 gramos. Se eligen al azar 25 ciruelas de esa variedad y se
pesan, resultando un peso medio de 60 gramos.
a) Calcule un intervalo al 95% de confianza para estimar el peso medio de las ciruelas de esa
variedad.
b) Calcule el tamaño mínimo de la muestra que se ha de tomar, para que al estimar el peso
medio de esa variedad de ciruelas con un nivel de confianza del 99% , el error cometido sea
inferior a 1 gramo.
SOCIALES II. 2018 RESERVA 2. EJERCICIO 4 OPCIÓN A"
MATES_CCSS,Inferencia Estadística,2018.0,Reserva 3,Ejercicio 4 Opción A,"El gasto que tienen los jóvenes durante un fin de semana es una variable aleatoria que sigue
una distribución Normal de media y desconocida y desviación típica igual a 6 euros.
a) Se toma una muestra aleatoria simple y se obtiene que el intervalo de confianza al 95% para
la media y es (24.47, 26.43). Calcule el valor de la media muestral y el tamaño de la muestra
elegida.
b) Escogida otra muestra de tamaño 49 para estimar y calcule el error máximo cometido para
esa estimación con un nivel de confianza del 97%.
SOCIALES II. 2018 RESERVA 3. EJERCICIO 4 OPCIÓN A"
MATES_CCSS,Inferencia Estadística,2018.0,Reserva 4,Ejercicio 4 Opción A,"La calificación que obtiene el alumnado en una determinada asignatura sigue una distribución
Normal de media y y desviación típica 3 puntos.
a) Se toma una muestra aleatoria simple de 100 alumnos, resultando una calificación media de
5.7 puntos. Calcule un intervalo de confianza para estimar y a un nivel de confianza del 95%.
b) Determine el tamaño mínimo que debe tener una muestra aleatoria para poder estimar yu
con un error máximo de 0.5 puntos y un nivel de confianza del 99%.
SOCIALES II. 2018 RESERVA 4. EJERCICIO 4 OPCIÓN A"
MATES_CCSS,Inferencia Estadística,2018.0,Reserva 4,Ejercicio 4 Opción B,"Una cadena de supermercados desea estimar la proporción de clientes que adquiere un
determinado producto. Para ello ha tomado una muestra aleatoria simple de 1000 clientes y ha
observado que 300 compraban ese producto.
a) Halle, con un nivel de confianza del 95%, un intervalo de confianza para estimar la
proporción de clientes del supermercado que compra ese producto.
b) Si en otra muestra la proporción de clientes que compra ese producto es de 0.25 y el error
cometido en la estimación ha sido inferior a 0.03, con un nivel de confianza del 92.5% , calcule
el tamaño mínimo de la muestra.
SOCIALES II. 2018 RESERVA 4. EJERCICIO 4 OPCIÓN B"
MATES_CCSS,Inferencia Estadística,2018.0,Septiembre,Ejercicio 4 Opcion B,"La edad de los empleados de una empresa sigue una ley Normal de varianza 64 y media
desconocida. Se toma una muestra aleatoria simple de 16 empleados de dicha empresa,
obteniéndose las siguientes edades:
30 42 38 45 52 60 21 26 33 44 28 49 37 41 38 40
a) Obtenga un intervalo de confianza para estimar la edad media de los empleados, con un
nivel de confianza del 97% .
b) Calcule el tamaño mínimo de la muestra que se ha de tomar para estimar la edad media de
los empleados, con un error inferior a 2 años y con un nivel de confianza del 99%.
SOCIALES II. 2018. SEPTIEMBRE. EJERCICIO 4. OPCION B"
MATES_CCSS,Inferencia Estadística,2019.0,Junio,Ejercicio 4 Opción A,"Se desea estimar la proporción de individuos que piensan votar a un cierto partido político en
una determinada ciudad. Para ello se toma una muestra aleatoria de 300 individuos de la
ciudad, resultando que 135 de ellos piensan votar a ese partido.
a) Calcule un intervalo de confianza al 97% para la proporción de individuos que piensan
votar a ese partido en dicha ciudad.
b) Suponiendo que se mantiene la misma proporción muestral y el mismo nivel de confianza del
apartado anterior, determine el tamaño mínimo de la muestra para estimar la proporción con
un error inferior al 2%.
SOCIALES II. 2019 JUNIO. EJERCICIO 4 OPCIÓN A"
MATES_CCSS,Inferencia Estadística,2019.0,Junio,Ejercicio 4 Opción B,"Los directivos de una empresa desean estimar el tiempo medio que tardan los empleados en
llegar al puesto de trabajo desde sus domicilios. Admitimos que dicho tiempo sigue una
distribución Normal de desviación típica 8 minutos. Se elige al azar una muestra de 9
empleados de esa empresa, obteniéndose los siguientes resultados, expresados en minutos:
10 17 8 27 6 9 32 5 21
a) Determine un intervalo de confianza al 92% , para la media poblacional.
b) Con una confianza del 955%, ¿Qué tamaño muestral mínimo sería necesario para estimar
el tiempo medio con un error inferior a 1?5 minutos?.
SOCIALES II. 2019 JUNIO. EJERCICIO 4 OPCIÓN B"
MATES_CCSS,Inferencia Estadística,2019.0,Reserva 1,Ejercicio 4 Opcion A,"La cantidad de azúcar que añade un fabricante de refrescos a sus productos sigue una ley Normal
cuya varianza es 225 mg?. Se ha seleccionado al azar una muestra de 25 refrescos de ese
fabricante, en la que se ha obtenido una media de 175 mg de azúcar añadido por refresco.
a) Determine un intervalo de confianza al 90% para la cantidad media de azúcar añadida a cada
refresco.
b) ¿Cuál debe ser el tamaño mínimo de la muestra para que el intervalo de confianza
correspondiente al 80% tenga una amplitud como máximo de 5 mg?
SOCIALES II. 2019 RESERVA 1. EJERCICIO 4. OPCION A"
MATES_CCSS,Inferencia Estadística,2019.0,Reserva 1,Ejercicio 4 Opcion B,"La Consejería de Educación elige una muestra de 5000 estudiantes de lo de Bachillerato de
Ciencias Sociales y los encuesta para conocer la opinión que tienen sobre la elección de cierta
materia entre las optativas para cursar 2” de Bachillerato. El resultado de la encuesta revela que
2250 estudiantes piensan elegir dicha materia optativa.
a) Halle un intervalo de confianza al 975% para estimar la proporción de estudiantes que
piensan elegir esa materia optativa.
b) Si en otra muestra la proporción de estudiantes que piensa elegir esa materia es de 05 y el
error cometido en la estimación ha sido inferior a 003 con un nivel de confianza del 92*5%,
calcule el tamaño muestral mínimo de esa muestra.
SOCIALES II. 2019 RESERVA 1. EJERCICIO 4. OPCION B"
MATES_CCSS,Inferencia Estadística,2019.0,Reserva 2,Ejercicio 4 Opcion A,"A la salida de una heladería se realizó una encuesta para comprobar si los clientes habían
probado un nuevo sabor en promoción. Se observó que de 125 personas encuestadas, 20 no lo
habían probado y el resto sí.
a) Determine, con un nivel de confianza del 97%, un intervalo para estimar la proporción de
clientes de esa heladería que no habían probado el nuevo helado.
b) Mediante una nueva muestra se desea estimar la proporción de clientes de esa heladería que no
habían probado el nuevo helado, con un error inferior al 5% y un nivel de confianza del 94%.
Suponiendo que se mantiene la proporción muestral del apartado anterior, ¿qué tamaño mínimo
debe tener dicha muestra?
SOCIALES II. 2019 RESERVA 2. EJERCICIO 4. OPCION A"
MATES_CCSS,Inferencia Estadística,2019.0,Reserva 2,Ejercicio 4 Opcion B,"La vida útil de los filtros de las máquinas de agua por ósmosis se distribuye según una ley Normal
de media desconocida y desviación típica de 2000 horas. En una prueba realizada en 9 máquinas
elegidas al azar, se obtuvieron los siguientes resultados:
9500 10000 8500 10500 16500 10000 12000 14000 17000
a) Calcule un intervalo de confianza al 99% para la vida útil media de los filtros de las máquinas.
b) ¿Cuál debe ser el tamaño mínimo que debería tener una muestra, para que el error cometido
en la estimación de la vida útil media de los filtros sea inferior a 500 horas, con un nivel de
confianza del 95% ?
SOCIALES II. 2019 RESERVA 2. EJERCICIO 4. OPCION B"
MATES_CCSS,Inferencia Estadística,2019.0,Reserva 3,Ejercicio 4 Opcion A,"Para estimar la proporción de empleados de una empresa que usan lentillas, se toma una muestra
al azar de 60 empleados de la misma y se observa que 16 usan lentillas.
a) Halle, con un nivel de confianza del 90% , un intervalo para estimar la proporción.
b) Con el mismo nivel de confianza del apartado anterior y manteniendo la misma proporción
muestral, determine el tamaño mínimo de la muestra para que el error cometido en la estimación
de la proporción sea inferior a 01.
SOCIALES II. 2019 RESERVA 3. EJERCICIO 4. OPCION A"
MATES_CCSS,Inferencia Estadística,2019.0,Reserva 3,Ejercicio 4 Opcion B,"El tiempo de duración, en horas, de un modelo de bombilla LED, sigue una ley Normal de media
desconocida y desviación típica 150 horas. Con una muestra de bombillas de ese modelo y a un
nivel de confianza del 98.5% se ha obtenido que el intervalo de confianza para la media es
(18475'7 , 18524' 3).
a) Calcule el valor que se obtuvo para la media de la muestra y el tamaño de la muestra utilizado.
b) ¿Cuál será el error máximo de estimación de la media si se hubiese utilizado una muestra de
tamaño 100 y un nivel de confianza del 96.6% ?
SOCIALES II. 2019 RESERVA 3. EJERCICIO 4. OPCION B"
MATES_CCSS,Inferencia Estadística,2019.0,Reserva 4,Ejercicio 4 Opcion A,"La producción en kilogramos por árbol de aguacates de una comarca sigue una distribución
Normal de desviación típica 4 y media desconocida.
a) Obtenga el tamaño muestral mínimo necesario para estimar la media poblacional con un error
de estimación inferior a 2.1 kg y una confianza del 97% .
b) Se toma una muestra aleatoria de 9 árboles, cuyas producciones en kilogramos han sido:
15 120 50 40 5 46 52 48 10
Obtenga el intervalo de confianza al 97% para estimar la producción media de aguacates por
árbol y calcule el error máximo de estimación.
SOCIALES II. 2019 RESERVA 4. EJERCICIO 4. OPCION A"
MATES_CCSS,Inferencia Estadística,2019.0,Reserva 4,Ejercicio 4 Opcion B,"En una muestra de 320 personas jubiladas elegidas al azar en un distrito de una ciudad, resultó
que 96 de ellas realizaban alguna actividad física.
a) Construya un intervalo de confianza al 95% para la proporción de personas jubiladas que
realizan alguna actividad física en ese distrito.
b) Suponiendo que se mantiene la misma proporción muestral, halle el tamaño mínimo de la
muestra para que el error cometido sea inferior a 0.1 con un nivel de confianza del 98% .
SOCIALES II. 2019 RESERVA 4. EJERCICIO 4. OPCION B"
MATES_CCSS,Inferencia Estadística,2019.0,Septiembre,Ejercicio 4 Opción B,"Se quiere estimar la proporción de enfermos hospitalizados por causas relacionadas con el
consumo de tabaco. Para ello se escoge aleatoriamente una muestra de 50 expedientes sanitarios
de enfermos hospitalizados, resultando que el 22% de ellos revelan que la enfermedad fue causada
por el tabaco.
a) Para un nivel de confianza del 92% , calcule un intervalo de confianza para la proporción de
enfermos hospitalizados por causas relacionadas con el consumo de tabaco.
b) Determine cuántos expedientes hay que elegir como mínimo para que, con el mismo nivel de
confianza y la misma proporción muestral anteriores, el error que se cometa al estimar la
proporción de los enfermos hospitalizados por causas debidas al tabaco sea inferior al 3%.
SOCIALES II. 2019 SEPTIEMBRE. EJERCICIO 4 OPCIÓN B"
MATES_CCSS,Inferencia Estadística,2020.0,Junio,Ejercicio D7,"La vida útil, en años, de las lavadoras de un determinado modelo, se distribuye según una Ley
Normal de varianza 784. En una muestra de 12 lavadoras, la vida útil en años ha sido:
95 9 102 86 114 108 126 11 1188 145 10% 98
a) (15 puntos) Con estos datos, determine un intervalo de confianza al 935 % para estimar la
vida útil media de estas lavadoras.
b) (1 punto) Calcule el error máximo que se puede cometer al estimar la vida útil de este
modelo de lavadoras, si se toma una muestra de 50 lavadoras y asumimos un nivel de confianza
del 99 %.
SOCIALES II. 2020. JUNIO. EJERCICIO D7"
MATES_CCSS,Inferencia Estadística,2020.0,Junio,Ejercicio D8,"La renta anual de los hogares andaluces, en miles de euros, se distribuye según una Ley
Normal con desviación típica 5 y media desconocida pH.
a) (1 punto) Si se desea qu en el 99 % de las posibles muestras del mismo tamaño, elegidas
entre los hogares andaluces, la media no difiera de la renta media anual poblacional de dichos
hogares en más de una unidad, ¿cuál debe ser el tamaño mínimo de las muestras?.
b) (05 puntos) Si se consideran muestras de hogares andaluces de tamaño 100, ¿Qué
distribución de probabilidad sigue la variable aleatoria “Renta media anual muestral”?.
c) (1 punto) Suponiendo que la renta media anual poblacional de los hogares andaluces es
1 =24¿cuál es la probabilidad de que en una muestra de tamaño 100 la renta media anual sea
superior a 257.
SOCIALES II. 2020. JUNIO. EJERCICIO D8"
MATES_CCSS,Inferencia Estadística,2020.0,Reserva 1,Ejercicio D7,"El precio de venta al público del kilogramo de frambuesas sigue una ley Normal de media
desconocida y varianza 9. En una localidad se eligen 10 comercios de manera aleatoria,
obteniéndose los siguientes precios en euros:
123 10 91 11 105 11788 99 115 10% 13
a) (05 puntos) ¿Qué distribución siguen las medias de las muestras de tamaño 10?
b) (1 punto) Con los datos obtenidos de la muestra, determine un intervalo de confianza al 97%
para el precio medio del kilogramo de frambuesas.
c) (1 punto) Con el mismo nivel de confianza, calcule el tamaño mínimo que debe tener una
muestra para que el error cometido al estimar el precio medio del kilogramo de frambuesas sea
menor a 1”5 euros.
SOCIALES II. 2020 RESERVA 1. EJERCICIO D7"
MATES_CCSS,Inferencia Estadística,2020.0,Reserva 1,Ejercicio D8,"Se sabe que la longitud, en centímetros, de una especie de estrella de mar en una determinada
zona sigue una ley Normal con desviación típica 3. Para estimar la longitud media de esa
especie de estrella de mar, se extrae una muestra de tamaño 36 y se obtiene el intervalo de
confianza (604, 8) al 95%. Se pide:
a) (05 puntos) Calcule la media muestral.
b) (05 puntos) Calcule el error de estimación máximo cometido.
c) (1 punto) Si aumentamos el tamaño muestral a 49, ¿qué efecto produce sobre el error
máximo cometido? Calcule este error.
d) (0.5 puntos) Si aumentamos el nivel de confianza, ¿qué efecto produce sobre el error de
estimación máximo? Justifique la respuesta
SOCIALES II. 2020 RESERVA 1. EJERCICIO D8"
MATES_CCSS,Inferencia Estadística,2020.0,Reserva 2,Ejercicio D7,"La distancia en kilómetros recorrida al día por los vehículos de una empresa de coches de
alquiler sigue una distribución Normal de media desconocida y varianza 225. Se toma una
muestra aleatoria simple de 36 coches y se obtiene el intervalo de confianza (15365, 162”35)
para la media poblacional.
a) (1 punto) Calcule la media muestral y el error máximo de estimación para ese intervalo de
confianza.
b) (05 puntos) Si con el mismo nivel de confianza, aumentamos el tamaño muestral, ¿cómo se
vería afectado el error?
c) (1 punto) Con un nivel de confianza del 95%, ¿cuál debería ser el tamaño mínimo de la
muestra para que el error cometido sea inferior a 3 km?
SOCIALES TI. 2020 RESERVA 2. EJERCICIO D7"
MATES_CCSS,Inferencia Estadística,2020.0,Reserva 2,Ejercicio D8,"El tiempo de espera para ser atendido en un servicio hospitalario es una variable aleatoria que
sigue una distribución Normal con desviación típica de 2 meses. Tomada una muestra al azar
de 9 pacientes que han utilizado ese servicio, se han registrado los siguientes tiempos de espera
en meses:
$5 37 43 36 56 48 T0 14 60
a) (15 puntos) Determine un intervalo de confianza al 95% para el tiempo de espera medio
poblacional.
b) (1 punto) Con un nivel de confianza del 97% , ¿qué tamaño muestral mínimo se ha de tomar
para que el error máximo cometido en la estimación del tiempo de espera medio poblacional no
exceda de un mes?
SOCIALES II. 2020 RESERVA 2. EJERCICIO D8"
MATES_CCSS,Inferencia Estadística,2020.0,Reserva 3,Ejercicio D7,"El tiempo de desfase, en minutos, entre la hora de paso programada de un autobús por cierta
parada y la hora real a la que pasa, sigue una distribución Normal de media desconocida y
varianza 4. Se observa el paso del autobús por la parada en 10 ocasiones elegidas al azar,
registrándose los siguientes desfases:
47 71 36 54 00 42 40 -0'2 P9 52
a) (125 puntos) Obtenga un intervalo de confianza al 97% para el desfase medio en la hora de
paso del autobús.
b) (125 puntos) ¿Qué tamaño muestral mínimo sería necesario para estimar el desfase medio
con un error inferior a 30 segundos y un nivel de confianza del 95% ? ¿Cómo variaría dicho
tamaño muestral si se aumentara el nivel de confianza?
SOCIALES TI. 2020 RESERVA 3. EJERCICIO D7"
MATES_CCSS,Inferencia Estadística,2020.0,Reserva 3,Ejercicio D8,"Una tienda de ropa quiere estudiar la aceptación de un nuevo sistema de pago a través del
teléfono móvil. Para ello realiza una encuesta entre 200 de sus clientes elegidos al azar,
resultando que 150 de ellos sí estarían dispuestos a usar el nuevo sistema de pago.
a) (1”5 puntos) Determine un intervalo de confianza al 97% para estimar la proporción de
clientes de esa tienda que estarían dispuestos a usar el nuevo sistema de pago.
b) (1 punto) Mediante una nueva encuesta se quiere estimar la proporción de clientes de esa
tienda que usarían el nuevo sistema de pago, con un error máximo del 3% y un nivel de
confianza del 94% . Suponiendo que se mantiene la proporción muestral del apartado anterior,
¿a cuántos clientes como mínimo habría que realizar la encuesta?
SOCIALES II. 2020 RESERVA 3. EJERCICIO D8"
MATES_CCSS,Inferencia Estadística,2020.0,Reserva 4,Ejercicio D7,"a > A 2
Tomada al azar una muestra de 600 alumnos de una universidad española, se encontró que 3
de los mismos podían expresarse en inglés con fluidez.
a) (1”5 puntos) Calcule un intervalo de confianza al 98% para estimar la proporción de
alumnos de esa universidad que pueden expresarse en inglés con fluidez. ¿Se podría admitir a
ese nivel de confianza que la proporción de alumnos de esa universidad que pueden expresarse
13
en inglés con fluidez es 20 2
b) (025 puntos) Teniendo en cuenta el intervalo anterior, ¿qué error máximo se cometería en
dicha estimación?
e) (075 puntos) Si se mantienen la misma proporción muestral y la misma confianza, ¿cuántos
alumnos como mínimo habría de tener una muestra para que el error de estimación sea
inferior al 2% ?
SOCIALES II. 2020 RESERVA 4. EJERCICIO D7"
MATES_CCSS,Inferencia Estadística,2020.0,Reserva 4,Ejercicio D8,"La cantidad de café por taza que suministra una máquina de café sigue una distribución
Normal con media desconocida y desviación típica 0'8cm* . En una muestra de 45 tazas
suministradas por esa máquina, se ha medido un total de 5400 cm* de café.
a) (05 puntos) Calcule el estimador puntual para la cantidad media de café por taza que
suministra la máquina.
b) (1 punto) Calcule un intervalo de confianza al 97% para estimar la cantidad media de café
por taza que suministra la máquina.
c) (1 punto) Calcule, con el mismo nivel de confianza, el tamaño muestral mínimo que se ha de
tomar para que, al estimar la cantidad media de café por taza, el error cometido sea inferior a
0'2cm?.
SOCIALES II. 2020 RESERVA 4. EJERCICIO D8"
MATES_CCSS,Inferencia Estadística,2020.0,Septiembre,Ejercicio D7,"a) (1 punto) Una población de 25.000 personas se ha dividido en cuatro estratos con tamaños
15.000, 5.000, 3.000 y 2.000 personas respectivamente. En esa población se ha realizado un
muestreo estratificado con afijación proporcional, en el que se han elegido al azar 36 personas
del tercer estrato. Determine el tamaño de la muestra total obtenida con este muestreo y su
composición.
b) (15 puntos) Dada la población P = (2,4,6) , construya todas las muestras posibles de tamaño
2 que se pueden formar mediante muestreo aleatorio simple y halle la desviación típica de las
medias muestrales obtenidas con todas esas muestras.
SOCIALES II. 2020 SEPTIEMBRE. EJERCICIO D7"
MATES_CCSS,Inferencia Estadística,2020.0,Septiembre,Ejercicio D8,"Se ha tomado una muestra de 16 pacientes tratados por un especialista y se ha observado que el
tiempo de espera en su consulta, en minutos, ha sido de:
8 92 10 $5 12 9 113 7 $5 83 T6 9 94 105 89 68
Supongamos que el tiempo de espera en esta consulta se distribuye según una ley Normal de
varianza 4 y media desconocida.
a) (1”5 puntos) Halle un intervalo de confianza al 975% para estimar el tiempo medio de
espera de los pacientes tratados por este especialista.
b) (1 punto) ¿Cuál debería ser el tamaño mínimo de la muestra para asegurar, con un nivel de
confianza del 90%, que el error cometido sea, a lo sumo, de 03 minutos?.
SOCIALES II. 2020. SEPTIEMBRE. EJERCICIO D8"
MATES_CCSS,Inferencia Estadística,2021.0,Junio,Ejercicio D7,"a) En una Escuela Politécnica hay matriculados en el último curso 60 estudiantes de Ingeniería
Eléctrica, 40 de Ingeniería Informática, 30 de Ingeniería Civil, 50 de Ingeniería Mecánica y 20
de Ingeniería Aeronáutica. Se quiere hacer una encuesta al 20% de estos estudiantes, de
manera proporcional al número de matriculados en cada titulación.
1. ¿Qué tipo de muestreo se debe emplear?.
2. ¿Cuántos alumnos debe haber en la muestra y cuántos de cada titulación?.
b) Dada la población (a, 10, 12,11 ,18 y, ¿cuánto debe valer a , sabiendo que la media de las
medias muestrales de tamaño 3, obtenidas mediante muestreo aleatorio simple, es 13.2?
SOCIALES II. 2021. JUNIO. EJERCICIO D7"
MATES_CCSS,Inferencia Estadística,2021.0,Reserva 1,Ejercicio D8,"La estatura de las mujeres de una población sigue una ley Normal de media desconocida y
desviación típica 7 cm.
a) Se toma una muestra aleatoria de 300 mujeres de esta población, que da una estatura media
de 168 cm. Construya un intervalo de confianza al 97% para estimar la estatura media de las
mujeres de esta población.
b) Calcule el tamaño mínimo que debe tener una muestra de esta población para que, con un
nivel de confianza del 94% , el error máximo cometido al estimar la estatura media de las
mujeres de esa población sea inferior a 12 cm.
SOCIALES II. 2021. RESERVA 1. EJERCICIO D8"
MATES_CCSS,Inferencia Estadística,2021.0,Reserva 2,Ejercicio D8,"El tiempo, en horas, que los alumnos de un instituto dedican a estudiar para los exámenes
finales, se distribuye siguiendo una ley Normal de media desconocida y varianza 81. Se toma
una muestra aleatoria de 16 alumnos de dicho instituto, obteniéndose los siguientes tiempos:
30 42 38 45 52 60 21 26 33 44 28 49 32 51 49 40
a) Obtenga un intervalo, con un 95% de confianza, para estimar el tiempo medio de estudio de
los alumnos de ese instituto.
b) Calcule el mínimo tamaño de la muestra que se ha de tomar, para estimar el tiempo medio
de estudio de esos alumnos con un error inferior a 2 horas y un nivel de confianza del 98% .
SOCIALES II. 2021. RESERVA 2. EJERCICIO D8"
MATES_CCSS,Inferencia Estadística,2021.0,Reserva 3,Ejercicio D7,"a) Se desea tomar una muestra aleatoria estratificada de las personas de un municipio, cuyos
estratos son los siguientes tramos de edad: de O a 25 años, de 26 a 45, de 46 a 60 y de 61 años o
más. En el primer tramo hay 15.000 personas, en el segundo hay 16.800, en el tercero 11.400 y
en el cuarto 6.000. Sabiendo que el muestreo se hace con afijación proporcional y se han elegido
al azar 375 persona del primer tramo, calcule el tamaño de la muestra total y su composición.
b) Dada la población (£ 1, 3, 5 ), establezca todas las muestras posibles de tamaño 2 que se
puedan formar mediante muestreo aleatorio simple y determine la media y la desviación típica
de las medias muestrales obtenidas con todas estas muestras.
SOCIALES II. 2021. RESERVA 3. EJERCICIO D7"
MATES_CCSS,Inferencia Estadística,2021.0,Reserva 4,Ejercicio D8,"El peso de los paquetes de arroz de una marca comercial sigue una ley Normal de media 1000 g
y varianza 256 g?.
a) Calcule la probabilidad de que el peso media de la muestras de tamaño 64 sea menor que
9% g.
b) Tras varias denuncias presentadas por falta de peso en los citados paquetes, una
organización de consumidores ha procedido a tomar una muestra de 64 paquetes, resultando
que la suma de los pesos ha sido 63744 g. Halle un intervalo de confianza al 90% para estimar
el peso medio real de los paquetes de arroz de esa marca.
c) A la vista del intervalo obtenido y teniendo en cuenta que el peso que marca el paquete es de
1000 g, ¿Cree que la denuncia tiene base?
SOCIALES II. 2021. RESERVA 4. EJERCICIO D8"
MATES_CCSS,Inferencia Estadística,2021.0,Julio,Ejercicio D7,"Para estimar la proporción de residentes británicos en España que están a favor de la salida del
Reino Unido de la Unión Europea (UE), se toma una muestra aleatoria de 250 de estos residentes,
obteniéndose que 115 estaban a favor de dejar de pertenecer a la UE.
a) Calcule un intervalo de confianza al 995%, para estimar la proporción real de esos residentes
que está a favor de la salida del Reino Unido de la UE.
b) Manteniendo la misma proporción muestral y el mismo nivel de confianza del apartado
anterior, determine el tamaño mínimo necesario de la muestra, para estimar la proporción de
residentes británicos en España que están a favor de la salida del Reino Unido de la UE, con un
error inferior al 5%.
SOCIALES II. 2021 JULIO. EJERCICIO D7"
MATES_CCSS,Inferencia Estadística,2021.0,Julio,Ejercicio D8,"Sea X una variable aleatoria que sigue una ley Normal de media poblacional desconocida y
desviación típica 4.
a) ¿cuál es la desviación típica de la distribución de medias de la muestras de tamaño 12 de la
variable aleatoria X?.
b) Para estimar la media poblacional de la variable X, se toma una muestra aleatoria de
tamaño 12, obteniéndose los siguientes resultados:
11”8,10,9”8,12,9”7,10”8,9'6,11”3,10”4,12”2,9”1,10'5
Con los datos obtenidos de la muestra, determine un intervalo de confianza al 97% para
estimar la media poblacional.
c) Determine el tamaño mínimo que debe tener una muestra, para que, con el mismo nivel de
confianza, el error cometido al estimar la media poblacional sea menor que 1?2.
SOCIALES II. 2021. JULIO. EJERCICIO D8"
MATES_CCSS,Inferencia Estadística,2022.0,Junio,Ejercicio D7,"La resistencia media a la ruptura de una nueva gama de herramientas sigue una distribución
Normal de desviación típica 15 MPa (megapascales). Se seleccionan al azar 100 herramientas
forjadas en la misma máquina durante el mismo proceso d producción, obteniéndose una
resistencia media de 800 MPa.
a) Realizando la estimación con un nivel de confianza del 92% , ¿entre qué valores se estima la
resistencia media poblacional de esta gama de herramientas?.
b) Manteniendo el mismo nivel de confianza, ¿cuál debe ser el tamaño mínimo de una nueva
muestra para que el error máximo en la estimación de la resistencia media a la ruptura sea
menor que 2 MPa?.
SOCIALES II. 2022 JUNIO. EJERCICIO D7"
MATES_CCSS,Inferencia Estadística,2022.0,Junio,Ejercicio D8,"Se quiere estudiar la proporción de perros que están vacunados en Andalucía. Para ello, se toma
una muestra aleatoria de 400 perros de los que 320 resultan estar vacunados.
a) Obtenga un intervalo con un nivel de confianza del 92% para estimar la proporción de perros
vacunados en Andalucía y calcule el error máximo cometido.
b) En una nueva muestra, manteniendo el mismo nivel de confianza y la misma proporción
muestral, ¿cuántos perros, como mínimo, hay que elegir para que el error sea menor que 0*02?.
SOCIALES II. 2022 JUNIO. EJERCICIO D8"
MATES_CCSS,Inferencia Estadística,2022.0,Reserva 1,Ejercicio D7,"a) Se divide una población en cuatro estratos de tamaño 60.000, 20.000, 24.000 y 16.000
personas. En dicha población se realiza un muestreo estratificado por afijación proporcional,
seleccionándose 144 personas del tercer estrato. Determine el tamaño total de la muestra y su
composición.
b) Dada la población (1,4,7 ) , establezca todas las muestras posibles de tamaño 2 que se
puedan formar mediante muestreo aleatorio simple, y determinar la media y la desviación
típica de las medias muestrales obtenidas con todas estas muestras.
SOCIALES II. 2022 RESERVA 1. EJERCICIO D7"
MATES_CCSS,Inferencia Estadística,2022.0,Reserva 1,Ejercicio D8,"Se desea estimar la proporción de estudiantes de una universidad que proceden de otras
provincias, para ello se selecciona una muestra de tamaño 2100 de los que 630 lo cumplen.
a) Calcule un intervalo de confianza con un nivel del 975% para estimar la proporción
poblacional de estudiantes de esa universidad procedentes de otras provincias.
b) En una nueva muestra que mantiene la misma proporción muestral, y con el mismo nivel de
confianza, queremos que el error máximo cometido sea 001. Halle su tamaño mínimo.
SOCIALES II. 2022 RESERVA 1. EJERCICIO D8"
MATES_CCSS,Inferencia Estadística,2022.0,Reserva 2,Ejercicio D7,"Se desea estimar la proporción de jóvenes de una localidad que están suscritos a una determinada
plataforma de televisión. Para ello, se toma una muestra de 100 jóvenes de los que 36 afirman
estar suscritos a dicha plataforma.
a) Determine un intervalo de confianza, con un nivel del 92% , para la proporción de jóvenes que
están suscritos a esta plataforma.
b) Suponiendo que se mantiene la misma proporción muestral y el mismo nivel de confianza del
apartado anterior, determine el tamaño muestral mínimo que se debería tomar si se quisiera que
el error máximo fuera 0025.
SOCIALES II. 2022 RESERVA 2. EJERCICIO D7"
MATES_CCSS,Inferencia Estadística,2022.0,Reserva 2,Ejercicio D8,"La vida útil de un determinado modelo de teléfono móvil (en meses) se distribuye según una
Ley Normal de varianza 961 meses”. En una muestra de 10 teléfonos, la vida útil de los mismos
ha sido:
3006 30 3173 297 323 32 328 315 312 305
a) Determine un intervalo de confianza para estimar la vida útil de este modelo de teléfono
móvil con un nivel de confianza del 97% .
b) Determine el tamaño mínimo muestral para que, con el mismo nivel de confianza, el error
que se comete al estimar la duración media de la vida útil de este modelo de teléfono móvil sea
inferior a 015 meses.
SOCIALES II. 2022 RESERVA 2. EJERCICIO D8"
MATES_CCSS,Inferencia Estadística,2022.0,Reserva 3,Ejercicio D7,"Un taller desea estimar el grado de satisfacción de sus clientes. Para ello, a 120 clientes
seleccionados al azar, les pregunta si volverían a solicitar sus servicios en caso de necesitarlo, de
los que 96 respondieron que sí lo harían.
a) Determine, con un nivel de confianza del 95%, un intervalo de confianza para estimar la
proporción de clientes de este taller que volverían a solicitar sus servicios.
b) Mediante una nueva muestra queremos estimar la proporción de clientes de ese taller que
volverían a solicitar sus servicios con un error máximo del 5% y un nivel de confianza del 97% .
Suponiendo que se mantiene la proporción muestral, ¿qué tamaño mínimo debe tener dicha
muestra?.
SOCIALES II. 2022 RESERVA 3. EJERCICIO D7"
MATES_CCSS,Inferencia Estadística,2022.0,Reserva 3,Ejercicio D8,"El consumo de energía eléctrica mensual por vivienda medido en kilovatios hora (kWh) sigue
una distribución Normal con varianza 4225 (kWh? .
a) Se toma una muestra aleatoria de 100 viviendas, obteniéndose un consumo total de 26.830
kWh. Calcule un intervalo de confianza al 92% para estimar el consumo medio poblacional.
b) Calcule el tamaño mínimo de la muestra necesario para estimar el consumo medio de
energía eléctrica mensual por vivienda, con un error máximo de 5 kWh y con un nivel de
confianza del 98% .
c) Tras una campaña para incentivar el ahorro energético se toma una nueva muestra y el
intervalo de confianza para el consumo medio que se obtiene es (22408 , 255”92). Calcule la
media del consumo de ener gía eléctrica mensual por vivienda para dicha muestra.
SOCIALES II. 2022 RESERVA 3. EJERCICIO D8"
MATES_CCSS,Inferencia Estadística,2022.0,Reserva 4,Ejercicio D7,"Se desea estimar la proporción de personas mayores de 45 años de una determinada ciudad que
tienen presbicia (vista cansada). Para ello, se toma una muestra aleatoria de 540 personas
mayores de 45 años, obteniéndose que 378 tienen presbicia.
a) Obtenga un intervalo, con un nivel de confianza del 97%, para estimar la proporción
“poblacional de personas mayores de 45 años con presbicia en dicha ciudad.
b) Suponiendo que se mantiene la misma proporción muestral y el mismo nivel de confianza del
apartado anterior, ¿cuántas personas se deberán seleccionar como mínimo para que la
proporción muestral difiera de la proporción poblacional a lo sumo en un 3% ?.
SOCIALES II. 2022 RESERVA 4. EJERCICIO D7"
MATES_CCSS,Inferencia Estadística,2022.0,Reserva 4,Ejercicio D8,"El peso en gramos de las tortugas terrestres de una reserva natural sigue una Ley Normal de
varianza 121 g? . Para estimar el peso medio de las tortugas de la reserva, se toma una muestra
de 10 tortugas, obteniéndose los siguientes datos:
980 1002 950 985 1100 1085 895 1000 912 1006
a) Halle un intervalo de confianza para el peso medio de las tortugas con un nivel de confianza
del 97% .
b) ¿Cuál debe ser el tamaño minimo de la muestra para asegurar con un nivel de confianza del
94% que el error máximo cometido sea de 5 g?.
SOCIALES II. 2022 RESERVA 4. EJERCICIO D8"
MATES_CCSS,Inferencia Estadística,2022.0,Julio,Ejercicio D7,"Una fábrica de tornillos quiere hacer un estudio sobre la proporción de tornillos que cumplen las
especificaciones del fabricante. Para ello ha seleccionado una muestra de 1500 tornillos,
resultando que 1425 cumplen las especificaciones del fabricante.
a) Determine un intervalo de confianza para la proporción de tornillos que cumplen las
especificaciones del fabricante con un nivel de confianza del 97% .
b) Manteniendo la misma proporción muestral y el mismo nivel de confianza anterior, ¿cuál
tendría que ser el tamaño mínimo de una nueva muestra para que el error de estimación sea
inferior al 1%? .
SOCIALES II. 2022 JULIO. EJERCICIO D7"
MATES_CCSS,Inferencia Estadística,2022.0,Julio,Ejercicio D8,"El número de días que los titulados en un cierto master tardan en encontrar su primer trabajo
sigue una distribución Normal de media uy desconocida y desviación típica 3 días.
a) Se elige una muestra aleatoria de 100 titulados obteniéndose una media muestral de 8”1 días.
Calcule un intervalo de confianza al 97% para estimar la media poblacional.
b) Con un nivel de confianza del 92% , calcule el tamaño muestral mínimo necesario para que el
error cometido, al estimar el número medio de días que estos titulados tardan en encontrar
trabajo, sea inferior a un día.
c) Suponiendo que u=7'61 días y tomando muestras aleatorias de 36 titulados ¿qué
distribución de probabilidad sigue la variable aleatoria media muestral? ¿Cuál es la
probabilidad de que la media muestral sea superior a 8 días?.
SOCIALES II. 2022. JULIO. EJERCICIO D8"
MATES_CCSS,Inferencia Estadística,2023.0,Junio,Ejercicio D7,"a) Una población está dividida en cuatro estratos de 250, 300, 400 y 350 individuos. Realizado
un muestreo aleatorio estratificado con afijación proporcional se han seleccionado 20
individuos del primer estrato. Determine el tamaño de la población, el tamaño de la muestra y
el número de individuos seleccionados de los tres restantes estratos.
b) En un centro de enseñanza la calificación media de los estudiantes fue de 64 puntos con una
desviación típica de 0”7 puntos. Se seleccionó aleatoriamente una muestra de 49 estudiantes.
b.1) Indique la distribución que sigue la media de las muestras de tamaño 49.
b.2) Calcule la probabilidad de que la media de las calificaciones de los estudiantes de una de
esas muestras esté comprendida entre 63 y 68 puntos.
SOCIALES II. 2023 JUNIO. EJERCICIO D7"
MATES_CCSS,Inferencia Estadística,2023.0,Junio,Ejercicio D8,"Se desea estimar la proporción de donantes de sangre en una universidad. Para ello se toma una
muestra aleatoria de 400 personas de esa universidad, resultando que 64 son donantes de sangre.
a) Calcule un intervalo de confianza, con un nivel del 98% , para estimar la proporción
poblacional de donantes de sangre.
b) Si el nivel de confianza es del 95% , calcule el error máximo cometido. Razone si este error será
mayor o menor al disminuir el nivel de confianza.
SOCIALES II. 2023 JUNIO. EJERCICIO D8"
MATES_CCSS,Inferencia Estadística,2023.0,Reserva 1,Ejercicio D8,"El gasto mensual por vivienda en electricidad de los inquilinos de la zona centro de una
determinada ciudad sigue una ley Normal con desviación típica 18”25 €. Se ha tomado una
muestra aleatoria de 361 de estas viviendas obteniendo como resultado un gasto medio de 97 €.
a) Obtenga un intervalo de confianza del 93% para el gasto medio mensual en electricidad por
vivienda.
b) ¿Cuál es el tamaño mínimo que debe tener una muestra para que el error cometido al
estimar la media, con un nivel de confianza del 91%, sea un tercio del error cometido en el
intervalo (955 , 98*5)?.
SOCIALES II. 2023 RESERVA 1. EJERCICIO D8"
MATES_CCSS,Inferencia Estadística,2023.0,Reserva 2,Ejercicio D7,"Se sabe que la vida útil en meses de una batería de coche sigue una distribución Normal de
media desconocida y varianza 8 meses?. Se seleccionan al azar 100 clientes que habían
comprado una de estas baterías y se les pregunta cuando las reemplazaron, obteniéndose una
media de 4 años y 2 meses.
a) Determine, con un nivel de confianza del 94%, un intervalo de confianza para estimar la
vida media de estas baterías.
b) Manteniendo el mismo nivel de confianza, determine el tamaño muestral mínimo que debe
tomarse para que el error cometido al estimar la vida media de estas baterías sea menor que
0”1 meses.
SOCIALES II. 2023 RESERVA 2. EJERCICIO D7"
MATES_CCSS,Inferencia Estadística,2023.0,Reserva 2,Ejercicio D8,"El tiempo de adaptación al uso de unas gafas progresivas depende de la persona, de la
graduación de las lentes y del tipo de progresivo elegido. No obstante, se sabe que el tiempo de
adaptación sigue una ley Normal de media 12”5 días y desviación típica 25 días.
a) Si se toma una muestra aleatoria de 16 individuos que han comenzado a utilizar este tipo de
gafas, ¿qué distribución sigue la media muestral del tiempo de adaptación? ¿Cuál es la
probabilidad de que el tiempo medio de adaptación a las gafas progresivas para dicha muestra
supere los 12 días?.
b) Si la muestra elegida es de tamaño 25. ¿Cuál es la probabilidad de que el tiempo medio
muestral de adaptación a las gafas progresivas diste de 12 días a lo sumo 1 día?.
SOCIALES II. 2023 RESERVA 2. EJERCICIO D8"
MATES_CCSS,Inferencia Estadística,2023.0,Reserva 3,Ejercicio D7,"El peso de la gamba roja de Garrucha, en gramos, sigue una distribución Normal de media
poblacional desconocida y desviación típica 5 gramos.
a) Se elige una muestra aleatoria de 100 gambas obteniéndose una media de 53 gramos. Calcule
un intervalo de confianza al 975% para estimar el peso medio de la gamba roja.
b) Sabiendo que la media poblacional es 533 gramos y escogiendo una muestra aleatoria de 64
gambas, calcule la probabilidad de que el peso medio de la muestra sea superior a 5325
gramos.
SOCIALES II. 2023 RESERVA 3. EJERCICIO D7"
MATES_CCSS,Inferencia Estadística,2023.0,Reserva 3,Ejercicio D8,"Se desea estimar la proporción de clientes de una compañía de seguros que han requerido el
servicio de asistencia en carretera. Para ello, se ha recogido una muestra aleatoria de 300
asegurados resultando que 90 han requerido este servicio.
a) Obtenga un intervalo de confianza al 97% para estimar la proporción de asegurados que han
solicitado este servicio.
b) Con la proporción muestral facilitada y con un nivel de confianza del 95% , ¿cuál es el número
mínimo de asegurados que se deberán seleccionar aleatoriamente para que la proporción
muestral y la poblacional no difieran en más de un 3% ?.
SOCIALES II. 2023 RESERVA 3. EJERCICIO D8"
MATES_CCSS,Inferencia Estadística,2023.0,Reserva 4,Ejercicio D7,"Una empresa fabrica piezas cuyo diámetro sigue una distribución Normal de media
desconocida y varianza 9 mm?.
a) Se seleccionan al azar 144 piezas obteniéndose un diámetro medio de 81 mm. Determine un
intervalo de confianza al 985% para estimar el diámetro medio de las piezas fabricadas por la
empresa.
b) Con el mismo nivel de confianza del apartado anterior, ¿de qué tamaño mínimo habría que
tomar la muestra para obtener un intervalo de confianza con una amplitud máxima de 0?9?.
c) Suponiendo que la media poblacional es de 80”4 mm y tomando muestras aleatorias de 64
piezas, ¿qué distribución de probabilidad sigue la variable aleatoria diámetro medio muestral?
¿Cuál es la probabilidad de que el diámetro medio muestral esté comprendido entre 79”5 mm y
807 mm?
SOCIALES II. 2023 RESERVA 4. EJERCICIO D7"
MATES_CCSS,Inferencia Estadística,2023.0,Reserva 4,Ejercicio D8,"Se selecciona una muestra aleatoria de 300 habitantes de una ciudad, a los que se les pregunta si
creen que llevan una dieta saludable. De las persona encuestadas, 180 han contestado
afirmativamente, mientras que el resto ha respondido que no.
a) Calcule un intervalo de confianza al 95% para la proporción de personas que creen seguir una
dieta saludable.
b) ¿Cuál sería el número de habitantes mínimo necesario en este estudio de opinión para que se
reduzca a un tercio el error cometido en el intervalo (054, 066) con el mismo nivel de confianza?.
SOCIALES II. 2023 RESERVA 4. EJERCICIO D8"
MATES_CCSS,Inferencia Estadística,2023.0,Julio,Ejercicio D7,"a) Un gimnasio establece sus tarifas por grupos de edad: juvenil, adulto y senior. Tiene
matriculados 25 juveniles, 75 adultos y 50 seniors. Se quiere seleccionar una muestra de 30
personas del gimnasio utilizando un muestreo estratificado con afijación proporcional. ¿Cuál
será la composición que debe tener dicha muestra?.
b) Dada la población [9,11,13,18,204, calcule la varianza de la distribución de las medias
muestrales de tamaño 2 obtenidas mediante muestreo aleatorio simple.
SOCIALES II. 2023 JULIO. EJERCICIO D7"
MATES_CCSS,Inferencia Estadística,2023.0,Julio,Ejercicio D8,"En el otoño de 2021, el municipio del Paso en la isla de La Palma sufrió la erupción del volcán
Cumbre Vieja. Al finalizar la erupción, se escogió una muestra de 500 casas resultando que 325 de
ellas estaban afectadas por la erupción.
a) Calcule un intervalo, con un nivel de confianza del 97%, para estimar la proporción de casas
afectadas por la erupción del volcán. Según el resultado obtenido, ¿se puede admitir que el
porcentaje de casas afectadas por el volcán es del 64% ?.
b) Para un nivel de confianza del 92% y manteniendo la proporción muestral, ¿cuál debe ser el
tamaño mínimo de una muestra para que el error máximo de estimación sea del 2% ?.
SOCIALES II. 2023 JULIO. EJERCICIO D8"
MATES_CCSS,Inferencia Estadística,2024.0,Junio,Ejercicio D7,"a) Se realizan dos muestreos aleatorios estratificados con afijación proporcional para una
población dividida en cuatro estratos E,,E,,E,yE,. En la primera muestra se han
seleccionado 25 individuos de E, y 30 de E,. En la segunda muestra se han seleccionado 80
individuos de E, y 100de E,. Sabiendo que el estrato E, tiene 500 individuos y que el estrato
E, tiene 400, determine el tamaño de cada estrato de la población y el tamaño de las muestras en
cada estrato.
b) Dada la población (=3,-1,2,5,7) , Se consideran todas las muestras posibles de tamaño 2
obtenidas mediante muestreo aleatorio simple. Calcule la media y la varianza de la distribución de
las medias muestrales.
SOCIALES II. 2024. JUNIO. EJERCICIO D7"
MATES_CCSS,Inferencia Estadística,2024.0,Junio,Ejercicio D8,"Se desea conocer la proporción de habitantes de una determinada ciudad que realizan turismo
sostenible durante sus vacaciones. Para ello se selecciona al azar una muestra de 2500 habitantes,
resultando que 1825 realizan turismo sostenible.
a) Calcule un intervalo, con un nivel de confianza del 95%, para estimar la proporción de
habitantes de la ciudad que realizan turismo sostenible.
b) Para un nivel de confianza del 97% y manteniendo la proporción muestral, ¿cuál sería el
tamaño mínimo de una nueva muestra para que el error de estimación sea inferior al 1%?.
c) Razone que efecto producirá sobre la amplitud del intervalo una disminución del tamaño de la
muestra.
SOCIALES II. 2024 JUNIO. EJERCICIO D8"
MATES_CCSS,Inferencia Estadística,2024.0,Reserva 1,Ejercicio D7,"Se ha administrado un determinado medicamento a una muestra de 220 enfermos de una
población que padece una cierta enfermedad y se ha observado una respuesta positiva en 165 de
ellos.
a) Estime, mediante un intervalo de confianza del 975%, la proporción de enfermos que
responderían positivamente si este medicamento se administrase a la población de la que se ha
extraído la muestra. Según el intervalo obtenido, razone si puede admitirse que el porcentaje de
enfermos que responderían positivamente al medicamento administrado es del 70% .
b) Con el mismo nivel de confianza y la misma proporción muestral, ¿cuál debe ser el tamaño
mínimo de una nueva muestra para que el error de estimación sea menor que el 2?5%?.
SOCIALES II. 2024 RESERVA 1. EJERCICIO D7"
MATES_CCSS,Inferencia Estadística,2024.0,Reserva 1,Ejercicio D8,"Un atleta obtiene los siguientes tiempos, en minutos, de 10 repeticiones cronometradas de una
prueba:
271 384 326 228 286 308 307 246 254 258
Poe experiencias anteriores se sabe que el tiempo en cada repetición sigue una ley Normal de
media desconocida y desviación típica 036 minutos.
a) Calcule un intervalo de confianza para el tiempo medio de estas repeticiones con un 935%
de confianza.
b) ¿Cuántas repeticiones como mínimo se tendrán que cronometrar si se quiere obtener un
error en la estimación del tiempo medio inferior a 005 minutos manteniendo el mismo nivel de
confianza?.
SOCIALES II. 2024 RESERVA 1. EJERCICIO D8"
MATES_CCSS,Inferencia Estadística,2024.0,Reserva 2,Ejercicio D7,"Una tienda decide evaluar a su empresa de transporte para determinar si está cumpliendo con sus
estándares de calidad. Para ello se analizan 400 de sus envíos y se comprueba que 370 han sido
entregados a tiempo.
a) Si los estándares de calidad de dicha empresa requieren que al menos el 88% de los envíos sean
entregados a tiempo, estime, mediante un intervalo de confianza al 93%, si la empresa de
transporte cumple con los estándares de calidad.
b) Si se mantiene la misma proporción muestral y se aumente el nivel de confianza al 95%,
¡cuántos en víos, como mínimo, habrá que analizar para que la amplitud del inter valo de confianza
sea inferior a 0037.
SOCIALES II. 2024 RESERVA 2. EJERCICIO D7"
MATES_CCSS,Inferencia Estadística,2024.0,Reserva 2,Ejercicio D8,"a) El tiempo que un carpintero necesita para fabricar una mesa sigue una distribución Normal
de media 60 minutos y desviación típica 30 minutos. Si en un mes ese carpintero ha fabricado
100 mesas, calcule la probabilidad de que el tiempo medio de fabricación de las mesas de esa
muestra sea superior a 54 minutos.
b) El tiempo que un carpintero necesita para fabricar una puerta sigue una distribución
Normal de media desconocida y desviación típica 20 minutos. En un mes ese carpintero ha
fabricado 25 puertas, obteniendo un tiempo medio de fabricación de 40 minutos. Halle un
intervalo de confianza para el tiempo medio de fabricación de una puerta con un nivel de
confianza del 97% . Determine el error máximo cometido al realizar la estimación.
SOCIALES II. 2024 RESERVA 2. EJERCICIO D8"
MATES_CCSS,Inferencia Estadística,2024.0,Reserva 3,Ejercicio D7,"a) Para estimar la proporción de mujeres matriculadas en carreras STEM en Andalucía, se
realiza una encuesta a 2000 universitarias andaluzas elegidas al azar y se obtiene que 710 de ellas
están matriculadas en carreras STEM. Con un nivel de confianza del 96.5% , calcule un inter valo
de confianza para estimar la proporción de mujeres matriculadas en carreras STEM en
Andalucía.
b) En otra comunidad autónoma, al seleccionar una muestra de universitarias, se observa que el
porcentaje de mujeres matriculadas en carreras STEM es del 37% . Con un nivel de confianza del
98% , calcule el tamaño mínimo de esa nueva muestra para que el error máximo cometido sea del
1.5%
SOCIALES II. 2024 RESERVA 3. EJERCICIO D7"
MATES_CCSS,Inferencia Estadística,2024.0,Reserva 3,Ejercicio D8,"La cuota mensual de las hipotecas en una ciudad es una variable aleatoria que sigue una
distribución Normal de media desconocida y desviación típica igual a 140 €.
a) Se toma una muestra aleatoria de hipotecas en dicha ciudad y se obtiene que el intervalo de
confianza al 95% para la media de las cuotas mensuales es (517.65 ,551.95). Calcule el valor de
la media muestral y el tamaño de la muestra elegida.
b) Escogida otra muestra de 78 hipotecas en esa ciudad y con un nivel de confianza del 97%,
calcule el error máximo cometido para estimar la cuota mensual media.
c) Si en otra ciudad la cuota mensual de las hipotecas sigue una distribución Normal de media
540 € y desviación típica de 150 € , calcule la probabilidad de que la cuota de una hipoteca
elegida al azar en dicha ciudad esté comprendida entre 600 y 700 euros.
SOCIALES II. 2024 RESERVA 3. EJERCICIO D8"
MATES_CCSS,Inferencia Estadística,2024.0,Reserva 4,Ejercicio D7,"En un invernadero de Almería se realiza un estudio sobre dos de sus productos, melones y
sandías.
a) De los 4000 melones recolectados en un determinado periodo, 1420 son de la variedad A, 980
de la B, 720 de la C y el resto de la D. Si se selecciona una muestra de 200 de estos melones,
¿cuál debe ser la composición que debe tener dicha muestra si se realiza mediante muestreo
aleatorio estratificado con afijación proporcional?
b) El peso de las sandías sigue una distribución Normal de media 3.85 kg y desviación típica
1.32 kg. Se selecciona, de forma aleatoria, una muestra de 121 sandías.
b.1) Indique la distribución que sigue la media muestral del peso de las sandías.
b.2) Calcule la probabilidad de que el peso medio de la muestra esté comprendido entre
3.6 kg y 4 kg.
SOCIALES II. 2024 RESERVA 4. EJERCICIO D7"
MATES_CCSS,Inferencia Estadística,2024.0,Reserva 4,Ejercicio D8,"Una empresa farmacéutica desea revisar la efectividad de un nuevo medicamento antipirético
(reduce la fiebre). Se conoce que el tiempo en el que este medicamento comienza a hacer efecto
sigue una ley Normal de media desconocida y desviación típica de 5 minutos. Para estimar la
media poblacional, se ha seleccionado una muestra aleatoria de 10 individuos con fiebre y tras
administrarse el medicamento, se han anotado los tiempos en los que comienza a remitir. Los
tiempos obtenidos, en minutos, fueron:
20, 25,30, 35, 35, 20, 20, 25, 30, 30
a) Determine un intervalo, con un nivel de confianza del 98% , para estimar el tiempo medio de
respuesta de este medicamento. Según el intervalo obtenido, razone si puede admitirse que el
tiempo medio en el que el medicamento comienza a hacer efecto es superior a 35 minutos.
b) Un estudio posterior ha revelado que el tiempo de respuesta a este medicamento sigue una
ley Normal de media 27.2 minutos y desviación típica de 5 minutos. Determine la probabilidad
de que a un paciente con fiebre que ha ingerido el medicamento no le haya hecho efecto hasta
pasados 20 minutos.
SOCIALES II. 2024 RESERVA 4. EJERCICIO D8"
MATES_CCSS,Inferencia Estadística,2024.0,Julio,Ejercicio D7,"La altura de un cierto tipo de plantas de maíz sigue una distribución Normal de media 145 cm
y desviación típica de 22 cm.
a) ¿Qué porcentaje de plantas tiene una altura comprendida entre 135 cm y 155 cm?.
b) ¿Qué altura, como mínimo, debe tener una planta para estar entre el 50% de las más altas?.
c) Se selecciona una muestra aleatoria de 16 plantas. Halle la probabilidad de que la altura
media de las plantas de esta muestra esté comprendida entre 140 cm y 151 cm.
SOCIALES II. 2024 JULIO. EJERCICIO D7"
MATES_CCSS,Inferencia Estadística,2024.0,Julio,Ejercicio D8,"Se desea estimar la proporción de personas que viajan en tren con su mascota. Para ello se
selecciona una muestra aleatoria de 300 viajeros, obteniéndose que 12 de ellos viajan con su
mascota.
a) Obtenga un intervalo, con un nivel de confianza del 97%, para estimar la proporción de
personas que viajan en tren con su mascota.
b) Manteniendo la misma proporción muestral y con un nivel de confianza del 95% , ¿cuántas
personas que viajan en tren deberán seleccionarse aleatoriamente como mínimo para que la
proporción muestral difiera de la proporción poblacional a lo sumo en un 2% ?.
SOCIALES II. 2024 JULIO. EJERCICIO D8"
MATES_CCSS,Inferencia Estadística,2024.0,Modelo,Ejercicio 4A,"El número de días de permanencia de los enfermos en un hospital sigue una ley Normal de
media desconocida y desviación típica 3 días.
a) Determine un intervalo de confianza para estimar la media poblacional, a un nivel de
confianza del 97%, con una muestra aleatoria de 100 enfermos cuya media es 8”1 días.
b) ¿Qué tamaño mínimo debe tener una muestra aleatoria para poder estimar la media
poblacional con un error inferior a 1 día y un nivel de confianza del 92 %?.
SOCIALES II. 2024 MODELO. EJERCICIO 4A"
MATES_CCSS,Inferencia Estadística,2024.0,Modelo,Ejercicio 4B,"Una tienda de ropa quiere estudiar la aceptación de un nuevo sistema de pago a través del
teléfono móvil. Para ello realiza una encuesta entre 200 de sus clientes elegidos al azar,
resultando que 150 de ellos sí estarían dispuestos a usar el nuevo sistema de pago.
a) (15 puntos) Determine un intervalo de confianza al 97% para estimar la proporción de
clientes de esa tienda que estarían dispuestos a usar el nuevo sistema de pago.
b) (1 punto) Mediante una nueva encuesta se quiere estimar la proporción de clientes de esa
tienda que usarían el nuevo sistema de pago, con un error máximo del 3% y un nivel de
confianza del 94% . Suponiendo que se mantiene la proporción muestral del apartado anterior,
¿a cuántos clientes como mínimo habría que realizar la encuesta?
SOCIALES II. 2024 MODELO. EJERCICIO 4B"
MATES_CCSS,Inferencia Estadística,2025.0,Junio,Ejercicio D6,"El tiempo de estudio semanal de los estudiantes andaluces, medido en horas, se distribuye según
una ley Normal de media desconocida y desviación típica 5 horas. A partir de una muestra de 81
estudiantes se ha obtenido que el intervalo de confianza para la media poblacional es (10794 ,
13206), con un nivel de confianza del 97%.
a) Obtenga el tiempo medio de estudio de esa muestra de estudiantes.
b) Si se amplía el tamaño de la muestra, razone si manteniendo el nivel de confianza, la amplitud
del intervalo de confianza aumenta o disminuye.
c) Si se desea reducir la amplitud del intervalo de confianza, razone si manteniendo el tamaño
muestral, ha de reducirse o aumentarse el nivel de confianza.
d) Si la media de la población es de 102 horas y sabiendo que la media muestral es de 12 horas,
calcule el tamaño máximo de la muestra para obtener un inter valo de confianza que contenga la
media poblacional, manteniendo el 97% de confianza.
SOCIALES II. 2025 JUNIO. EJERCICIO D6"
MATES_CCSS,Inferencia Estadística,2025.0,Junio,Ejercicio D7,"Los desajustes sobre el horario previsto de llegada de los trenes de alta velocidad, medidos en
minutos, sigue una ley Normal con media O y desviación típica 2.2
a) Calcule el porcentaje de trenes que tienen un desajuste máximo de 1 minuto.
b) Elegidos al azar 15 trenes de alta velocidad, los desajustes han sido
0,13,-2.1,-15,2,08,5,2.1,-3,18,3.1,4,-0.7,1.6,-5.4
b.1) Calcule un intervalo de confianza, con un nivel de confianza del 96%, para la media
poblacional. ¿Cuál es el error máximo que se comete en la estimación de esta media?. Con este nivel
de confianza y a partir de los datos obtenidos, ¿puede afirmarse que un tren tenga un retraso de 2
minutos?.
b.2) Con un nivel de confianza del 98% , ¿cuántos trenes de alta velocidad deberían elegirse, como
mínimo, para que la diferencia entre la media poblacional y su estimación muestral sea como
máximo de 1.1 minutos?
SOCIALES II. 2025. JUNIO. EJERCICIO D7"
MATES_CCSS,Inferencia Estadística,2025.0,Reserva 1,Ejercicio D6,"El tiempo que tardan los usuarios de un sistema de salud en conseguir una cita en Atención
Primaria sigue una distribución Normal con media desconocida y desviación típica 4”2 días.
a) Elegidos al azar 30 usuarios, se obtiene que el tiempo medio que tardan en obtener cita en
Atención Primaria es de 113 días. Determine un intervalo de confianza para estimar la media
poblacional, con un nivel de confianza del 97%.
b) La gerencia del sistema de salud asegura que el promedio de días para obtener una cita en
Atención Primaria es de 9”8 días. Según el intervalo obtenido ¿podría asumirse la afirmación de
la gerencia como posible?
Cc) ¿Cuántos usuarios como mínimo se deberían seleccionar en una nueva muestra para que, con
un nivel de confianza del 95%, el error máximo en el intervalo de la media poblacional sea de
06 días.
SOCIALES II. 2025. RESERVA 1. EJERCICIO D6"
MATES_CCSS,Inferencia Estadística,2025.0,Reserva 1,Ejercicio D7,"Se desea estimar la proporción de personas de una determinada localidad que se muestran
favorables a la celebración de las fiestas locales durante el mes de mayo. Para ello, se ha tomado
una muestra aleatoria de 200 personas resultando que 130 de ellas están a favor.
a) Obtenga un intervalo de confianza, con un nivel de confianza del 965%, para estimar la
proporción de personas de esta localidad que está a favor de celebrar las fiestas locales durante el
mes de mayo.
b) Manteniendo la misma proporción muestral y con un nivel de confianza del 99% , ¿cuál es el
número mínimo de personas que deberán seleccionarse aleatoriamente para que la proporción
muestral y la poblacional no difieran en más de un 2%
c) Manteniendo el tamaño de la muestra y la proporción muestral, si se aumenta el nivel de
confianza, razone cómo influye en el error máximo de estimación.
SOCIALES II. 2025. RESERVA 1. EJERCICIO D7"
MATES_CCSS,Inferencia Estadística,2025.0,Reserva 2,Ejercicio D7,"En un invernadero de Palos de la Frontera (Huelva), se cultivan fresas y frambuesas. Se desea
estimar la proporción de fresas y frambuesas que se recolectan. Para ello, se ha tomado una
muestra aleatoria de 300 kg, obteniéndose que 180 kg de ellos son fresas y el resto frambuesas.
a) Obtenga, con un nivel de confianza del 97 % , un inter valo para estimar la proporción de fresas
recolectadas en el invernadero y otro intervalo para estimar la proporción de frambuesas
recolectadas.
b) Con las proporciones muestrales iniciales y con un nivel de confianza del 95 %, ¿cuántos
kilogramos de frutos deberían seleccionarse aleatoriamente como mínimo para que las
proporciones muestrales difieran de las proporciones poblacionales a lo sumo en un 2% ?
SOCIALES II. 2025 RESERVA 2. EJERCICIO D7"
MATES_CCSS,Inferencia Estadística,2025.0,Reserva 3,Ejercicio D6,"Una industria conservera envasa latas de anchoas cuyo peso en gramos sigue una distribución
Normal con media poblacional desconocida y desviación típica 1 g. Para estimar la media
poblacional, se selecciona al azar una muestra de 30 latas que dan un peso total de 24045 g.
a) Determine un inter valo de confianza, con un nivel de confianza del 99 % , para estimar el peso
medio de las latas envasadas por la conservera.
b) Calcule el tamaño mínimo de una nueva muestra para que, manteniendo el mismo nivel de
confianza, el error máximo de estimación de la media poblacional sea menor que 07 g.
c) Explique, razonadamente, el efecto que tendría sobre el error máximo de estimación un
aumento del número de latas seleccionadas en la muestra, manteniendo el mismo nivel de
confianza, y explique también qué ocurriría con dicho error si se aumentara el nivel de confianza
manteniendo el mismo tamaño muestral.
SOCIALES II. 2025 RESERVA 3. EJERCICIO D6"
MATES_CCSS,Inferencia Estadística,2025.0,Reserva 3,Ejercicio D7,"a) Dada la población [-4,-2, 1,4, 5), calcule la varianza de la distribución de las medias
muestrales de tamaño 2 obtenidas mediante muestreo aleatorio simple.
b) Una empresa multinacional con 10.000 empleados desea realizar un estudio sobre la brecha
salarial de género en su organización. La empresa está dividida en tres niveles jerárquicos, en
los que se tiene 1.000 empleados de nivel ejecutivo, siendo el 30 % mujeres, 3.000 empleados de
nivel medio, de los cuales el 55 % son hombres, y el resto empleados de nivel operativo, de los
que el 55 % son mujeres. Se quiere seleccionar una muestra estratificada de 2.000 empleados,
manteniendo la proporción de cada nivel jerárquico y la distribución de género dentro de cada
nivel. ¿Cuántos empleados deben seleccionarse en cada nivel jerárquico? y dentro de cada uno,
¿Cuántos hombres y cuántas mujeres deben seleccionarse?
SOCIALES II. 2025 RESERVA 3. EJERCICIO D7"
MATES_CCSS,Inferencia Estadística,2025.0,Reserva 4,Ejercicio D6,"Se selecciona una muestra aleatoria de 600 familias a las que se les pregunta si tienen mascota,
resultando que 240 de esas familias contestaron afirmativamente. Con un nivel de confianza del
95%,
a) Obtenga el correspondiente inter valo de confianza para estimar la proporción poblacional de
familias que tienen mascota. ¿Puede suponerse que la mitad de las familias de esta población
tiene mascota?
b) ¿Qué tamaño muestral mínimo se debe tomar para que el error máximo al estimar esta
proporción sea 0025?
c) Explique razonadamente el efecto que tendría sobre la amplitud del intervalo de confianza de
la proporción poblacional el aumento del tamaño de la muestra elegida.
SOCIALES II. 2025 RESERVA 4. EJERCICIO D6"
MATES_CCSS,Inferencia Estadística,2025.0,Reserva 4,Ejercicio D7,"Se ha realizado un estudio para analizar el peso, en kilogramos, de las mochilas de los estudiantes
de ESO de los institutos de una localidad. Para ello, se seleccionó una muestra aleatoria de 13
mochilas, obteniéndose los siguientes datos:
45,53,49,52,55,55,57,48,56,47,42,58,4
El peso de las mochilas se distribuye según una ley Normal de desviación típica 0”9 kg y media
desconocida.
a) Halle un intervalo de confianza, con un nivel de confianza del 985 %, para estimar el peso
medio de las mochilas escolares.
b) Para el mismo nivel de confianza, ¿qué tamaño muestral mínimo se debería tomar para que
el error cometido al estimar el peso medio de estas mochilas sea inferior al 10 %?
c) El peso medio de las mochilas de los estudiantes de ESO de esa localidad es de 49 kg y tomando
una muestra aleatoria de 36 mochilas, ¿qué distribución sigue la variable que mide el peso medio
de estas 36 mochilas? ¿Cuál es la probabilidad de que el peso medio no supere los 5”2 kg?
SOCIALES II. 2025 RESERVA 4. EJERCICIO D7"
MATES_CCSS,Inferencia Estadística,2025.0,Julio,Ejercicio D6,"A partir de un estudio muestral se sabe que, con un nivel de confianza del 95% , la proporción de
estudiantes de una universidad que tienen carnet de conducir pertenece al intervalo
(0'5616 ,0'7184),
a) Calcule la proporción muestral de estudiantes que tienen carnet de conducir.
b) Calcule el error máximo cometido en la estimación de la proporción poblacional.
c) Calcule el tamaño de la muestra seleccionada.
d) Razone qué efecto producirá sobre la amplitud del intervalo un aumento del tamaño muestral.
SOCIALES II. 2025. JULIO. EJERCICIO D6"
MATES_CCSS,Inferencia Estadística,2025.0,Julio,Ejercicio D7,"El tiempo de adaptación a la guardería, en días, de los menores de dos años andaluces, sigue una
distribución Normal de media 10”5 días y desviación típica 1?5 días.
a) Se toma una muestra aleatoria de 25 menores de estas características. ¿Qué distribución sigue
la media muestral del tiempo de adaptación? ¿Cuál es la probabilidad de que el tiempo medio
de adaptación de esta muestra supere los 10 días?.
b) ¿Qué porcentaje de muestras de tamaño 25 nos proporcionará un tiempo medio de adaptación
entre 8 y 11 días?.
SOCIALES II. 2025 JULIO. EJERCICIO D7"
MATES_CCSS,Inferencia Estadística,2026.0,Modelo,Ejercicio 4,"Sea X una variable aleatoria que sigue una Ley Normal de media desconocida y desviación típica
3 días.
a) Determine un intervalo de confianza para estimar la media poblacional, a un nivel de
confianza del 97% ,a partir de una muestra de tamaño 100 cuya media es 8,1 días.
b) ¿Qué tamaño mínimo debe tener una muestra aleatoria para poder estimar la media
poblacional con un error inferior a 1 día y un nivel de confianza del 92% ?.
SOCIALES II. 2026 MODELO. EJERCICIO 4"
MATES_CCSS,Inferencia Estadística,2026.0,Junio,Ejercicio 3Aa,"a) Dada la población (-5,-2,13,18,20$, se consideran todas las muestras de tamaño 3
obtenidas mediante muestreo aleatorio simple. Calcule la media y la varianza de la distribución
de la variable media muestral.
SOCIALES II. 2026. JUNIO. EJERCICIO 3A.a"
MATES_CCSS,Inferencia Estadística,2026.0,Junio,Ejercicio 4,"Una empresa de transporte contrata una consultora para optimizar sus recursos. La consultora
estudia la distancia en kilómetros que recorren en cada viaje los camiones de la empresa,
sabiendo que la variable que mide dicha distancia se distribuye según una Normal de varianza
225km” y media desconocida. Para ello, toma aleatoriamente una muestra de 49 viajes y obtiene
una media de 325km recorridos por viaje.
a) Calcule un intervalo de confianza al 97% para que la consultora pueda estimar la distancia
media que recorren por viaje los camiones de la empresa.
b) A la vista del intervalo obtenido, razone si la consultora puede considerar que los camiones de
la empresa recorren por término medio 310km por viaje que realizan.
c) ¿Cuántos viajes, como mínimo, tendría que seleccionar aleatoriamente la consultora para
estimar la distancia media que recorren por viaje los camiones de la empresa mediante un
intervalo de confianza del 99% que tuviera una amplitud inferior a 4km ?
SOCIALES II. 2026 JUNIO. EJERCICIO 4"
MATES_CCSS,Contraste De Hipótesis,2009.0,Ponencia,Ejercicio 1,"La altura en cm. de las cañas producidas por una variedad de carrizo en cada cosecha es una
variable aleatoria que sigue una ley normal con desviación típica o =16 cm . Para contrastar si
la altura media de las cañas de la última cosecha es de 170 cm, se ha tomado una muestra
aleatoria de 64 de estas cañas y se han medido sus longitudes, resultando como media muestral
x=166 cm.
¿Son suficientes estos datos para rechazar que la altura media de las cañas de la última cosecha
es de 170 cm, a un nivel de significación a=0'05?.
SOCIALES II. PONENCIA 2009. EJERCICIO 1"
MATES_CCSS,Contraste De Hipótesis,2009.0,Ponencia,Ejercicio 2,"Un comerciante ha observado durante un largo periodo de tiempo que sus beneficios semanales
se distribuyen según una ley normal con una media de 5000 euros y una desviación típica de
520 euros. A finales del año pasado se abrió un supermercado frente a su comercio y él cree que
su beneficio semanal medio ha disminuido desde entonces. Para contrastar esta suposición, ha
tomado una muestra aleatoria de 16 semanas del año actual y ha encontrado que el beneficio
semanal medio de esa muestra es de 4700 euros. ¿Puede afirmarse, a un nivel de significación
a.=0'01, que estos datos avalan la creencia del comerciante?.
SOCIALES II. PONENCIA 2009. EJERCICIO 2"
MATES_CCSS,Contraste De Hipótesis,2009.0,Ponencia,Ejercicio 3,"Sólo el 75% de los alumnos de un centro de enseñanza realizan correctamente un test
psicotécnico que lleva utilizándose mucho tiempo. Para tratar de mejorar este resultado, se
modificó la redacción del test, y se propuso a un grupo de 120 alumnos de ese centro, elegidos
al azar. De los 120 alumnos a los que se le pasó el nuevo test, lo realizaron correctamente 107.
¿Podemos afirmar que la nueva redacción del test ha aumentado la proporción de respuestas
correctas, a un nivel de significación a =0'025 ?.
SOCIALES II. PONENCIA 2009. EJERCICIO 3"
MATES_CCSS,Contraste De Hipótesis,2009.0,Ponencia,Ejercicio 4,"El peso en vacío de los envases fabricados por una empresa, según su método usual, es una
variable aleatoria que sigue una ley normal con media 20 gramos y una desviación típica de 1
gramo.
Se desea contrastar si un nuevo proceso de fabricación no aumenta dicho peso medio. Para ello,
se eligen al azar 25 envases fabricados por la nueva técnica y se encuentra que la media de su
peso en vacío es de 20;5 gramos. ¿Se puede afirmar, a un nivel de significación a=0'02,que el
nuevo proceso ha aumentado el peso medio de los envases?
SOCIALES II. PONENCIA 2009. EJERCICIO 4"
MATES_CCSS,Contraste De Hipótesis,2009.0,Ponencia,Ejercicio 5,"En unas elecciones municipales de una ciudad, el 42% de los votantes dieron su voto al partido
A. En una encuesta realizada un año después a 500 personas con derecho a voto, sólo 184
votarían al partido A. Con estos datos, ¿puede afirmarse que ha disminuido la proporción de
votantes a ese partido? Responder a la pregunta anterior con niveles de significación a=0'01,
a=0'025 y a=0'001.
SOCIALES II. PONENCIA 2009. EJERCICIO 5"
MATES_CCSS,Contraste De Hipótesis,2009.0,Ponencia,Ejercicio 6,"En una ciudad, donde la proporción de fumadores con edad comprendida entre 18 y 20 años es
del 30 % , el ayuntamiento ha realizado una campaña contra el consumo de tabaco. Dos meses
después de terminar dicha campaña, se ha realizado una encuesta a 400 personas de estas
edades, elegidas al azar, y se ha encontrado entre ellos a 92 fumadores. ¿Podemos afirmar, a un
nivel de significación a=0'05, que esta campaña ha modificado la proporción de fumadores
entre 18 y 25 años?
SOCIALES II. PONENCIA 2009. EJERCICIO 6"
MATES_CCSS,Contraste De Hipótesis,2009.0,Ponencia,Ejercicio 7,"Un fabricante de automóviles produce dos tipos de un determinado modelo de turismo: el tipo
A, con motor de gasolina, y el tipo B, con motor de gasoil. De una muestra aleatoria de 200
turismos de este modelo, 112 son del tipo B. ¿Proporcionan estos datos suficiente evidencia, a
un nivel de significación a=0'01, de que los clientes prefieren el modelo del tipo B al del tipo
A?
SOCIALES II. PONENCIA 2009. EJERCICIO 7"
MATES_CCSS,Contraste De Hipótesis,2009.0,Ponencia,Ejercicio 8,"Supongamos que 100 neumáticos de cierta marca duraron en promedio 21431 kilómetros. Si se
supone que la población es normal con una desviación típica poblacional de 1295 km,
utilizando a=0'05 , ¿podemos considerar que la duración media de los neumáticos es inferior
a 22000 km?
SOCIALES II. PONENCIA 2009. EJERCICIO 8"
MATES_CCSS,Contraste De Hipótesis,2009.0,Ponencia,Ejercicio 9,"Un constructor afirma que por lo menos el 75% de las casas que construye tienen calefacción.
¿Se estaría de acuerdo con tal afirmación si una inspección aleatoria muestra que 72 de 135
casas cuentan con calefacción?. (Usar a=0'01)
SOCIALES II. PONENCIA 2009. EJERCICIO 9"
MATES_CCSS,Contraste De Hipótesis,2009.0,Ponencia,Ejercicio 10,"Una compañía textil afirma que a lo sumo el 20% del público compra ropa de lana. Verifica
esta afirmación para a=0'01, si una encuesta aleatoria indica que 46 de 200 clientes compran
ropa de lana.
SOCIALES II. PONENCIA 2009. EJERCICIO 10"
MATES_CCSS,Contraste De Hipótesis,2009.0,Ponencia,Ejercicio 11,"Se sabe que la longitud en cm de una determinada especie de coleópteros sigue una distribución
normal de varianza 0,25 cm?. Capturados 6 ejemplares de dicha especie, sus longitudes (en cm)
fueron:
2,75 1,72 2,91 2.6 2,64 3,34
¿Se puede aceptar la hipótesis de que la población tiene una longitud media de 2,656 cm?
(Usar a=0'05)
SOCIALES II. PONENCIA 2009. EJERCICIO 11"
MATES_CCSS,Contraste De Hipótesis,2009.0,Ponencia,Ejercicio 12,"La edad de la población que vive en residencias de mayores en Cádiz sigue una distribución
normal de desviación típica 7,3 años. Se toma una muestra aleatoria simple de tamaño 50, y se
obtiene una media muestral de 69 años. ¿Se puede asegurar que la edad media de la población
que vive en residencias de mayores en Cádiz es mayor de 70 años con un nivel de significación
del 5% ?
SOCIALES II. PONENCIA 2009. EJERCICIO 12"
MATES_CCSS,Contraste De Hipótesis,2009.0,Ponencia,Ejercicio 13,"Para conocer la producción media de sus olivos, un olivarero escoge al azar 10 de ellos, pesa su
producción de aceitunas, y obtiene los siguientes valores, expresados en kg: 175, 180, 210, 215,
186, 213, 190, 213, 184, 195. Sabemos que la producción sigue una distribución normal con
desviación típica igual a 15.3 kg. Con la información obtenida, ¿se puede asegurar que la
producción media de un olivo de ese agricultor es menor de 200 kg? (Usar a.=0'05)
SOCIALES II. PONENCIA 2009. EJERCICIO 13"
MATES_CCSS,Contraste De Hipótesis,2009.0,Ponencia,Ejercicio 14,"El 40% de los escolares de cierto país suelen perder al menos un día de clase a causa de gripes y
catarros. Sin embargo, un estudio sobre 1000 escolares revela que en el último curso hubo 450
en tales circunstancias. Las autoridades defienden que el porcentaje del 40% para toda la
población de escolares se ha mantenido. Contrastar con un nivel de significación del 5% la
hipótesis defendida por las autoridades sanitarias, frente a que el porcentaje ha aumentado,
como parecen indicar los datos, explicando claramente a qué conclusión se llega.
SOCIALES II. PONENCIA 2009. EJERCICIO 14"
MATES_CCSS,Contraste De Hipótesis,2009.0,Ponencia,Ejercicio 15,"Una de las entradas a cierta ciudad andaluza sufría constantemente retenciones de tráfico, de
forma que el tiempo de espera en la cola formada por el semáforo allí instalado seguía una
distribución Normal de media 10 minutos y desviación típica 4 minutos. Con el fin de
descongestionar ese punto y bajar la media de tiempo de espera, se habilitó una vía de acceso
auxiliar. Transcurrida una semana se hizo un estudio sobre 36 vehículos y se obtuvo que el
tiempo medio de espera en el citado semáforo fue de 8.5 minutos. Las autoridades municipales
mostraron su satisfacción y dijeron que la medida había funcionado, pero la opinión pública,
sin embargo, defiende que la situación sigue igual. Suponiendo que la desviación típica se ha
mantenido:
a) Plantee un test para contrastar la hipótesis defendida por la opinión pública frente a la de los
responsables municipales. Si se concluye que la media de tiempo de espera bajó y realmente no
lo hizo, ¿cómo se llama el error cometido?
b) ¿A qué conclusión se llega con un nivel de significación del 5% ?
Cc) ¿A qué conclusión se llega con un nivel de significación del 1% ?
SOCIALES II. PONENCIA 2009. EJERCICIO 15"
MATES_CCSS,Contraste De Hipótesis,2009.0,Ponencia,Ejercicio 16,"En un hospital se observó que los pacientes abusaban del servicio de urgencias, de forma que
un 30% de las consultas podían perfectamente haber esperado a concertar una cita con el
médico de cabecera, porque no eran realmente urgencias. Puesto que esta situación ralentizaba
el servicio, se realizó una campaña intensiva de concienciación. Transcurridos unos meses se ha
recogido infor mación de 120 consultas al servicio, de las cuales sólo 30 no eran realmente
urgencias:
a) Hay personal del hospital que defiende que la campaña no ha mejorado la situación. Plantee
un test para contrastar esta hipótesis frente a que sí la mejoró. Si se concluye que la situación
no ha mejorado y realmente sí lo hizo, ¿cómo se llama el error cometido?
b) ¿A qué conclusión se llega en el test planteado en el apartado anterior con un nivel de
significación del 1 % ?
SOCIALES II. PONENCIA 2009. EJERCICIO 16"
MATES_CCSS,Contraste De Hipótesis,2009.0,Ponencia,Ejercicio 17,"El alcalde de una ciudad prometió, en su programa electoral, oponerse a la construcción de una
central de tratamiento de ciertos residuos, puesto que en aquel momento sólo un 10% de los
ciudadanos estaban a favor de la central de tratamiento de residuos. En los últimos días se ha
encuestado a 100 personas de las cuales 14 están a favor de la central. El alcalde afirma sin
embargo que el porcentaje de ciudadanos a favor sigue siendo del 10% o incluso ha
disminuido. ¿Tiene razón el alcalde con un nivel de significación del 2% ?
SOCIALES II. PONENCIA 2009. EJERCICIO 17"
MATES_CCSS,Contraste De Hipótesis,2009.0,Ponencia,Ejercicio 18,"Se desea estudiar el gasto mensual de los teléfonos móviles, en euros, de los estudiantes
universitarios andaluces. Para ello, se ha elegido una muestra aleatoria de 10 de estos
estudiantes, resultando los valores siguientes para el gasto mensual en móvil:
30,60,25,20,25,30,35,45,50,40
Se supone que la variable aleatoria objeto de estudio sigue una distribución normal de media
desconocida y de desviación típica igual a 12 euros.
a) ¿Se puede asegurar que los estudiantes universitarios andaluces gastan menos de 50 euros
mensuales en teléfono móvil? (Usar a=0'01)
b) ¿Cuál es la desviación típica de la media muestral?
SOCIALES II. PONENCIA 2009. EJERCICIO 18"
MATES_CCSS,Contraste De Hipótesis,2009.0,Ponencia,Ejercicio 19,"Una máquina de envasado automático llena en cada saco una cierta cantidad de determinado
producto. Se seleccionan 20 sacos, se pesa su contenido y se obtienen los siguientes resultados
(en kilos):
49; 50; 49; 50; 50; 50; 49; 50; 50; 50; 49; 50; 50; 51; 52; 48; 50; 51; 51; 51
A partir de esta información y suponiendo que la variable, peso de cada saco, se distribuye
normalmente con desviación típica 1 kg:
a) ¿Se puede admitir que el peso medio de los sacos que llena la máquina es de
aproximadamente 51 kg? (Usar a=0'01)
b) ¿Se puede admitir que el peso medio de los sacos que llena la máquina es menor de 50 kg?
(Usar a=0'05)
SOCIALES II. PONENCIA 2009. EJERCICIO 19"
MATES_CCSS,Contraste De Hipótesis,2009.0,Ponencia,Ejercicio 20,"El consumo de cierto producto sigue una distribución normal con varianza 300. A partir de
una muestra de tamaño 25 se ha obtenido una media muestral igual a 180.
a) Halle un intervalo de confianza al 95% para la media del consumo.
b) ¿Se podría afirmar que el consumo medio de este producto no llega a 200? (Usar a=0'05)
SOCIALES II. PONENCIA 2009. EJERCICIO 20"
MATES_CCSS,Contraste De Hipótesis,2009.0,Ponencia,Ejercicio 21,"Los estudiantes universitarios de cierto país dedican al estudio un número de horas semanales
que sigue una distribución normal de media desconocida y de desviación típica 7 horas. Si en
una muestra de 200 estudiantes se obtuvo una media muestral de 30 horas de estudio semanal.
a) Halle un intervalo de confianza al 95% para el número de horas de estudio semanales de los
estudiantes universitarios de dicho país.
b) ¿Se podría afirmar que los estudiantes universitarios de ese país estudian menos de 35 horas
semanales? (Usar a=0'01)
SOCIALES II. PONENCIA 2009. EJERCICIO 21"
MATES_CCSS,Contraste De Hipótesis,2009.0,Ponencia,Ejercicio 22,"La talla de los individuos de una población sigue una distribución normal de desviación típica 8
cm. Se han determinado las tallas de 25 individuos, encontrándose una media de 168 cm. ¿Se
podría afirmar que la talla media de la población es menor de 170 cm? (Usar a.=0'03)
SOCIALES II. PONENCIA 2009. EJERCICIO 22"
MATES_CCSS,Contraste De Hipótesis,2009.0,Ponencia,Ejercicio 23,"Los estudiantes de Bachillerato de una cierta comunidad autónoma duermen un número de
horas diarias que se distribuye según una ley normal de media desconocida y desviación típica
3 horas. A partir de una muestra aleatoria de tamaño 30 se ha obtenido una media igual a 7
horas. ¿Se podría afirmar que el número medio de horas de sueño de los estudiantes de
Bachillerato de dicha comunidad autónoma es mayor de 6 horas? (Usar a=0'04)
SOCIALES II. PONENCIA 2009. EJERCICIO 23"
MATES_CCSS,Contraste De Hipótesis,2009.0,Ponencia,Ejercicio 24,"Las autoridades educativas publican en un estudio que el 25% de los estudiantes de
Bachillerato de una cierta comunidad autónoma tienen ordenador portátil. A partir de una
muestra aleatoria de tamaño 300 se ha obtenido que sólo 70 de ellos tienen ordenador portátil.
¿Se podría asegurar que las autoridades dicen la verdad? (Usar a. =0'06)
SOCIALES II. PONENCIA 2009. EJERCICIO 24"
MATES_CCSS,Contraste De Hipótesis,2009.0,Ponencia,Ejercicio 25,"Un laboratorio farmacéutico fabrica un producto para la caída del cabello que envasa en
botes, y en el etiquetado indica que su contenido aproximado es de 100 cc. Se eligen, al azar, 7
de estos botes y se miden sus contenidos dando el siguiente resultado (en cc):
97 ; 101 ; 102; 99; 98 , 100 , 103
¿Podemos asegurar que la capacidad media de los botes que se fabrican es la indicada en el
bote? (Usar a.=0'01). (Se sabe que el contenido es una variable aleatoria normal de desviación
típica 2 c.c.)
SOCIALES II. PONENCIA 2009. EJERCICIO 25"
MATES_CCSS,Contraste De Hipótesis,2009.0,Ponencia,Ejercicio 26,"Se ha tomado una muestra de precios de un mismo producto en 16 comercios, elegidos al azar
en una ciudad, y se han encontrado los siguientes precios (en euros):
95; 108;97;112;99; 106; 105; 100;99;98; 104; 110; 107; 111; 103; 110
Suponiendo que los precios de este producto se distribuyen según una ley normal de varianza
25 y media desconocida:
a) ¿Cuál es la distribución de la media muestral?
b) ¿Se puede afirmar que el precio medio de dicho producto es menor de 105 euros? (Usar
a=0'03)
SOCIALES II. PONENCIA 2009. EJERCICIO 26"
MATES_CCSS,Contraste De Hipótesis,2009.0,Ponencia,Ejercicio 27,"Los alumnos de preescolar de Andalucía tienen una estatura que es una variable aleatoria de
media desconocida y desviación típica 16 cm. Si seleccionamos una muestra aleatoria de 100 de
tales alumnos y obtenemos una estatura media de 95 cm,
a) ¿Se puede afirmar que la estatura media de los alumnos de preescolar de Andalucía es
menor de 95 cm? (Usar a=0'01).
b) ¿Se puede afirmar que la estatura media de los alumnos de preescolar de Andalucía es
mayor de 100 cm? (Usar a=0'05)
SOCIALES II. PONENCIA 2009. EJERCICIO 27"
MATES_CCSS,Contraste De Hipótesis,2010.0,Junio,Ejercicio 4 Opción B,"Un agricultor piensa que la producción media por naranjo, en su finca, es de 88 kg o más. Para
confirmar su creencia selecciona, al azar, 10 de sus naranjos, pesa su producción y obtiene
como resultado, en kg, para cada uno de ellos:
80 ,83,87 ,95,86,92,85,83,84 ,95
Se acepta que la producción de un naranjo sigue una distribución Normal con desviación típica
Skg.
a) Plantee el contraste de hipótesis unilateral que responda a las condiciones del problema y
determine la región crítica para un nivel de significación a.=0.05 .
b) Con los datos de esta muestra, ¿qué conclusión debe obtener el agricultor sobre la
producción media por naranjo de su finca, utilizando ese mismo nivel de significación?.
SOCIALES Il. 2010 JUNIO. EJERCICIO 4 OPCIÓN B"
MATES_CCSS,Contraste De Hipótesis,2010.0,Reserva 4,Ejercicio 4 Opción B,"El peso de los sacos de patatas de una cooperativa es una variable aleatoria Normal con
desviación típica 0.25 kg. El agente de ventas de esa cooperativa afirma que el peso medio de los
sacos no baja de 5 kg.
Se desea contrastar estadísticamente esta hipótesis. Para ello se toma una muestra aleatoria de 20
sacos y se obtiene que su peso medio es de 4.8 kg.
a) Determine las hipótesis del contraste que se plantea en este enunciado.
b) Halle la región crítica de este contraste para a =0.01?.
c) Con los datos de la muestra tomada ¿puede decirse que existe evidencia estadística suficiente para
rechazar la hipótesis del agente de ventas de la cooperativa, al nivel de significación a =0.01?.
SOCIALES I1. 2010 RESERVA 4. EJERCICIO 4 OPCIÓN B"
MATES_CCSS,Contraste De Hipótesis,2012.0,Junio,Ejercicio 4 Opción B,"Se considera que, a lo sumo, el 5% de los artículos guardados en un almacén son defectuosos.
Pasado un tiempo, la persona encargada del mantenimiento del almacén decide investigar si
esa estimación es adecuada. Para ello, escoge aleatoriamente 300 artículos de los que 35 están
defectuosos.
a) Plantee un contraste de hipótesis (H,: p<0'05) para determinar si ha aumentado la
proporción de artículos defectuosos. Obtenga la región crítica del contraste para un nivel de
significación del 5%
b) ¿Qué conclusión se obtiene con los datos muestrales obser vados?.
SOCIALES HH. 2012 JUNIO. EJERCICIO 4 OPCIÓN B"
MATES_CCSS,Contraste De Hipótesis,2012.0,Reserva 1,Ejercicio 4 Opcion B,"Un informe de un Ayuntamiento afirma que al menos el 26% de los usuarios del carril bici
habrían utilizado el coche particular para sus desplazamientos de no haber existido dicho
carril. Sin embargo, un periódico local anuncia la falsedad del dato, informando que una
encuesta propia indica que solo 240 de los 1000 usuarios encuestados afirman que habrían
utilizado el coche particular.
a) Establezca un contraste, con hipótesis nula H,: p>0.26, para verificar la afirmación del
Ayuntamiento e indique la región crítica de dicho contraste para un nivel de significación del
5% .
b) Con este nivel de significación ¿podría aceptarse el informe del Ayuntamiento?.
SOCIALES II. 2012 RESERVA 1. EJERCICIO 4 OPCION B"
MATES_CCSS,Contraste De Hipótesis,2014.0,Junio,Ejercicio 4 Opción B,"Un titular de prensa afirma que el 70% de los jóvenes de una ciudad utilizan las redes sociales
para comunicarse.
Para contrastar la veracidad de tal afirmación se toma una muestra aleatoria de 500 jóvenes de
esa ciudad, y se obtiene que 340 de ellos utilizan la red para comunicarse.
Analice mediante un contraste de hipótesis bilateral, (H, : p=0'7), si se puede aceptar, con un
nivel de significación del 1% , que dicha afirmación es cierta.
SOCIALES Il. 2014 JUNIO. EJERCICIO 4 OPCIÓN B"
MATES_CCSS,Contraste De Hipótesis,2014.0,Reserva 2,Ejercicio 4 Opcion B,"Queremos estudiar la proporción de personas de una población que usan una determinada
marca de ropa; para ello se hace una encuesta a 950 personas y se obtiene que 215 de ellas usan
esa marca. Utilizando un contraste de hipótesis (H,: p>0.25):
a) ¿Podemos afirmar con estos datos y con un nivel de significación del 5% que al menos el
25% de toda la población usa esa marca de ropa?
b) ¿Y con un nivel de significación del 1% ?
SOCIALES II. 2014 RESERVA 2. EJERCICIO 4. OPCION B"
MATES_CCSS,Contraste De Hipótesis,2014.0,Reserva 4,Ejercicio 4 Opción A,"Los responsables de tráfico de una ciudad trabajan con la hipótesis de que, al menos, el 65% de
sus habitantes son favorables a la creación de una red de carril-bici en esa ciudad.
Encuestados 950 habitantes, elegidos al azar, 590 están a favor de tal medida.
a) Mediante un contraste de hipótesis, (H, : p>0.65), con un nivel de significación del 10%,
¿Se puede decir que tienen razón los responsables de tráfico de esa ciudad?
b) ¿Se concluiría lo mismo si el nivel de significación fuera del 1% ?
SOCIALES I1. 2014 RESERVA 4. EJERCICIO 4. OPCIÓN A"
MATES_CCSS,Contraste De Hipótesis,2015.0,Junio,Ejercicio 4 Opción A,"La calificación en Matemáticas de los alumnos de un centro docente es una variable aleatoria
que sigue una distribución Normal de desviación típica 1”2. Una muestra de 10 alumnos ha
dado las siguientes calificaciones: 3 8 6 3 9 1 7 7 5 6
a) Se tiene la creencia de que la calificación media de los alumnos del centro en Matemáticas es
a lo sumo 5 puntos. Con un nivel de significación del 5% , plantee el contraste unilateral
correspondiente (H, : 1 <5), determine la región crítica y razone si la creencia es fundada o
no.
b) ¿Obtendría la misma respuesta si el nivel de significación fuese del 15% ?.
SOCIALES H1. 2015 JUNIO. EJERCICIO 4 OPCIÓN A"
MATES_CCSS,Contraste De Hipótesis,2015.0,Reserva 1,Ejercicio 4 Opcion A,"La talla media de los alumnos de una Universidad sigue una distribución Normal de media 170
cm y desviación típica 6 cm. Estudios recientes hacen sospechar que dicha talla media ha
aumentado. Para confirmar, o no, esa sospecha se ha tomado una muestra de 64 estudiantes de
esa Universidad, cuya talla media ha resultado ser de 172 cm. Con un nivel de significación del
1%, plantee un contraste de hipótesis (H,:p:<170), determine la región crítica de ese
contraste y razone si se puede concluir que la talla media poblacional ha aumentado.
SOCIALES II. 2015 RESERVA 1 EJERCICIO 4. OPCION A"
MATES_CCSS,Contraste De Hipótesis,2015.0,Reserva 2,Ejercicio 4 Opcion A,"Una característica poblacional X sigue una distribución Normal N(p,2.1). Sobre ella se
formula un contraste de hipótesis bilateral con H,:p=5.5a un nivel de significación del 8% .
Se extrae una muestra aleatoria simple de tamaño 25 que proporciona una media muestral de
6.3. Plantee dicho contraste, determine su región crítica y razone si se puede aceptar la
hipótesis nula.
SOCIALES II. 2015 RESERVA 2 EJERCICIO 4. OPCION A"
MATES_CCSS,Contraste De Hipótesis,2015.0,Reserva 3,Ejercicio 4 Opcion A,"El servicio de atención al cliente de una empresa funciona eficazmente si el tiempo medio de
atención es inferior o igual a 7 minutos. Se toma una muestra de 36 clientes atendidos y se
observa que el tiempo medio es de 8 minutos. Suponiendo que el tiempo empleado en atender a
un cliente sigue una distribución Normal con varianza 16, plantee un contraste de hipótesis
(H, : 4<7), con un nivel de significación de 0.05, determine la región crítica de este contraste
y razone si se puede aceptar que ese servicio funciona de forma eficaz.
SOCIALES II. 2015 RESERVA 3 EJERCICIO 4. OPCION A"
MATES_CCSS,Contraste De Hipótesis,2015.0,Reserva 4,Ejercicio 4 Opcion B,"El peso medio de los pájaros de una determinada especie que habita en un parque natural se
consideraba no inferior a 110 g, pero los biólogos del parque sostienen ahora la hipótesis de que
dicho peso medio ha disminuido a consecuencia del cambio climático. Se ha tomado una
muestra de 100 pájaros de esta especie y se ha obtenido un peso medio de 108 g. Se sabe que la
variable que mide el peso de los pájaros de esta especie sigue una distribución Normal con
desviación típica igual a 6 g.
Plantee un contraste de hipótesis (H,:H>110), con un nivel de significación del 5%,
determine la región crítica de este contraste y, utilizando ésta, razone si con ese nivel se puede
aceptar que los biólogos del parque están en lo cierto.
SOCIALES II. 2015 RESERVA 4 EJERCICIO 4. OPCION B"
MATES_CCSS,Contraste De Hipótesis,2016.0,Reserva 2,Ejercicio 4 Opcion B,"En un artículo de internet se afirma que el número medio de mensajes de WhatsApp que
mandan los jóvenes al día no es inferior a 40.
Para contrastar dicha información se elige una muestra aleatoria de 100 jóvenes y se observa
que envían una media de 38 mensajes al día. Se sabe que el número de mensajes enviados
diariamente sigue una distribución Normal de desviación típica 2. Con un nivel de significación
del 5% plantee un contraste, (H ,: 4>40), determine la región de rechazo y concluya si ¿se
puede aceptar la afirmación del artículo de internet?
SOCIALES II. 2016. RESERVA 2. EJERCICIO 4. OPCION B"
MATES_CCSS,Contraste De Hipótesis,2016.0,Reserva 3,Ejercicio 4 Opcion A,"Se sabe que el diámetro de las estrellas de mar de una región sigue una ley Normal con
varianza 2.25cm” . Se sospecha que, igual que ocurre en otras regiones, su diámetro no
supera los 11.7 cm (H,:p<11.7). Para confirmarlo se extrae una muestra aleatoria de
estrellas de mar de esa región, obteniéndose los siguientes diámetros:
125 118 13.1 143 117 12.6 127 12.1 135 11.5
a) Plantee un contraste de hipótesis, y para un nivel de significación del 5% , obtenga la región
de rechazo del contraste. ¿Se puede confirmar la sospecha?
b) ¿Y para un nivel de significación del 3% , se puede confirmar la sospecha?
SOCIALES II. 2016. RESERVA 3. EJERCICIO 4. OPCION A"
MATES_CCSS,Contraste De Hipótesis,2016.0,Reserva 4,Ejercicio 4 Opcion B,"La proporción de nacimientos que ocurren con luna llena en los hospitales de una ciudad se consideraba
no inferior a 0.45, pero un estudio afirma que en la actualidad esta proporción ha descendido. Para
contrastar esta hipótesis se han elegido al azar, en estos hospitales, a 200 recién nacidos, de los cuales 70
nacieron con luna llena. Decida mediante un contraste de hipótesis, con H ,: p>0.45, si la afirmación
del estudio es correcta con un nivel de significación del 1% indicando la región de rechazo.
SOCIALES II. 2016. RESERVA 4. EJERCICIO 4. OPCION B"
MATES_CCSS,Distribución Binomial,2024.0,Modelo,Ejercicio 3B,"Un jugador de baloncesto tiene una probabilidad de 0.8 de encestar un tiro libre. Si en un partido
lanza 6 tiros libres, halle la probabilidad de que enceste:
i) Exactamente cuatro tiros libres.
ii) Al menos cuatro tiros.
iii) Ninguno de ellos.
iv) Alguno de ellos.
SOCIALES II. 2024 MODELO. EJERCICIO 3B"
MATES_CCSS,Distribución Binomial ,2025.0,Junio,Ejercicio C5,"Una empresa de marketing ha lanzado una campaña publicitaria para promocionar un nuevo
servicio de energía solar para hogares. Según estudios previos, se estima que el 20% de las
personas que ven el anuncio terminan contratando el servicio. Para analizar más en profundidad
la efectividad de la campaña, seleccionan aleatoriamente a 20 personas que han visto el anuncio.
a) Calcule la probabilidad de que exactamente 10 personas contraten el servicio.
b) Determine la probabilidad de que al menos 2 personas contraten el servicio.
c) Determine el valor esperado del número de personas que contratarán el servicio de entre las
seleccionadas.
d) ¿Cuántas personas, de entre las que han visto el anuncio, se deberían seleccionar para que el
número esperado de personas que contraten el servicio sea mayor o igual a 137.
SOCIALES II. 2025 JUNIO. EJERCICIO C5"
MATES_CCSS,Distribución Binomial ,2025.0,Reserva 2,Ejercicio D6,"Un tratamiento experimental para tratar una determinada intolerancia alimentaria mejora al
60% de los pacientes a los que se les suministra. Cinco pacientes deciden someterse a dicho
tratamiento.
a) Indique la distribución que sigue la variable “número de pacientes de entre los 5 que mejoran
con este tratamiento”. ¿Cuál es la probabilidad de que mejoren cuatro pacientes gracias al
tratamiento?
b) Calcule la probabilidad de que al menos dos pacientes experimenten mejoría tras someterse
al tratamiento.
c) ¿Cuántos pacientes se espera que mejoren al someterse a ese tratamiento?
d) ¿Cuántos pacientes deberían someterse al tratamiento para que el número esperado de
pacientes que mejoren sea mayor o igual a 12?
SOCIALES II. 2025 RESERVA 2. EJERCICIO D6"
MATES_CCSS,Distribución Binomial ,2026.0,Modelo,Ejercicio 3,"En un experimento aleatorio se sabe que un suceso A verifica que p(A)=0.8. Si se realiza dicho
experiment 6 veces, halle la probabilidad de que:
i) El suceso A ocurra exactamente cuatro veces.
ii) El suceso A ocurra al menos cuatro veces.
iii) El suceso A no ocurra en ninguna ocasión.
iv) El suceso A ocurra menos de tres veces sabiendo que ha ocurrido al menos en una ocasión.
SOCIALES II. 2026 MODELO. EJERCICIO 3"
MATES_CCSS,Distribución Binomial ,2026.0,Junio,Ejercicio 3Bc,"c) Si el experimento se realiza 1350 veces de forma independiente:
i) Determine la distribución de la variable aleatoria X: ""Número de veces que ocurre B"".
ii) Calcule la probabilidad de que B ocurra a lo sumo 580 veces, pero más de 499 veces.
SOCIALES II. 2026 JUNIO. EJERCICIO 3B.c"
