subject,topic,year,exam,exercise,statement
MATES_CCSS,Probabilidad,2001,Junio,Ejercicio 3 Parte I Opción B,"En el experimento aleatorio de lanzar una moneda tres veces se consideran los siguientes sucesos:
A: “sacar al menos una cara y una cruz”.
B: “sacar a lo sumo una cara”.
a) Determine el espacio muestral asociado a ese experimento y los sucesos A y B.
b) ¿Son independientes ambos sucesos?.
SOCIALES II. 2001. JUNIO. EJERCICIO 3. PARTE I. OPCIÓN B"
MATES_CCSS,Probabilidad,2001,Reserva 2,Ejercicio 3 Parte I Opción A,"Dos cajas, A y B, tienen el siguiente contenido:
La A: 5 monedas de l euro y 3 de 10 pesetas.
La B: 4 monedas de l euro, 4de 10 pesetas y 2 de 25 pesetas.
De una de las cajas elegida al azar, se extrae una moneda.
a) ¿Cuáles la probabilidad de que sea de 1 euro?
b) Si la moneda extraída resulta ser de 10 pesetas, ¿cuál es la probabilidad de que proceda de la
caja B?
SOCIALES II. 2001. RESERVA 2. EJERCICIO 3. PARTE I. OPCIÓN A"
MATES_CCSS,Probabilidad,2001,Reserva 2,Ejercicio 3 Parte I Opción B,"5
La probabilidad de que un jugador A marque un gol de penalti es de e? mientras que la de otro
4
jugador B es 5 Si cada uno lanza un penalti,
a) Halle la probabilidad de que marque gol uno solo de los dos jugadores.
b) Halle la probabilidad de que al menos uno marque gol.
SOCIALES II. 2001. RESERVA 2. EJERCICIO 3. PARTE I. OPCIÓN B"
MATES_CCSS,Probabilidad,2001,Reserva 3,Ejercicio 3 Parte I Opcion A,"1 1 1
Sean A y B dos sucesos tales que P(A)= 2? P(B) =3 y PCANB)= q Calcule:
a) P(A/B)y P(B/A).b) P(AUB).c) P(AC AB).
(AS indica el contrario del suceso A).
SOCIALES II. 2001. RESERVA 3. EJERCICIO 3. PARTE I. OPCION A"
MATES_CCSS,Probabilidad,2001,Reserva 4,Ejercicio 3 Parte I Opción A,"En una ciudad el 60 % de sus habitantes son aficionados al fútbol, el 30 % son aficionados al
baloncesto y el 25 % a ambos deportes.
a) ¿Son independientes los sucesos “ser aficionado al fútbol” y “ser aficionado al baloncesto”?.
b) Si una persona no es aficionada al fútbol, ¿cuál es la probabilidad de que no sea aficionada al
baloncesto?
c) Si una persona no es aficionada al baloncesto, ¿cuál es la probabilidad de que sea aficionada al
fútbol?
SOCIALES H. 2001. RESERVA 4. EJERCICIO 3. PARTE I. OPCIÓN A"
MATES_CCSS,Probabilidad,2001,Reserva 4,Ejercicio 3 Parte I Opcion B,"Tenemos un cofre A con 2 monedas de oro y 3 de plata, un cofre B con 5 monedas de oro y 4 de
plata y un tercer cofre C con 2 monedas de oro. Elegimos un cofre al azar y sacamos una
moneda.
a) Calcule la probabilidad de que sea de oro. b) Sabiendo que ha sido de plata, calcule la
probabilidad de que haya sido extraída del cofre A.
SOCIALES II. 2001 RESERVA 4. EJERCICIO 3. PARTE I. OPCION B"
MATES_CCSS,Probabilidad,2001,Septiembre,Ejercicio 3 Parte I Opción A,"Una caja contiene 10 tornillos, de los que dos son defectuosos.
a) Si vamos extrayendo tornillos, uno tras otro, hasta localizar los dos defectuosos, ¿cuál es la
probabilidad de necesitar exactamente tres extracciones para localizarlos?.
b) Si extraemos solo dos tornillos, y el segundo ha resultado ser defectuoso, ¿cuál es la
probabilidad de que el primero también lo haya sido?.
SOCIALES II. 2001. SEPTIEMBRE. EJERCICIO 3. PARTE I. OPCIÓN A"
MATES_CCSS,Probabilidad,2001,Septiembre,Ejercicio 3 Parte I Opción B,"Disponemos de tres dados, uno de los cuales está trucado. La probabilidad de sacar 5 con el
dado trucado es 025, siendo los otros resultados equiprobables. Se elige un dado al azar y se
realiza un lanzamiento con él.
a) Determine la probabilidad de obtener un 2.
b) Dado que ha salido un 2, ¿cuál es la probabilidad de que hayamos elegido el dado trucado?.
SOCIALES II. 2001. SEPTIEMBRE. EJERCICIO 3. PARTE I. OPCIÓN B"
MATES_CCSS,Probabilidad,2002,Junioejercicio,3 Parte I Opcion A,"Los alumnos de Bachillerato de un I.E.S. proceden de 3 localidades A, B y C, siendo un 20% de
A, un 30% de B y el resto de C. El 80% de los alumnos de A cursa 1” de Bachillerato y el resto 2”.
El 50% de los alumnos de B cursa 1” de Bachillerato y el resto 2”. El 60% de los alumnos de C
cursa 1” de Bachillerato y el resto 2”.
a) Seleccionado, al azar, un alumno de Bachillerato de ese I.E.S., ¿cuál es la probabilidad de que
sea de 29?.
b) Si elegimos, al azar, un alumno de Bachillerato de ese I.E.S. y éste es un alumno de 1”, ¿cuál es
la probabilidad de que proceda de la localidad B?.
SOCIALES II. 2002. JUNIO.EJERCICIO 3. PARTE I. OPCION A"
MATES_CCSS,Probabilidad,2002,Junio,Ejercicio 3 Parte I Opcion B,"Según la estadística de los resultados en las Pruebas de Acceso en una provincia andaluza, en
septiembre de 2001, el número de alumnas presentadas es 840, de las que han aprobado un 70%
mientras que el número de alumnos presentados es 668, habiendo aprobado un 75% de éstos.
a) Elegida, al azar, una persona presentada a las Pruebas, ¿cuál es la probabilidad de que haya
aprobado?.
b) Sabiendo que una persona ha aprobado, ¿cuál es la probabilidad de que sea varón?.
SOCIALES II. 2002. JUNIO. EJERCICIO 3. PARTE I. OPCION B"
MATES_CCSS,Probabilidad,2002,Reserva 1,Ejercicio 3 Parte Iopciona,"Una urna contiene 15 bolas, de las cuales 6 son azules y 9 son rojas. Se extraen sucesivamente y
sin reemplazamiento, 3 bolas, al azar.
a) Describa el espacio muestral asociado al experimento.
b) Determine la probabilidad de que se extraiga, al menos, una bola azul.
c) Halle la probabilidad de que la tercera bola extraída sea roja.
SOCIALES II. 2002 RESERVA 1. EJERCICIO 3. PARTE I.OPCIONA"
MATES_CCSS,Probabilidad,2002,Reserva 1Ejercicio,3 Parte I Opción B,"Tenemos 3 estuches de lápices A, B y C. El estuche A tiene 9 lápices, de los cuales 3 son negros; el
B contiene 7 lápices, de los cuales 2 son negros; el C contiene 5 lápices de los que 1 es negro.
a) Si tomamos, al azar, un lápiz del estuche B, ¿cuál es la probabilidad de que sea negro?
b) Si elegimos, al azar, uno de los 3 estuches y de éste tomamos, al azar, un lápiz, ¿cuál es la
probabilidad de que no sea negro?
SOCIALES II. 2002 RESERVA 1.EJERCICIO 3. PARTE I. OPCIÓN B"
MATES_CCSS,Probabilidad,2002,Reserva 2,Ejercicio 3 Parte I Opción A,"El despertador de Pedro no funciona bien, pues el 20 % de las veces no suena. Cuando suena,
Pedro llega tarde a clase con probabilidad 0”2; pero si no suena, la probabilidad de que llegue
tarde a clase es 09,
a) Calcule la probabilidad de que Pedro llegue a tiempo.
b) Determine la probabilidad de que el despertador haya funcionado bien, si sabemos que Pedro
ha llegado tarde a clase.
SOCIALES I1. 2002. RESERVA 2. EJERCICIO 3. PARTE I. OPCIÓN A"
MATES_CCSS,Probabilidad,2002,Reserva 2,Ejercicio 3 Parte 1 Opción B,"Las instalaciones de un club tienen una sala de medios audiovisuales y una de informática. El
60% de los socios utiliza la 1*, el 30 % la 2* y el 20 % ambas.
a) Calcule la probabilidad de que un socio, elegido al azar, no utilice ninguna de las dos salas.
b) Si se sabe que un socio utiliza la sala de audiovisuales, ¿cuál es la probabilidad de que no
utilice la de informática?
SOCIALES II. 2002. RESERVA 2. EJERCICIO 3. PARTE 1. OPCIÓN B"
MATES_CCSS,Probabilidad,2002,Reserva 3,Ejercicio 3 Parte I Opcion B,"De una bolsa que contiene 4 monedas de 2 euros, 5 de 1 euro y 3 de 020 euros, se extraen dos
monedas, al azar, sucesivamente y sin devolverlas a la bolsa.
a) Calcule las probabilidades de los siguientes sucesos:
A = “la suma de las dos monedas es inferior a 220 euros”.
B = “al menos una de las dos monedas es de 020 euros”.
b) Razone si esos dos sucesos son independientes.
SOCIALES II. 2002. RESERVA 3. EJERCICIO 3. PARTE I. OPCION B"
MATES_CCSS,Probabilidad,2002,Reserva 4,Ejercicio 3 Parte I Opción A,"Se dispone de una baraja española de 40 cartas (10 de oros, 10 de copas, 10 de espadas y 10 de
bastos). Se saca una carta, al azar, y, sin devolverla, se saca otra, al azar.
a) Calcule la probabilidad de que ninguna de las dos cartas sea de oros.
b) Sabiendo que la 2* carta extraída ha sido de copas, calcule la probabilidad de que también lo
fuera la primera.
SOCIALES Il. 2002. RESERVA 4. EJERCICIO 3. PARTE I. OPCIÓN A"
MATES_CCSS,Probabilidad,2002,Reserva 4,Ejercicio 3 Parte I Opcion B,"Juan y Pedro juegan a obtener la puntuación más alta lanzando sus dados. El dado de Juan tiene
cuatro caras con la puntuación 5 y las otras dos caras con el 1. El dado de Pedro tiene dos caras
con el 6, otras dos con el 4 y las otras dos con el 1.
a) ¿Cuáles la probabilidad de que gane Pedro?
b) ¿Cuál es la probabilidad de empatar?
SOCIALES II. 2002 RESERVA 4. EJERCICIO 3. PARTE I. OPCION B"
MATES_CCSS,Probabilidad,2003,Junio,Ejercicio 3 Parte I Opción A,"Blanca y Alfredo escriben, al azar, una vocal cada uno en papeles distintos.
a) Determine el espacio muestral asociado al experimento.
b) Calcule la probabilidad de que no escriban la misma vocal.
SOCIALES II. 2003. JUNIO. EJERCICIO 3. PARTE I. OPCIÓN A"
MATES_CCSS,Probabilidad,2003,Reserva 2,Ejercicio 3 Parte 1 Opción A,"De dos sucesos A y B, asociados a un mismo experimento aleatorio, se conocen las probabilidades
P(B)=0'7, P(A/B)=0'8y P(ANB"")=0'24.
Calcule: a) PCANB); b) P(A); c) Determine si A y B son independientes.
SOCIALES II. 2003. RESERVA 2. EJERCICIO 3. PARTE 1. OPCIÓN A"
MATES_CCSS,Probabilidad,2003,Reserva 2,Ejercicio 3 Parte I Opción B,"En un hospital se han producido 200 nacimientos en un mes. De ellos, 105 son varones y, de éstos,
21 tienen los ojos azules. Asimismo se ha observado que 38 de las niñas nacidas en ese mes tienen
los ojos azules.
Se elige, al azar, un recién nacido entre los 200 citados.
a) Calcule la probabilidad de que tenga los ojos azules.
b) Si el recién nacido que se elige tiene los ojos azules, ¿cuál es la probabilidad de que sea un
varón?.
SOCIALES I1. 2003. RESERVA 2. EJERCICIO 3. PARTE I. OPCIÓN B"
MATES_CCSS,Probabilidad,2003,Reserva 3,Ejercicio 3 Parte I Opción A,"El 55% de la población española son mujeres, de las cuales un 23% usa el coche para ir al
trabajo. Se sabe que la probabilidad de que una persona, sea hombre o mujer, vaya al trabajo en
coche es 052.
a) Elegido un hombre, al azar, ¿cuál es la probabilidad de que utilice el coche para desplazarse al
trabajo?.
b) Si se elige una persona, al azar, y resulta que no utiliza el coche para ir al trabajo, calcule la
probabilidad de que sea mujer.
SOCIALES HI. 2003. RESERVA 3. EJERCICIO 3. PARTE I. OPCIÓN A"
MATES_CCSS,Probabilidad,2003,Reserva 3,Ejercicio 3 Parte I Opción B,"En una biblioteca sólo hay libros de física y de matemáticas, que están escritos en inglés o en
español. Se sabe que el 70% de los libros son de física, el 80% de los libros están escritos en
español y el 10% son libros de matemáticas escritos en inglés.
a) Calcule qué tanto por ciento de los libros son de física y escritos en español.
b) Si escogemos un libro de física, ¿cuál es la probabilidad de que esté escrito en español?.
SOCIALES II. 2003. RESERVA 3. EJERCICIO 3. PARTE I. OPCIÓN B"
MATES_CCSS,Probabilidad,2003,Reserva 4,Ejercicio 3 Parte I Opción A,"En un curso, el porcentaje de aprobados en Lengua es del 65% y en Filosofía del 50% . Se sabe
que la probabilidad P(F/L)=0'7, siendo F y L los sucesos “aprobar Filosofía” y “aprobar
Lengua”, respectivamente.
a) Calcule P(L/F).
b) Halle la probabilidad de no aprobar ninguna de las dos asignaturas.
SOCIALES II. 2003. RESERVA 4. EJERCICIO 3. PARTE I. OPCIÓN A"
MATES_CCSS,Probabilidad,2003,Reserva 4,Ejercicio 3 Parte L Opción B,"Sea el experimento aleatorio consistente en lanzar 3 veces una moneda y observar el resultado
a) Escriba el espacio muestral asociado y las probabilidades de los sucesos elementales.
b) Sean los sucesos A: “Obtener al menos una cara” y B: “Obtener cara en sólo uno de los tres
lanzamientos”. Calcule p(A) y p(B).¿Son independientes A y B?
SOCIALES II. 2003 RESERVA 4. EJERCICIO 3. PARTE l. OPCIÓN B"
MATES_CCSS,Probabilidad,2003,Septiembre,Ejercicio 3 Parte I Opción B,"Sean A y B dos sucesos aleatorios independientes. Se sabe que P(A)=0'3; P(B)=0'4.
Calcule las siguientes probabilidades: a) P(AUB);b) P(A/B“)
SOCIALES II. 2003. SEPTIEMBRE. EJERCICIO 3. PARTE I. OPCIÓN B"
MATES_CCSS,Probabilidad,2004,Junio,Ejercicio 3 Parte I Opción A,"María y Laura idean el siguiente juego: cada una lanza un dado, si en los dos dados sale el mismo
número, gana Laura; si la suma de ambos es 7, gana María; y en cualquier otro caso hay empate.
a) Calcule la probabilidad de que gane Laura.
b) Calcule la probabilidad de que gane María.
SOCIALES II. 2004. JUNIO. EJERCICIO 3. PARTE I. OPCIÓN A"
MATES_CCSS,Probabilidad,2004,Junio,Ejercicio 3 Parte I Opción B,"Dados los sucesos aleatorios A y B, se sabe que:
PB)=1 y PA)=PAB)=>
a) Razone si los sucesos A y B son independientes.
b) Calcule P(AUB)
SOCIALES II. 2004. JUNIO. EJERCICIO 3. PARTE I. OPCIÓN B"
MATES_CCSS,Probabilidad,2004,Reserva 1,Ejercicio 3 Parte I Opción A,"Sean A y B dos sucesos tales que P(A)=0'4,P(B“)=0'7 y P(AUB)=0'6 , donde BC es el
suceso contrario de B.
a) ¿Son independientes A y B ?
b) Calcule P(A/B*)
SOCIALES II. 2004 RESERVA 1. EJERCICIO 3. PARTE I. OPCIÓN A"
MATES_CCSS,Probabilidad,2004,Reserva 1Ejercicio,3 Parte I Opción B,"Se realiza una encuesta sobre las preferencias de vivir en la ciudad o en urbanizaciones cercanas.
Del total de la población encuestada el 60% son mujeres, de las cuales prefieren vivir en la
ciudad un 73% . Se sabe que la probabilidad de que una persona, sea hombre o mujer, desee vivir
en la ciudad es 062.
a) Calcule la probabilidad de que elegido un hombre al azar, prefiera vivir en la ciudad.
b) Supuesto que una persona, elegida al azar, desee vivir en la ciudad, calcule la probabilidad de
que sea mujer.
SOCIALES I1. 2004 RESERVA 1.EJERCICIO 3. PARTE I. OPCIÓN B"
MATES_CCSS,Probabilidad,2004,Reserva 2,Ejercicio 3 Parte I Opción A,"Una urna contiene 5 bolas rojas y 3 verdes. Se extrae una bola y se reemplaza por 2 bolas del
otro color. A continuación, se extrae una segunda bola. Calcule:
a) La probabilidad de que la segunda bola sea verde.
b) La probabilidad de que la primera haya sido roja, sabiendo que la segunda también ha sido
roja.
SOCIALES Il. 2004. RESERVA 2. EJERCICIO 3. PARTE I. OPCIÓN A"
MATES_CCSS,Probabilidad,2004,Reserva 2,Ejercicio 3 Parte I Opción B,"El despertador de un trabajador suena en el 80% de los casos. Si suena, la probabilidad de que
llegue puntual al trabajo es 09; si no suena, llega tarde el 50% de las veces.
a) ¿Cuáles la probabilidad de que llegue puntual?
b) Si llega tarde, ¿cuál es la probabilidad de que no haya sonado el despertador?
SOCIALES I1. 2004. RESERVA 2. EJERCICIO 3. PARTE I. OPCIÓN B"
MATES_CCSS,Probabilidad,2004,Reserva 3,Ejercicio 3 Parte I Opción A,"En una universidad española el 30% de los estudiantes son extranjeros y, de éstos, el 15% están
becados. De los estudiantes españoles, sólo el 8% tienen beca. Si se elige, al azar, un alumno de
esa universidad:
a) ¿Cuáles la probabilidad de que sea español y no tenga beca?
b) Calcule la probabilidad de que sea extranjero, sabiendo que tiene beca.
SOCIALES II. 2004. RESERVA 3. EJERCICIO 3. PARTE I. OPCIÓN A"
MATES_CCSS,Probabilidad,2004,Reserva 3,Ejercicio 3 Parte I Opción B,"En un centro de Bachillerato, los alumnos de 1” son el 60% del total, y los de 2* el 40% restante.
De todos ellos, el 46% posee móvil y el 18% son de 1” y tienen móvil.
a) Calcule la probabilidad de que un alumno de 1”, elegido al azar, posea móvil.
b) Elegido un alumno, al azar, resulta que tiene móvil, ¿cuál es la probabilidad de que sea de 2”?
SOCIALES I1. 2004. RESERVA 3. EJERCICIO 3. PARTE I. OPCIÓN B"
MATES_CCSS,Probabilidad,2004,Reserva 4,Ejercicio 3 Parte I Opcion A,"En cierto barrio hay dos panaderías. El 40% de la población compra en la panadería A, el 25%
en la B, y el 15% en ambas. Se escoge una persona al azar:
a) ¿Cuáles la probabilidad de que esta persona compre en A y no compre en B ?
b) Si esta persona es cliente de A, ¿cuál es la probabilidad de que también sea cliente de B?
c) ¿Cuál es la probabilidad de que no sea cliente de A ni de B?
d) ¿Son independientes los sucesos “ser cliente de A” y “ser cliente de B”?
SOCIALES II. 2004. RESERVA 4. EJERCICIO 3. PARTE I. OPCION A"
MATES_CCSS,Probabilidad,2004,Reserva 4,Ejercicio 3 Parte I Opcion B,"Entre las 7 bolas de una máquina de futbolín hay 2 rojas y 5 blancas; en cada partida, la
máquina va sacando las bolas de una en una, de forma aleatoria, sin reemplazamiento. Calcule la
probabilidad de cada uno de los siguientes sucesos:
a) “La primera bola es roja”.
b) “Las dos primeras bolas son blancas”.
c) “Las dos primeras bolas son de colores distintos”.
SOCIALES II. 2004 RESERVA 4. EJERCICIO 3. PARTE I. OPCION B"
MATES_CCSS,Probabilidad,2004,Septiembre,Ejercicio 3 Parte I Opción A,"Consideramos el experimento aleatorio de lanzar dos dados distintos y anotar el producto de
sus puntuaciones.
a) ¿Cuál es la probabilidad de que dicho producto sea igual a 6?.
b) Si sabemos que el producto ha sido 4, ¿cuál es la probabilidad de que hayan salido los dos
dados con la misma puntuación?.
SOCIALES II. 2004. SEPTIEMBRE. EJERCICIO 3. PARTE I. OPCIÓN A"
MATES_CCSS,Probabilidad,2004,Septiembre,Ejercicio 3 Parte I Opción B,"En una ciudad, el 40% de sus habitantes lee el diario A, el 25% lee el diario B y el 50% lee al
menos uno de los dos diarios.
a) Los sucesos “leer el diario A” y “leer el diario B” ¿son independientes?.
b) Entre los que leen el diario A ¿qué porcentaje lee también el diario B?.
c) Entre los que leen, al menos, un diario ¿Qué porcentaje lee los dos?.
d) Entre los que no leen el diario A,¿qué porcentaje lee el diario B?.
SOCIALES HH. 2004. SEPTIEMBRE. EJERCICIO 3. PARTE I. OPCIÓN B"
MATES_CCSS,Probabilidad,2005,Junio,Ejercicio 3 Parte I Opción A,"En un juego se sortea cada día un premio utilizando papeletas con tres cifras, numeradas del 000 al
999.
a) Calcule la probabilidad de que el número premiado termine en 5.
b) Calcule la probabilidad de que el número premiado termine en 55.
c) Sabiendo que ayer salió premiado un número terminado en 5, calcule la probabilidad de que el
número premiado hoy también ter mine en 5.
SOCIALES II. 2005. JUNIO. EJERCICIO 3. PARTE I. OPCIÓN A"
MATES_CCSS,Probabilidad,2005,Junio,Ejercicio 3 Parte I Opción B,"Una bolsa contiene tres cartas: una es roja por las dos caras, otra tiene una cara blanca y otra roja,
y la tercera tiene una cara negra y otra blanca. Se saca una carta al azar y se muestra, también al
azar, una de sus caras.
a) ¿Cuál es la probabilidad de que la cara mostrada sea roja?
b) ¿Cuál es la probabilidad de que la cara mostrada sea blanca?.
c) Si la cara mostrada es blanca, ¿cuál es la probabilidad de que la otra cara sea roja?
SOCIALES II. 2005. JUNIO. EJERCICIO 3. PARTE I. OPCIÓN B"
MATES_CCSS,Probabilidad,2005,Reserva 1,Ejercicio 3 Parte I Opcion B,"En los “Juegos Mediterráneos Almería 2005” se sabe que el 5% de los atletas son asiáticos, el
25% son africanos y el resto son europeos. También se sabe que el 10% de los atletas asiáticos, el
20% de los atletas africanos y el 25% de los atletas europeos hablan español.
a) Calcule la probabilidad de que un atleta, elegido al azar, hable español.
b) Si nos encontramos con un atleta que no habla español, ¿cuál es la probabilidad de que sea
africano?
SOCIALES II. 2005 RESERVA 1. EJERCICIO 3. PARTE I. OPCION B"
MATES_CCSS,Probabilidad,2005,Reserva 2,Ejercicio 3 Parte I Opcion A,"En una agrupación musical el 60% de sus componentes son mujeres. El 20% de las mujeres y el
30% de los hombres de la citada agrupación están jubilados.
a) ¿Cuál es la probabilidad de que un componente de la agrupación, elegido al azar, esté
jubilado?
b) Sabiendo que un componente de la agrupación, elegido al azar, está jubilado ¿cuál es la
probabilidad de que sea mujer?
SOCIALES II. 2005. RESERVA 2. EJERCICIO 3. PARTE I. OPCION A"
MATES_CCSS,Probabilidad,2005,Reserva 2,Ejercicio 3 Parte I Opción B,"Sean A y B dos sucesos del mismo experimento aleatorio tales que:
1 1 1
P(A)=5,P(B)=7 y P(AUB)=>.
a) ¿Son A y B incompatibles? ¿Son independientes?
b) Calcule P[A/(AUB)]
SOCIALES II. 2005. RESERVA 2. EJERCICIO 3. PARTE I. OPCIÓN B"
MATES_CCSS,Probabilidad,2005,Reserva 3,Ejercicio 3 Parte I Opcion A,"En una urna hay 1 bola blanca, 3 rojas y 4 verdes. Se considera el experimento que consiste en
sacar primero una bola, si es blanca se deja fuera, y si no lo es se vuelve a introducir en la urna; a
continuación se extrae una segunda bola y se observa su color.
a) ¿Cuáles la probabilidad de que salgan 2 bolas del mismo color?
b) ¿Cuál es la probabilidad de que la bola blanca salga en la 2* extracción?
SOCIALES II. 2005. RESERVA 3. EJERCICIO 3. PARTE I. OPCION A"
MATES_CCSS,Probabilidad,2005,Reserva 3,Ejercicio 3 Parte I Opción B,"Sean A y B dos sucesos independientes tales que P(A)=0'4 y P(ANB)=0'05
a) Calcule P(B)
b) Calcule P(ANB*)
c) Sabiendo que no ha sucedido B, calcule la probabilidad de que suceda A.
SOCIALES II. 2005. RESERVA 3. EJERCICIO 3. PARTE I. OPCIÓN B"
MATES_CCSS,Probabilidad,2005,Reserva 4,Ejercicio 3 Parte I Opción A,"En un concurso se dispone de cinco sobres; dos de ellos contienen premio y los otros tres no. Se
pide a un primer concursante que escoja un sobre y observe si tiene premio, y a un segundo
concursante que elija otro de los restantes y obser ve si tiene premio.
a) Escriba el conjunto de resultados posibles asociado a este experimento e indique la
probabilidad de cada uno de ellos.
b) ¿Qué probabilidad tiene el segundo concursante de obtener premio? ¿Cuál es la probabilidad
de que ambos concursantes obtengan premio?
SOCIALES I1. 2005. RESERVA 4. EJERCICIO 3. PARTE I. OPCIÓN A"
MATES_CCSS,Probabilidad,2005,Reserva 4,Ejercicio 3 Parte Li Opción B,"Juan dispone de dos días para estudiar un examen. La probabilidad de estudiarlo solamente el
primer día es del 10%, la de estudiarlo los dos días es del 10% y la de no hacerlo ningún día es
del 25%. Calcule la probabilidad de que Juan estudie el examen en cada uno de los siguientes
casos:
a) El segundo día.
b) Solamente el segundo día.
c) El segundo día, sabiendo que no lo ha hecho el primero.
SOCIALES II. 2005 RESERVA 4. EJERCICIO 3. PARTE lI. OPCIÓN B"
MATES_CCSS,Probabilidad,2005,Septiembre,Ejercicio 3 Parte I Opción A,"Sean A y B dos sucesos independientes tales que P(B)=0'05 y P(A/B)=0'35.
a) ¿Cuál es la probabilidad de que suceda al menos uno de ellos?.
b) ¿Cuál es la probabilidad de que ocurra el suceso A pero no el B?.
SOCIALES II. 2005. SEPTIEMBRE. EJERCICIO 3. PARTE I. OPCIÓN A"
MATES_CCSS,Probabilidad,2006,Reserva 1,Ejercicio 3 Parte 1 Opción A,"Sean A y B dos sucesos tales que p(A“)=0'60 ; p(B)=0'25 y p(AUB)=0'55
a) Razone si A y B son independientes.
b) Calcule p(A“ UB“)
SOCIALES 11. 2006. RESERVA 1. EJERCICIO 3. PARTE 1. OPCIÓN A"
MATES_CCSS,Probabilidad,2006,Reserva 1,Ejercicio 3 Parte 1 Opción B,"Una urna contiene tres bolas azules y cuatro rojas. Se extraen al azar tres bolas sucesivamente
con reemplazamiento.
a) Calcule la probabilidad de que las tres sean del mismo color.
b) Calcule la probabilidad de que dos sean azules y una roja.
SOCIALES II. 2006. RESERVA 1. EJERCICIO 3. PARTE 1. OPCIÓN B"
MATES_CCSS,Probabilidad,2006,Reserva 2,Ejercicio 3 Parte I Opción A,"Una enfermedad afecta a un 5 % de la población. Se aplica una prueba diagnóstica para detectar
dicha enfermedad, obteniéndose el siguiente resultado: Aplicada a personas que padecen la
enfermedad se obtiene un 96 % de resultados positivos, y aplicada a personas que no la padecen
se obtiene un 2 % de resultados positivos. Elegida una persona, al azar, y aplicada la prueba:
a) ¿Cuáles la probabilidad de que se obtenga un resultado positivo?
b) Si se obtiene un resultado positivo, ¿cuál es la probabilidad de que esta persona no padezca la
enfermedad?
SOCIALES II. 2006. RESERVA 2. EJERCICIO 3. PARTE I. OPCIÓN A"
MATES_CCSS,Probabilidad,2006,Reserva 2,Ejercicio 3 Parte I Opción B,"Una urna A contiene diez bolas numeradas del 1 al 10, y otra urna B contiene ocho bolas
numeradas del 1 al 8.
Se escoge una urna al azar y se saca una bola.
a) ¿Cuáles la probabilidad de que la bola extraída tenga el número 2?
b) Si el número de la bola extraída es impar, ¿cuál es la probabilidad de que proceda de la urna
B.
SOCIALES II. 2006. RESERVA 2. EJERCICIO 3. PARTE I. OPCIÓN B"
MATES_CCSS,Probabilidad,2006,Reserva 3,Ejercicio 3 Parte I Opción A,"Se dispone de dos urnas A y B. En la urna A hay diez bolas, numeradas del 1 al 10 y en la urna B
hay 3 bolas, numeradas del 1 al 3. Se lanza una moneda, si sale cara se extrae una bola de la urna
A y si sale cruz se extrae de la B.
a) Calcule la probabilidad de obtener cara y un 5.
b) Halle la probabilidad de obtener un 6.
c) Calcule la probabilidad de obtener un 3.
SOCIALES II. 2006. RESERVA 3. EJERCICIO 3. PARTE I. OPCIÓN A"
MATES_CCSS,Probabilidad,2006,Reserva 3,Ejercicio 3 Parte I Opción B,"Se conocen los siguientes datos de un grupo de personas, relativos al consumo de un determinado
producto:
Consume
No consume
Hombre
10
30
Mujer
25
12
Se elige en ese grupo una persona al azar. Calcule la probabilidad de que:
a) Sea mujer.
b) Habiendo consumido el producto, se trate de una mujer.
c) Sea mujer y no consuma el producto.
SOCIALES II. 2006. RESERVA 3. EJERCICIO 3. PARTE I. OPCIÓN B"
MATES_CCSS,Probabilidad,2006,Reserva 4,Ejercicio 3 Parte 1 Opción A,"En un espacio muestral se tienen dos sucesos independientes, A y B. Se sabe que
P(ANB)=0'18 y P(A/B)=0'30.
a) Calcule las probabilidades de A y de B.
b) Calcule la probabilidad de que no ocurra ninguno de esos dos sucesos.
SOCIALES II. 2006. RESERVA 4. EJERCICIO 3. PARTE 1. OPCIÓN A"
MATES_CCSS,Probabilidad,2006,Reserva 4,Ejercicio 3 Parte I Opción B,"En una empresa, el 65 % de la plantilla son hombres; de ellos, el 80 % usan el ordenador. Se
sabe que el 835 % de la plantilla de la empresa usa el ordenador.
a) Calcule la probabilidad de que una persona de esa empresa, elegida al azar, sea un hombre
que no utiliza el ordenador.
b) Seleccionada una mujer de esa empresa, al azar, calcule la probabilidad de que utilice el
ordenador.
SOCIALES II. 2006 RESERVA 4. EJERCICIO 3. PARTE I. OPCIÓN B"
MATES_CCSS,Probabilidad,2006,Septiembre,Ejercicio 3 Parte I Opción A,"Laura tiene un dado con tres caras pintadas de azul y las otras tres de rojo. María tiene otro
dado con tres caras pintadas de rojo, dos de verde y una de azul. Cada una tira su dado y
obser van el color.
a) Describa el espacio muestral asociado y las probabilidades de los sucesos elementales.
b) Si salen los dos colores iguales gana Laura; y si sale el color verde, gana María. Calcule la
probabilidad que tiene cada una de ganar.
SOCIALES II. 2006. SEPTIEMBRE. EJERCICIO 3. PARTE I. OPCIÓN A"
MATES_CCSS,Probabilidad,2006,Septiembre,Ejercicio 3 Parte I Opción B,"De un estudio sobre accidentes de tráfico se dedujeron los siguientes datos: En el 23 % de los
casos no se llevaba puesto el cinturón de seguridad, en el 65 % no se respetaron los límites de
velocidad permitidos y en el 30 % de los casos se cumplían ambas normas, es decir, llevaban
puesto el cinturón y respetaban los límites de velocidad.
a) Calcule la probabilidad de que, en un accidente de tráfico, no se haya cumplido alguna de las
dos normas.
b) Razone si son independientes los sucesos “llevar puesto el cinturón” y “respetar los límites
de velocidad”.
SOCIALES II. 2006. SEPTIEMBRE. EJERCICIO 3. PARTE I. OPCIÓN B"
MATES_CCSS,Probabilidad,2007,Junio,Ejercicio 3 Parte Iopciona,"La baraja española consta de diez cartas de oros, diez de copas, diez de espadas y diez de
bastos. Se extraen dos cartas. Calcule razonadamente la probabilidad de que, al menos, una de
las dos cartas sea de espadas en los siguientes supuestos:
a) Si se extraen las cartas con reemplazamiento.
b) Si se extraen las cartas sin reemplazamiento.
SOCIALES II. 2007. JUNIO. EJERCICIO 3. PARTE I.OPCIONA"
MATES_CCSS,Probabilidad,2007,Junio,Ejercicio 3 Parte I Opción B,"En una urna hay cuatro bolas blancas y dos rojas. Se lanza una moneda, si sale cara se extrae
una bola de la urna y si sale cruz se extraen, sin reemplazamiento, dos bolas de la urna.
a) Calcule la probabilidad de que se hayan extraído dos bolas rojas.
b) Halle la probabilidad de que no se haya extraido ninguna bola roja.
SOCIALES II. 2007. JUNIO. EJERCICIO 3. PARTE I. OPCIÓN B"
MATES_CCSS,Probabilidad,2007,Reserva 4,Ejercicio 3 Parte I Opcion B,"En un tribunal se han examinado 140 alumnos de un Instituto A y 150 de otro Instituto B.
Aprobaron el 80% de los alumnos del A y el 72% del B.
a) Determine el tanto por ciento de alumnos aprobados por ese tribunal.
b) Un alumno, elegido al azar, no ha aprobado, ¿cuál es la probabilidad de que pertenezca al
Instituto B?
SOCIALES II. 2007. RESERVA 4. EJERCICIO 3. PARTE I. OPCION B."
MATES_CCSS,Probabilidad,2007,Septiembre,Ejercicio 3 Parte I Opcion A,"En un espacio muestral se sabe que para dos sucesos A y B se verifica:
P(ANB)=0'1 ; P(ATAB"")=0'6 ; P(A/B)=0'5.
a) Calcule P(B).
b) Calcule P(AUB).
c) ¿Son A y B independientes?.
SOCIALES II. 2007. SEPTIEMBRE. EJERCICIO 3. PARTE I. OPCION A"
MATES_CCSS,Probabilidad,2007,Septiembre,Ejercicio 3 Parte 1 Opción B,"Una urna A contiene tres bolas azules y cuatro rojas y otra urna B contiene dos bolas azules, dos
rojas y dos negras. Se extrae, al azar, una bola de una de las urnas.
a) Calcule la probabilidad de que la bola extraída sea roja.
b) Si la bola extraída resulta ser azul, ¿cuál es la probabilidad de que proceda de la urna B .
SOCIALES II. 2007. SEPTIEMBRE. EJERCICIO 3. PARTE 1. OPCIÓN B"
MATES_CCSS,Probabilidad,2008,Junio,Ejercicio 3 Parte I Opción A,"a) Sean A y B dos sucesos de un mismo espacio muestral. Sabiendo que p(A)=0'S, que
p(B)=0'4 y que [AuB)=0'8,determine p(A/B).
b) Sean C y D dos sucesos de un mismo espacio muestral. Sabiendo que p(C)=0'3, que
p(D) =0'8 y que C y D son independientes, determine p(C UD).
SOCIALES II. 2008. JUNIO. EJERCICIO 3. PARTE I. OPCIÓN A"
MATES_CCSS,Probabilidad,2008,Junio,Ejercicio 3 Parte I Opción B,"Se sabe que el 30 % de los individuos de una población tiene estudios superiores; también se
sabe que, de ellos, el 95 % tiene empleo. Además, de la parte de la población que no tiene
estudios superiores, el 60 % tiene empleo.
a) Calcule la probabilidad de que un individuo, elegido al azar, tenga empleo.
b) Se ha elegido un individuo aleatoriamente y tiene empleo; calcule la probabilidad de que
tenga estudios superiores..
SOCIALES II. 2008. JUNIO. EJERCICIO 3. PARTE I. OPCIÓN B"
MATES_CCSS,Probabilidad,2008,Reserva 2,Ejercicio 3 Parte I Opcion A,"En una población, donde el 45% son hombres y el resto mujeres, se sabe que el 10% de los
hombres y el 8% de las mujeres son inmigrantes.
a) ¿Qué porcentaje de inmigrantes hay en esta población?
b) Si se elige, al azar, un inmigrante de esta población, ¿cuál es la probabilidad de que sea
hombre?
SOCIALES II. 2008 RESERVA 2. EJERCICIO 3. PARTE I. OPCION A"
MATES_CCSS,Probabilidad,2008,Reserva 2,Ejercicio 3 Parte I Opción B,"Una caja contiene 12 bombillas, de las cuales 4 están fundidas. Se eligen, al azar y sin
reemplazamiento, tres bombillas de esa caja.
a) Calcule la probabilidad de que ninguna de las tres bombillas esté fundida.
b) Calcule la probabilidad de que las tres bombillas estén fundidas.
SOCIALES II. 2008 RESERVA 2. EJERCICIO 3. PARTE I. OPCIÓN B"
MATES_CCSS,Probabilidad,2008,Reserva 3,Ejercicio 3 Parte I Opción A,"En un aula de informática hay 20 puestos de ordenador. De ellos, 10 son compartidos y otros 10
son individuales. De los puestos compartidos, hay 3 en los que el ordenador no funciona, de los
individuales hay 2 en los que el ordenador no funciona.
a) Seleccionado al azar un puesto en el aula, ¿cuál es la probabilidad de que no funcione el
ordenador?.
b) Si se elige al azar un puesto en el que funciona el ordenador, ¿cuál es la probabilidad de que
sea compartido?.
SOCIALES II. 2008. RESERVA 3. EJERCICIO 3. PARTE I. OPCIÓN A"
MATES_CCSS,Probabilidad,2008,Reserva 3,Ejercicio 3 Parte I Opción B,"Se dispone de los siguientes datos sobre el equipamiento de los hogares de una ciudad: En el
60% de los hogares se puede ver la TDT (Televisión Digital Terrestre) y el 70% de los hogares
dispone de ordenador. De entre los hogares que disponen de ordenador, el 80% puede ver la
TDT.
a) ¿Son sucesos independientes “disponer de ordenador” y “poder ver la TDT”?.
b) ¿Qué porcentaje de hogares no disponen de ordenador ni pueden ver la TDT?
SOCIALES II. 2008. RESERVA 3. EJERCICIO 3. PARTE I. OPCIÓN B"
MATES_CCSS,Probabilidad,2008,Reserva 4,Ejercicio 3 Parte I Opción A,"Ana y Blas deciden jugar con un dado de la siguiente forma:
“Ana lanza el dado y, si saca un 6, gana y se acaba el juego. En caso contrario lanza Blas, que
gana si saca un 2 o un 3, y también se acaba el juego. De no ocurrir esto, la partida se acaba sin
ganador.
Halle la probabilidad de los siguientes sucesos: “gana Ana”, “gana Blas”, “ninguno gana”.
,
SOCIALES II. 2008. RESERVA 4. EJERCICIO 3. PARTE I. OPCIÓN A"
MATES_CCSS,Probabilidad,2008,Reserva 4,Ejercicio 3 Parte I Opción B,"En una industria de calzado se producen botas y sandalias. De cada 12 pares producidos, 7
pares son botas y 5 de sandalias. La probabilidad de que un par de botas sea defectuoso es 008
y de que lo sea un par de sandalias es 003. Se escoge al azar un par y resulta ser “no
defectuoso”.
a) ¿Cuál es la probabilidad de que se haya escogido un par de botas?
b) ¿Cuál es la probabilidad de que se haya escogido un par de sandalias?
SOCIALES II. 2008 RESERVA 4. EJERCICIO 3. PARTE I. OPCIÓN B"
MATES_CCSS,Probabilidad,2008,Septiembre,Ejercicio 3 Parte I Opción A,"El examen de Matemáticas de un alumno consta de dos ejercicios. La probabilidad de que
resuelva el primero es del 30% , la de que resuelva ambos es del 10% , y la de que no resuelva
ninguno es del 35% . Calcule las probabilidades de los siguientes sucesos:
a) Que el alumno resuelva el segundo ejercicio.
b) Que resuelva el segundo ejercicio, sabiendo que no ha resuelto el primero.
SOCIALES II. 2008 SEPTIEMBRE. EJERCICIO 3. PARTE I. OPCIÓN A"
MATES_CCSS,Probabilidad,2009,Junio,4 Ejercicio 3 Parte I Opción A,"Un turista que realice un crucero tiene un 50% de probabilidad de visitar Cádiz, un 40% de
visitar Sevilla y un 30% de visitar ambas. Calcule la probabilidad de que:
a) Visite al menos una de las dos ciudades.
b) Visite únicamente una de las dos ciudades.
c) Visite Cádiz pero no visite Sevilla.
d) Visite Sevilla, sabiendo que ha visitado Cádiz.
SOCIALES II. 2009. JUNIO 4. EJERCICIO 3. PARTE I. OPCIÓN A"
MATES_CCSS,Probabilidad,2009,Junio,Ejercicio 3 Parte I Opción B,"En un centro escolar, los alumnos de 2” Bachillerato pueden cursar, como asignaturas
optativas, Estadística o Diseño Asistido por Ordenador (DAO). El 70% de los alumnos estudia
Estadística y el resto DAO. Además, el 60% de los alumnos que estudia Estadística son mujeres
y, de los alumnos que estudian DAO son hombres el 70% .
a) Elegido un alumno al azar, ¿cuál es la probabilidad de que sea hombre?.
b) Sabiendo que se ha seleccionado una mujer, ¿cuál es la probabilidad de que estudie
Estadística?.
SOCIALES II. 2009. JUNIO. EJERCICIO 3. PARTE I. OPCIÓN B"
MATES_CCSS,Probabilidad,2009,Reserva 1,Ejercicio 3 Parte 1 Opción A,"7
Lena y Adrián son aficionados al tiro con arco. Lena da en el blanco con probabilidad — y
Adrián con probabilidad Z . Si ambos sucesos son independientes, calcule la probabilidad de los
siguientes Sucesos:
a) “Ambos dan en el blanco”.
b) “Sólo Lena da en el blanco”.
c) “Al menos uno da en el blanco”.
SOCIALES II. 2009. RESERVA 1. EJERCICIO 3. PARTE 1. OPCIÓN A"
MATES_CCSS,Probabilidad,2009,Reserva 1,Ejercicio 3 Parte 1 Opción B,"Una encuesta realizada por un banco muestra que el 60% de sus clientes tiene un préstamo
hipotecario, el 50% tiene un préstamo personal y el 20% tiene un préstamo de cada tipo. Se elige,
al azar, un cliente de ese banco.
a) Calcule la probabilidad de que no tenga ninguno de los dos préstamos.
b) Calcule la probabilidad de que tenga un préstamo hipotecario, sabiendo que no tiene un
préstamo personal.
SOCIALES II. 2009. RESERVA 1. EJERCICIO 3. PARTE 1. OPCIÓN B"
MATES_CCSS,Probabilidad,2009,Reserva 2,Ejercicio 3 Parte 1 Opción A,"Sean A y B dos sucesos de un experimento aleatorio tales que:
p(A“)=02 , p(B)=0.25 , p(AUB)=0.85
a) ¿Son los sucesos A y B independientes?.
b) Calcule p(A“/BS).
SOCIALES II. 2009. RESERVA 2. EJERCICIO 3. PARTE 1. OPCIÓN A"
MATES_CCSS,Probabilidad,2009,Reserva 2,Ejercicio 3 Parte 1 Opción B,"Un polideportivo dispone de 100 bolas de pádel y 120 bolas de tenis. Se sabe que 65 bolas son
nuevas. Además, 75 bolas de pádel son usadas. Por un error, todas las bolas se han mezclado.
a) Calcule la probabilidad de que si elegimos, al azar, una bola de tenis, ésta sea usada.
b) Calcule la probabilidad de que si elegimos, al azar, una bola, sea nueva.
SOCIALES II. 2009. RESERVA 2. EJERCICIO 3. PARTE 1. OPCIÓN B"
MATES_CCSS,Probabilidad,2009,Reserva 3,Ejercicio 3 Parte I Opción A,"Sean A y B dos sucesos tales que:
p(A)=0.3 , p(B)=0.4 , p(AUB)=0.65
Conteste razonadamente las siguientes preguntas:
a) ¿Son incompatible A y B?.
b) ¿Son independientes A y B?.
c) Calcule p(A/BS).
SOCIALES II. 2009. RESERVA 3. EJERCICIO 3. PARTE I. OPCIÓN A"
MATES_CCSS,Probabilidad,2009,Reserva 3,Ejercicio 3 Parte 1 Opción B,"Sean A y B dos sucesos independientes de un mismo experimento aleatorio, tales que:
p(A)=04 , p(B)=0.6
a) Calcule pANB) y p(AUB).
b) Calcule p(A/B) y p(B/AS).
SOCIALES II. 2009. RESERVA 3. EJERCICIO 3. PARTE 1. OPCIÓN B"
MATES_CCSS,Probabilidad,2009,Reserva 4,Ejercicio 3 Parte 1 Opción A,"Se consideran dos sucesos A y B, asociados a un espacio muestral, tales que:
p(AUB)=1, p(ANB)=03 , p(A/B)=06
a) Halle las probabilidades de los sucesos A y B.
b) Determine si el suceso B es independiente del suceso A.
SOCIALES II. 2009. RESERVA 4. EJERCICIO 3. PARTE 1. OPCIÓN A"
MATES_CCSS,Probabilidad,2009,Reserva 4,Ejercicio 3 Parte I Opcion B,"El 70% de los visitantes de un museo son españoles. El 49% son españoles y mayores de edad. De
los que no son españoles, el 40% son menores de edad.
a) Si se escoge, al azar, un visitantes de este museo, ¿cuál es la probabilidad de que sea mayor de
edad?.
b) Se ha elegido, aleatoriamente, un visitante de este museo y resulta que es menor de edad, ¿cuál
es la probabilidad de que no sea español?.
SOCIALES II. 2009. RESERVA 4. EJERCICIO 3. PARTE I. OPCION B"
MATES_CCSS,Probabilidad,2009,Septiembre,Ejercicio 3 Parte I Opción A,"Una enfermedad afecta al 10% de la población. Una prueba de diagnóstico tiene las siguientes
características: si se aplica a una persona con la enfermedad, da positivo en el 98% de los
casos; si se aplica a una persona que no tiene la enfermedad, da positivo en el 6% de los casos.
Se elige una persona, al azar, y se le aplica la prueba.
a) ¿Cuál es la probabilidad de que dé positivo?.
b) Si no dá positivo, ¿Cuál es la probabilidad de que tenga la enfermedad?.
SOCIALES II. 2009. SEPTIEMBRE. EJERCICIO 3. PARTE I. OPCIÓN A"
MATES_CCSS,Probabilidad,2009,Septiembre,Ejercicio 3 Parte Il Opción B,"En una editorial hay dos máquinas A y B que encuadernan 100 y 900 libros al día,
respectivamente. Además, se sabe que la probabilidad de que un libro encuadernado por A
tenga algún fallo de encuadernación es del 2% y del 10% si ha sido encuadernado por la
máquina B. Se elige, al azar, un libro encuadernado por esa editorial.
a) Calcule la probabilidad de que no sea defectuoso.
b) Si es defectuoso, halle la probabilidad de haber sido encuadernado por la máquina A.
SOCIALES II. 2009. SEPTIEMBRE. EJERCICIO 3. PARTE Il. OPCIÓN B"
MATES_CCSS,Probabilidad,2010,Junio,Ejercicio 3 Opción B,"De las 180 personas que asisten a un congreso médico, 100 son mujeres. Observando las
especialidades de los congresistas, vemos que de las 60 personas que son pediatras 20 son
mujeres. Se elige al azar una persona asistente al congreso.
a) ¿Cuáles la probabilidad de que sea mujer y pediatra?.
b) ¿Cuál es la probabilidad de que no sea hombre ni sea pediatra?.
c) ¿Cuál es la probabilidad de que sea pediatra?.
SOCIALES II. 2010. JUNIO. EJERCICIO 3. OPCIÓN B"
MATES_CCSS,Probabilidad,2010,Reserva 1,Ejercicio 3 Opción A,"2
De dos sucesos aleatorios A y B del mismo espacio de sucesos se sabe que P(A) =3 , P(B)=
P(ANB)= Ñ . Calcule:
a) La probabilidad de que se verifique alguno de los dos sucesos.
b) La probabilidad de que no ocurra ninguno de los dos sucesos.
c) La probabilidad de que ocurra A si se ha verificado B.
SOCIALES II. 2010. RESERVA 1. EJERCICIO 3. OPCIÓN A"
MATES_CCSS,Probabilidad,2010,Reserva 1,Ejercicio 3 Opción B,"El 60% de los camareros de una localidad tienen 35 años o más, y de ellos el 70% son dueños del
local donde trabajan. Por otra parte, de los camareros con menos de 35 años sólo el 40% son
dueños del local donde trabajan.
a) Seleccionado un camarero al azar, ¿cuál es la probabilidad de que no sea dueño del local?.
b) Elegido al azar un camarero dueño de su local, ¿cuál es la probabilidad de que tenga menos de
35 años?.
SOCIALES I1. 2010. RESERVA 1. EJERCICIO 3. OPCIÓN B"
MATES_CCSS,Probabilidad,2010,Reserva 2,Ejercicio 3 Opción A,"Una empresa utiliza dos servidores para conectarse a Internet. El primero, S,, lo utiliza el 45%
de las veces y el segundo, S,,el resto.
Cuando se conecta a Internet con S,,los ordenadores se bloquean el 5% de las veces, y cuando
lo hace con S, el 8%. Si un día, al azar, la empresa está conectada a Internet,
a) ¿cuál es la probabilidad de que los ordenadores se queden bloqueados?.
b) ¿Cuál es la probabilidad de que la empresa esté utilizando el servidor S,, sabiendo que los
ordenadores se han quedado bloqueados?.
SOCIALES I1. 2010. RESERVA 2. EJERCICIO 3. OPCIÓN A"
MATES_CCSS,Probabilidad,2010,Reserva 2,Ejercicio 3 Opción B,"En un centro de enseñanza secundaria se sabe que el 45% de los alumnos juegan al fútbol, que el
60% practican atletismo, y que de los que practican atletismo el 50% juegan al fútbol.
a) ¿Qué porcentaje de alumnos practican ambos deportes?
b) Si se elige al azar un alumno de ese centro, ¿cuál es la probabilidad de que no practique
ninguno de estos deportes?.
c) Si un alumno de ese centro no juega al fútbol, ¿cuál es la probabilidad de que practique
atletismo?.
SOCIALES I1. 2010. RESERVA 2. EJERCICIO 3. OPCIÓN B"
MATES_CCSS,Probabilidad,2010,Reserva 3,Ejercicio 3 Opción A,"El 41% de quienes se presentan a un examen son varones. Aprueban dicho examen el 70% de los
varones presentados y el 60% de las mujeres presentadas.
a) Calcule la probabilidad de que si una persona escogida al azar ha aprobado, sea mujer.
b) Calcule la probabilidad de que si una persona escogida al azar ha suspendido, sea mujer.
c) Ana dice que si alguien ha aprobado, es más probable que sea mujer que varón; Benito dice
que si alguien ha suspendido es más probable que sea mujer que varón. ¿Quién tiene razón?.
SOCIALES II. 2010. RESERVA 3. EJERCICIO 3. OPCIÓN A"
MATES_CCSS,Probabilidad,2010,Reserva 3,Ejercicio 3 Opción B,"Una persona lanza dos veces consecutivas un dado equilibrado, con las caras numeradas de l al
6.
a) Determine el número de resultados del espacio muestral de este experimento aleatorio.
b) Sea A el suceso “la mayor de las puntuaciones obtenidas es menor que 4” y B el suceso “la
primera puntuación es impar”. Halle la probabilidad de A y la de B.
c) ¿Son independientes A y B?.
SOCIALES II. 2010. RESERVA 3. EJERCICIO 3. OPCIÓN B"
MATES_CCSS,Probabilidad,2010,Reserva 4,Ejercicio 3 Opción A,"En el experimento aleatorio consistente en lanzar un dado equilibrado con las caras numeradas
del 1 al 6 y obser var el resultado se consideran los siguientes sucesos:
A: “Obtener un número mayor que 4”. B: “Obtener un número par”
a) Escriba los elementos de cada uno de los siguientes sucesos:
A;B; ASUB; AMB"" ;(ANB)”
b) Calcule las probabilidades P(A[ ABS) y P(ALUBS).
SOCIALES II. 2010. RESERVA 4. EJERCICIO 3. OPCIÓN A"
MATES_CCSS,Probabilidad,2010,Reserva 4,Ejercicio 3 Opcion B,"Una fábrica posee un sistema de alarma contra robos. Por estudios previos a la instalación del
sistema se sabe que la probabilidad de que un día se produzca un robo en la fábrica es 0.08.
Las indicaciones técnicas del fabricante de la alarma dicen que la probabilidad de que suene si se
ha producido un robo es 0.98, y de que suene si no ha habido robo es 0.03.
a) En un día cualquiera calcule la probabilidad de que no suene la alarma.
b) Si suena la alarma, ¿cuál es la probabilidad de que no sea debido a un robo?.
SOCIALES II. 2010. RESERVA 4. EJERCICIO 3. OPCION B"
MATES_CCSS,Probabilidad,2010,Septiembre,Ejercicio 3 Opción A,"En una capital de editan dos periódicos, CIUDAD y LA MAÑANA. Se sabe que el 85% de la
población lee alguno de ellos, que el 18% lee los dos y que el 70% lee CIUDAD. Si elegimos al
azar un habitante de esa capital, halle la probabilidad de que:
a) No lea ninguno de los dos.
b) Lea sólo LA MAÑANA. -
Cc) Lea CIUDAD, sabiendo que no lee LA MAÑANA.
SOCIALES II. 2010. SEPTIEMBRE. EJERCICIO 3. OPCIÓN A"
MATES_CCSS,Probabilidad,2010,Septiembre,Ejercicio 3 Opcion B,"Un dado tiene seis caras, tres de ellas marcadas con un 1, dos marcadas con una X y la otra
marcada con un 2. Se lanza tres veces ese dado.
a) ¿Cuáles la probabilidad de obtener tres veces el 1?.
b) ¿Cuál es la probabilidad de obtener dos X y un 2 en cualquier orden?.
c) ¿Cuál es la probabilidad de obtener tres resultados diferentes?.
SOCIALES II. 2010. SEPTIEMBRE. EJERCICIO 3. OPCION B"
MATES_CCSS,Probabilidad,2011,Junio,Ejercicio 3 Opción A,"En una primera bolsa se han colocado 4 bolas blancas y 3 negras, y en una segunda bolsa 3
blancas y 5 negras. Se saca una bola de la primera y, sin verla, se introduce en la segunda. A
continuación se saca una bola de la segunda. Halle la probabilidad de que:
a) La bola extraída de la segunda bolsa sea negra.
b) La bola extraída de la primera bolsa sea negra, si sabemos que la bola extraída de la segunda
ha sido blanca.
SOCIALES II. 2011. JUNIO. EJERCICIO 3. OPCIÓN A"
MATES_CCSS,Probabilidad,2011,Reserva 4,Ejercicio 3 Opcion A,"En una ciudad, el 55% de la población consume aceite de oliva, el 30% de girasol, y el 20%
ambos tipos de aceite. Se escoge una persona al azar:
a) Si consume aceite de oliva, ¿cuál es la probabilidad de que consuma también aceite de
girasol?.
b) Si consume aceite de girasol, ¿cuál es la probabilidad de que no consuma aceite de oliva?.
c) ¿Cuál es la probabilidad de que no consuma ninguno de los dos tipos de aceite?
SOCIALES II. 2011. RESERVA 4. EJERCICIO 3. OPCION A"
MATES_CCSS,Probabilidad,2012,Reserva 3,Ejercicio 3 Opción A,"Se ha impartido un curso de “conducción eficiente” a 200 personas. De los asistentes al curso, 60
son profesionales de autoescuela y, de ellos, el 95% han mejorado su conducción. Este porcentaje
baja al 80% en el resto de los asistentes. Halle la probabilidad de que, elegido un asistente al
azar:
a) No haya mejorado su conducción.
b) No sea profesor de autoescuela, sabiendo que ha mejorado su conducción.
SOCIALES II. 2012. RESERVA 3. EJERCICIO 3. OPCIÓN A"
MATES_CCSS,Probabilidad,2012,Reserva 4,Ejercicio 3 Opcion A,"Una urna contiene 25 bolas blancas sin marcar, 75 bolas blancas marcadas, 125 bolas negras sin
marcar y 175 bolas negras marcadas. Se extrae una bola al azar.
a) Calcule la probabilidad de que sea blanca.
b) ¿Cuál es la probabilidad de que sea blanca sabiendo que está marcada?.
c) ¿cuál es la probabilidad de que sea negra y esté marcada?.
d) Son independientes los sucesos “sacar bola marcada” y “sacar bola blanca”.
SOCIALES II. 2012. RESERVA 4. EJERCICIO 3. OPCION A"
MATES_CCSS,Probabilidad,2012,Septiembre,Ejercicio 3 Opción B,"Sean A y B dos sucesos de un espacio muestral, de los que se conocen las probabilidades
p(A)=0.60 y p(B)=0.25. Determine las probabilidades que deben asignarse a los sucesos
AUB y AnB en cada uno de los siguientes supuestos:
a) Si A y B fuesen incompatibles.
b) Si A y B fueran independientes.
c) Si p(A/B)=0.40.
SOCIALES II. 2012. SEPTIEMBRE. EJERCICIO 3. OPCIÓN B"
MATES_CCSS,Probabilidad,2013,Junio,Ejercicio 3 Opción B,"De los sucesos aleatorios independientes A y B se sabe que p(A)=0.3 y que p(B“)=0.25.
Calcule las siguientes probabilidades:
a) (AUB)
b) CALABS)
c) p(A/BC)
SOCIALES I1. 2013. JUNIO. EJERCICIO 3. OPCIÓN B"
MATES_CCSS,Probabilidad,2013,Reserva 2,Ejercicio 3 Opcion B,"Una encuesta realizada en un banco indica que el 60% de sus clientes tiene un préstamo
hipotecario, el 50% tiene un préstamo personal y un 20% tiene un préstamo de cada tipo. Se
elige, al azar, un cliente de ese banco:
a) Calcule la probabilidad de que no tenga ninguno de los dos préstamos.
b) Calcule la probabilidad de que tenga un préstamo hipotecario sabiendo que no tiene
préstamo personal.
SOCIALES II. 2013 RESERVA 2. EJERCICIO 3. OPCION B"
MATES_CCSS,Probabilidad,2013,Reserva 4,Ejercicio 3 Opcion B,"De los sucesos independientes A y B se sabe que P(A“)=0.4 y P(AUB)=0.8.
a) Halle la probabilidad de B.
b) Halle la probabilidad de que no se verifique B si se ha verificado A.
c) ¿Son incompatibles los sucesos A y B ?
SOCIALES II. 2013 RESERVA 4. EJERCICIO 3. OPCION B"
MATES_CCSS,Probabilidad,2013,Septiembre,Ejercicio 3 Opción A,"Se cree que hay una vuelta hacia estilos de bailes más populares, por lo que se realiza una
encuesta a estudiantes de bachillerato, resultando que al 40% les gusta la salsa, al 30% le gusta el
merengue y al 10% les gusta tanto la salsa como el merengue.
a) ¿Cuales la probabilidad de que a un estudiante le guste el merengue si le gusta la salsa?
b) ¿Y la de que a un estudiante le guste el merengue si no le gusta la salsa?
c) ¿Son independientes los sucesos "" gustar la salsa"" y ""gustar el merengue"" ? ¿Son compatibles?
SOCIALES II. 2013. SEPTIEMBRE. EJERCICIO 3. OPCIÓN A"
MATES_CCSS,Probabilidad,2014,Junio,Ejercicio 3 Opción A,"Una urna, A, contiene siete bolas numeradas de 1 al 7. Otra urna, B, contiene cinco bolas
numeradas del 1 al 5. Lanzamos una moneda equilibrada, de forma que si sale cara, extraemos
una bola de la urna A, y, si sale cruz, la extraemos de la urna B.
Calcule las probabilidades de los siguientes sucesos:
a) “La bola haya sido extraída de la urna A y el número sea par”.
b) “El número de la bola extraída sea par”.
c) “La bola sea de la urna A, si ha salido un número par”
SOCIALES I1. 2014. JUNIO. EJERCICIO 3. OPCIÓN A"
MATES_CCSS,Probabilidad,2014,Reserva 1,Ejercicio 3 Opción A,"El 65% de la población española adulta no fuma, el 15% fuma ocasionalmente y el resto fuma
habitualmente. Elegidos al azar dos adultos españoles, calcule las probabilidades de los siguientes
Sucesos:
a) Los dos sean no fumadores.
b) Uno de ellos sea no fumador y el otro sea fumador ocasional.
SOCIALES II. 2014. RESERVA 1. EJERCICIO 3. OPCIÓN A"
MATES_CCSS,Probabilidad,2014,Reserva 1,Ejercicio 3 Opcion B,"Se sabe que el 80% de los visitantes de un determinado museo son andaluces y que el 55% son
andaluces y adultos. Además, el 17% de los visitantes son no andaluces y adultos. Se elige, al
azar, un visitante del museo:
a) ¿Cuáles la probabilidad de que no sea adulto?
b) Si es adulto, ¿cuál es la probabilidad de que sea andaluz?
SOCIALES II. 2014. RESERVA 1. EJERCICIO 3. OPCION B"
MATES_CCSS,Probabilidad,2014,Reserva 2,Ejercicio 3 Opción A,"p(B)=0.3
a) Diga, razonadamente, si A y B son sucesos incompatibles.
b) ¿Cuál es la probabilidad de que suceda A y no suceda B?
c) Calcule p(A/B“)
SOCIALES II. 2014. RESERVA 2. EJERCICIO 3. OPCIÓN A"
MATES_CCSS,Probabilidad,2014,Reserva 2,Ejercicio 3 Opción B,"Un estudio estadístico de la producción de una fábrica de batidoras determina que el 4.5% de las
batidoras presenta defectos eléctricos, el 3.5% presenta defectos mecánicos y el 1% presenta
ambos defectos. Se escoge al azar una batidora.
a) Calcule la probabilidad de que no tenga ninguno de los dos defectos.
b) Calcule la probabilidad de que tenga un defecto mecánico sabiendo que tiene un defecto
eléctrico.
c) Justifique si los sucesos “tener un defecto eléctrico” y “tener un defecto mecánico” son
independientes. ¿Son incompatibles?
SOCIALES II. 2014. RESERVA 2. EJERCICIO 3. OPCIÓN B"
MATES_CCSS,Probabilidad,2014,Reserva 3,Ejercicio 3 Opción A,"En un servicio técnico especializado en cámaras fotográficas, el 70% de las cámaras que se
reciben son del modelo A y el resto del modelo B. El 95% de las cámaras del modelo A son
reparadas, mientras que del modelo B sólo se reparan el 80% . Si se elige una cámara al azar:
a) Calcule la probabilidad de que no se haya podido reparar.
b) Si se observa que no ha sido reparada, ¿cuál es la probabilidad de que sea del modelo B?
SOCIALES I1. 2014. RESERVA 3. EJERCICIO 3. OPCIÓN A"
MATES_CCSS,Probabilidad,2014,Reserva 3,Ejercicio 3 Opción B,"Se elige un número, al azar, entre el siguiente conjunto:
(225,201, 162, 210, 180, 172, 156, 193, 218, 167, 176, 222, 215, 120, 190, 171).
a) Calcule la probabilidad de que el número elegido sea impar.
b) Si el número elegido es múltiplo de 5, ¿cuál es la probabilidad de que sea mayor que 200?
c) Determine si son independientes los sucesos S: “el número elegido es mayor que 200” y T: “el
número elegido es par”.
d) Halle la probabilidad del suceso SUT.
SOCIALES II. 2014. RESERVA 3. EJERCICIO 3. OPCIÓN B"
MATES_CCSS,Probabilidad,2014,Reserva 4,Ejercicio 3 Opción A,"al baloncesto y el 20% practican ambos deportes.
a) ¿Cuál es la probabilidad de que un alumno, elegido al azar, no practique ninguno de los dos
deportes?
b) Si un alumno, elegido al azar, juega al fútbol, ¿cuál es la probabilidad de que no juegue al
baloncesto?
c) ¿Son independientes los sucesos “jugar al fútbol” y “jugar al baloncesto”?
SOCIALES II. 2014. RESERVA 4. EJERCICIO 3. OPCIÓN A"
MATES_CCSS,Probabilidad,2014,Reserva 4,Ejercicio 3 Opción B,"El 25% de los estudiantes de una Universidad lee las noticias en prensa escrita en papel, el 70%
en prensa digital y el 10% en ambos formatos. Elegido, al azar, un estudiante de esa
Universidad:
a) Calcule la probabilidad de que lea las noticias en formato papel o digital.
b) Sabiendo que lee las noticias en prensa digital, calcule la probabilidad de que también las lea
en prensa escrita en papel.
c) ¿Cuál es la probabilidad de que lea las noticias exclusivamente en uno de los dos formatos?
SOCIALES II. 2014. RESERVA 4. EJERCICIO 3. OPCIÓN B"
MATES_CCSS,Probabilidad,2014,Septiembre,Ejercicio 3 Opción A,"Se sabe que dos alumnos de la asignatura de Matemáticas asisten a clase, de forma
independiente, el primero a un 85% de las clases y el segundo a un 35% . Tomado al azar un día
de clase, calcule la probabilidad de cada uno de los siguientes sucesos:
a) Que los dos hayan asistido a clase ese día.
b) Que alguno de ellos haya asistido a clase ese día.
Cc) Que ninguno haya asistido a clase ese día.
d) Que haya asistido a clase el segundo, sabiendo que el primero no ha asistido
SOCIALES II. 2014. SEPTIEMBRE. EJERCICIO 3. OPCIÓN A"
MATES_CCSS,Probabilidad,2014,Septiembre,Ejercicio 3 Opción B,"En una tienda de complementos disponen de 100 bolsos, de los cuales 80 son de una conocida
marca y 20 son imitaciones casi perfectas de dicha marca. Una inspección encarga a un experto
el peritaje de los bolsos de la tienda. Se sabe que este experto acierta en el 95% de sus peritajes
cuando el bolso es auténtico y que detecta el 98% de las imitaciones. Se elige, al azar, un bolso
para su examen:
a) Calcule la probabilidad de que el experto acierte en su dictamen sobre ese bolso.
b) Si el experto no ha acertado en su peritaje, calcule la probabilidad de que el bolso sea
auténtico.
SOCIALES H. 2014. SEPTIEMBRE. EJERCICIO 3. OPCIÓN B"
MATES_CCSS,Probabilidad,2015,Junio,Ejercicio 3 Opción A,"De los 700 alumnos matriculados en una asignatura, 210 son hombres y 490 mujeres. Se sabe que
el 60% de los hombres y el 70% de las mujeres aprueban dicha asignatura. Se elige una persona
alazar.
a) ¿Cuáles la probabilidad de que apruebe la asignatura?
b) Sabiendo que ha aprobado la asignatura, ¿cuál es la probabilidad de que sea una mujer?
SOCIALES II. 2015. JUNIO. EJERCICIO 3. OPCIÓN A"
MATES_CCSS,Probabilidad,2015,Reserva 1,Ejercicio 3 Opcion B,"El 30% de los habitantes de una ciudad lee el diario A, el 13% el diario B, y el 6% ambos
diarios.
a) ¿Qué porcentaje de habitantes de esta ciudad no lee ninguno de los diarios?
b) Si se elige al azar un habitante de esta ciudad de entre los no lectores del diario B, ¿cuál es la
probabilidad de que lea el diario A?
SOCIALES II. 2015 RESERVA 1 EJERCICIO 3. OPCION B"
MATES_CCSS,Probabilidad,2015,Reserva 2,Ejercicio 3 Opcion A,"El 70% de los clientes de un supermercado realizan las compras en el local y el resto de los
clientes las realizan por internet. De las compras realizadas en el local, sólo el 30% supera los
100 €, mientras que de las realizadas por internet el 80% supera esa cantidad.
a) Elegida una compra al azar, ¿cuál es la probabilidad de que supere los 100 €?
b) Si se sabe que una compra supera los 100 €, ¿cuál es la probabilidad de que se haya hecho en
el local?
SOCIALES II. 2015 RESERVA 2 EJERCICIO 3. OPCION A"
MATES_CCSS,Probabilidad,2015,Reserva 2,Ejercicio 3 Opcion B,"Sean dos sucesos A y B tales que p(A)=0.25 , p(B)=0.6 , [ANB*)=0.1
a) Calcule la probabilidad de que ocurra A y ocurra B.
b) Calcule la probabilidad de que no ocurra A pero sí ocurra B.
c) Calcule la probabilidad de que ocurra A sabiendo que ha ocurrido B.
d) ¿Son independientes A y B?
SOCIALES II. 2015 RESERVA 2 EJERCICIO 3. OPCION B"
MATES_CCSS,Probabilidad,2015,Reserva 3,Ejercicio 3 Opcion A,"a) Calcule la probabilidad de que al lanzar dos dados, la suma de sus puntuaciones sea un
múltiplo de 4.
b) De un experimento aleatorio se conocen las siguientes probabilidades
p(AS)=08,p(B"")=0.7 , (AUB)=0.5
¿Son A y B incompatibles?
SOCIALES II. 2015 RESERVA 3 EJERCICIO 3. OPCION A"
MATES_CCSS,Probabilidad,2015,Reserva 3,Ejercicio 3 Opcion B,"Una empresa dedicada a la producción de jamones ibéricos dispone de dos secaderos, A y B,
con distintas condiciones ambientales y de almacenamiento. En el secadero B se curan la
tercera parte de los jamones. El 25% de los jamones curados en el secadero A son catalogados
como Reserva, mientras que en el B este porcentaje asciende al 80% . Elegido un jamón al azar
de uno de los secaderos, calcule la probabilidad de los siguientes sucesos:
a) El jamón no es de Reserva.
b) Si el jamón es de Reserva, que proceda del secadero A.
SOCIALES II. 2015 RESERVA 3 EJERCICIO 3. OPCION B"
MATES_CCSS,Probabilidad,2015,Reserva 4,Ejercicio 3 Opcion A,"Un estudio estadístico determina que la noche del 31 de diciembre conduce el 5% de la
población, el 20% consume alcohol esa noche y el 2% conduce y consume alcohol.
a) ¿Son independientes los sucesos “conducir” y “consumir alcohol”?
b) ¿Qué porcentaje de la población no conduce ni consume alcohol esa noche?
c) De las personas que consumen alcohol, ¿qué porcentaje conduce esa noche?
SOCIALES II. 2015 RESERVA 4 EJERCICIO 3. OPCION A"
MATES_CCSS,Probabilidad,2015,Reserva 4,Ejercicio 3 Opcion B,"Una enfermedad puede estar provocada por solo una de estas tres causas: A, B o C. La
probabilidad de que la causa sea A es 0.3, la de que sea B es 0.2 y la de que sea C es 0.5. El
tratamiento de esta enfermedad requiere hospitalización en el 20% de los casos si está
provocada por A, en el 55% si la causa es B y en el 10% si la causa es C.
a) ¿Cuál es la probabilidad de que un enfermo con la citada enfermedad no necesite
hospitalización?
b) Si un enfermo está hospitalizado debido a esta enfermedad, ¿cuál es la probabilidad de que
la causa haya sido A?
SOCIALES II. 2015 RESERVA 4 EJERCICIO 3. OPCION B"
MATES_CCSS,Probabilidad,2015,Septiembre,Ejercicio 3 Opción B,"En una urna A hay $ bolas verdes y 6 rojas. En otra urna B hay 4 bolas verdes, 5 rojas y 1 negra.
Se lanza un dado, si sale un número menor que 3 se saca una bola de la urna A, y si sale mayor o
igual que 3 se saca una bola de la urna B.
a) Calcule la probabilidad de que la bola sea verde si ha salido un 4.
b) Calcule la probabilidad de que la bola elegida sea roja.
c) Sabiendo que ha salido una bola verde, ¿cuál es la probabilidad de que sea de la urna A?
SOCIALES 1H. 2015. SEPTIEMBRE. EJERCICIO 3. OPCIÓN B"
MATES_CCSS,Probabilidad,2016,Junio,Ejercicio 3 Opción B,"En una encuesta sobre la nacionalidad de los veraneantes en un municipio de la costa andaluza,
se ha observado que el 40% de los encuestados son españoles y el 60% extranjeros, que el 30%
de los españoles y el 80% de los extranjeros residen en un hotel y el resto en otro tipo de
residencia.
Se elige al azar un veraneante del municipio
a) ¿Cuál es la probabilidad de que no resida en un hotel?
b) Si no reside en un hotel, ¿cuál es la probabilidad de que sea español?
c) ¿Son independientes los sucesos “ser extranjero” y “residir en un hotel”?.
SOCIALES 11. 2016. JUNIO. EJERCICIO 3. OPCIÓN B"
MATES_CCSS,Probabilidad,2016,Reserva 2,Ejercicio 3 Opcion A,"El 60% de los jóvenes de una ciudad usa Facebook, el 80% usa WhatsApp y el 4% usa
Facebook pero no WhatsApp.
a) Halle el porcentaje de jóvenes de esa ciudad que usa ambas aplicaciones.
b) Calcule el porcentaje de esos jóvenes que usa WhatsApp pero no Facebook.
c) Entre los jóvenes que usan WhatsApp, ¿qué porcentaje usa también Facebook?
d) Los sucesos “usar Facebook” y “usar WhatsApp”, ¿son independientes?
SOCIALES II. 2016. RESERVA 2. EJERCICIO 3. OPCION A"
MATES_CCSS,Probabilidad,2016,Reserva 2,Ejercicio 3 Opcion B,"De los sucesos A y B de un experimento aleatorio se conocen las siguientes probabilidades:
P(A)=04 , P(B)=05 , P((AUB)%)=0.1
a) Razone si A y B son sucesos compatibles.
b) Razone si A y B son sucesos independientes.
c) Calcule P(ANB"")
d) Calcule P(A/BCS).
SOCIALES II. 2016. RESERVA 2. EJERCICIO 3. OPCION B"
MATES_CCSS,Probabilidad,2016,Reserva 3,Ejercicio 3 Opcion A,"En un centro de estudios que tiene 250 estudiantes, hay 50 que tienen problemas visuales y 20
que tienen problemas auditivos. Los sucesos “tener problemas visuales” y “tener problemas
auditivos” son independientes.
Se elige un estudiante al azar, calcule las probabilidades de los sucesos siguientes:
a) Tener problemas visuales y auditivos.
b) No tener problemas visuales ni auditivos.
c) Tener algún problema auditivo si no tiene problemas visuales.
SOCIALES II. 2016. RESERVA 3. EJERCICIO 3. OPCION A"
MATES_CCSS,Probabilidad,2016,Reserva 3,Ejercicio 3 Opcion B,"En un aeropuerto internacional operaron 300000 vuelos en un determinado año, distribuidos
de la siguiente forma: 150000 en la terminal A, 100000 en la B y 50000 en la C. En ese año se
sabe que sufrieron retrasos el 10% de los vuelos de la terminal A, el 8% de la B y el 5% de la C.
Determine, para un vuelo elegido al azar, las probabilidades de los siguientes sucesos:
a) Que no sufriera retraso.
b) Que operase en la terminal A, sabiendo que tuvo retraso.
SOCIALES II. 2016. RESERVA 3. EJERCICIO 3. OPCION B"
MATES_CCSS,Probabilidad,2016,Reserva 4,Ejercicio 3 Opcion A,"Disponemos de tres monedas: 1 dólar, 1 libra y 1 euro.
La moneda de 1 dólar está trucada y la probabilidad de que salga cara es el doble de la
probabilidad de que salga cruz. La moneda de 1 libra también está trucada y tiene dos caras y
la de 1 euro es correcta. Se escoge una de las tres monedas al azar y se lanza.
a) ¿Cuál es la probabilidad de que salga cara?
b) Sabiendo que salió cruz, ¿cuál es la probabilidad de que la moneda lanzada fuera la de 1
dólar?
SOCIALES II. 2016. RESERVA 4. EJERCICIO 3. OPCION A"
MATES_CCSS,Probabilidad,2016,Reserva 4,Ejercicio 3 Opcion B,"De los alumnos que se presentaron a las pruebas de selectividad de una provincia, 1150 se
examinaron de Geografía; de estos, 598 eligieron la opción A. Se sabe que aprobaron esa
asignatura el 78% de los que eligieron la opción A y el 74% de los que eligieron la opción B. Se
ha escogido al azar uno de los alumnos que se examinaron de Geografía.
a) ¿Cuál es la probabilidad de que este alumno haya aprobado esta asignatura?
b) Si se sabe que este alumno ha aprobado Geografía, ¿cuál es la probabilidad de que haya
elegido la opción A?
SOCIALES II. 2016. RESERVA 4. EJERCICIO 3. OPCION B"
MATES_CCSS,Probabilidad,2016,Septiembre,Ejercicio 3 Opcion A,"Sean A y B dos sucesos aleatorios tales que p(A)=0.3 , p(B)=0.6 , p(A""NB*)=0.28
a) Halle la probabilidad de que ocurran ambos sucesos a la vez.
b) Calcule la probabilidad de que ocurra A sabiendo que no ha ocurrido B.
c) ¿Son A y B independientes?
SOCIALES II. 2016 SEPTIEMBRE EJERCICIO 3. OPCION A"
MATES_CCSS,Probabilidad,2016,Septiembre,Ejercicio 3 Opción B,"El aparcamiento de una sala de conciertos está completo el 85% de los días. El 90% de los días
que el aparcamiento está completo, la sala de conciertos está llena, y el 22% de los días que el
aparcamiento no está completo, la sala de conciertas no está llena. Elegido un día al azar,
a) ¿cuáles la probabilidad de que la sala de conciertos esté llena?.
b) Si se sabe que la sala de conciertos está llena, ¿cuál es la probabilidad de que el aparcamiento
esté completo?.
SOCIALES H1. 2016. SEPTIEMBRE. EJERCICIO 3. OPCIÓN B"
MATES_CCSS,Probabilidad,2017,Reserva 2,Ejercicio 3 Opción A,"De los sucesos A y B se sabe que P(A)=0.6,P(B/A)=0.8 y P(B/A“)=0.1.
a) Calcule las probabilidades P(B),P(ANB) y P(AUB).
b) ¿Son los sucesos A y B independientes?
SOCIALES II. 2017 RESERVA 2. EJERCICIO 3. OPCIÓN A"
MATES_CCSS,Probabilidad,2017,Reserva 4,Ejercicio 3 Opción A,"En un estudio sobre los niveles de audiencia de dos cadenas de radio, se obtuvo que el 50 % de
la población escucha la cadena A, el 40 % escucha la cadena B y el 20 % oye ambas.
a) Halle el porcentaje de la población que escucha alguna de las dos cadenas.
b) Calcule el porcentaje de la población que escucha solo la cadena B.
c) Halle el porcentaje de la población que escucha solo una de las dos cadenas.
SOCIALES II. 2017 RESERVA 4. EJERCICIO 3. OPCIÓN A"
MATES_CCSS,Probabilidad,2017,Septiembre,Ejercicio 3 Opcion A,"Supongamos que el 20% de los votantes de Trump apoya la construcción del muro en la
frontera de México y que sólo el 5% de los que no lo votaron lo apoya. En un grupo formado
por 5000 votantes de Trump y 10000 estadounidenses que no lo votaron se elige una persona al
azar
a) ¿Cuál es la probabilidad de que ésta apoye la construcción del muro?.
b) Si la persona elegida apoya la construcción del muro, ¿cuál es la probabilidad de que no
haya votado a Trump?.
c) Calcule la probabilidad de que sea votante de Trump o apoye la construcción del muro.
SOCIALES II. 2017 SEPTIEMBRE EJERCICIO 3. OPCION A"
MATES_CCSS,Probabilidad,2018,Junio,Ejercicio 3 Opción B,"Un campus universitario dispone de 3000 plazas numeradas de aparcamiento para vehículos,
distribuidos en tres zonas A, B y C. La zona A está constituida por las plazas del 1 al 1500, estando
1350 de ellas protegidas del sol. La zona B la conforman las plazas numeradas desde 1501 a 2500,
estando el 80% protegidas del sol. La zona C contiene plazas numeradas desde 2501 hasta 3000,
estando protegidas solamente 250 protegidas del sol. Aleatoriamente se elige una de las plazas de
aparcamiento del campus.
a) ¿Cuál es la probabilidad de que esté en la zona A o en la B?
b) ¿Cuál es la probabilidad de que no esté protegida del sol?
c) Si se ha elegido una plaza protegida del sol, ¿cuál es la probabilidad de que esté ubicada en la
zona B?
SOCIALES HH. 2018 JUNIO. EJERCICIO 3 OPCIÓN B"
MATES_CCSS,Probabilidad,2018,Reserva 2,Ejercicio 3 Opcion B,"a) Se sabe que P(A)=0.5 , P(AUB)=0.7 y P(ANB)=04. Halle la probabilidad de que
ocurra B
b) Se sabe que P(C)=04 , P(D)=0.3 y P(CUD)=0.5. Halle la probabilidad de que ocurra
C sabiendo que no ocurre D.
c) Se sabe que los sucesos E y F son independientes, que P(E)=0.6 y que P(F)=0.8 . Calcule
la probabilidad de que no ocurra ninguno de los dos sucesos.
SOCIALES II. 2018. RESERVA 2. EJERCICIO 3. OPCION B"
MATES_CCSS,Probabilidad,2018,Septiembre,Ejercicio 3 Opcion A,"En una localidad, el 25% de los habitantes asiste periódicamente a la consulta del dentista, el
10% se hace una analítica y el 8% hace ambas cosas.
a) Razone si los sucesos “Asistir a la consulta del dentista” y “Hacerse una analítica” son
independientes.
b) ¿Qué porcentaje de habitantes ni se hace una analítica ni va al dentista?.
Cc) Si elegimos un habitante al azar de esa localidad de entre los que no van al dentista, ¿cuál es
la probabilidad de que se haga una analítica?.
SOCIALES II. 2018 SEPTIEMBRE EJERCICIO 3. OPCION A"
MATES_CCSS,Probabilidad,2019,Junio,Ejercicio 3 Opción B,"El 69% de los habitantes de una determinada ciudad ven series, el 35% películas y el 18% no
ven ni series ni películas. Se elige al azar un habitante de la ciudad.
a) Calcule la probabilidad de que vea series o películas.
b) Sabiendo que ve series, calcule la probabilidad de que vea películas.
c) ¿Cuál es la probabilidad de que vea series y no vea películas?
SOCIALES II. 2019 JUNIO. EJERCICIO 3. OPCIÓN B"
MATES_CCSS,Probabilidad,2019,Reserva 1,Ejercicio 3 Opcion A,"El 17% de la población adulta de una ciudad sigue una dieta de adelgazamiento y practica algún
deporte regularmente. El 58% ni sigue una dieta de adelgazamiento ni hace deporte
regularmente. Además, se sabe que de los que hacen deporte regularmente, el 50% hace dieta de
adelgazamiento. Se elige al azar un adulto de esa población.
a) ¿Cuál es la probabilidad de que siga una dieta de adelgazamiento o que practique deporte
regularmente?
b) Si el individuo elegido sigue una dieta de adelgazamiento, ¿cuál es la probabilidad de que
practique deporte con regularidad?
c) ¿Son independientes los sucesos “Seguir una dieta de adelgazamiento” y “Practicar algún
deporte regularmente”?
SOCIALES II. 2019 RESERVA 1. EJERCICIO 3. OPCION A"
MATES_CCSS,Probabilidad,2019,Reserva 1,Ejercicio 3 Opcion B,"Sean A y B dos sucesos de un experimento aleatorio dado. Se sabe
P(A)=0'5, P(AUB)=0'75 y P(A-B)=0'3.
a) Calcule P(ANB).
b) Calcule P(A/B“).
c) ¿Son independientes los sucesos A y B? ¿Son los sucesos A y B incompatibles?
SOCIALES II. 2019 RESERVA 1. EJERCICIO 3. OPCION B"
MATES_CCSS,Probabilidad,2019,Reserva 2,Ejercicio 3 Opcion B,"El 70% de los taxistas de una ciudad tiene 40 años o más y de estos, el 60% es propietario de la
licencia del vehículo. Sin embargo, en el caso de los menores de 40 años, son propietarios de la
licencia el 23% . Se escoge al azar un taxista de esa ciudad.
a) Calcule la probabilidad de que sea propietario de la licencia del vehículo.
b) Sabiendo que no es propietario de la licencia, calcule la probabilidad de que tenga 40 años o
más.
c) Calcule la probabilidad de que sea propietario de la licencia o tenga menos de 40 años.
SOCIALES II. 2019 RESERVA 2. EJERCICIO 3. OPCION B"
MATES_CCSS,Probabilidad,2019,Reserva 3,Ejercicio 3 Opcion A,"Una cooperativa envasa zumos de naranja, zumos de piña y zumos de melocotón en botellas de 1
litro y de 2 litros. Se sabe que el 60% de las botellas son de zumo de naranja y el 30% de piña.
Además, el 80% de las botellas de zumo de naranja y el 70% de las de zumo de piña son de 2
litros, mientras que el 60% de las de melocotón son botellas de 1 litro. Se elige al azar una botella
envasada por la cooperativa.
a) Calcule la probabilidad de que la botella sea de 2 litros.
b) Calcule la probabilidad de que el zumo sea de naranja, sabiendo que la botella es de 2 litros.
c) Calcule la probabilidad de que el zumo sea de melocotón, sabiendo que la botella es de 1 litro.
SOCIALES II. 2019 RESERVA 3. EJERCICIO 3. OPCION A"
MATES_CCSS,Probabilidad,2019,Reserva 3,Ejercicio 3 Opcion B,"Una determinada enfermedad puede estar provocada por una sola de las causas, A, B o C. En el
35% de los casos está provocada por A, en el 40% por B y en el 25% por C. Se sabe que el
tratamiento de esta enfermedad requiere hospitalización en el 15% de los casos si está provocada
por A, en el 45% si está provocada por B y en un 20% si está provocada por C. Se elige al azar
una persona afectada por esa enfermedad.
a) ¿Cuál es la probabilidad de que necesite hospitalización?
b) Si no necesita hospitalización, ¿cuál es la probabilidad de que la causa de la enfermedad sea C?
SOCIALES II. 2019 RESERVA 3. EJERCICIO 3. OPCION B"
MATES_CCSS,Probabilidad,2019,Reserva 4,Ejercicio 3 Opcion A,"Para tratar cierta enfermedad, en un hospital se utilizan tres fármacos distintos, A, B y C,
administrándose a cada enfermo un solo fármaco. El 30% de los pacientes es tratado con el
fármaco A, el 50% es tratado con el B y el resto con el fármaco C. La probabilidad de que la
enfermedad se cure con el fármaco A es de 0.6, de que se cure con el fármaco B es de 0.8 y de que
se cure con el fármaco C es de 0.7. Se elige al azar un paciente de ese hospital con esa enfermedad.
a) Calcule la probabilidad de que el paciente se cure.
b) Sabiendo que el paciente se ha curado, ¿cuál es la probabilidad de que haya sido tratado con el
fármaco A?
SOCIALES II. 2019 RESERVA 4. EJERCICIO 3. OPCION A"
MATES_CCSS,Probabilidad,2019,Reserva 4,Ejercicio 3 Opcion B,"Sean A y B dos sucesos asociados a un experimento aleatorio tales que P(B)=0'4,
P(A/B)=0'25 y P(A-B)=0'4.
a) Calcule P(ANB).
b) Calcule P(A) y P(AUB).
c) ¿Son A y B independientes? ¿Son incompatibles?
SOCIALES II. 2019 RESERVA 4. EJERCICIO 3. OPCION B"
MATES_CCSS,Probabilidad,2019,Septiembre,Ejercicio 3 Opcion A,"Una marca de patinetes eléctricos fabrica tres modelos distintos A, B y C. El modelo A supone
el 25% de su producción, el B el 40% y el resto de la producción corresponde al modelo C.
Transcurridos tres meses desde su venta, se comprobó que el 15% de patinetes del modelo A, el
10% del B y el 12% del C había presentado alguna avería. Se elige al azar un patinete de esta
marca.
a) Calcule la probabilidad de que dicho patinete haya presentado alguna avería.
b) Si sabemos que el patinete elegido es del modelo A, ¿cuál es la probabilidad de que no haya
presentado avería?.
c) Calcule la probabilidad de que haya presentado avería o sea del modelo C.
SOCIALES II. 2019 SEPTIEMBRE EJERCICIO 3. OPCION A"
MATES_CCSS,Probabilidad,2019,Septiembre,Ejercicio 3 Opcion B,"P(ANB)=02 , P(AUB)=04 y P(A/B)=0.8
a) Calcule p(B) y p(A)
b) ¿Son los sucesos A y B independientes?. Razone la respuesta
c) Calcule p.ATUB*)
SOCIALES II. 2019. SEPTIEMBRE. EJERCICIO 3. OPCION B"
MATES_CCSS,Probabilidad,2020,Junio,Ejercicio Cs,"A 120 estudiantes se les ha recomendado la lectura de dos libros. Se sabe que 46 de ellos han
leído el primer libro recomendado, 34 el segundo y 16 estudiantes han leído ambos libros. Se
elige un estudiante al azar.
a) (06 puntos) Calcule la probabilidad de que haya leído alguno de los dos libros.
b) (06 puntos) Calcule la probabilidad de que no haya leído ninguno de los dos libros.
c) (06 puntos) Calcule la probabilidad de que solamente haya leído el primer libro.
d) (0”7 puntos) Calcule la probabilidad de que haya leído el primer libro, si se sabe que no ha
leído el segundo.
SOCIALES II. 2020 JUNIO. EJERCICIO CS"
MATES_CCSS,Probabilidad,2020,Junio,Ejercicio C6,"Las bicicletas de alquiler de una ciudad se clasifican por su calidad: buena, media, mala. El
30% de dichas bicicletas son gestionadas por una empresa E, y el resto por una empresa E,.
De las bicicletas de la empresa E, ,el 80% son de buena calidad, el 5% de calidad media y el resto
de mala calidad. De las bicicletas de la empresa E, se sabe que el 60% son de buena calidad, pero
se desconocen los porcentajes de calidad media y de calidad mala. Se elige al azar una bicicleta de
alquiler de esa ciudad.
a) (1 punto) Calcule la probabilidad de que sea de buena calidad.
b) (075 puntos) Calcule la probabilidad de que sea de la empresa E, y de mala calidad.
c) (075 puntos) Si se sabe que el porcentaje de bicicletas de calidad media en toda la ciudad es del
19% , ¿cuál es la probabilidad de que sea de calidad media, sabiendo que la bicicleta elegida es de
la empresa E ,?.
SOCIALES II. 2020 JUNIO. EJERCICIO C6"
MATES_CCSS,Probabilidad,2020,Reserva 1,Ejercicio C5,"Se han mezclado 90 llaves electrónicas de apertura de un determinado garaje, con apariencia
idéntica, de las cuales 60 funcionan correctamente y 30 no funcionan. Se eligen al azar 2 de las
90 llaves.
a) (0”7 puntos) ¿Cuál es la probabilidad de que las dos llaves elegidas abran la puerta del
garaje?
b) (08 puntos) ¿Cuál es la probabilidad de poder abrir el garaje con alguna de ellas?
c) (1 punto) ¿Cuál es la probabilidad de que una de las llaves elegidas funcione correctamente y
la otra no?
SOCIALES II. 2020 RESERVA 1. EJERCICIO C5"
MATES_CCSS,Probabilidad,2020,Reserva 1,Ejercicio C6,"Una empresa almacena el mismo número de latas de refresco de cola, naranja y limón. De las
30000 latas de refresco almacenadas, se sabe que 1800 latas de cola, 2400 de naranja y 3000 de
limón caducan en 2021.
a) (15 puntos) ¿Cuál es la probabilidad de que una lata elegida al azar caduque en 2021?
b) (1 punto) Si se ha elegido al azar una lata que no caduca en 2021, ¿cuál es la probabilidad de
que sea de cola?
SOCIALES II. 2020 RESERVA 1. EJERCICIO C6"
MATES_CCSS,Probabilidad,2020,Reserva 2,Ejercicio C5,"Tres personas se encargan de los cobros de la caja de un supermercado. El mes pasado, la
primera de ellas realizó el 30% de los cobros, la segunda el 45% y la tercera el resto. La
dirección del supermercado ha comprobado que de los cobros realizados por la primera
persona, el 1% son erróneos, que la segunda cometió errores en el 3% de los cobros y la tercera
en el 2%.
a) (15 puntos) Calcule la probabilidad de que un cobro elegido al azar haya sido erróneo.
b) (1 punto) Se elige al azar un cobro correcto. ¿Cuál es la probabilidad de que haya sido
realizado por la segunda persona?
SOCIALES II. 2020 RESERVA 2. EJERCICIO C5"
MATES_CCSS,Probabilidad,2020,Reserva 2,Ejercicio C6,"En un centro de enseñanza secundaria, el 11% de los profesores ocupan cargos directivos y el
13% pertenecen a alguna comisión. Además, el 6% ocupan un cargo directivo y pertenecen a
alguna comisión.
a) (1 punto) ¿Cuál es el porcentaje de profesores que pertenecen a alguna comisión y no ocupan
ningún cargo directivo?
b) (1 punto) Calcule el porcentaje de profesores que no ocupan cargos directivos ni pertenecen
a ninguna comisión.
c) (05 puntos) De los profesores que ocupan un cargo directivo, ¿qué porcentaje pertenece a
alguna comisión?
SOCIALES II. 2020 RESERVA 2. EJERCICIO C6"
MATES_CCSS,Probabilidad,2020,Reserva 3,Ejercicio C5,"Sean A y B dos sucesos de un mismo experimento aleatorio.
a) (05 puntos) Si p(A)*0 y p(B)x*0, ¿pueden ser los sucesos A y B independientes e
incompatibles a la vez? Justifique la respuesta.
b) Q puntos) Sabiendo que p(A)=0'3, p(B)=0'S5 y p(A/B)=0'2, calcule las siguientes
probabilidades:
Pp(ANB) P(AUB) p(ACUBS)  p(A-B)
SOCIALES II. 2020 RESERVA 3. EJERCICIO C5"
MATES_CCSS,Probabilidad,2020,Reserva 3,Ejercicio C6,"El censo de una población andaluza está compuesto en total por 15000 personas, de las cuales
8500 son mujeres. Se sabe que el 15% de las mujeres y el 20% de los hombres censados en
dicha población han viajado alguna vez a un país extranjero. Se elige al azar una persona
censada en dicha población.
a) (125 puntos) ¿Cuál es la probabilidad de que haya viajado al extranjero?
b) (125 puntos) Si se sabe que esta persona no ha viajado al extranjero, ¿cuál es la
probabilidad de que sea hombre?
SOCIALES II. 2020 RESERVA 3. EJERCICIO C6"
MATES_CCSS,Probabilidad,2020,Reserva 4,Ejercicio C5,"Se sabe que el 65% de los estudiantes de bachillerato de Andalucía ha participado en
programas Erasmus+ y que de ellos, el 80% ha mejorado su calificación en lengua extranjera.
De los estudiantes que no han participado en programas Erasmus+, mejoran su calificación en
lengua extranjera el 30% . Se elige al azar un estudiante de bachillerato de Andalucía.
a) (15 puntos) ¿Cuál es la probabilidad de que haya mejorado su calificación en lengua
extranjera?
b) (1 punto) Si se sabe que ha mejorado su calificación en lengua extranjera, ¿cuál es la
probabilidad de que haya participado en un programa Erasmus+?
SOCIALES II. 2020 RESERVA 4. EJERCICIO C5"
MATES_CCSS,Probabilidad,2020,Reserva 4,Ejercicio C6,"El 47% de los jóvenes andaluces tienen una vida sedentaria. De ellos, el 72% presentan
obesidad, mientras que solamente la presentan el 22% de los jóvenes no sedentarios. Se elige al
azar un joven andaluz.
a) (1 punto) Calcule la probabilidad de que sea sedentario y no presente obesidad.
b) (075 puntos) Calcule la probabilidad de que presente obesidad.
e) (075 puntos) Calcule la probabilidad de que sea sedentario, sabiendo que presenta obesidad.
SOCIALES II. 2020 RESERVA 4. EJERCICIO C6"
MATES_CCSS,Probabilidad,2020,Septiembre,Ejercicio C5,"Una urna contiene 6 bolas rojas y 4 azules. Se extrae una bola al azar y se reemplaza por seis
bolas del otro color. A continuación, se vuelve a extraer una segunda bola de la urna.
a) (15 puntos) Calcule la probabilidad de que la segunda bola extraída sea roja.
b) (1 punto) Si sabemos que la segunda bola extraída es azul, ¿cuál es la probabilidad de que
también lo haya sido la primera?.
SOCIALES II. 2020 SEPTIEMBRE EJERCICIO C5"
MATES_CCSS,Probabilidad,2020,Septiembre,Ejercicio C6,"Una empresa fabrica dos tipos de bombillas: una LED y otra halógena. Se sabe que un 5% de
las LED y un 2% de las halógenas salen defectuosas. Se elige al azar una bombilla de una caja
que contiene 40 bombillas LED y 10 halógenas.
a) (15 puntos) Calcule la probabilidad de que la bombilla elegida no sea defectuosa.
b) (1 punto) Calcule la probabilidad de que la bombilla elegida sea LED, sabiendo que es
defectuosa.
SOCIALES II. 2020 SEPTIEMBRE EJERCICIO C6"
MATES_CCSS,Probabilidad,2021,Reserva 1,Ejercicio C5,"Una empresa dedicada a la fabricación de coches lanza al mercado un nuevo modelo que
fabrica en tres plantas diferentes, A, B y C La planta A produce el 45% de los vehículos, la
planta B el 21% y el resto los produce la planta C. Se ha detectado un defecto en la colocación
del airbag, que afecta al 1% de los coches procedentes de la planta A, al 3% de los procedentes
de la planta B y al 2% de los de la planta C. Se selecciona un coche al azar de este nuevo
modelo.
a) ¿Cuál es la probabilidad de que no sea defectuoso y proceda de la planta C?.
b) Si el coche elegido no es defectuoso, ¿cuál es la probabilidad de que proceda de la planta A?.
SOCIALES II. 2021 RESERVA 1. EJERCICIO C5"
MATES_CCSS,Probabilidad,2021,Reserva 1,Ejercicio C6,"La probabilidad de que una persona sana se contagie de otra enferma por un virus es del 80% si
coinciden en una reunión.
a) Si una persona enferma se reúne con dos personas sanas, teniendo en cuenta que contagiar a
distintas personas son sucesos independientes entre sí, ¿cuál es la probabilidad de que se contagien
las dos personas a la vez? ¿Cuál es la probabilidad de que se contagie alguna de ellas?.
b) Una prueba para detectar la enfermedad da el resultado correcto en el 90% de los casos
cuando se le aplica a personas contagiadas y da falsos positivos en el 5% de los casos cuando se
aplica a personas sanas. Si una persona sana se reúne con una enferma y resulta positivo en una
prueba posterior, ¿qué probabilidad hay de que se haya contagiado en la reunión?.
SOCIALES II. 2021 RESERVA 1. EJERCICIO C6"
MATES_CCSS,Probabilidad,2021,Reserva 2,Ejercicio C5,"Un equipo andaluz de baloncesto jugó en la temporada un 40% de los partidos en casa y el
resto fuera. De los partidos que jugó en casa, obtuvo un 60% de victorias y el resto fueron
derrotas, mientras que de los que jugó fuera, obtuvo un 30% de victorias y el resto derrotas. Se
elige un partido de este equipo al azar.
a) Calcule la probabilidad de que el partido acabase en victoria.
b) Calcule la probabilidad de que el partido haya sido jugado en casa, sabiendo que el
resultado final fue una derrota.
c) Si además se sabe que el 10% de las victorias obtenidas en casa y el 20% de las obtenidas
fuera se produjeron tras una prórroga, calcule la probabilidad de que el partido acabase en
victoria y que además esa victoria haya sido tras una prórroga
SOCIALES II. 2021 RESERVA 2. EJERCICIO C5"
MATES_CCSS,Probabilidad,2021,Reserva 2,Ejercicio C6,"Sean A y B dos sucesos asociados a un mismo espacio muestral con P(A“)=0'4 y
P(ANB5)=0'12.
a) Calcule P(A) y P(ANB).
b) Determine P(B) para que A y B sean independientes.
c) Si P(B*)=0'2, calcule P(AUB),P(A“ UB“) y P(A/B*)
SOCIALES II. 2021 RESERVA 2. EJERCICIO C6"
MATES_CCSS,Probabilidad,2021,Reserva 3,Ejercicio C5,"Sean A y B dos sucesos de un mismo experimento aleatorio de los que se sabe que:
P(A-B)=0'3 , P(A)=0'35 y P(B)=0'55.
a) Calcule la probabilidad de que suceda al menos uno de ellos.
b) Calcule la probabilidad de que ocurra B, sabiendo que no ha ocurrido A.
c) Calcule la probabilidad de que no ocurra ninguno de los dos sucesos.
d) Razone si los sucesos A y B son independientes.
SOCIALES II. 2021 RESERVA 3. EJERCICIO C5"
MATES_CCSS,Probabilidad,2021,Reserva 3,Ejercicio C6,"En una determinada muestra de suelo se han aislado dos tipos de bacterias, A y B, de las cuales
el 70% son de A y el 30% de B. La probabilidad de que una bacteria de tipo A reaccione a la
prueba del nitrato es 015 y para la bacteria B es 08. De las bacterias aisladas se selecciona una
al azar.
a) Calcule la probabilidad de que reaccione a la prueba del nitrato.
b) Si la bacteria ha reaccionado a la prueba del nitrato, calcule la probabilidad de que sea del
tipo B.
c) Calcule la probabilidad de que la bacteria sea del tipo A y no reaccione a la prueba del
nitrato.
SOCIALES II. 2021 RESERVA 3. EJERCICIO C6"
MATES_CCSS,Probabilidad,2021,Reserva 4,Ejercicio C5,"Una determinada ciudad tiene en la plantilla del ayuntamiento 1000 agentes de la policía local,
600 bomberos y 400 funcionarios de protección civil. En esta plantilla, el 42% de policías, el
20% de bomberos y el 50% de funcionarios de protección civil son mujeres. Se elige una
persona al azar de la plantilla.
a) ¿Cuál es la probabilidad de que sea mujer?.
b) Si las persona elegida es hombre, ¿cuál es la probabilidad de que sea bombero?.
SOCIALES II. 2021 RESERVA 4. EJERCICIO C5"
MATES_CCSS,Probabilidad,2021,Reserva 4,Ejercicio C6,"Una urna A contiene 4 bolas rojas y 5 verdes y otra urna B contiene 6 bolas rojas y 3 verdes.
Lanzamos dos dados y si la suma es mayor o igual a 9, extraemos una bola de la urna A y en
caso contrario, la extraemos de la urna B.
a) Calcule la probabilidad de que la bola extraída sea verde y de la urna B.
b) Halle la probabilidad de que la bola extraída sea roja.
SOCIALES II. 2021 RESERVA 4. EJERCICIO C6"
MATES_CCSS,Probabilidad,2022,Junio,Ejercicio Cs,"En un estudio realizado en una sucursal bancaria se ha determinado que el 70% de los créditos
concedidos son hipotecarios y el 25% de los créditos superan los 200.000 €. El 20% de los
créditos son hipotecarios y de más de 200.000 €. Se elige al azar un cliente al que le han
concedido un crédito. Calcule la probabilidad de que:
a) El crédito no sea hipotecario y no supere los 200.000 €.
b) Si su crédito no es hipotecario, este no supere los 200.000 €.
e) Si su crédito supera los 200.000 €, que este no sea hipotecario.
SOCIALES II. 2022 JUNIO. EJERCICIO CS"
MATES_CCSS,Probabilidad,2022,Junio,Ejercicio C6,"En su tiempo libre, el 65% de los estudiantes de un centro educativo juega con videojuegos, el
45% lee libros y el 15% no hace ninguna de las dos cosas. Elegido al azar un estudiante de
dicho centro, calcule la probabilidad de que:
a) Juegue con videojuegos o lea libros.
b) Juegue con videojuegos y no lea libros.
c) Lea libros sabiendo que no juega con videojuegos.
SOCIALES II. 2022 JUNIO. EJERCICIO C6"
MATES_CCSS,Probabilidad,2022,Reserva 1,Ejercicio C5,"El 80% de los restaurantes de una localidad admite el pago con tarjeta de crédito, el 50%
admite pagar mediante el móvil y el 10% no admite el pago con ninguno de estos métodos.
Escogido al azar un restaurante de dicha localidad.
a) Calcule la probabilidad de que el restaurante admita
1) alguno de estos dos medios de pago
ii) Pagar con móvil sabiendo que admite pagar con tarjeta de crédito
b) ¿Son independientes los sucesos “Pagar con tarjeta” y “Pagar con móvil”?
SOCIALES II. 2022 RESERVA 1. EJERCICIO C5"
MATES_CCSS,Probabilidad,2022,Reserva 1,Ejercicio C6,"En una localidad se han vendido 1335 boletos de lotería en tres establecimientos A, B y C. En el
establecimiento A se han vendido 1054 boletos, 99 en el B y el resto en C. De los boletos
premiados, 5 han sido vendidos en B y 13 en C. Sabemos que 95 de cada 100 boletos vendidos
no han obtenido premio. Elegido un boleto al azar, se pide:
a) ¿Cuál es el establecimiento que tiene una mayor probabilidad de haber vendido un boleto no
premiado?.
b) ¿Cuál es la probabilidad de que un boleto no premiado haya sido vendido en el
establecimiento A?.
SOCIALES II. 2022. RESERVA 1. EJERCICIO C6"
MATES_CCSS,Probabilidad,2022,Reserva 2,Ejercicio C5,"Se ha llevado a cabo una encuesta en un centro educativo para saber qué actividades
extraescolares se realizan por la tarde. El 80% de los encuestados practican deporte o estudian
idiomas, el 35% realizan ambas actividades y el 60% no estudian idiomas.
a) Elegido un estudiante de ese centro al azar, calcule la probabilidad de que:
i) Practique deporte y no estudie idiomas.
ii) Estudie idiomas y no practique deporte.
iii) Haga solamente una de las dos actividades.
iv) No haga ninguna de las dos actividades.
b) ¿Son independientes los sucesos “Practicar deporte” y “Estudiar idiomas”?
SOCIALES II. 2022 RESERVA 2. EJERCICIO C5"
MATES_CCSS,Probabilidad,2022,Reserva 2,Ejercicio C6,"Del total de personas vacunadas en un país para prevenir una enfermedad, el 48% recibió la
vacuna A, el 35% la vacuna B y el resto la vacuna C.
La efectividad de la vacuna A se sitúa en el 70%, la de B en el 95% y la de C en el 94% . Elegida
al azar una persona vacunada:
a) ¿Cuál es la probabilidad de que haya sido vacunada con A y no le sea efectiva?.
b) ¿Qué probabilidad hay de que la vacuna le sea efectiva?.
c) Sabiendo que la vacuna no le ha sido efectiva, ¿cuál es la probabilidad de que haya sido
vacunada con C?.
SOCIALES II. 2022. RESERVA 2. EJERCICIO C6"
MATES_CCSS,Probabilidad,2022,Reserva 3,Ejercicio C5,"De los sucesos A y B de un mismo experimento aleatorio se conocen las siguientes
probabilidades: P(A)=0'7 ; P(B)=0'6 ; P(AUB)=0'8.
Calcule la probabilidad de que:
a) Ocurra Ay B.
b) No ocurra ni Ani B.
c) Ocurra Apero no B.
d) Ocurra A sabiendo que no ha ocurrido B.
SOCIALES II. 2022 RESERVA 3. EJERCICIO C5"
MATES_CCSS,Probabilidad,2022,Reserva 3,Ejercicio C6,"El porcentaje de conductores que consumen alcohol durante la madrugada del sábado es del
5% . La policía realiza controles de alcoholemia mediante un test del que se sabe que da positivo
en un 96% si la persona ha bebido alcohol y en un 10% si la persona no ha bebido alcohol
Elegido al azar un conductor en la madrugada del sábado y realizado el test de alcoholemia,
halle la probabilidad de que:
a) Si el test da positivo, el conductor haya consumido alcohol.
b) El test dé negativo y el conductor no haya consumido alcohol.
c) Si el test ha dado negativo, el conductor no haya consumido alcohol.
SOCIALES II. 2022 RESERVA 3. EJERCICIO C6"
MATES_CCSS,Probabilidad,2022,Reserva 4,Ejercicio Cs,"Juan realiza el siguiente juego: Lanza dos dados simultáneamente y si la suma es 2 o mayor que
7, gana y termina el juego. En caso contrario, tiene una segunda y última oportunidad
lanzando de nuevo los dos dados y ganaría si la suma es mayor que 9.
a) ¿Cuál es la probabilidad de que Juan gane lanzando una sola vez los dados?.
b) ¿Cuál es la probabilidad de que Juan gane en la segunda oportunidad?.
c) ¿Cuál es la probabilidad de que Juan gane?.
SOCIALES II. 2022. RESERVA 4. EJERCICIO CS"
MATES_CCSS,Probabilidad,2022,Reserva 4,Ejercicio C6,"Una encuesta realizada a los clientes de un banco muestra que el 60% de sus clientes tiene un
ordenador, el 50% tiene una tablet y el 20% posee un ordenador y una tablet. Se elige al azar
un cliente de ese banco.
a) Calcule la probabilidad de que:
i) Tenga un ordenador o una tablet.
ii) No tenga tablet si no tiene ordenador.
iii) Tenga ordenador y no tenga tablet.
b) ¿Son los sucesos “Tener un ordenador” y “Tener una tablet” incompatibles? ¿Son sucesos
independientes?
SOCIALES II. 2022 RESERVA 4. EJERCICIO C6"
MATES_CCSS,Probabilidad,2022,Julio,Ejercicio Cs,"En una determinada región hay tres universidades A, B y C. De los estudiantes que terminaron
sus estudios el año pasado, el 60% procedían de la universidad A, el 30% de la B y el resto de la
C. Además, se conoce que la probabilidad de que un estudiante de la universidad A no
encuentre trabajo en su región es 04, y para un estudiante de B es 075.
a) Si la probabilidad de que un estudiante no encuentre trabajo en su región es 0395,
determine la probabilidad de que un estudiante de la universidad C encuentre trabajo en su
región.
b) Calcule la probabilidad de que un estudiante no haya encontrado trabajo en su región
proceda de la universidad A o de la B.
SOCIALES II. 2022. JULIO. EJERCICIO CS"
MATES_CCSS,Probabilidad,2022,Julio,Ejercicio C6,"Sean A y B dos sucesos del mismo espacio muestral tales que:
3 5 2
P(AUB)=>; p(A5)=-=; p(B"")=-.
( ) 7 pcA”) 7 p(B"") 3
a) ¿Son A y B independientes?. ¿Son A y B incompatibles?.
b) Calcule LA AB).
c) Calcule p(B/ A“)
SOCIALES II. 2022 JULIO. EJERCICIO C6"
MATES_CCSS,Probabilidad,2023,Junio,Ejercicio C5,"Disponemos de una moneda trucada en la que la probabilidad de obtener cara, al lanzarla, es el
doble de la de obtener cruz.
a) Halle la probabilidad de que, al lanzar la moneda, se obtenga cara.
b) Halle la probabilidad de que, al lanzar dos veces la moneda, se obtenga una cara y una cruz
sin importar el orden.
c) Halle la probabilidad de que, al lanzar dos veces la moneda, se obtenga al menos una cara.
d) Si al lanzar la moneda dos veces observamos que ha salido al menos una cara, halle la
probabilidad de que se obtengan dos caras.
SOCIALES II. 2023. JUNIO. EJERCICIO C5"
MATES_CCSS,Probabilidad,2023,Junio,Ejercicio C6,"En una base de datos de correos electrónicos se ha observado que el 20% de los correos
recibidos son spam. Además, se ha observado que la palabra “lottery” ha aparecido en el 40%
de los correos que son spam y en el 06% de los correos que no lo son.
a) Halle la probabilidad de que en un correo elegido al azar en el que aparezca la palabra
“lottery” sea spam.
b) Halle la probabilidad de que un correo elegido al azar en el que no aparezca la palabra
“lottery” no sea spam.
c) Si un correo se etiqueta como spam si aparece la palabra “lottery” y como no spam si esta
palabra no aparece, calcule la probabilidad de que un correo se etiquete incorrectamente.
SOCIALES II. 2023. JUNIO. EJERCICIO C6"
MATES_CCSS,Probabilidad,2023,Reserva 2,Ejercicio C5,"En una encuesta realizada en un instituto sobre los hábitos de los estudiantes en su tiempo libre, el
80% de los encuestados dedica el tiempo libre a enviar mensajes con el móvil o a jugar
videojuegos, el 45% realiza ambas cosas y el 40% no juega a videojuegos. Si se elige un estudiante
de ese instituto al azar, calcule la probabilidad de que dedique su tiempo libre a:
a) Enviar mensajes con el móvil y no jugar a videojuegos.
b) Jugar a videojuegos sabiendo que no envía mensajes con el móvil.
c) Hacer solamente una de las dos cosas.
d) No hacer ninguna de las dos cosas.
SOCIALES II. 2023 RESERVA 2. EJERCICIO C5"
MATES_CCSS,Probabilidad,2023,Reserva 2,Ejercicio C6,"Un componente electrónico se produce en dos fábricas, A y B. Se exporta el 40% de los
componentes producidos en A y la cuarta parte de los producidos en B, mientras que el resto es
para consumo nacional. Además, el 37% de todos los componentes producidos es exportado. Si
se elige un componente electrónico al azar, halle la probabilidad de que:
a) Se haya producido en la fábrica A.
b) Se haya producido en la fábrica A sabiendo que no es exportado.
SOCIALES II. 2023. RESERVA 2. EJERCICIO C6"
MATES_CCSS,Probabilidad,2023,Reserva 3,Ejercicio C6,"El 32% de las microempresas tiene página web y el 64% ni tiene página web ni realiza ventas por
comercio electrónico. De las microempresas que tienen página web, el 30% realiza ventas por
comercio electrónico. Se selecciona al azar una microempresa.
a) Calcule la probabilidad de que tenga página web o realice ventas por comercio electrónico.
b) Calcule la probabilidad de que realice ventas por comercio electrónico.
c) Calcule la probabilidad de que no tenga página web y realice ventas por comercio electrónico.
d) Razone si son independientes los sucesos “Tener página web” y “Realizar ventas por
comercio electrónico”. ¿Son incompatibles?.
SOCIALES II. 2023 RESERVA 3. EJERCICIO C6"
MATES_CCSS,Probabilidad,2023,Reserva 4,Ejercicio C5,"Una fábrica produce procesadores que se clasifican en un primer control en tres tipos, A,B y C,
según la frecuencia a la que pueden trabajar. El 60% de los procesadores fabricados se
clasifican de tipo A, el 30% de tipo B y el resto de tipo C. En un segundo control, se desechan el
20% de los procesadores de tipo A, el 50% de los de tipo B y el 60% de los de tipo C, por
problemas al trabajar a ciertas temperatura. Si se elige un procesador de esta fábrica al azar,
calcule la probabilidad de que:
a) Sea descartado y sea de tipo Ao de tipo B.
b) Sea descartado.
c) Sea de tipo C sabiendo que no ha sido descartado.
SOCIALES II. 2023. RESERVA 4. EJERCICIO C5"
MATES_CCSS,Probabilidad,2023,Reserva 4,Ejercicio C6,"El 75% del alumnado de un instituto utiliza la plataforma del centro como medio para
comunicarse con sus profesores y el 40% lo hace a través del correo electrónico. Además, hay un
15% que no usa ninguno de estos medios. Se elige un estudiante de este instituto al azar.
a) Calcule la probabilidad de que utilice ambos medios de comunicación.
b) Calcule la probabilidad de que utilice solamente uno de estos medios de comunicación.
c) Calcule la probabilidad de que utilice la plataforma del centro sabiendo que no usa el correo
electrónico como medio de comunicación.
d) Razone si los sucesos “Utilizar la plataforma del centro” y “Utilizar el correo electrónico”
son independientes.
SOCIALES II. 2023 RESERVA 4. EJERCICIO C6"
MATES_CCSS,Probabilidad,2023,Julio,Ejercicio Cs,"Una caja contiene 3 fichas verdes, 2 fichas azules y 4 fichas rojas. Un juego consiste en realizar
dos extracciones, sin reemplazamiento, de tal manera que el jugador que saque dos fichas
azules gana el primer premio, el jugador que saque dos fichas verdes gana el segundo premio y
el jugador que, de las dos fichas, una sea azul y otra de un color diferente gana el tercer
premio.
a) Calcule la probabilidad de que un jugador consiga el primer o el segundo premio.
b) Calcule la probabilidad de que un jugador gane el tercer premio.
c) Sabiendo que un jugador ha obtenido premio, ¿cuál es la probabilidad de que haya ganado
el tercer premio?
SOCIALES II. 2023. JULIO. EJERCICIO CS"
MATES_CCSS,Probabilidad,2023,Julio,Ejercicio C6,"Dados dos sucesos A y B de un experimento aleatorio, se sabe que:
p(A)=0'6; p(B)=0'3; p(A/B)=0'6.
Se pide:
a) (AUB).
b) pPCA-B)+ p(B-A).
c) p(B/AS)
d) Razone si los sucesos A y B son independientes. ¿Son incompatibles?
SOCIALES II. 2023 JULIO. EJERCICIO C6"
MATES_CCSS,Probabilidad,2024,Junio,Ejercicio C5,"ha dividido a los conductores en dos grupos: jóvenes los menores de 30 años y sénior al resto de
conductores. Asimismo, también se ha dividido a los vehículos en dos grupos: nuevos los que
tienen menos de 5 años de antigiiedad y viejos el resto de vehículos. De los 54 siniestros
registrados, en 19 de ellos el vehículo implicado era nuevo y en 29 los conductores eran jóvenes.
Finalmente, 21 de los siniestros se dieron con vehículos viejos y conductores jóvenes. Se escoge
uno de estos siniestros al azar.
a) Calcule la probabilidad de que el conductor sea sénior y el vehículo viejo.
b) Calcule la probabilidad de que el conductor sea joven sabiendo que el vehículo es viejo.
c) Determine razonadamente si la siguiente afirmación es cierta: “Los siniestros de este estudio
menos probables son aquellos en los que el conductor es sénior y el vehículo es nuevo”.
SOCIALES II. 2024. JUNIO. EJERCICIO C5"
MATES_CCSS,Probabilidad,2024,Junio,Ejercicio C6,"Un grupo de turistas programa una visita a la Geoda de Pulpí. El 42% de los turistas del grupo
proceden de Andalucía, el 32% de otras comunidades autónomas y el resto del extranjero. Son
mayores de edad el 65% de los visitantes que proceden de Andalucía y el 75% de los que
proceden de otras comunidades autónomas. Son menores de edad el 20% de los visitantes
extranjeros. Elegido un turista de este grupo al azar, halle la probabilidad de que:
a) Sea mayor de edad.
b) Proceda de Andalucía y sea menor de edad.
c) Sea extranjero sabiendo que es menor de edad.
SOCIALES II. 2024. JUNIO. EJERCICIO C6"
MATES_CCSS,Probabilidad,2024,Reserva 1,Ejercicio C5,"novelas históricas, mientras que el 40% no compra novelas de fantasía. Además, de los clientes
que compran novelas de fantasía, sólo el 30% compran también novelas históricas. Elegido un
cliente al azar, calcule la probabilidad de que:
a) Compre novelas históricas y de fantasía.
b) No compre novelas históricas y tampoco de fantasía.
c) Compre una novela de fantasía, sabiendo que no ha comprado ninguna novela histórica.
SOCIALES II. 2024. RESERVA 1. EJERCICIO C5"
MATES_CCSS,Probabilidad,2024,Reserva 1,Ejercicio C6,"Una fábrica dispone de tres máquinas A, B y C para la fabricación de una cierta pieza. El 25%
de las piezas son fabricadas por la máquina A, el 35% por B y el resto por C. Tras un estudio se
determina que el 205% del total de piezas fabricadas son defectuosas y que el 1% de las piezas
fabricadas por B son defectuosas.
a) Se selecciona una pieza al azar y resulta no ser defectuosa, ¿qué probabilidad hay de que fuera
fabricada por la máquina B?.
b) Si A y C tienen la misma probabilidad de fabricar una pieza defectuosa, ¿cuál es la
probabilidad de que una pieza sea fabricada por A sabiendo que es defectuosa?.
SOCIALES II. 2024. RESERVA 1. EJERCICIO C6"
MATES_CCSS,Probabilidad,2024,Reserva 2,Ejercicio C5,"Un grupo de 15 amigas se van a pasar un fin de semana a una casa rural. Al llegar reparten las
tareas: 3 irán al mercado, 2 a comprar leña y el resto se quedarán en la casa. Para realizar el
reparto de las tareas se introducen 15 papeletas en una urna de las que 3 tienen la palabra
“mercado”, 2 la palabra “leña” y el resto la palabra “casa”. Cada una coge una papeleta de
forma ordenada y sin reposición. Calcule la probabilidad de los siguientes sucesos:
a) Las dos primeras papeletas extraídas tienen escrita la palabra “mercado”.
b) Las dos primeras papeletas extraídas no tienen escrita la palabra “casa”.
c) Si la segunda papeleta extraída tiene escrita “leña”, ¿cuál es la probabilidad de que la primera
también tenga escrita “leña”?
SOCIALES II. 2024. RESERVA 2. EJERCICIO C5"
MATES_CCSS,Probabilidad,2024,Reserva 2,Ejercicio C6,"Una empresa ha instalado 50 alarmas de las que 30 son de tipo básico y el resto de tipo superior.
Se sabe que el 80% de todas las alarmas no presentan incidencias y que de las de tipo básico un
30% presentan alguna incidencia. Se elige al azar una de estas alarmas. Calcule la probabilidad
de que:
a) Sea de tipo básico y no presente incidencias.
b) No presente incidencias siendo de tipo superior.
c) Teniendo incidencias sea de tipo básico.
d) Sea de ""tipo básico y tenga incidencias"" o sea de ""tipo superior y no tenga incidencias"".
SOCIALES II. 2024. RESERVA 2. EJERCICIO C6"
MATES_CCSS,Probabilidad,2024,Reserva 3,Ejercicio C5,"Una tienda vende ropa de tallas M, L y XL. Se sabe que el 65% de sus clientes son mujeres. El
50% de las mujeres que compran ropa en esa tienda usan la talla M y el 10 % la talla XL. De los
hombres, el 40% usan la talla L y el 45% la XL.
a) ¿Qué porcentaje de mujeres que compran ropa en esa tienda no usan la talla XL?
b) Halle el porcentaje de clientes que no usan la talla L.
c) De los clientes que usan la talla M, ¿qué porcentaje son mujeres?
SOCIALES II. 2024. RESERVA 3. EJERCICIO C5"
MATES_CCSS,Probabilidad,2024,Reserva 3,Ejercicio C6,"El 75% de los estudiantes de un centro aprueba la asignatura A y un 55% aprueba la
asignatura B. Además, un 35% del total de estudiantes aprueba ambas. Elegido un estudiante
al azar de este centro, calcule las siguientes probabilidades:
a) No apruebe B sabiendo que ha aprobado A.
b) Aprueba alguna de estas asignaturas.
c) No apruebe ni AniB.
d) Haya aprobado A si se sabe que ha aprobado alguna de estas dos asignaturas.
e) Estudie si los sucesos “aprobar 4” y “aprobar B” son independientes.
SOCIALES II. 2024 RESERVA 3. EJERCICIO C6"
MATES_CCSS,Probabilidad,2024,Reserva 4,Ejercicio Cs,"En cierta localidad el 30% de los habitantes profesan la religión A y el 50% profesan otras
religiones diferentes de A. De los que profesan la religión A el 40% son mujeres. De las mujeres
el 25% profesa la religión A. Se elige un habitante al azar de esa localidad. Calcule la
probabilidad de que:
a) No profese ninguna religión.
b) Sea hombre.
c) Solo verifique uno de los siguientes sucesos: ""profesa la religión A""; ""es mujer"".
SOCIALES II. 2024. RESERVA 4. EJERCICIO CS"
MATES_CCSS,Probabilidad,2024,Reserva 4,Ejercicio C6,"En una empresa, el 30% de los empleados ejercen de economistas y el 25% ejercen de abogados.
El 75% de los economistas y el 60% de los abogados ocupan puestos directivos, mientras que, de
los empleados que no ejercen ni de economistas ni de abogados, el 15% ocupa un puesto directivo.
Seleccionado un empleado al azar de esta empresa, calcule la probabilidad de que:
a) No ocupe un puesto directivo.
b) Ejerza de economista sabiendo que ocupa un puesto directivo.
SOCIALES II. 2024 RESERVA 4. EJERCICIO C6"
MATES_CCSS,Probabilidad,2024,Julio,Ejercicio Cs,"El 7% de los habitantes de una ciudad no tienen coche ni moto. De entre los que tienen coche el
36% tienen moto y de entre los que no tienen coche el 28% no tienen moto. Se elige al azar un
habitante de esa ciudad:
a) Calcule la probabilidad de que solo tenga uno de los dos vehículos.
b) Calcule la probabilidad de que al menos tenga uno de los dos vehículos.
c) Si tiene coche, ¿cuál es la probabilidad de que no tenga moto?.
d) ¿Son independientes los sucesos “tener coche” y “no tener moto”?¿Son incompatibles?
SOCIALES II. 2024. JULIO. EJERCICIO CS"
MATES_CCSS,Probabilidad,2024,Julio,Ejercicio C6,"Se ha realizado un estudio a personas que están teletrabajando actualmente. De estos, el 72%
trabajan por cuenta ajena con contrato indefinido, el 11% lo hacen por cuenta ajena con contrato
temporal y el resto trabajan por cuenta propia. El 87% de los que tienen contrato indefinido y el
86% de los que trabajan por cuenta propia piensan que el teletrabajo mejora la conciliación
familiar. Además, este estudio ha revelado que el 12”51% de los trabajadores opinan que el
teletrabajo no mejora la conciliación familiar. Seleccionado un teletrabajador al azar, determine
la probabilidad de que:
a) Opine que el teletrabajo sí mejora la conciliación familiar sabiendo que tienen un contrato
temporal.
b) No esté trabajando por cuenta propia sabiendo que opina que el teletrabajo mejora la
conciliación familiar.
SOCIALES II. 2024 JULIO. EJERCICIO C6"
MATES_CCSS,Probabilidad,2024,Modelo,Ejercicio 3A,"Para tratar cierta enfermedad, en un hospital se utilizan tres fármacos distintos, A, B y C,
administrándose a cada enfermo un solo fármaco. El 30% de los pacientes es tratado con el
fármaco A, el 50% es tratado con el B y el resto con el fármaco C. La probabilidad de que la
enfermedad se cure con el fármaco A es de 0.6, de que se cure con el fármaco B es de 0.8 y de que
se cure con el fármaco C es de 0.7. Se elige al azar un paciente de ese hospital con esa enfermedad.
a) Calcule la probabilidad de que el paciente se cure.
b) Sabiendo que el paciente se ha curado, ¿cuál es la probabilidad de que haya sido tratado con el
fármaco A?
SOCIALES II. 2024 MODELO. EJERCICIO 3A"
MATES_CCSS,Probabilidad,2025,Junio,Ejercicio C4,"En una casa con trastero viven tres personas y cada una tiene un llavero con las llaves de la casa.
El primer llavero contiene 7 llaves, el segundo 8 y el tercer 5. En cada uno de los llaveros hay una
única llave que abre el trastero. Otra persona necesita abrir el trastero y, para ello, selecciona un
llavero al azar y, de este, elige una llave aleatoriamente e intenta abrirlo. Calcule la probabilidad
de que:
a) No haya acertado con la llave seleccionada.
b) El llavero sea el tercero y la llave abra el trastero.
c) Sabiendo que la llave elegida abre el trastero, esta pertenezca al primer o al tercer llavero.
d) Si la llave no abre el trastero, esta no pertenezca al primer llavero.
SOCIALES II. 2025. JUNIO. EJERCICIO C4"
MATES_CCSS,Probabilidad,2025,Reserva 1,Ejercicio Cs,"Un nuevo servicio de streaming utiliza un algoritmo para recomendar películas a sus usuarios en
función de las películas vistas anteriormente. Como la plataforma es de reciente creación, solo
tiene disponibles tres géneros: ciencia ficción, terror y musicales. El 62% de las películas
disponibles son de ciencia ficción, la cuarta parte son de terror y el resto musicales. De las películas
de ciencia ficción, el algoritmo hace una recomendación correcta en el 70% de las ocasiones, de las
de terror,el 75% de las veces y de los musicales, el 15% . Un usuario selecciona al azar una película
de su lista de recomendaciones:
a) ¿Cuáles la probabilidad de que el algoritmo haya hecho una recomendación correcta?
b) Si no ha sido recomendada correctamente, ¿qué probabilidad hay de que la película sea de
terror?
c) De las recomendaciones correctas del género de ciencia ficción, el usuario queda satisfecho con
la elección de la película en el 55% de las ocasiones. ¿Qué probabilidad hay de que la película sea
de ciencia ficción, esté recomendada correctamente y el usuario haya quedado satisfecho?
SOCIALES II. 2025. RESERVA 1. EJERCICIO CS"
MATES_CCSS,Probabilidad,2025,Reserva 2,Ejercicio C5,"Una encuesta realizada a personas que utilizan productos de cosmética arroja los siguientes
datos: el 66% de las personas encuestadas son mujeres y, de estas, el 71 % utilizan cosmética
natural. Además, se sabe que el 1786 % son hombres que no utilizan cosmética natural. Se
selecciona una de estas personas al azar.
a) Calcule la probabilidad de que sea mujer o use cosmética natural.
b) Calcule la probabilidad de que sea hombre y utilice cosmética natural.
c) Sabiendo que no usa cosmética natural, calcule la probabilidad de que sea hombre.
d) ¿Son sucesos incompatibles "" utilizar cosmética natural"" y "" ser mujer"" ? ¿Son independientes?
SOCIALES II. 2025 RESERVA 2. EJERCICIO C5"
MATES_CCSS,Probabilidad,2025,Reserva 3,Ejercicio C5,"En un estudio sobre la presencia de mujeres en las empresas tecnológicas se observa que el 20 %
de los operarios, el 40 % de los ingenieros y el 30 % de los directivos son mujeres. Se sabe que
en estas empresas el 20 % de las plantillas son directivos, el 35 % son ingenieros y el resto son
operarios. Se elige un trabajador al azar de una de estas empresas.
a) ¿Cuáles la probabilidad de que no sea un operario y sea mujer?
b) Si el trabajador elegido no es un operario, ¿cuál es la probabilidad de que sea mujer?
c) Si el trabajador elegido es hombre, ¿a qué colectivo es más probable que pertenezca?
SOCIALES II. 2025 RESERVA 3. EJERCICIO C5"
MATES_CCSS,Probabilidad,2025,Reserva 4,Ejercicio C4,"Una empresa de tecnología fabrica tres modelos de teléfonos móviles: Básico, Intermedio y
Premium. Cada modelo puede estar fabricado con uno de los siguientes tipos de pantalla: Ao B.
El 35 % de los móviles fabricados por esta empresa son del modelo Básico, el 45 % son del
Intermedio y el resto son Premium. Se sabe que el 80 % de los móviles fabricados del modelo
Básico tienen una pantalla del tipo A, mientras que en el modelo Premium solo un 5 % dispone
de esta pantalla. Finalmente, el 53 % de los teléfonos producidos tienen pantalla del tipo A. Se
selecciona un teléfono al azar de la línea de producción. Determine la probabilidad de que:
a) Tenga una pantalla del tipo A sabiendo que es del modelo Intermedio.
b) Sea del modelo Intermedio sabiendo que tiene pantalla del tipo A
SOCIALES II. 2025 RESERVA 4. EJERCICIO C4"
MATES_CCSS,Probabilidad,2025,Reserva 4,Ejercicio C5,"El 20 % de los estudiantes de danza de una localidad andaluza están matriculados en la escuela
A y el resto en la B. En estas escuelas se practica danza clásica y moderna y cada estudiante solo
se puede matricular en una de estas dos especialidades. De los matriculados en A,el 70 % practica
danza clásica y el resto danza moderna. Se sabe también que el 32 % de los estudiantes de danza
son de la escuela B y practican danza clásica. Elegido al azar un estudiante de danza de la
localidad, calcule la probabilidad de que:
a) Practique danza clásica.
b) Practique danza moderna si es de la escuela B.
c) Estudie en la escuela B si resulta ser un estudiante de danza moderna.
d) Sea de la escuela A, practique danza clásica y realice un Máster, sabiendo que el 80 % de los
estudiantes de danza clásica de la escuela A realiza un Máster
SOCIALES II. 2025 RESERVA 4. EJERCICIO C5"
MATES_CCSS,Probabilidad,2025,Julio,Ejercicio Cs,"Los alumnos de un colegio de una localidad andaluza van a realizar una excursión a la estación de
esquí de Sierra Nevada desplazándose en tres autobuses A, B y C. En el autobús A se desplazan
cuatro novenos de los alumnos de la excursión, en el B se desplaza la tercera parte y el resto vanen
el autobús C. Se sabe que el 65% de los alumnos que viajan en el autobús A y el 40% de los del
autobús B no sabe esquiar y todos los del autobús C sí que saben esquiar. Se escoge al azar a uno
de los alumnos de la excursión. Calcule la probabilidad de que:
a) Sepa esquiar.
b) Viaje en el autobús C, si sabe esquiar.
c) Sepa esquiar y no viaje en el autobús B.
SOCIALES II. 2025. JULIO. EJERCICIO CS"
