id,año,convocatoria,ejercicio,opcion,enunciado,imagen,aviso,asignatura
mates_2001_Junio_3,2001,Junio,3,,"Dos urnas A y B, que contienen bolas de colores, tienen la siguiente composición: A : 5 blancas, 3 negras y 2 rojas; B : 4 blancas y 6 negras También tenemos un dado que tiene 4 caras marcadas con la letra A y las otras dos con la letra B. Tiramos el dado y sacamos una bola al azar de la urna que indica el dado.
a) ¿Cuál es la probabilidad de que esa bola sea blanca?
b) ¿Cuál es la probabilidad de que esa bola sea roja?
c) La bola extraída ha resultado ser blanca, ¿cuál es la probabilidad de que proceda de la urna B? SOCIALES II. 2001. JUNIO. EJERCICIO 3. PARTE I. OPCIÓN A",enunciados_PNG/2001 - Probabilidad_png/2001_junio_3.png,,mates
mates_2001_Junio_3,2001,Junio,3,,"En el experimento aleatorio de lanzar una moneda tres veces se consideran los siguientes sucesos: A: “sacar al menos una cara y una cruz”. B: “sacar a lo sumo una cara”.
a) Determine el espacio muestral asociado a ese experimento y los sucesos A y B.
b) ¿Son independientes ambos sucesos?. SOCIALES II. 2001. JUNIO. EJERCICIO 3. PARTE I. OPCIÓN B",enunciados_PNG/2001 - Probabilidad_png/2001_junio_3_2.png,,mates
mates_2001_Reserva 2_3,2001,Reserva 2,3,,"D os cajas, A y B, tienen el siguiente contenido: La A: 5 monedas de 1 euro y 3 de 10 pesetas. La B: 4 monedas de 1 euro, 4 de 10 pesetas y 2 de 25 pesetas. D e una de las cajas elegida al azar, se extrae una moneda. a ) ¿Cuál es la probabilidad de que sea de 1 euro? b ) Si la moneda extraída resulta ser de 10 pesetas, ¿cuál es la probabilidad de que proceda de la c aja B? S OCIALES II. 2001. RESERVA 2. EJERCICIO 3. PARTE I. OPCIÓN A",enunciados_PNG/2001 - Probabilidad_png/2001_reserva_2_3.png,,mates
mates_2001_Reserva 2_3,2001,Reserva 2,3,,"5 La probabilidad de que un jugador A marque un gol de penalti es de , mientras que la de otro 6 4 j ugador B es . Si cada uno lanza un penalti, 5
a) Halle la probabilidad de que marque gol uno solo de los dos jugadores.
b) Halle la probabilidad de que al menos uno marque gol. SOCIALES II. 2001. RESERVA 2. EJERCICIO 3. PARTE I. OPCIÓN B",enunciados_PNG/2001 - Probabilidad_png/2001_reserva_2_3_2.png,,mates
mates_2001_Reserva 3_3,2001,Reserva 3,3,,"1 1 1 Sean A y B dos sucesos tales que P(A) , P(B) y P(AB) . Calcule: 2 3 4 a ) P(A/B)y P(B/ A).
b) P(AB).
c) P(AC B). (AC indica el contrario del suceso A). SOCIALES II. 2001. RESERVA 3. EJERCICIO 3. PARTE I. OPCIÓN A",enunciados_PNG/2001 - Probabilidad_png/2001_reserva_3_3.png,,mates
mates_2001_Reserva 3_3,2001,Reserva 3,3,,E n un cineclub hay 80 películas; 60 son de “acción” y 20 de “terror”. Susana elige una película al a zar y se la lleva. A continuación Luís elige otra película al azar. a ) ¿Cuál es la probabilidad de que tanto Susana como Luís elijan películas de acción? b ) ¿Cuál es la probabilidad de que la película elegida por Luís sea de acción? S OCIALES II. 2001. RESERVA 3. EJERCICIO 3. PARTE I. OPCIÓN B,enunciados_PNG/2001 - Probabilidad_png/2001_reserva_3_3_2.png,,mates
mates_2001_Reserva 4_3,2001,Reserva 4,3,,"E n una ciudad el 60 % de sus habitantes son aficionados al fútbol, el 30 % son aficionados al b aloncesto y el 25 % a ambos deportes. a ) ¿Son independientes los sucesos “ser aficionado al fútbol” y “ser aficionado al baloncesto”?. b ) Si una persona no es aficionada al fútbol, ¿cuál es la probabilidad de que no sea aficionada al b aloncesto? c ) Si una persona no es aficionada al baloncesto, ¿cuál es la probabilidad de que sea aficionada al f útbol? S OCIALES II. 2001. RESERVA 4. EJERCICIO 3. PARTE I. OPCIÓN A",enunciados_PNG/2001 - Probabilidad_png/2001_reserva_4_3.png,,mates
mates_2001_Septiembre_3,2001,Septiembre,3,,"Una caja contiene 10 tornillos, de los que dos son defectuosos.
a) Si vamos extrayendo tornillos, uno tras otro, hasta localizar los dos defectuosos, ¿cuál es la probabilidad de necesitar exactamente tres extracciones para localizarlos?.
b) Si extraemos solo dos tornillos, y el segundo ha resultado ser defectuoso, ¿cuál es la probabilidad de que el primero también lo haya sido?. SOCIALES II. 2001. SEPTIEMBRE. EJERCICIO 3. PARTE I. OPCIÓN A",enunciados_PNG/2001 - Probabilidad_png/2001_septiembre_3.png,,mates
mates_2001_Septiembre_3,2001,Septiembre,3,,"Disponemos de tres dados, uno de los cuales está trucado. La probabilidad de sacar 5 con el dado trucado es 0’25, siendo los otros resultados equiprobables. Se elige un dado al azar y se realiza un lanzamiento con él.
a) Determine la probabilidad de obtener un 2.
b) Dado que ha salido un 2, ¿cuál es la probabilidad de que hayamos elegido el dado trucado?. SOCIALES II. 2001. SEPTIEMBRE. EJERCICIO 3. PARTE I. OPCIÓN B",enunciados_PNG/2001 - Probabilidad_png/2001_septiembre_3_2.png,,mates
mates_2002_Junio_3,2002,Junio,3,,"Los alumnos de Bachillerato de un I.E.S. proceden de 3 localidades A, B y C, siendo un 20% de A, un 30% de B y el resto de C. El 80% de los alumnos de A cursa 1o de Bachillerato y el resto 2o. El 50% de los alumnos de B cursa 1o de Bachillerato y el resto 2o. El 60% de los alumnos de C cursa 1o de Bachillerato y el resto 2o.
a) Seleccionado, al azar, un alumno de Bachillerato de ese I.E.S., ¿cuál es la probabilidad de que sea de 2o?.
b) Si elegimos, al azar, un alumno de Bachillerato de ese I.E.S. y éste es un alumno de 1o, ¿cuál es la probabilidad de que proceda de la localidad B?. SOCIALES II. 2002. JUNIO. EJERCICIO 3. PARTE I. OPCIÓN A",enunciados_PNG/2002 - Probabilidad_png/2002_junio_3.png,,mates
mates_2002_Junio_3,2002,Junio,3,,"S egún la estadística de los resultados en las Pruebas de Acceso en una provincia andaluza, en s eptiembre de 2001, el número de alumnas presentadas es 840, de las que han aprobado un 70% m ientras que el número de alumnos presentados es 668, habiendo aprobado un 75% de éstos. a ) Elegida, al azar, una persona presentada a las Pruebas, ¿cuál es la probabilidad de que haya a probado?. b ) Sabiendo que una persona ha aprobado, ¿cuál es la probabilidad de que sea varón?. S OCIALES II. 2002. JUNIO. EJERCICIO 3. PARTE I. OPCIÓN B",enunciados_PNG/2002 - Probabilidad_png/2002_junio_3_2.png,,mates
mates_2002_Reserva 2_3,2002,Reserva 2,3,,"E l despertador de Pedro no funciona bien, pues el 20 % de las veces no suena. Cuando suena, P edro llega tarde a clase con probabilidad 0’2; pero si no suena, la probabilidad de que llegue t arde a clase es 0’9. a ) Calcule la probabilidad de que Pedro llegue a tiempo. b ) Determine la probabilidad de que el despertador haya funcionado bien, si sabemos que Pedro h a llegado tarde a clase. S OCIALES II. 2002. RESERVA 2. EJERCICIO 3. PARTE I. OPCIÓN A",enunciados_PNG/2002 - Probabilidad_png/2002_reserva_2_3.png,,mates
mates_2002_Reserva 2_3,2002,Reserva 2,3,,"L as instalaciones de un club tienen una sala de medios audiovisuales y una de informática. El 6 0% de los socios utiliza la 1a, el 30 % la 2a y el 20 % ambas. a ) Calcule la probabilidad de que un socio, elegido al azar, no utilice ninguna de las dos salas. b ) Si se sabe que un socio utiliza la sala de audiovisuales, ¿cuál es la probabilidad de que no u tilice la de informática? S OCIALES II. 2002. RESERVA 2. EJERCICIO 3. PARTE I. OPCIÓN B",enunciados_PNG/2002 - Probabilidad_png/2002_reserva_2_3_2.png,,mates
mates_2002_Reserva 3_3,2002,Reserva 3,3,,"E n un colectivo de personas, el 80 % tiene más de 35 años. De los mayores de 35 años, el 40 % s on mujeres. De los que no han superado los 35 años, el 45 % son hombres. S e elige una persona, al azar, de ese colectivo. a ) ¿Cuál es la probabilidad de que sea mujer? b ) ¿Cuál es la probabilidad de que no haya superado los 35 años sabiendo que se ha elegido un h ombre? S OCIALES II. 2002. RESERVA 3. EJERCICIO 3. PARTE I. OPCIÓN A",enunciados_PNG/2002 - Probabilidad_png/2002_reserva_3_3.png,,mates
mates_2002_Reserva 3_3,2002,Reserva 3,3,,"D e una bolsa que contiene 4 monedas de 2 euros, 5 de 1 euro y 3 de 0’20 euros, se extraen dos m onedas, al azar, sucesivamente y sin devolverlas a la bolsa. a ) Calcule las probabilidades de los siguientes sucesos: A = “la suma de las dos monedas es inferior a 2’20 euros”. B = “al menos una de las dos monedas es de 0’20 euros”. b ) Razone si esos dos sucesos son independientes. S OCIALES II. 2002. RESERVA 3. EJERCICIO 3. PARTE I. OPCIÓN B",enunciados_PNG/2002 - Probabilidad_png/2002_reserva_3_3_2.png,,mates
mates_2002_Reserva 4_3,2002,Reserva 4,3,,"S e dispone de una baraja española de 40 cartas (10 de oros, 10 de copas, 10 de espadas y 10 de b astos). Se saca una carta, al azar, y, sin devolverla, se saca otra, al azar. a ) Calcule la probabilidad de que ninguna de las dos cartas sea de oros. b ) Sabiendo que la 2a carta extraída ha sido de copas, calcule la probabilidad de que también lo f uera la primera. S OCIALES II. 2002. RESERVA 4. EJERCICIO 3. PARTE I. OPCIÓN A",enunciados_PNG/2002 - Probabilidad_png/2002_reserva_4_3.png,,mates
mates_2002_Septiembre_3,2002,Septiembre,3,,"El partido A y el partido B concurren a unas elecciones en un municipio donde el 55 % de los votantes son mujeres. Se sabe que el 40 % de los hombres votan al partido A y el 50 % al B. El 60 % de las mujeres votan al partido A y el 20 % al B. El resto de electores no vota.
a) Halle la probabilidad de que una persona, elegida al azar, no vote.
b) Sabiendo que una persona, elegida al azar, ha votado al partido A, halle la probabilidad de que sea mujer. SOCIALES II. 2002. SEPTIEMBRE. EJERCICIO 3. PARTE I. OPCIÓN A",enunciados_PNG/2002 - Probabilidad_png/2002_septiembre_3.png,,mates
mates_2002_Septiembre_3,2002,Septiembre,3,,"En una ciudad, el 60 % de los niños usa zapatillas deportivas, el 50 % usa ropa deportiva y el 20 % usa ambas prendas.
a) ¿Cuál es la probabilidad de que un niño, elegido al azar, no use ninguna de las dos prendas?
b) Si un niño usa zapatillas deportivas, ¿cuál es la probabilidad de que no use ropa deportiva? SOCIALES II. 2002. SEPTIEMBRE. EJERCICIO 3. PARTE I. OPCIÓN B",enunciados_PNG/2002 - Probabilidad_png/2002_septiembre_3_2.png,,mates
mates_2003_Junio_3,2003,Junio,3,,"Blanca y Alfredo escriben, al azar, una vocal cada uno en papeles distintos.
a) Determine el espacio muestral asociado al experimento.
b) Calcule la probabilidad de que no escriban la misma vocal. SOCIALES II. 2003. JUNIO. EJERCICIO 3. PARTE I. OPCIÓN A",enunciados_PNG/2003 - Probabilidad_png/2003_junio_3.png,,mates
mates_2003_Junio_3,2003,Junio,3,,"El 70% de los alumnos de un Instituto son de Bachillerato y el resto de E.S.O. De los alumnos de Bachillerato, el 60% estudia más de 3 horas al día, y sólo el 30% de los de E.S.O. estudia más de 3 horas al día.
a) Calcule la probabilidad de que un alumno de dicho Instituto, elegido al azar, estudie más de 3 horas al día.
b) Sabiendo que un alumno de ese Instituto, elegido al azar, estudia más de 3 horas al día, ¿cuál es la probabilidad de que sea de Bachillerato?. SOCIALES II. 2003. JUNIO. EJERCICIO 3. PARTE I. OPCIÓN B",enunciados_PNG/2003 - Probabilidad_png/2003_junio_3_2.png,,mates
mates_2003_Reserva 2_3,2003,Reserva 2,3,,"D e dos sucesos A y B, asociados a un mismo experimento aleatorio, se conocen las probabilidades P(B) 0'7, P(A/B)0'8y P(ABC)0'24. C alcule:
a) P(AB);
b) P(A);
c) Determine si A y B son independientes. SOCIALES II. 2003. RESERVA 2. EJERCICIO 3. PARTE I. OPCIÓN A",enunciados_PNG/2003 - Probabilidad_png/2003_reserva_2_3.png,,mates
mates_2003_Reserva 2_3,2003,Reserva 2,3,,"E n un hospital se han producido 200 nacimientos en un mes. De ellos, 105 son varones y, de éstos, 2 1 tienen los ojos azules. Asimismo se ha observado que 38 de las niñas nacidas en ese mes tienen l os ojos azules. S e elige, al azar, un recién nacido entre los 200 citados. a ) Calcule la probabilidad de que tenga los ojos azules. b ) Si el recién nacido que se elige tiene los ojos azules, ¿cuál es la probabilidad de que sea un v arón?. S OCIALES II. 2003. RESERVA 2. EJERCICIO 3. PARTE I. OPCIÓN B",enunciados_PNG/2003 - Probabilidad_png/2003_reserva_2_3_2.png,,mates
mates_2003_Reserva 3_3,2003,Reserva 3,3,,"E l 55% de la población española son mujeres, de las cuales un 23% usa el coche para ir al t rabajo. Se sabe que la probabilidad de que una persona, sea hombre o mujer, vaya al trabajo en c oche es 0’52. a ) Elegido un hombre, al azar, ¿cuál es la probabilidad de que utilice el coche para desplazarse al t rabajo?. b ) Si se elige una persona, al azar, y resulta que no utiliza el coche para ir al trabajo, calcule la p robabilidad de que sea mujer. S OCIALES II. 2003. RESERVA 3. EJERCICIO 3. PARTE I. OPCIÓN A",enunciados_PNG/2003 - Probabilidad_png/2003_reserva_3_3.png,,mates
mates_2003_Reserva 3_3,2003,Reserva 3,3,,"En una biblioteca sólo hay libros de física y de matemáticas, que están escritos en inglés o en español. Se sabe que el 70% de los libros son de física, el 80% de los libros están escritos en español y el 10% son libros de matemáticas escritos en inglés.
a) Calcule qué tanto por ciento de los libros son de física y escritos en español.
b) Si escogemos un libro de física, ¿cuál es la probabilidad de que esté escrito en español?. SOCIALES II. 2003. RESERVA 3. EJERCICIO 3. PARTE I. OPCIÓN B",enunciados_PNG/2003 - Probabilidad_png/2003_reserva_3_3_2.png,,mates
mates_2003_Reserva 4_3,2003,Reserva 4,3,,"E n un curso, el porcentaje de aprobados en Lengua es del 65% y en Filosofía del 50%. Se sabe q ue la probabilidad P(F /L)0'7, siendo F y L los sucesos “aprobar Filosofía” y “aprobar L engua”, respectivamente. a ) Calcule P(L/F). b ) Halle la probabilidad de no aprobar ninguna de las dos asignaturas. S OCIALES II. 2003. RESERVA 4. EJERCICIO 3. PARTE I. OPCIÓN A",enunciados_PNG/2003 - Probabilidad_png/2003_reserva_4_3.png,,mates
mates_2003_Septiembre_3,2003,Septiembre,3,,"Una máquina A fabrica 100 piezas al día, de las cuales un 6% son defectuosas. Otra máquina B fabrica 50 piezas al día, con un porcentaje de defectuosas del 2%. Mezclamos las piezas fabricadas por ambas máquinas en un día y extraemos una al azar.
a) ¿Cuál es la probabilidad de que la pieza extraída sea defectuosa?.
b) Sabiendo que la pieza extraída es defectuosa, ¿cuál es la probabilidad de que la haya fabricado la máquina B?. SOCIALES II. 2003. SEPTIEMBRE. EJERCICIO 3. PARTE I. OPCIÓN A",enunciados_PNG/2003 - Probabilidad_png/2003_septiembre_3.png,,mates
mates_2003_Septiembre_3,2003,Septiembre,3,,"Sean A y B dos sucesos aleatorios independientes. Se sabe que P(A) 0'3; P(B) 0'4. Calcule las siguientes probabilidades:
a) P(AB) ;
b) P(A/BC) SOCIALES II. 2003. SEPTIEMBRE. EJERCICIO 3. PARTE I. OPCIÓN B",enunciados_PNG/2003 - Probabilidad_png/2003_septiembre_3_2.png,,mates
mates_2004_Junio_3,2004,Junio,3,,"María y Laura idean el siguiente juego: cada una lanza un dado, si en los dos dados sale el mismo número, gana Laura; si la suma de ambos es 7, gana María; y en cualquier otro caso hay empate.
a) Calcule la probabilidad de que gane Laura.
b) Calcule la probabilidad de que gane María. SOCIALES II. 2004. JUNIO. EJERCICIO 3. PARTE I. OPCIÓN A",enunciados_PNG/2004 - Probabilidad_png/2004_junio_3.png,,mates
mates_2004_Junio_3,2004,Junio,3,,"Dados los sucesos aleatorios A y B, se sabe que: 3 1 P(BC) y P(A) P(A B) 4 3 a ) Razone si los sucesos A y B son independientes. b ) Calcule P(AB) S OCIALES II. 2004. JUNIO. EJERCICIO 3. PARTE I. OPCIÓN B",enunciados_PNG/2004 - Probabilidad_png/2004_junio_3_2.png,,mates
mates_2004_Reserva 2_3,2004,Reserva 2,3,,"U na urna contiene 5 bolas rojas y 3 verdes. Se extrae una bola y se reemplaza por 2 bolas del o tro color. A continuación, se extrae una segunda bola. Calcule: a ) La probabilidad de que la segunda bola sea verde. b ) La probabilidad de que la primera haya sido roja, sabiendo que la segunda también ha sido r oja. S OCIALES II. 2004. RESERVA 2. EJERCICIO 3. PARTE I. OPCIÓN A",enunciados_PNG/2004 - Probabilidad_png/2004_reserva_2_3.png,,mates
mates_2004_Reserva 2_3,2004,Reserva 2,3,,"E l despertador de un trabajador suena en el 80% de los casos. Si suena, la probabilidad de que l legue puntual al trabajo es 0’9; si no suena, llega tarde el 50% de las veces. a ) ¿Cuál es la probabilidad de que llegue puntual? b ) Si llega tarde, ¿cuál es la probabilidad de que no haya sonado el despertador? S OCIALES II. 2004. RESERVA 2. EJERCICIO 3. PARTE I. OPCIÓN B",enunciados_PNG/2004 - Probabilidad_png/2004_reserva_2_3_2.png,,mates
mates_2004_Reserva 3_3,2004,Reserva 3,3,,"E n una universidad española el 30% de los estudiantes son extranjeros y, de éstos, el 15% están b ecados. De los estudiantes españoles, sólo el 8% tienen beca. Si se elige, al azar, un alumno de e sa universidad: a ) ¿Cuál es la probabilidad de que sea español y no tenga beca? b ) Calcule la probabilidad de que sea extranjero, sabiendo que tiene beca. S OCIALES II. 2004. RESERVA 3. EJERCICIO 3. PARTE I. OPCIÓN A",enunciados_PNG/2004 - Probabilidad_png/2004_reserva_3_3.png,,mates
mates_2004_Reserva 3_3,2004,Reserva 3,3,,"E n un centro de Bachillerato, los alumnos de 1o son el 60% del total, y los de 2o el 40% restante. D e todos ellos, el 46% posee móvil y el 18% son de 1o y tienen móvil. a ) Calcule la probabilidad de que un alumno de 1o, elegido al azar, posea móvil. b ) Elegido un alumno, al azar, resulta que tiene móvil, ¿cuál es la probabilidad de que sea de 2o? S OCIALES II. 2004. RESERVA 3. EJERCICIO 3. PARTE I. OPCIÓN B",enunciados_PNG/2004 - Probabilidad_png/2004_reserva_3_3_2.png,,mates
mates_2004_Reserva 4_3,2004,Reserva 4,3,,"E n cierto barrio hay dos panaderías. El 40% de la población compra en la panadería A, el 25% e n la B, y el 15% en ambas. Se escoge una persona al azar: a ) ¿Cuál es la probabilidad de que esta persona compre en A y no compre en B ? b ) Si esta persona es cliente de A, ¿cuál es la probabilidad de que también sea cliente de B? c ) ¿Cuál es la probabilidad de que no sea cliente de A ni de B? d ) ¿Son independientes los sucesos “ser cliente de A” y “ser cliente de B”? S OCIALES II. 2004. RESERVA 4. EJERCICIO 3. PARTE I. OPCIÓN A",enunciados_PNG/2004 - Probabilidad_png/2004_reserva_4_3.png,,mates
mates_2004_Septiembre_3,2004,Septiembre,3,,"Consideramos el experimento aleatorio de lanzar dos dados distintos y anotar el producto de sus puntuaciones.
a) ¿Cuál es la probabilidad de que dicho producto sea igual a 6?.
b) Si sabemos que el producto ha sido 4, ¿cuál es la probabilidad de que hayan salido los dos dados con la misma puntuación?. SOCIALES II. 2004. SEPTIEMBRE. EJERCICIO 3. PARTE I. OPCIÓN A",enunciados_PNG/2004 - Probabilidad_png/2004_septiembre_3.png,,mates
mates_2004_Septiembre_3,2004,Septiembre,3,,"En una ciudad, el 40% de sus habitantes lee el diario A, el 25% lee el diario B y el 50% lee al menos uno de los dos diarios.
a) Los sucesos “leer el diario A” y “leer el diario B” ¿son independientes?.
b) Entre los que leen el diario A,¿qué porcentaje lee también el diario B?.
c) Entre los que leen, al menos, un diario ¿Qué porcentaje lee los dos?.
d) Entre los que no leen el diario A,¿qué porcentaje lee el diario B?. SOCIALES II. 2004. SEPTIEMBRE. EJERCICIO 3. PARTE I. OPCIÓN B",enunciados_PNG/2004 - Probabilidad_png/2004_septiembre_3_2.png,,mates
mates_2005_Junio_3,2005,Junio,3,,"En un juego se sortea cada día un premio utilizando papeletas con tres cifras, numeradas del 000 al 999.
a) Calcule la probabilidad de que el número premiado termine en 5.
b) Calcule la probabilidad de que el número premiado termine en 55.
c) Sabiendo que ayer salió premiado un número terminado en 5, calcule la probabilidad de que el número premiado hoy también termine en 5. SOCIALES II. 2005. JUNIO. EJERCICIO 3. PARTE I. OPCIÓN A",enunciados_PNG/2005 - Probabilidad_png/2005_junio_3.png,,mates
mates_2005_Junio_3,2005,Junio,3,,"U na bolsa contiene tres cartas: una es roja por las dos caras, otra tiene una cara blanca y otra roja, y la tercera tiene una cara negra y otra blanca. Se saca una carta al azar y se muestra, también al a zar, una de sus caras. a ) ¿Cuál es la probabilidad de que la cara mostrada sea roja? b ) ¿Cuál es la probabilidad de que la cara mostrada sea blanca?. c ) Si la cara mostrada es blanca, ¿cuál es la probabilidad de que la otra cara sea roja? S OCIALES II. 2005. JUNIO. EJERCICIO 3. PARTE I. OPCIÓN B",enunciados_PNG/2005 - Probabilidad_png/2005_junio_3_2.png,,mates
mates_2005_Reserva 2_3,2005,Reserva 2,3,,"E n una agrupación musical el 60% de sus componentes son mujeres. El 20% de las mujeres y el 3 0% de los hombres de la citada agrupación están jubilados. a ) ¿Cuál es la probabilidad de que un componente de la agrupación, elegido al azar, esté j ubilado? b ) Sabiendo que un componente de la agrupación, elegido al azar, está jubilado ¿cuál es la p robabilidad de que sea mujer? S OCIALES II. 2005. RESERVA 2. EJERCICIO 3. PARTE I. OPCIÓN A",enunciados_PNG/2005 - Probabilidad_png/2005_reserva_2_3.png,,mates
mates_2005_Reserva 2_3,2005,Reserva 2,3,,"S ean A y B dos sucesos del mismo experimento aleatorio tales que: 1 1 1 P(A) , P(B) y P(AB) . 6 3 2 a ) ¿Son A y B incompatibles? ¿Son independientes? b ) Calcule PA/(AB) SOCIALES II. 2005. RESERVA 2. EJERCICIO 3. PARTE I. OPCIÓN B",enunciados_PNG/2005 - Probabilidad_png/2005_reserva_2_3_2.png,,mates
mates_2005_Reserva 3_3,2005,Reserva 3,3,,"E n una urna hay 1 bola blanca, 3 rojas y 4 verdes. Se considera el experimento que consiste en s acar primero una bola, si es blanca se deja fuera, y si no lo es se vuelve a introducir en la urna; a c ontinuación se extrae una segunda bola y se observa su color. a ) ¿Cuál es la probabilidad de que salgan 2 bolas del mismo color? b ) ¿Cuál es la probabilidad de que la bola blanca salga en la 2a extracción? S OCIALES II. 2005. RESERVA 3. EJERCICIO 3. PARTE I. OPCIÓN A",enunciados_PNG/2005 - Probabilidad_png/2005_reserva_3_3.png,,mates
mates_2005_Reserva 3_3,2005,Reserva 3,3,,"Sean A y B dos sucesos independientes tales que P(A)0'4 y P(AB)0'05
a) Calcule P(B)
b) Calcule P(ABc)
c) Sabiendo que no ha sucedido B, calcule la probabilidad de que suceda A. SOCIALES II. 2005. RESERVA 3. EJERCICIO 3. PARTE I. OPCIÓN B",enunciados_PNG/2005 - Probabilidad_png/2005_reserva_3_3_2.png,,mates
mates_2005_Reserva 4_3,2005,Reserva 4,3,,"E n un concurso se dispone de cinco sobres; dos de ellos contienen premio y los otros tres no. Se p ide a un primer concursante que escoja un sobre y observe si tiene premio, y a un segundo c oncursante que elija otro de los restantes y observe si tiene premio. a ) Escriba el conjunto de resultados posibles asociado a este experimento e indique la p robabilidad de cada uno de ellos. b ) ¿Qué probabilidad tiene el segundo concursante de obtener premio? ¿Cuál es la probabilidad d e que ambos concursantes obtengan premio? S OCIALES II. 2005. RESERVA 4. EJERCICIO 3. PARTE I. OPCIÓN A",enunciados_PNG/2005 - Probabilidad_png/2005_reserva_4_3.png,,mates
mates_2005_Septiembre_3,2005,Septiembre,3,,"Sean A y B dos sucesos independientes tales que P(B)0'05 y P(A/B)0'35.
a) ¿Cuál es la probabilidad de que suceda al menos uno de ellos?.
b) ¿Cuál es la probabilidad de que ocurra el suceso A pero no el B?. SOCIALES II. 2005. SEPTIEMBRE. EJERCICIO 3. PARTE I. OPCIÓN A",enunciados_PNG/2005 - Probabilidad_png/2005_septiembre_3.png,,mates
mates_2005_Septiembre_3,2005,Septiembre,3,,"En un determinado curso el 60% de los estudiantes aprueban Economía y el 45% aprueban Matemáticas. Se sabe además que la probabilidad de aprobar Economía habiendo aprobado Matemáticas es 0’75.
a) Calcule el porcentaje de estudiantes que aprueban las dos asignaturas.
b) Entre lo que aprueban Economía ¿qué porcentaje aprueba Matemáticas?. SOCIALES II. 2005. SEPTIEMBRE. EJERCICIO 3. PARTE I. OPCIÓN B",enunciados_PNG/2005 - Probabilidad_png/2005_septiembre_3_2.png,,mates
mates_2006_Reserva 1_3,2006,Reserva 1,3,,S ean A y B dos sucesos tales que p(Ac)0'60 ; p(B)0'25 y p(AB)0'55 a ) Razone si A y B son independientes. b ) Calcule p(Ac Bc) SOCIALES II. 2006. RESERVA 1. EJERCICIO 3. PARTE I. OPCIÓN A,enunciados_PNG/2006 - Probabilidad_png/2006_reserva_1_3.png,,mates
mates_2006_Reserva 1_3,2006,Reserva 1,3,,U na urna contiene tres bolas azules y cuatro rojas. Se extraen al azar tres bolas sucesivamente c on reemplazamiento. a ) Calcule la probabilidad de que las tres sean del mismo color. b ) Calcule la probabilidad de que dos sean azules y una roja. S OCIALES II. 2006. RESERVA 1. EJERCICIO 3. PARTE I. OPCIÓN B,enunciados_PNG/2006 - Probabilidad_png/2006_reserva_1_3_2.png,,mates
mates_2006_Reserva 2_3,2006,Reserva 2,3,,"U na enfermedad afecta a un 5 % de la población. Se aplica una prueba diagnóstica para detectar d icha enfermedad, obteniéndose el siguiente resultado: Aplicada a personas que padecen la e nfermedad se obtiene un 96 % de resultados positivos, y aplicada a personas que no la padecen s e obtiene un 2 % de resultados positivos. Elegida una persona, al azar, y aplicada la prueba: a ) ¿Cuál es la probabilidad de que se obtenga un resultado positivo? b ) Si se obtiene un resultado positivo, ¿cuál es la probabilidad de que esta persona no padezca la e nfermedad? S OCIALES II. 2006. RESERVA 2. EJERCICIO 3. PARTE I. OPCIÓN A",enunciados_PNG/2006 - Probabilidad_png/2006_reserva_2_3.png,,mates
mates_2006_Reserva 2_3,2006,Reserva 2,3,,"U na urna A contiene diez bolas numeradas del 1 al 10, y otra urna B contiene ocho bolas n umeradas del 1 al 8. S e escoge una urna al azar y se saca una bola. a ) ¿Cuál es la probabilidad de que la bola extraída tenga el número 2? b ) Si el número de la bola extraída es impar, ¿cuál es la probabilidad de que proceda de la urna B . S OCIALES II. 2006. RESERVA 2. EJERCICIO 3. PARTE I. OPCIÓN B",enunciados_PNG/2006 - Probabilidad_png/2006_reserva_2_3_2.png,,mates
mates_2006_Reserva 3_3,2006,Reserva 3,3,,"S e dispone de dos urnas A y B. En la urna A hay diez bolas, numeradas del 1 al 10 y en la urna B h ay 3 bolas, numeradas del 1 al 3. Se lanza una moneda, si sale cara se extrae una bola de la urna A y si sale cruz se extrae de la B. a ) Calcule la probabilidad de obtener cara y un 5. b ) Halle la probabilidad de obtener un 6. c ) Calcule la probabilidad de obtener un 3. S OCIALES II. 2006. RESERVA 3. EJERCICIO 3. PARTE I. OPCIÓN A",enunciados_PNG/2006 - Probabilidad_png/2006_reserva_3_3.png,,mates
mates_2006_Reserva 3_3,2006,Reserva 3,3,,"S e conocen los siguientes datos de un grupo de personas, relativos al consumo de un determinado p roducto: Consume No consume Hombre 10 30 Mujer 25 12 S e elige en ese grupo una persona al azar. Calcule la probabilidad de que: a ) Sea mujer. b ) Habiendo consumido el producto, se trate de una mujer. c ) Sea mujer y no consuma el producto. S OCIALES II. 2006. RESERVA 3. EJERCICIO 3. PARTE I. OPCIÓN B",enunciados_PNG/2006 - Probabilidad_png/2006_reserva_3_3_2.png,,mates
mates_2006_Reserva 4_3,2006,Reserva 4,3,,"E n un espacio muestral se tienen dos sucesos independientes, A y B. Se sabe que P(AB)0'18 y P(A/B)0'30. a ) Calcule las probabilidades de A y de B. b ) Calcule la probabilidad de que no ocurra ninguno de esos dos sucesos. S OCIALES II. 2006. RESERVA 4. EJERCICIO 3. PARTE I. OPCIÓN A",enunciados_PNG/2006 - Probabilidad_png/2006_reserva_4_3.png,,mates
mates_2006_Septiembre_3,2006,Septiembre,3,,"Laura tiene un dado con tres caras pintadas de azul y las otras tres de rojo. María tiene otro dado con tres caras pintadas de rojo, dos de verde y una de azul. Cada una tira su dado y observan el color.
a) Describa el espacio muestral asociado y las probabilidades de los sucesos elementales.
b) Si salen los dos colores iguales gana Laura; y si sale el color verde, gana María. Calcule la probabilidad que tiene cada una de ganar. SOCIALES II. 2006. SEPTIEMBRE. EJERCICIO 3. PARTE I. OPCIÓN A",enunciados_PNG/2006 - Probabilidad_png/2006_septiembre_3.png,,mates
mates_2006_Septiembre_3,2006,Septiembre,3,,"De un estudio sobre accidentes de tráfico se dedujeron los siguientes datos: En el 23 % de los casos no se llevaba puesto el cinturón de seguridad, en el 65 % no se respetaron los límites de velocidad permitidos y en el 30 % de los casos se cumplían ambas normas, es decir, llevaban puesto el cinturón y respetaban los límites de velocidad.
a) Calcule la probabilidad de que, en un accidente de tráfico, no se haya cumplido alguna de las dos normas.
b) Razone si son independientes los sucesos “llevar puesto el cinturón” y “respetar los límites de velocidad”. SOCIALES II. 2006. SEPTIEMBRE. EJERCICIO 3. PARTE I. OPCIÓN B",enunciados_PNG/2006 - Probabilidad_png/2006_septiembre_3_2.png,,mates
mates_2007_Junio_3,2007,Junio,3,,"La baraja española consta de diez cartas de oros, diez de copas, diez de espadas y diez de bastos. Se extraen dos cartas. Calcule razonadamente la probabilidad de que, al menos, una de las dos cartas sea de espadas en los siguientes supuestos:
a) Si se extraen las cartas con reemplazamiento.
b) Si se extraen las cartas sin reemplazamiento. SOCIALES II. 2007. JUNIO. EJERCICIO 3. PARTE I. OPCIÓN A",enunciados_PNG/2007 - Probabilidad_png/2007_junio_3.png,,mates
mates_2007_Junio_3,2007,Junio,3,,"En una urna hay cuatro bolas blancas y dos rojas. Se lanza una moneda, si sale cara se extrae una bola de la urna y si sale cruz se extraen, sin reemplazamiento, dos bolas de la urna.
a) Calcule la probabilidad de que se hayan extraído dos bolas rojas.
b) Halle la probabilidad de que no se haya extraido ninguna bola roja. SOCIALES II. 2007. JUNIO. EJERCICIO 3. PARTE I. OPCIÓN B",enunciados_PNG/2007 - Probabilidad_png/2007_junio_3_2.png,,mates
mates_2007_Reserva 1_3,2007,Reserva 1,3,,"Se tienen dos dados, uno (A) con dos caras rojas y cuatro verdes, y otro (B) con dos caras verdes y cuatro rojas. Se lanza una moneda; si sale cara se arroja el dado A y si sale cruz el dado B.
a) Halle la probabilidad de obtener una cara de color rojo.
b) Si sabemos que ha salido una cara de color verde en el dado, ¿cuál es la probabilidad de que en la moneda haya salido cara? SOCIALES II. 2007. RESERVA 1. EJERCICIO 3. PARTE I. OPCIÓN A.",enunciados_PNG/2007 - Probabilidad_png/2007_reserva_1_3.png,,mates
mates_2007_Reserva 1_3,2007,Reserva 1,3,,"En una población, el porcentaje de personas que ven un determinado programa de televisión es del 40%. Se sabe que el 60% de las personas que lo ven tiene estudios superiores y que el 30% de las personas que no lo ven no tiene estudios superiores.
a) Calcule la probabilidad de que una persona vea dicho programa y tenga estudios superiores.
b) Halle la probabilidad de que una persona que tiene estudios superiores vea el citado programa. SOCIALES II. 2007. RESERVA 1. EJERCICIO 3. PARTE I. OPCIÓN B.",enunciados_PNG/2007 - Probabilidad_png/2007_reserva_1_3_2.png,,mates
mates_2007_Reserva 2_3,2007,Reserva 2,3,,En un espacio muestral se consideran dos sucesos A y B tales que 1 1 p(AB)1 ; p(AB) y p(A/B) 6 3 Halle la probabilidad del suceso A y la del suceso B. SOCIALES II. 2007. RESERVA 2. EJERCICIO 3. PARTE I. OPCIÓN A.,enunciados_PNG/2007 - Probabilidad_png/2007_reserva_2_3.png,,mates
mates_2007_Reserva 2_3,2007,Reserva 2,3,,"Un experimento aleatorio consiste en lanzar simultáneamente dos dados con las caras numeradas del 1 al 6. Calcule la probabilidad de cada uno de los siguientes sucesos:
a) Obtener dos unos.
b) Obtener al menos un dos.
c) Obtener dos números distintos.
d) Obtener una suma igual a cuatro. SOCIALES II. 2007. RESERVA 2. EJERCICIO 3. PARTE I. OPCIÓN B.",enunciados_PNG/2007 - Probabilidad_png/2007_reserva_2_3_2.png,,mates
mates_2007_Reserva 3_3,2007,Reserva 3,3,,"El 30% de los clientes de una tienda de música solicita la colaboración de los dependientes y el 20% realiza una compra antes de abandonar la tienda. El 15% de los clientes piden la colaboración de los dependientes y hacen una compra.
a) Calcule la probabilidad de que un cliente ni compre, ni solicite la colaboración de los dependientes.
b) Sabiendo que un cliente ha realizado una compra, ¿cuál es la probabilidad de que no haya solicitado colaboración a los dependientes? SOCIALES II. 2007. RESERVA 3. EJERCICIO 3. PARTE I. OPCIÓN A.",enunciados_PNG/2007 - Probabilidad_png/2007_reserva_3_3.png,,mates
mates_2007_Reserva 4_3,2007,Reserva 4,3,,"Se lanza una moneda tres veces y se consideran los sucesos: A: “Obtener al menos dos veces cara” y B: “Obtener cara en el segundo lanzamiento”.
a) Describa el espacio muestral asociado al experimento. Calcule p(A) y p(AB).
b) Los sucesos A y B, ¿son independientes?, ¿son incompatibles? SOCIALES II. 2007. RESERVA 4. EJERCICIO 3. PARTE I. OPCIÓN A.",enunciados_PNG/2007 - Probabilidad_png/2007_reserva_4_3.png,,mates
mates_2007_Reserva 4_3,2007,Reserva 4,3,,"En un tribunal se han examinado 140 alumnos de un Instituto A y 150 de otro Instituto B. Aprobaron el 80% de los alumnos del A y el 72% del B.
a) Determine el tanto por ciento de alumnos aprobados por ese tribunal.
b) Un alumno, elegido al azar, no ha aprobado, ¿cuál es la probabilidad de que pertenezca al Instituto B? SOCIALES II. 2007. RESERVA 4. EJERCICIO 3. PARTE I. OPCIÓN B.",enunciados_PNG/2007 - Probabilidad_png/2007_reserva_4_3_2.png,,mates
mates_2007_Septiembre_3,2007,Septiembre,3,,"E n un espacio muestral se sabe que para dos sucesos A y B se verifica: P(AB)0'1 ; P(Ac Bc)0'6 ; P(A/B)0'5. a ) Calcule P(B).
b) Calcule P(AB).
c) ¿Son A y B independientes?. SOCIALES II. 2007. SEPTIEMBRE. EJERCICIO 3. PARTE I. OPCIÓN A",enunciados_PNG/2007 - Probabilidad_png/2007_septiembre_3.png,,mates
mates_2007_Septiembre_3,2007,Septiembre,3,,"U na urna A contiene tres bolas azules y cuatro rojas y otra urna B contiene dos bolas azules, dos r ojas y dos negras. Se extrae, al azar, una bola de una de las urnas. a ) Calcule la probabilidad de que la bola extraída sea roja. b ) Si la bola extraída resulta ser azul, ¿cuál es la probabilidad de que proceda de la urna B . S OCIALES II. 2007. SEPTIEMBRE. EJERCICIO 3. PARTE I. OPCIÓN B",enunciados_PNG/2007 - Probabilidad_png/2007_septiembre_3_2.png,,mates
mates_2008_Junio_3,2008,Junio,3,,"a) Sean A y B dos sucesos de un mismo espacio muestral. Sabiendo que p(A)  0'5, que p(B)  0'4 y que p(AB) 0'8, determine p(A/B).
b) Sean C y D dos sucesos de un mismo espacio muestral. Sabiendo que p(C)  0'3, que p(D) 0'8 y que C y D son independientes, determine p(C  D). SOCIALES II. 2008. JUNIO. EJERCICIO 3. PARTE I. OPCIÓN A",enunciados_PNG/2008 - Probabilidad_png/2008_junio_3.png,,mates
mates_2008_Junio_3,2008,Junio,3,,"Se sabe que el 30 % de los individuos de una población tiene estudios superiores; también se sabe que, de ellos, el 95 % tiene empleo. Además, de la parte de la población que no tiene estudios superiores, el 60 % tiene empleo.
a) Calcule la probabilidad de que un individuo, elegido al azar, tenga empleo.
b) Se ha elegido un individuo aleatoriamente y tiene empleo; calcule la probabilidad de que tenga estudios superiores.. SOCIALES II. 2008. JUNIO. EJERCICIO 3. PARTE I. OPCIÓN B",enunciados_PNG/2008 - Probabilidad_png/2008_junio_3_2.png,,mates
mates_2008_Reserva 3_3,2008,Reserva 3,3,,"En un aula de informática hay 20 puestos de ordenador. De ellos, 10 son compartidos y otros 10 son individuales. De los puestos compartidos, hay 3 en los que el ordenador no funciona, de los individuales hay 2 en los que el ordenador no funciona.
a) Seleccionado al azar un puesto en el aula, ¿cuál es la probabilidad de que no funcione el ordenador?.
b) Si se elige al azar un puesto en el que funciona el ordenador, ¿cuál es la probabilidad de que sea compartido?. SOCIALES II. 2008. RESERVA 3. EJERCICIO 3. PARTE I. OPCIÓN A",enunciados_PNG/2008 - Probabilidad_png/2008_reserva_3_3.png,,mates
mates_2008_Reserva 3_3,2008,Reserva 3,3,,"Se dispone de los siguientes datos sobre el equipamiento de los hogares de una ciudad: En el 60% de los hogares se puede ver la TDT (Televisión Digital Terrestre) y el 70% de los hogares dispone de ordenador. De entre los hogares que disponen de ordenador, el 80% puede ver la TDT.
a) ¿Son sucesos independientes “disponer de ordenador” y “poder ver la TDT”?.
b) ¿Qué porcentaje de hogares no disponen de ordenador ni pueden ver la TDT? SOCIALES II. 2008. RESERVA 3. EJERCICIO 3. PARTE I. OPCIÓN B",enunciados_PNG/2008 - Probabilidad_png/2008_reserva_3_3_2.png,,mates
mates_2008_Reserva 4_3,2008,Reserva 4,3,,"Ana y Blas deciden jugar con un dado de la siguiente forma: “Ana lanza el dado y, si saca un 6, gana y se acaba el juego. En caso contrario lanza Blas, que gana si saca un 2 o un 3, y también se acaba el juego. De no ocurrir esto, la partida se acaba sin ganador. Halle la probabilidad de los siguientes sucesos: “gana Ana”, “gana Blas”, “ninguno gana”. SOCIALES II. 2008. RESERVA 4. EJERCICIO 3. PARTE I. OPCIÓN A",enunciados_PNG/2008 - Probabilidad_png/2008_reserva_4_3.png,,mates
mates_2009_Junio_3,2009,Junio,3,,"En un centro escolar, los alumnos de 2o Bachillerato pueden cursar, como asignaturas optativas, Estadística o Diseño Asistido por Ordenador (DAO). El 70% de los alumnos estudia Estadística y el resto DAO. Además, el 60% de los alumnos que estudia Estadística son mujeres y, de los alumnos que estudian DAO son hombres el 70%.
a) Elegido un alumno al azar, ¿cuál es la probabilidad de que sea hombre?.
b) Sabiendo que se ha seleccionado una mujer, ¿cuál es la probabilidad de que estudie Estadística?. SOCIALES II. 2009. JUNIO. EJERCICIO 3. PARTE I. OPCIÓN B",enunciados_PNG/2009 - Probabilidad_png/2009_junio_3.png,,mates
mates_2009_Reserva 1_3,2009,Reserva 1,3,,"7 Lena y Adrián son aficionados al tiro con arco. Lena da en el blanco con probabilidad y 11 9 A drián con probabilidad . Si ambos sucesos son independientes, calcule la probabilidad de los 13 siguientes sucesos:
a) “Ambos dan en el blanco”.
b) “Sólo Lena da en el blanco”.
c) “Al menos uno da en el blanco”. SOCIALES II. 2009. RESERVA 1. EJERCICIO 3. PARTE I. OPCIÓN A",enunciados_PNG/2009 - Probabilidad_png/2009_reserva_1_3.png,,mates
mates_2009_Reserva 1_3,2009,Reserva 1,3,,"U na encuesta realizada por un banco muestra que el 60% de sus clientes tiene un préstamo h ipotecario, el 50% tiene un préstamo personal y el 20% tiene un préstamo de cada tipo. Se elige, a l azar, un cliente de ese banco. a ) Calcule la probabilidad de que no tenga ninguno de los dos préstamos. b ) Calcule la probabilidad de que tenga un préstamo hipotecario, sabiendo que no tiene un p réstamo personal. S OCIALES II. 2009. RESERVA 1. EJERCICIO 3. PARTE I. OPCIÓN B",enunciados_PNG/2009 - Probabilidad_png/2009_reserva_1_3_2.png,,mates
mates_2009_Reserva 2_3,2009,Reserva 2,3,,"S ean A y B dos sucesos de un experimento aleatorio tales que: p(AC)0.2 , p(B)0.25 , p(AB)0.85 a ) ¿Son los sucesos A y B independientes?. b ) Calcule p(AC /BC). SOCIALES II. 2009. RESERVA 2. EJERCICIO 3. PARTE I. OPCIÓN A",enunciados_PNG/2009 - Probabilidad_png/2009_reserva_2_3.png,,mates
mates_2009_Reserva 2_3,2009,Reserva 2,3,,"U n polideportivo dispone de 100 bolas de pádel y 120 bolas de tenis. Se sabe que 65 bolas son n uevas. Además, 75 bolas de pádel son usadas. Por un error, todas las bolas se han mezclado. a ) Calcule la probabilidad de que si elegimos, al azar, una bola de tenis, ésta sea usada. b ) Calcule la probabilidad de que si elegimos, al azar, una bola, sea nueva. S OCIALES II. 2009. RESERVA 2. EJERCICIO 3. PARTE I. OPCIÓN B",enunciados_PNG/2009 - Probabilidad_png/2009_reserva_2_3_2.png,,mates
mates_2009_Reserva 3_3,2009,Reserva 3,3,,"S ean A y B dos sucesos tales que: p(A)0.3 , p(B)0.4 , p(AB)0.65 C onteste razonadamente las siguientes preguntas: a ) ¿Son incompatible A y B?. b ) ¿Son independientes A y B?. c ) Calcule p(A/BC). SOCIALES II. 2009. RESERVA 3. EJERCICIO 3. PARTE I. OPCIÓN A",enunciados_PNG/2009 - Probabilidad_png/2009_reserva_3_3.png,,mates
mates_2009_Reserva 3_3,2009,Reserva 3,3,,"S ean A y B dos sucesos independientes de un mismo experimento aleatorio, tales que: p(A)0.4 , p(B)0.6 a ) Calcule p(AB) y p(AB). b ) Calcule p(A/B) y p(B/ AC). SOCIALES II. 2009. RESERVA 3. EJERCICIO 3. PARTE I. OPCIÓN B",enunciados_PNG/2009 - Probabilidad_png/2009_reserva_3_3_2.png,,mates
mates_2009_Reserva 4_3,2009,Reserva 4,3,,"S e consideran dos sucesos A y B, asociados a un espacio muestral, tales que: p(AB)1 , p(AB)0.3 , p(A/B)0.6 a ) Halle las probabilidades de los sucesos A y B. b ) Determine si el suceso B es independiente del suceso A. S OCIALES II. 2009. RESERVA 4. EJERCICIO 3. PARTE I. OPCIÓN A",enunciados_PNG/2009 - Probabilidad_png/2009_reserva_4_3.png,,mates
mates_2009_Reserva 4_3,2009,Reserva 4,3,,"E l 70% de los visitantes de un museo son españoles. El 49% son españoles y mayores de edad. De l os que no son españoles, el 40% son menores de edad. a ) Si se escoge, al azar, un visitantes de este museo, ¿cuál es la probabilidad de que sea mayor de e dad?. b ) Se ha elegido, aleatoriamente, un visitante de este museo y resulta que es menor de edad, ¿cuál e s la probabilidad de que no sea español?. S OCIALES II. 2009. RESERVA 4. EJERCICIO 3. PARTE I. OPCIÓN B",enunciados_PNG/2009 - Probabilidad_png/2009_reserva_4_3_2.png,,mates
mates_2009_Septiembre_3,2009,Septiembre,3,,"Una enfermedad afecta al 10% de la población. Una prueba de diagnóstico tiene las siguientes características: si se aplica a una persona con la enfermedad, da positivo en el 98% de los casos; si se aplica a una persona que no tiene la enfermedad, da positivo en el 6% de los casos. Se elige una persona, al azar, y se le aplica la prueba.
a) ¿Cuál es la probabilidad de que dé positivo?.
b) Si no dá positivo, ¿Cuál es la probabilidad de que tenga la enfermedad?. SOCIALES II. 2009. SEPTIEMBRE. EJERCICIO 3. PARTE I. OPCIÓN A",enunciados_PNG/2009 - Probabilidad_png/2009_septiembre_3.png,,mates
mates_2009_Septiembre_3,2009,Septiembre,3,,"En una editorial hay dos máquinas A y B que encuadernan 100 y 900 libros al día, respectivamente. Además, se sabe que la probabilidad de que un libro encuadernado por A tenga algún fallo de encuadernación es del 2% y del 10% si ha sido encuadernado por la máquina B. Se elige, al azar, un libro encuadernado por esa editorial.
a) Calcule la probabilidad de que no sea defectuoso.
b) Si es defectuoso, halle la probabilidad de haber sido encuadernado por la máquina A. SOCIALES II. 2009. SEPTIEMBRE. EJERCICIO 3. PARTE I. OPCIÓN B",enunciados_PNG/2009 - Probabilidad_png/2009_septiembre_3_2.png,,mates
mates_2010_Junio_3_A,2010,Junio,3,A,"U n alumno va a la Facultad en autobús el 80% de los días y el resto en su coche. Cuando va en a utobús llega tarde el 20% de las veces y cuando va en coche llega a tiempo sólo el 10% de las v eces. Elegido un día cualquiera al azar, determine: a ) La probabilidad de que llegue a tiempo a clase y haya ido en autobús. b ) La probabilidad de que llegue tarde a clase. c ) Si ha llegado a tiempo a clase, ¿cuál es la probabilidad de que no haya ido en autobús?. S OCIALES II. 2010. JUNIO. EJERCICIO 3. OPCIÓN A",enunciados_PNG/2010 - Probabilidad_png/2010_junio_3_a.png,,mates
mates_2010_Junio_3_B,2010,Junio,3,B,"D e las 180 personas que asisten a un congreso médico, 100 son mujeres. Observando las e specialidades de los congresistas, vemos que de las 60 personas que son pediatras 20 son m ujeres. Se elige al azar una persona asistente al congreso. a ) ¿Cuál es la probabilidad de que sea mujer y pediatra?. b ) ¿Cuál es la probabilidad de que no sea hombre ni sea pediatra?. c ) ¿Cuál es la probabilidad de que sea pediatra?. S OCIALES II. 2010. JUNIO. EJERCICIO 3. OPCIÓN B",enunciados_PNG/2010 - Probabilidad_png/2010_junio_3_b.png,,mates
mates_2010_Reserva 1_3_A,2010,Reserva 1,3,A,"2 3 De dos sucesos aleatorios A y B del mismo espacio de sucesos se sabe queP(A) , P(B) y 3 4 5 P(AB) . Calcule: 8
a) La probabilidad de que se verifique alguno de los dos sucesos.
b) La probabilidad de que no ocurra ninguno de los dos sucesos.
c) La probabilidad de que ocurra A si se ha verificado B. SOCIALES II. 2010. RESERVA 1. EJERCICIO 3. OPCIÓN A",enunciados_PNG/2010 - Probabilidad_png/2010_reserva_1_3_a.png,,mates
mates_2010_Reserva 1_3_B,2010,Reserva 1,3,B,"E l 60% de los camareros de una localidad tienen 35 años o más, y de ellos el 70% son dueños del l ocal donde trabajan. Por otra parte, de los camareros con menos de 35 años sólo el 40% son d ueños del local donde trabajan. a ) Seleccionado un camarero al azar, ¿cuál es la probabilidad de que no sea dueño del local?. b ) Elegido al azar un camarero dueño de su local, ¿cuál es la probabilidad de que tenga menos de 3 5 años?. S OCIALES II. 2010. RESERVA 1. EJERCICIO 3. OPCIÓN B",enunciados_PNG/2010 - Probabilidad_png/2010_reserva_1_3_b.png,,mates
mates_2010_Reserva 2_3_A,2010,Reserva 2,3,A,"U na empresa utiliza dos servidores para conectarse a Internet. El primero, S , lo utiliza el 45% 1 d e las veces y el segundo, S , el resto. 2 Cuando se conecta a Internet con S , los ordenadores se bloquean el 5% de las veces, y cuando 1 l o hace con S el 8%. Si un día, al azar, la empresa está conectada a Internet, 2
a) ¿cuál es la probabilidad de que los ordenadores se queden bloqueados?.
b) ¿Cuál es la probabilidad de que la empresa esté utilizando el servidor S , sabiendo que los 1 ordenadores se han quedado bloqueados?. SOCIALES II. 2010. RESERVA 2. EJERCICIO 3. OPCIÓN A",enunciados_PNG/2010 - Probabilidad_png/2010_reserva_2_3_a.png,,mates
mates_2010_Reserva 2_3_B,2010,Reserva 2,3,B,"E n un centro de enseñanza secundaria se sabe que el 45% de los alumnos juegan al fútbol, que el 6 0% practican atletismo, y que de los que practican atletismo el 50% juegan al fútbol. a ) ¿Qué porcentaje de alumnos practican ambos deportes? b ) Si se elige al azar un alumno de ese centro, ¿cuál es la probabilidad de que no practique n inguno de estos deportes?. c ) Si un alumno de ese centro no juega al fútbol, ¿cuál es la probabilidad de que practique a tletismo?. S OCIALES II. 2010. RESERVA 2. EJERCICIO 3. OPCIÓN B",enunciados_PNG/2010 - Probabilidad_png/2010_reserva_2_3_b.png,,mates
mates_2010_Reserva 3_3_A,2010,Reserva 3,3,A,"E l 41% de quienes se presentan a un examen son varones. Aprueban dicho examen el 70% de los v arones presentados y el 60% de las mujeres presentadas. a ) Calcule la probabilidad de que si una persona escogida al azar ha aprobado, sea mujer. b ) Calcule la probabilidad de que si una persona escogida al azar ha suspendido, sea mujer. c ) Ana dice que si alguien ha aprobado, es más probable que sea mujer que varón; Benito dice q ue si alguien ha suspendido es más probable que sea mujer que varón. ¿Quién tiene razón?. S OCIALES II. 2010. RESERVA 3. EJERCICIO 3. OPCIÓN A",enunciados_PNG/2010 - Probabilidad_png/2010_reserva_3_3_a.png,,mates
mates_2010_Reserva 3_3_B,2010,Reserva 3,3,B,"U na persona lanza dos veces consecutivas un dado equilibrado, con las caras numeradas de 1 al 6 . a ) Determine el número de resultados del espacio muestral de este experimento aleatorio. b ) Sea A el suceso “la mayor de las puntuaciones obtenidas es menor que 4” y B el suceso “la p rimera puntuación es impar”. Halle la probabilidad de A y la de B. c ) ¿Son independientes A y B?. S OCIALES II. 2010. RESERVA 3. EJERCICIO 3. OPCIÓN B",enunciados_PNG/2010 - Probabilidad_png/2010_reserva_3_3_b.png,,mates
mates_2010_Reserva 4_3_A,2010,Reserva 4,3,A,E n el experimento aleatorio consistente en lanzar un dado equilibrado con las caras numeradas d el 1 al 6 y observar el resultado se consideran los siguientes sucesos: A : “Obtener un número mayor que 4”. B: “Obtener un número par” a ) Escriba los elementos de cada uno de los siguientes sucesos: A; B ; AC B ; ABC ;(AB)C b ) Calcule las probabilidades P(AC BC) y P(AC BC). SOCIALES II. 2010. RESERVA 4. EJERCICIO 3. OPCIÓN A,enunciados_PNG/2010 - Probabilidad_png/2010_reserva_4_3_a.png,,mates
mates_2010_Reserva 4_3_B,2010,Reserva 4,3,B,"U na fábrica posee un sistema de alarma contra robos. Por estudios previos a la instalación del s istema se sabe que la probabilidad de que un día se produzca un robo en la fábrica es 0.08. L as indicaciones técnicas del fabricante de la alarma dicen que la probabilidad de que suene si se h a producido un robo es 0.98, y de que suene si no ha habido robo es 0.03. a ) En un día cualquiera calcule la probabilidad de que no suene la alarma. b ) Si suena la alarma, ¿cuál es la probabilidad de que no sea debido a un robo?. S OCIALES II. 2010. RESERVA 4. EJERCICIO 3. OPCIÓN B",enunciados_PNG/2010 - Probabilidad_png/2010_reserva_4_3_b.png,,mates
mates_2010_Septiembre_3_A,2010,Septiembre,3,A,"E n una capital de editan dos periódicos, CIUDAD y LA MAÑANA. Se sabe que el 85% de la p oblación lee alguno de ellos, que el 18% lee los dos y que el 70% lee CIUDAD. Si elegimos al a zar un habitante de esa capital, halle la probabilidad de que: a ) No lea ninguno de los dos. b ) Lea sólo LA MAÑANA. c ) Lea CIUDAD, sabiendo que no lee LA MAÑANA. S OCIALES II. 2010. SEPTIEMBRE. EJERCICIO 3. OPCIÓN A",enunciados_PNG/2010 - Probabilidad_png/2010_septiembre_3_a.png,,mates
mates_2010_Septiembre_3_B,2010,Septiembre,3,B,"U n dado tiene seis caras, tres de ellas marcadas con un 1, dos marcadas con una X y la otra m arcada con un 2. Se lanza tres veces ese dado. a ) ¿Cuál es la probabilidad de obtener tres veces el 1?. b ) ¿Cuál es la probabilidad de obtener dos X y un 2 en cualquier orden?. c ) ¿Cuál es la probabilidad de obtener tres resultados diferentes?. S OCIALES II. 2010. SEPTIEMBRE. EJERCICIO 3. OPCIÓN B",enunciados_PNG/2010 - Probabilidad_png/2010_septiembre_3_b.png,,mates
mates_2011_Junio_3_A,2011,Junio,3,A,"E n una primera bolsa se han colocado 4 bolas blancas y 3 negras, y en una segunda bolsa 3 b lancas y 5 negras. Se saca una bola de la primera y, sin verla, se introduce en la segunda. A c ontinuación se saca una bola de la segunda. Halle la probabilidad de que: a ) La bola extraída de la segunda bolsa sea negra. b ) La bola extraída de la primera bolsa sea negra, si sabemos que la bola extraída de la segunda h a sido blanca. S OCIALES II. 2011. JUNIO. EJERCICIO 3. OPCIÓN A",enunciados_PNG/2011 - Probabilidad_png/2011_junio_3_a.png,,mates
mates_2011_Junio_3_B,2011,Junio,3,B,"U n libro tiene cuatro capítulos. El primer capítulo tiene 140 páginas, el segundo 100, el tercero 1 50 y el cuarto 50. El 5% de las páginas del primer capítulo, el 4% del segundo y el 2% del t ercero tienen algún error. Las páginas del cuarto capítulo no tienen errores. a ) ¿Cuál es la probabilidad de que, al elegir una página al azar, tenga algún error? b ) Supongamos que elegimos una página al azar y observamos que no tiene ningún error,¿cuál es l a probabilidad de que sea del segundo capitulo?. S OCIALES II. 2011. JUNIO. EJERCICIO 3. OPCIÓN B",enunciados_PNG/2011 - Probabilidad_png/2011_junio_3_b.png,,mates
mates_2011_Reserva 1_3_A,2011,Reserva 1,3,A,U n examen consta de una parte teórica y una parte práctica. La probabilidad de que se apruebe l a parte teórica es 0.7 y la de que se apruebe la parte práctica es 0.75. Se sabe que el 50% de los a lumnos ha aprobado ambas. a ) Calcula la probabilidad de aprobar alguna de las dos partes. b ) Calcule la probabilidad de aprobar la parte práctica sabiendo que no se ha aprobado la parte t eórica. c ) ¿Son independientes los sucesos “aprobar parte teórica” y “aprobar parte práctica?. S OCIALES II. 2011. RESERVA 1. EJERCICIO 3. OPCIÓN A,enunciados_PNG/2011 - Probabilidad_png/2011_reserva_1_3_a.png,,mates
mates_2011_Reserva 1_3_B,2011,Reserva 1,3,B,"P edro vive en una ciudad donde el 40% de los días del año hay riesgo de lluvia y el resto no lo h ay. Cuando hay riesgo de lluvia, Pedro coge el paraguas un 98% de las veces y cuando no lo h ay, un 5% de las veces. Si se selecciona un día del año al azar, a ) ¿Cuál es la probabilidad de que Pedro no haya cogido el paraguas?. b ) ¿Cuál es la probabilidad de que exista riesgo de lluvia, si sabemos que ese día Pedro ha cogido e l paraguas?. S OCIALES II. 2011. RESERVA 1. EJERCICIO 3. OPCIÓN B",enunciados_PNG/2011 - Probabilidad_png/2011_reserva_1_3_b.png,,mates
mates_2011_Reserva 2_3_A,2011,Reserva 2,3,A,"S ean los sucesos, A y B, tales que p(A)0.5, p(B)0.4 y p(A/B)0.5 a ) Halle la probabilidad de que se verifique alguno de los dos sucesos. b ) Calcule la probabilidad de que no de verifique B si se ha verificado A. c ) ¿Son independientes los sucesos A y B?. Razone la respuesta. S OCIALES II. 2011. RESERVA 2. EJERCICIO 3. OPCIÓN A",enunciados_PNG/2011 - Probabilidad_png/2011_reserva_2_3_a.png,,mates
mates_2011_Reserva 2_3_B,2011,Reserva 2,3,B,"U na compañía aseguradora realiza operaciones de seguros médicos y de seguros de vida. El 20% d e las operaciones corresponde a seguros médicos y el resto a seguros de vida. El porcentaje de o peraciones en las que no se producen retrasos en los pagos es del 10% en los seguros médicos y d el 15% en seguros de vida. a ) Halle el porcentaje de operaciones en las que no se producen retrasos en los pagos. b ) De las operaciones que han sufrido retrasos en los pagos, ¿qué porcentaje corresponde a los s eguros de vida?. S OCIALES II. 2011. RESERVA 2. EJERCICIO 3. OPCIÓN B",enunciados_PNG/2011 - Probabilidad_png/2011_reserva_2_3_b.png,,mates
mates_2011_Reserva 3_3_A,2011,Reserva 3,3,A,"U n jugador lanza a la vez un dado y una moneda a ) Construya el espacio muestral de este experimento aleatorio. b ) Determine la probabilidad del suceso A: “El jugador obtiene un número par en el dado y cruz e n la moneda”. c ) Si sabemos que en la moneda ha salido cara, ¿cuál es la probabilidad de que en el dado haya s alido más de 3 puntos?. S OCIALES II. 2011. RESERVA 3. EJERCICIO 3. OPCIÓN A",enunciados_PNG/2011 - Probabilidad_png/2011_reserva_3_3_a.png,,mates
mates_2011_Reserva 3_3_B,2011,Reserva 3,3,B,"U na bolsa contiene 5 bolas blancas, 3 rojas y 4 negras. Ana y manolo practican el siguiente juego: A na saca una bola, anota su color y la devuelve a la bolsa, a continuación Manolo extrae una b ola y anota su color. Si las dos bolas extraídas tienen el mismo color gana Ana, si sólo hay una b ola blanca gana Manolo, y en otro caso hay empate. a ) Calcule la probabilidad de que gane Ana. b ) Calcule la probabilidad de que gane Manolo. c ) Calcule la probabilidad de que haya empate. S OCIALES II. 2011. RESERVA 3. EJERCICIO 3. OPCIÓN B",enunciados_PNG/2011 - Probabilidad_png/2011_reserva_3_3_b.png,,mates
mates_2011_Reserva 4_3_A,2011,Reserva 4,3,A,"E n una ciudad, el 55% de la población consume aceite de oliva, el 30% de girasol, y el 20% a mbos tipos de aceite. Se escoge una persona al azar: a ) Si consume aceite de oliva, ¿cuál es la probabilidad de que consuma también aceite de g irasol?. b ) Si consume aceite de girasol, ¿cuál es la probabilidad de que no consuma aceite de oliva?. c ) ¿Cuál es la probabilidad de que no consuma ninguno de los dos tipos de aceite? S OCIALES II. 2011. RESERVA 4. EJERCICIO 3. OPCIÓN A",enunciados_PNG/2011 - Probabilidad_png/2011_reserva_4_3_a.png,,mates
mates_2011_Reserva 4_3_B,2011,Reserva 4,3,B,"E l 30% de los aparatos que llegan a un servicio técnico para ser reparados están en garantía. De l os que no están en garantía, el 20% ya fueron reparados en otra ocasión y de los que sí lo están, s olamente un 5% fueron reparados anteriormente. Se elige un aparato al azar en el servicio t écnico: a ) ¿Cuál es la probabilidad de que haya sido reparado en otra ocasión? b ) Si es la primera vez que ha llegado al servicio técnico, ¿cuál es la probabilidad de que esté en g arantía?. S OCIALES II. 2011. RESERVA 4. EJERCICIO 3. OPCIÓN B",enunciados_PNG/2011 - Probabilidad_png/2011_reserva_4_3_b.png,,mates
mates_2011_Septiembre_3_A,2011,Septiembre,3,A,"E n un sistema de alarma, la probabilidad de que haya un incidente es 0.1. Si éste se produce, la p robabilidad de que la alarma suene es 0.95. La probabilidad de que suene la alarma sin que h aya incidente es de 0.03. a ) ¿Cuál es la probabilidad de que suene la alarma?. b ) Si ha sonado la alarma, calcule la probabilidad de que no haya habido incidente. S OCIALES II. 2011. SEPTIEMBRE. EJERCICIO 3. OPCIÓN A",enunciados_PNG/2011 - Probabilidad_png/2011_septiembre_3_a.png,,mates
mates_2011_Septiembre_3_B,2011,Septiembre,3,B,"S ean A y B dos sucesos aleatorios tales que: p(A)0.4 ; p(B)0.5 ; p(AB)0.2 a ) Calcule las siguientes probabilidades p(AB) , p(A/B) y p(B/ AC)
b) Razone si A y B son sucesos incompatibles.
c) Razone si A y B son independientes. SOCIALES II. 2011. SEPTIEMBRE. EJERCICIO 3. OPCIÓN B",enunciados_PNG/2011 - Probabilidad_png/2011_septiembre_3_b.png,,mates
mates_2012_Junio_3_A,2012,Junio,3,A,"U na compañía de seguros ha hecho un seguimiento durante un año a 50.000 coches de la marca A , a 20.000 de la marca B y a 30.000 de la C, que tenía asegurados, obteniendo que, de ellos, h abían tenido accidente 650 coches de la marca A, 200 de la B y 150 de la C. A la vista de estos d atos: a ) ¿Cuál de las tres marcas de coches tiene menos proporción de accidentes?. b ) Si, elegido al azar uno de los coches observados, ha tenido un accidentes, ¿cuál es la p robabilidad de que sea la marca C?. S OCIALES II. 2012. JUNIO. EJERCICIO 3. OPCIÓN A",enunciados_PNG/2012 - Probabilidad_png/2012_junio_3_a.png,,mates
mates_2012_Junio_3_B,2012,Junio,3,B,"E n una localidad hay solamente dos supermercados A y B. El 58% de los habitantes compra en e l A, el 35% en el B y el 12% compra en ambos. S i se elige un ciudadano al azar, calcule la probabilidad de que: a ) Compre en algún supermercado. b ) No compre en ningún supermercado. c ) Compre solamente en un supermercado. d ) Compre en el supermercado A, sabiendo que no compra en el B. S OCIALES II. 2012. JUNIO. EJERCICIO 3. OPCIÓN B",enunciados_PNG/2012 - Probabilidad_png/2012_junio_3_b.png,,mates
mates_2012_Reserva 1_3_A,2012,Reserva 1,3,A,"E n un congreso de 200 jóvenes profesionales se pasa una encuesta para conocer los hábitos en c uanto a contratar los viajes por internet. Se observa que 120 son hombres y que, de estos, 84 c ontratan los viajes por Internet, mientras que 24 de las mujeres no emplean esa vía. E legido un congresista al azar, calcule la probabilidad de que: a ) No contrate sus viajes por internet. b ) Use internet para contratar los viajes, si la persona elegida es una mujer. c ) Sea hombre, sabiendo que contrata sus viajes por internet. S OCIALES II. 2012. RESERVA 1. EJERCICIO 3. OPCIÓN A",enunciados_PNG/2012 - Probabilidad_png/2012_reserva_1_3_a.png,,mates
mates_2012_Reserva 1_3_B,2012,Reserva 1,3,B,"L anzamos un dado, si sale 5 o 6 extraemos una bola de la urna A, que contiene 6 bolas blancas y 4 negras. Si sale otro resultado se extrae una bola de la urna B, que contiene 3 bolas blancas y 7 n egras. Calcule: a ) La probabilidad de que la bola extraída sea negra. b ) La probabilidad de que la bola sea negra y de la urna B. c ) La probabilidad de que haya salido menos de 5 si la bola extraída ha sido blanca. S OCIALES II. 2012. RESERVA 1. EJERCICIO 3. OPCIÓN B",enunciados_PNG/2012 - Probabilidad_png/2012_reserva_1_3_b.png,,mates
mates_2012_Reserva 2_3_A,2012,Reserva 2,3,A,"U na empresa dispone de tres máquinas A, B y C, que fabrican, respectivamente, el 60%, 30% y 1 0% de los artículos que comercializa. E l 5% de los artículos que fabrica A, el 4% de los de B y el 3% de los de C son defectuosos. E legido, al azar, un artículo de los que se fabrican en la empresa: a ) ¿Cuál es la probabilidad de que sea defectuoso y esté fabricado por la máquina C?. b ) ¿Cuál es la probabilidad de que no sea defectuoso?. c ) Si sabemos que no es defectuoso, ¿cuál es la probabilidad de que proceda de la máquina A?. S OCIALES II. 2012. RESERVA 2. EJERCICIO 3. OPCIÓN A",enunciados_PNG/2012 - Probabilidad_png/2012_reserva_2_3_a.png,,mates
mates_2012_Reserva 2_3_B,2012,Reserva 2,3,B,"S e sabe que el 90% de los estudiantes del último curso de una Universidad está preocupado por s us posibilidades de encontrar trabajo, el 30% está preocupado por sus notas y el 25% por a mbas cosas. a ) Si hay 400 alumnos matriculados en el último curso de dicha Universidad, ¿cuántos de ellos no e stán preocupados por ninguna de las dos cosas?. b ) Si un alumno del último curso, elegido al azar, no está preocupado por encontrar trabajo, ¿ cuál es la probabilidad de que esté preocupado por sus notas?. S OCIALES II. 2012. RESERVA 2. EJERCICIO 3. OPCIÓN B",enunciados_PNG/2012 - Probabilidad_png/2012_reserva_2_3_b.png,,mates
mates_2012_Reserva 3_3_A,2012,Reserva 3,3,A,"S e ha impartido un curso de “conducción eficiente” a 200 personas. De los asistentes al curso, 60 s on profesionales de autoescuela y, de ellos, el 95% han mejorado su conducción. Este porcentaje b aja al 80% en el resto de los asistentes. Halle la probabilidad de que, elegido un asistente al a zar: a ) No haya mejorado su conducción. b ) No sea profesor de autoescuela, sabiendo que ha mejorado su conducción. S OCIALES II. 2012. RESERVA 3. EJERCICIO 3. OPCIÓN A",enunciados_PNG/2012 - Probabilidad_png/2012_reserva_3_3_a.png,,mates
mates_2012_Reserva 3_3_B,2012,Reserva 3,3,B,"S e sabe que el 44% de la población activa de cierta provincia está formada por mujeres. T ambién se sabe que, de ellas, el 25% está en paro y que el 20% de los hombres de la población a ctiva también están en paro. a ) Elegida, al azar, una persona de la población activa de esa provincia, calcule la probabilidad d e que esté en paro. b ) Si hemos elegido, al azar, una persona que trabaja, ¿cuál es la probabilidad de que sea h ombre?. S OCIALES II. 2012. RESERVA 3. EJERCICIO 3. OPCIÓN B",enunciados_PNG/2012 - Probabilidad_png/2012_reserva_3_3_b.png,,mates
mates_2012_Reserva 4_3_A,2012,Reserva 4,3,A,"U na urna contiene 25 bolas blancas sin marcar, 75 bolas blancas marcadas, 125 bolas negras sin m arcar y 175 bolas negras marcadas. Se extrae una bola al azar. a ) Calcule la probabilidad de que sea blanca. b ) ¿Cuál es la probabilidad de que sea blanca sabiendo que está marcada?. c ) ¿cuál es la probabilidad de que sea negra y esté marcada?. d ) Son independientes los sucesos “sacar bola marcada” y “sacar bola blanca”. S OCIALES II. 2012. RESERVA 4. EJERCICIO 3. OPCIÓN A",enunciados_PNG/2012 - Probabilidad_png/2012_reserva_4_3_a.png,,mates
mates_2012_Reserva 4_3_B,2012,Reserva 4,3,B,"S e consideran dos sucesos A y B asociados a un experimento aleatorio. Se sabe que p(A)0.8, p(B)0.7 y p(AB)0.94
a) ¿Son A y B sucesos independientes?.
b) Calcule p(A/B)
c) Calcule p(AC BC) S OCIALES II. 2012. RESERVA 4. EJERCICIO 3. OPCIÓN B",enunciados_PNG/2012 - Probabilidad_png/2012_reserva_4_3_b.png,,mates
mates_2012_Septiembre_3_A,2012,Septiembre,3,A,"U n pescador tiene tres tipos de carnada de las que sólo una es adecuada para pescar salmón. Si 1 utiliza la carnada correcta la probabilidad de que pesque un salmón es , mientras que si usa 3 1 u na de las inadecuadas esa probabilidad se reduce a . 5
a) Si elige aleatoriamente la carnada, ¿cuál es la probabilidad de que pesque un salmón?.
b) Si ha pescado un salmón, ¿cuál es la probabilidad de que lo haya hecho con la carnada adecuada?. SOCIALES II. 2012. SEPTIEMBRE. EJERCICIO 3. OPCIÓN A",enunciados_PNG/2012 - Probabilidad_png/2012_septiembre_3_a.png,,mates
mates_2012_Septiembre_3_B,2012,Septiembre,3,B,"S ean A y B dos sucesos de un espacio muestral, de los que se conocen las probabilidades p(A)0.60 y p(B)0.25. Determine las probabilidades que deben asignarse a los sucesos AB y AB en cada uno de los siguientes supuestos: a ) Si A y B fuesen incompatibles. b ) Si A y B fueran independientes. c ) Si p(A/B)0.40. SOCIALES II. 2012. SEPTIEMBRE. EJERCICIO 3. OPCIÓN B",enunciados_PNG/2012 - Probabilidad_png/2012_septiembre_3_b.png,,mates
mates_2013_Junio_3_A,2013,Junio,3,A,"E l 55% de los alumnos de un centro docente utiliza en su desplazamiento transporte público, el 3 0% usa vehículo propio y el resto va andando. El 65% de los que utilizan transporte público son m ujeres, el 70% de los que usan vehículo propio son hombres y el 52% de los que van andando s on mujeres. a ) Elegido al azar un alumno de ese centro, calcule la probabilidad de que sea hombre. b ) Elegido al azar un hombre, alumno de ese centro, ¿cuál es la probabilidad de que vaya a ndando?. S OCIALES II. 2013. JUNIO. EJERCICIO 3. OPCIÓN A",enunciados_PNG/2013 - Probabilidad_png/2013_junio_3_a.png,,mates
mates_2013_Junio_3_B,2013,Junio,3,B,"De los sucesos aleatorios independientes A y B se sabe que p(A)0.3 y que p(BC)0.25. Calcule las siguientes probabilidades: a ) p(AB) b ) p(AC BC)
c) p(A/BC) SOCIALES II. 2013. JUNIO. EJERCICIO 3. OPCIÓN B",enunciados_PNG/2013 - Probabilidad_png/2013_junio_3_b.png,,mates
mates_2013_Reserva 1_3_A,2013,Reserva 1,3,A,"Una granja avícola dedicada a la producción de huevos posee un sistema automático de clasificación en tres calibres según el peso: grande, mediano y pequeño. Se conoce que el 40% de la producción es clasificada como huevas grandes, el 35% como medianos y el 25% restante como pequeños. Además, se sabe que este sistema de clasificación produce defectos por rotura en el cascarón que dependen del peso. Así, la probabilidad de que un hueva grande sea defectuoso por esta razón es del 5%, la de uno mediano del 3% y de un 2% la de uno pequeño. Elegido aleatoriamente un huevo
a) ¿Cuál es la probabilidad de que sea defectuoso?.
b) Si el huevo es defectuoso, ¿cuál es la probabilidad de que sea grande. SOCIALES II. 2013. RESERVA 1. EJERCICIO 3. OPCIÓN A",enunciados_PNG/2013 - Probabilidad_png/2013_reserva_1_3_a.png,,mates
mates_2013_Reserva 1_3_B,2013,Reserva 1,3,B,"A la Junta General de Accionistas de una empresa asisten 105 accionistas de los cuales 45 tienen m enos de 40 años y 18 más de 60 años. Sometida a votación una propuesta, es rechazada por la t ercera parte de los menores de 40 años, por la tercera parte de los que están entre 40 y 60 años y p or 4 personas mayores de 60 años; los demás la aceptan. a ) Calcule la probabilidad de que, elegida una persona al azar, tenga menos de 40 años y haya a ceptado la propuesta. b ) La prensa afirmó que la propuesta había sido aceptada por el 80% de los asistentes, ¿es c orrecta la afirmación? c ) Si una persona escogida al azar ha rechazado la propuesta, ¿qué probabilidad hay de que t enga más de 60 años? SOCIALES II. 2013. RESERVA 1. EJERCICIO 3. OPCIÓN B",enunciados_PNG/2013 - Probabilidad_png/2013_reserva_1_3_b.png,,mates
mates_2013_Septiembre_3_A,2013,Septiembre,3,A,"S e cree que hay una vuelta hacia estilos de bailes más populares, por lo que se realiza una e ncuesta a estudiantes de bachillerato, resultando que al 40% les gusta la salsa, al 30% le gusta el m erengue y al 10% les gusta tanto la salsa como el merengue. a ) ¿Cual es la probabilidad de que a un estudiante le guste el merengue si le gusta la salsa? b ) ¿Y la de que a un estudiante le guste el merengue si no le gusta la salsa? c ) ¿Son independientes los sucesos ""gustar la salsa"" y ""gustar el merengue""? ¿Son compatibles? S OCIALES II. 2013. SEPTIEMBRE. EJERCICIO 3. OPCIÓN A",enunciados_PNG/2013 - Probabilidad_png/2013_septiembre_3_a.png,,mates
mates_2013_Septiembre_3_B,2013,Septiembre,3,B,"E l 50% de los préstamos que concede un banco son para vivienda, el 30% para industria y el 2 0% para consumo. No se pagan el 20% de los préstamos para vivienda, el 15% de los préstamos p ara industria y el 70% de los préstamos para consumo. a ) Si se elige al azar un préstamo, calcule la probabilidad de que se pague. b ) Se elige un préstamo al azar que resulta impagado, ¿cuál es la probabilidad de que sea un p réstamo para consumo? c ) Ante un préstamo impagado el director del banco afirma que es más probable que sea para v ivienda que para consumo, ¿lleva razón el director? S OCIALES II. 2013. SEPTIEMBRE. EJERCICIO 3. OPCIÓN B",enunciados_PNG/2013 - Probabilidad_png/2013_septiembre_3_b.png,,mates
mates_2014_Junio_3_A,2014,Junio,3,A,"U na urna, A, contiene siete bolas numeradas de 1 al 7. Otra urna, B, contiene cinco bolas n umeradas del 1 al 5. Lanzamos una moneda equilibrada, de forma que si sale cara, extraemos u na bola de la urna A, y, si sale cruz, la extraemos de la urna B. Calcule las probabilidades de los siguientes sucesos:
a) “La bola haya sido extraída de la urna A y el número sea par”.
b) “El número de la bola extraída sea par”.
c) “La bola sea de la urna A, si ha salido un número par” S OCIALES II. 2014. JUNIO. EJERCICIO 3. OPCIÓN A",enunciados_PNG/2014 - Probabilidad_png/2014_junio_3_a.png,,mates
mates_2014_Junio_3_B,2014,Junio,3,B,"Antonio va de compras dos días de cada cinco. A lo largo del tiempo, ha observado que la fruta está de oferta la tercera parte de los días que va de compras y la mitad de los días que no va. Elegido un día al azar: a ) ¿Cuál es la probabilidad de que la fruta esté de oferta ese día?. b ) Calcule la probabilidad de que ese día Antonio vaya a la compra o la fruta esté de oferta. S OCIALES II. 2014. JUNIO. EJERCICIO 3. OPCIÓN B",enunciados_PNG/2014 - Probabilidad_png/2014_junio_3_b.png,,mates
mates_2014_Reserva 1_3_A,2014,Reserva 1,3,A,"El 65% de la población española adulta no fuma, el 15% fuma ocasionalmente y el resto fuma habitualmente. Elegidos al azar dos adultos españoles, calcule las probabilidades de los siguientes sucesos:
a) Los dos sean no fumadores.
b) Uno de ellos sea no fumador y el otro sea fumador ocasional. SOCIALES II. 2014. RESERVA 1. EJERCICIO 3. OPCIÓN A",enunciados_PNG/2014 - Probabilidad_png/2014_reserva_1_3_a.png,,mates
mates_2014_Reserva 1_3_B,2014,Reserva 1,3,B,"Se sabe que el 80% de los visitantes de un determinado museo son andaluces y que el 55% son andaluces y adultos. Además, el 17% de los visitantes son no andaluces y adultos. Se elige, al azar, un visitante del museo:
a) ¿Cuál es la probabilidad de que no sea adulto?
b) Si es adulto, ¿cuál es la probabilidad de que sea andaluz? SOCIALES II. 2014. RESERVA 1. EJERCICIO 3. OPCIÓN B",enunciados_PNG/2014 - Probabilidad_png/2014_reserva_1_3_b.png,,mates
mates_2014_Reserva 2_3_A,2014,Reserva 2,3,A,"Sean A y B dos sucesos aleatorios independientes de los que se conoce que: p(A)0.5 y p(B)0.3 a ) Diga, razonadamente, si A y B son sucesos incompatibles.
b) ¿Cuál es la probabilidad de que suceda A y no suceda B?
c) Calcule p(A/Bc) SOCIALES II. 2014. RESERVA 2. EJERCICIO 3. OPCIÓN A",enunciados_PNG/2014 - Probabilidad_png/2014_reserva_2_3_a.png,,mates
mates_2014_Reserva 2_3_B,2014,Reserva 2,3,B,"Un estudio estadístico de la producción de una fábrica de batidoras determina que el 4.5% de las batidoras presenta defectos eléctricos, el 3.5% presenta defectos mecánicos y el 1% presenta ambos defectos. Se escoge al azar una batidora. a ) Calcule la probabilidad de que no tenga ninguno de los dos defectos. b ) Calcule la probabilidad de que tenga un defecto mecánico sabiendo que tiene un defecto e léctrico.
c) Justifique si los sucesos “tener un defecto eléctrico” y “tener un defecto mecánico” son independientes. ¿Son incompatibles? SOCIALES II. 2014. RESERVA 2. EJERCICIO 3. OPCIÓN B",enunciados_PNG/2014 - Probabilidad_png/2014_reserva_2_3_b.png,,mates
mates_2014_Reserva 3_3_A,2014,Reserva 3,3,A,"En un servicio técnico especializado en cámaras fotográficas, el 70% de las cámaras que se reciben son del modelo A y el resto del modelo B. El 95% de las cámaras del modelo A son reparadas, mientras que del modelo B sólo se reparan el 80%. Si se elige una cámara al azar: a ) Calcule la probabilidad de que no se haya podido reparar. b ) Si se observa que no ha sido reparada, ¿cuál es la probabilidad de que sea del modelo B? S OCIALES II. 2014. RESERVA 3. EJERCICIO 3. OPCIÓN A",enunciados_PNG/2014 - Probabilidad_png/2014_reserva_3_3_a.png,,mates
mates_2014_Reserva 3_3_B,2014,Reserva 3,3,B,"Se elige un número, al azar, entre el siguiente conjunto: {225, 201, 162, 210, 180, 172, 156, 193, 218, 167, 176, 222, 215, 120, 190, 171}.
a) Calcule la probabilidad de que el número elegido sea impar. b ) Si el número elegido es múltiplo de 5, ¿cuál es la probabilidad de que sea mayor que 200? c ) Determine si son independientes los sucesos S: “el número elegido es mayor que 200” y T: “el n úmero elegido es par”.
d) Halle la probabilidad del suceso ST. SOCIALES II. 2014. RESERVA 3. EJERCICIO 3. OPCIÓN B",enunciados_PNG/2014 - Probabilidad_png/2014_reserva_3_3_b.png,,mates
mates_2014_Reserva 4_3_A,2014,Reserva 4,3,A,"En un Instituto de Educación Secundaria el 40% de los alumnos juegan al fútbol, el 30% juegan al baloncesto y el 20% practican ambos deportes.
a) ¿Cuál es la probabilidad de que un alumno, elegido al azar, no practique ninguno de los dos d eportes? b ) Si un alumno, elegido al azar, juega al fútbol, ¿cuál es la probabilidad de que no juegue al b aloncesto?
c) ¿Son independientes los sucesos “jugar al fútbol” y “jugar al baloncesto”? SOCIALES II. 2014. RESERVA 4. EJERCICIO 3. OPCIÓN A",enunciados_PNG/2014 - Probabilidad_png/2014_reserva_4_3_a.png,,mates
mates_2014_Reserva 4_3_B,2014,Reserva 4,3,B,"El 25% de los estudiantes de una Universidad lee las noticias en prensa escrita en papel, el 70% en prensa digital y el 10% en ambos formatos. Elegido, al azar, un estudiante de esa U niversidad: a ) Calcule la probabilidad de que lea las noticias en formato papel o digital. b ) Sabiendo que lee las noticias en prensa digital, calcule la probabilidad de que también las lea en prensa escrita en papel.
c) ¿Cuál es la probabilidad de que lea las noticias exclusivamente en uno de los dos formatos? SOCIALES II. 2014. RESERVA 4. EJERCICIO 3. OPCIÓN B",enunciados_PNG/2014 - Probabilidad_png/2014_reserva_4_3_b.png,,mates
mates_2014_Septiembre_3_A,2014,Septiembre,3,A,"Se sabe que dos alumnos de la asignatura de Matemáticas asisten a clase, de forma independiente, el primero a un 85% de las clases y el segundo a un 35%. Tomado al azar un día de clase, calcule la probabilidad de cada uno de los siguientes sucesos:
a) Que los dos hayan asistido a clase ese día.
b) Que alguno de ellos haya asistido a clase ese día.
c) Que ninguno haya asistido a clase ese día.
d) Que haya asistido a clase el segundo, sabiendo que el primero no ha asistido SOCIALES II. 2014. SEPTIEMBRE. EJERCICIO 3. OPCIÓN A",enunciados_PNG/2014 - Probabilidad_png/2014_septiembre_3_a.png,,mates
mates_2014_Septiembre_3_B,2014,Septiembre,3,B,"En una tienda de complementos disponen de 100 bolsos, de los cuales 80 son de una conocida marca y 20 son imitaciones casi perfectas de dicha marca. Una inspección encarga a un experto el peritaje de los bolsos de la tienda. Se sabe que este experto acierta en el 95% de sus peritajes cuando el bolso es auténtico y que detecta el 98% de las imitaciones. Se elige, al azar, un bolso para su examen:
a) Calcule la probabilidad de que el experto acierte en su dictamen sobre ese bolso.
b) Si el experto no ha acertado en su peritaje, calcule la probabilidad de que el bolso sea auténtico. SOCIALES II. 2014. SEPTIEMBRE. EJERCICIO 3. OPCIÓN B",enunciados_PNG/2014 - Probabilidad_png/2014_septiembre_3_b.png,,mates
mates_2015_Junio_3_A,2015,Junio,3,A,"D e los 700 alumnos matriculados en una asignatura, 210 son hombres y 490 mujeres. Se sabe que e l 60% de los hombres y el 70% de las mujeres aprueban dicha asignatura. Se elige una persona a l azar. a ) ¿Cuál es la probabilidad de que apruebe la asignatura? b ) Sabiendo que ha aprobado la asignatura, ¿cuál es la probabilidad de que sea una mujer? S OCIALES II. 2015. JUNIO. EJERCICIO 3. OPCIÓN A",enunciados_PNG/2015 - Probabilidad_png/2015_junio_3_a.png,,mates
mates_2015_Junio_3,2015,Junio,3,,"L a proporción de personas de una población que tiene una determinada enfermedad es de 1 por c ada 500 personas. Se dispone de una prueba para detectar dicha enfermedad. La prueba detecta l a enfermedad en el 90% de los casos en que la persona está enferma, pero también da como e nfermas al 5% de las personas sanas. a ) se elige al azar una persona y se le hace la prueba, ¿Cuál es la probabilidad de que haya sido d iagnosticada correctamente? b ) Si la prueba ha diagnosticado que la persona está enferma, ¿cuál es la probabilidad de que realmente lo esté?. ¿Y de que está sana?. SOCIALES II. 2015. JUNIO. EJERCICIO 3. OP CIÓN B",enunciados_PNG/2015 - Probabilidad_png/2015_junio_3.png,,mates
mates_2015_Septiembre_3_A,2015,Septiembre,3,A,"L ucía quiere ir de vacaciones a la costa. En su guía de viajes lee que en esa época del año llueve d os días a la semana y que hace viento el 25% de los días que llueve y el 40% de los días que no l lueve. Elegido un día de esa época a ) ¿Cuál es la probabilidad de que haga viento?. b ) Si hace viento, ¿cuál es la probabilidad de que esté lloviendo?. c ) ¿Cuál es la probabilidad de que no llueva y no haga viento?. S OCIALES II. 2015. SEPTIEMBRE. EJERCICIO 3. OPCIÓN A",enunciados_PNG/2015 - Probabilidad_png/2015_septiembre_3_a.png,,mates
mates_2015_Septiembre_3_B,2015,Septiembre,3,B,"E n una urna A hay 8 bolas verdes y 6 rojas. En otra urna B hay 4 bolas verdes, 5 rojas y 1 negra. S e lanza un dado, si sale un número menor que 3 se saca una bola de la urna A, y si sale mayor o i gual que 3 se saca una bola de la urna B. a ) Calcule la probabilidad de que la bola sea verde si ha salido un 4. b ) Calcule la probabilidad de que la bola elegida sea roja. c ) Sabiendo que ha salido una bola verde, ¿cuál es la probabilidad de que sea de la urna A? S OCIALES II. 2015. SEPTIEMBRE. EJERCICIO 3. OPCIÓN B",enunciados_PNG/2015 - Probabilidad_png/2015_septiembre_3_b.png,,mates
mates_2016_Junio_3_A,2016,Junio,3,A,"Marta tiene dos trajes rojos, un traje azul y uno blanco. Además, tiene un par de zapatos de color rojo, otro de color azul y dos pares blancos. Si decide aleatoriamente qué ponerse, determine las probabilidades de los siguientes sucesos:
a) Llevar un traje rojo y unos zapatos blancos.
b) No ir toda vestida de blanco.
c) Calzar zapatos azules o blancos. SOCIALES II. 2016. JUNIO. EJERCICIO 3. OPCIÓN A",enunciados_PNG/2016 - Probabilidad_png/2016_junio_3_a.png,,mates
mates_2016_Junio_3,2016,Junio,3,,"En una encuesta sobre la nacionalidad de los veraneantes en un municipio de la costa andaluza, se ha observado que el 40% de los encuestados son españoles y el 60% extranjeros, que el 30% de los españoles y el 80% de los extranjeros residen en un hotel y el resto en otro tipo de residencia. Se elige al azar un veraneante del municipio
a) ¿Cuál es la probabilidad de que no resida en un hotel?
b) Si no reside en un hotel, ¿cuál es la probabilidad de que sea español?
c) ¿Son independientes los sucesos “ser extranjero” y “residir en un hotel”?. SOCIALES II. 2016. JUNIO. EJERCICIO 3. O PCIÓN B",enunciados_PNG/2016 - Probabilidad_png/2016_junio_3.png,,mates
mates_2016_Reserva 1_3_A,2016,Reserva 1,3,A,"El 55% de los asistentes a un concierto son menores de 20 años. El 30% de los menores de 20 años y el 25% de los mayores de esa edad son chicas. Se elige uno de los asistentes al azar
a) ¿Cuál es la probabilidad de que sea chica?
b) ¿Cuál es la probabilidad de que sea mayor de 20 años, sabiendo que es una chica?
c) ¿Cuál es la probabilidad de que sea menor de 20 años, sabiendo que es un chico? SOCIALES II. 2016. RESERVA 1. EJERCICIO 3. OPCIÓN A",enunciados_PNG/2016 - Probabilidad_png/2016_reserva_1_3_a.png,,mates
mates_2016_Reserva 1_3_B,2016,Reserva 1,3,B,"Disponemos de tres dados. Dos de ellos tienen sus caras numeradas del 1 al 6 y el tercero tiene cinco caras numeradas con el 3 y la otra con el 1. Se elige al azar uno de los tres dados y se realiza el lanzamiento
a) Determina la probabilidad de que se obtenga un 3.
b) Determina la probabilidad de que se obtenga un número par.
c) Si se ha obtenido un 3, ¿cuál es la probabilidad de que hayamos elegido el tercer dado? SOCIALES II. 2016. RESERVA 1. EJERCICIO 3. OPCIÓN B",enunciados_PNG/2016 - Probabilidad_png/2016_reserva_1_3_b.png,,mates
mates_2016_Reserva 2_3_A,2016,Reserva 2,3,A,"El 60% de los jóvenes de una ciudad usa Facebook, el 80% usa WhatsApp y el 4% usa Facebook pero no WhatsApp.
a) Halle el porcentaje de jóvenes de esa ciudad que usa ambas aplicaciones.
b) Calcule el porcentaje de esos jóvenes que usa WhatsApp pero no Facebook.
c) Entre los jóvenes que usan WhatsApp, ¿qué porcentaje usa también Facebook?
d) Los sucesos “usar Facebook” y “usar WhatsApp”, ¿son independientes? SOCIALES II. 2016. RESERVA 2. EJERCICIO 3. OPCION A",enunciados_PNG/2016 - Probabilidad_png/2016_reserva_2_3_a.png,,mates
mates_2016_Reserva 2_3_B,2016,Reserva 2,3,B,"De los sucesos A y B de un experimento aleatorio se conocen las siguientes probabilidades: P(A)0.4 , P(B)0.5 , P  (AB)C 0.1
a) Razone si A y B son sucesos compatibles.
b) Razone si A y B son sucesos independientes.
c) Calcule P(ABC)
d) Calcule P(A/BC). SOCIALES II. 2016. RESERVA 2. EJERCICIO 3. OPCION B",enunciados_PNG/2016 - Probabilidad_png/2016_reserva_2_3_b.png,,mates
mates_2016_Reserva 3_3_A,2016,Reserva 3,3,A,"En un centro de estudios que tiene 250 estudiantes, hay 50 que tienen problemas visuales y 20 que tienen problemas auditivos. Los sucesos “tener problemas visuales” y “tener problemas auditivos” son independientes. Se elige un estudiante al azar, calcule las probabilidades de los sucesos siguientes:
a) Tener problemas visuales y auditivos.
b) No tener problemas visuales ni auditivos.
c) Tener algún problema auditivo si no tiene problemas visuales. SOCIALES II. 2016. RESERVA 3. EJERCICIO 3. OPCION A",enunciados_PNG/2016 - Probabilidad_png/2016_reserva_3_3_a.png,,mates
mates_2016_Reserva 3_3_B,2016,Reserva 3,3,B,"En un aeropuerto internacional operaron 300000 vuelos en un determinado año, distribuidos de la siguiente forma: 150000 en la terminal A, 100000 en la B y 50000 en la C. En ese año se sabe que sufrieron retrasos el 10% de los vuelos de la terminal A, el 8% de la B y el 5% de la C. Determine, para un vuelo elegido al azar, las probabilidades de los siguientes sucesos:
a) Que no sufriera retraso.
b) Que operase en la terminal A, sabiendo que tuvo retraso. SOCIALES II. 2016. RESERVA 3. EJERCICIO 3. OPCION B",enunciados_PNG/2016 - Probabilidad_png/2016_reserva_3_3_b.png,,mates
mates_2016_Reserva 4_3_A,2016,Reserva 4,3,A,"Disponemos de tres monedas: 1 dólar, 1 libra y 1 euro. La moneda de 1 dólar está trucada y la probabilidad de que salga cara es el doble de la probabilidad de que salga cruz. La moneda de 1 libra también está trucada y tiene dos caras y la de 1 euro es correcta. Se escoge una de las tres monedas al azar y se lanza.
a) ¿Cuál es la probabilidad de que salga cara?
b) Sabiendo que salió cruz, ¿cuál es la probabilidad de que la moneda lanzada fuera la de 1 dólar? SOCIALES II. 2016. RESERVA 4. EJERCICIO 3. OPCION A",enunciados_PNG/2016 - Probabilidad_png/2016_reserva_4_3_a.png,,mates
mates_2016_Reserva 4_3_B,2016,Reserva 4,3,B,"De los alumnos que se presentaron a las pruebas de selectividad de una provincia, 1150 se examinaron de Geografía; de estos, 598 eligieron la opción A. Se sabe que aprobaron esa asignatura el 78% de los que eligieron la opción A y el 74% de los que eligieron la opción B. Se ha escogido al azar uno de los alumnos que se examinaron de Geografía.
a) ¿Cuál es la probabilidad de que este alumno haya aprobado esta asignatura?
b) Si se sabe que este alumno ha aprobado Geografía, ¿cuál es la probabilidad de que haya elegido la opción A? SOCIALES II. 2016. RESERVA 4. EJERCICIO 3. OPCION B",enunciados_PNG/2016 - Probabilidad_png/2016_reserva_4_3_b.png,,mates
mates_2016_Septiembre_3_B,2016,Septiembre,3,B,"El aparcamiento de una sala de conciertos está completo el 85% de los días. El 90% de los días que el aparcamiento está completo, la sala de conciertos está llena, y el 22% de los días que el aparcamiento no está completo, la sala de conciertas no está llena. Elegido un día al azar,
a) ¿cuál es la probabilidad de que la sala de conciertos esté llena?.
b) Si se sabe que la sala de conciertos está llena, ¿cuál es la probabilidad de que el aparcamiento esté completo?. SOCIALES II. 2016. SEPTIEMBRE. EJERCICIO 3. OPCIÓN B",enunciados_PNG/2016 - Probabilidad_png/2016_septiembre_3_b.png,,mates
mates_2017_Junio_3_A,2017,Junio,3,A,"Se sabe que el 90% de los alumnos de un centro docente está interesado por las redes sociales, el 60% está interesado por sus notas y el 55% por ambas cuestiones. Se elige al azar un alumno de ese centro.
a) Calcule la probabilidad de que dicho alumno esté interesado por alguna de las dos cuestiones
b) Calcule la probabilidad de que esté interesado por sus notas, sabiendo que no está interesado por las redes sociales.
c) Calcule la probabilidad de que no esté interesado por ninguna de estas dos cuestiones. SOCIALES II. 2017. JUNIO. EJERCICIO 3. OPCIÓN A",enunciados_PNG/2017 - Probabilidad_png/2017_junio_3_a.png,,mates
mates_2017_Junio_3_B,2017,Junio,3,B,"En una ciudad hay dos fábricas de pasta, F1 y F2, que producen dos tipos de productos, A y B, que venden a un distribuidor en paquetes de 1 kg. En un mes, la fábrica F1 produce 20000 kg de pasta, de los que 12000 son del tipo A y la fábrica F2 produce 25000 kg de pasta de los que 15000 son del tipo A. Se escoge al azar un paquete del distribuidor.
a) ¿Cuál es la probabilidad de que sea del tipo B?
b) Si el paquete elegido resulta der del tipo A, ¿qué es más probable, que proceda de la fábrica F1 o que proceda de la F2? SOCIALES II. 2017. JUNIO. EJERCICIO 3. OPCIÓN B",enunciados_PNG/2017 - Probabilidad_png/2017_junio_3_b.png,,mates
mates_2017_Septiembre_3_B,2017,Septiembre,3,B,"Una urna contiene 5 bolas rojas y 3 verdes. Se extrae una bola y se reemplaza por dos bolas del otro color. A continuación se extrae una segunda bola.
a) Calcule la probabilidad de que la segunda bola extraída sea verde.
b) Halle la probabilidad de que la primera haya sido roja, sabiendo que la segunda también ha sido roja. SOCIALES II. 2017. SEPTIEMBRE. EJERCICIO 3. OPCIÓN B",enunciados_PNG/2017 - Probabilidad_png/2017_septiembre_3_b.png,,mates
mates_2018_Reserva 2_3_B,2018,Reserva 2,3,B,"Sean A, B, C, D, E y F sucesos de un experimento aleatorio.
a) Se sabe que P(A)0.5 , P(AB)0.7 y P(AB)0.4. Halle la probabilidad de que ocurra B
b) Se sabe que P(C)0.4 , P(D)0.3 y P(CD)0.5. Halle la probabilidad de que ocurra C sabiendo que no ocurre D.
c) Se sabe que los sucesos E y F son independientes, que P(E)0.6 y que P(F)0.8 . Calcule la probabilidad de que no ocurra ninguno de los dos sucesos. SOCIALES II. 2018. RESERVA 2. EJERCICIO 3. OPCION B",enunciados_PNG/2018 - Probabilidad_png/2018_reserva_2_3_b.png,,mates
mates_2018_Septiembre_3_B,2018,Septiembre,3,B,"Un hotel dispone de tras lavadoras industriales L , L y L para el servicio de lavandería. El 1 2 3 5 0% de los lavados los realiza L , el 30% los hace L y el resto L . La lavadora L produce un 1 2 3 1 5 % de lavados defectuosos, L produce un 15% y L un 20%. Se elige al azar un lavado del 2 3 hotel.
a) Calcule la probabilidad de que no sea defectuoso.
b) Calcule la probabilidad de que el lavado haya sido realizado por L , sabiendo que ha sido 1 d efectuoso. S OCIALES II. 2018. SEPTIEMBRE. EJERCICIO 3. OPCIÓN B",enunciados_PNG/2018 - Probabilidad_png/2018_septiembre_3_b.png,,mates
mates_2019_Septiembre_3_B,2019,Septiembre,3,B,"De dos sucesos A y B de un mismo espacio muestral se sabe que: P(AB)0.2 , P(AB)0.4 y P(A/B)0.8
a) Calcule p(B) y p(A)
b) ¿Son los sucesos A y B independientes?. Razone la respuesta
c) Calcule p(Ac Bc) SOCIALES II. 2019. SEPTIEMBRE. EJERCICIO 3. OPCION B",enunciados_PNG/2019 - Probabilidad_png/2019_septiembre_3_b.png,,mates
mates_2021_Julio_C5,2021,Julio,C5,,"En una población, se sabe que el 15% de las personas padece una determinada enfermedad. Si la persona está enferma, un test da positivo en el 92% de los casos, mientras que si la persona está sana, el test da positivo en el 4% de los casos (falso positivo). Se elige una persona al azar de esa población.
a) Calcule la probabilidad de que, habiendo dado positivo el test, la persona está enferma.
b) Calcule la probabilidad de que la persona esté enferma y el test salga negativo.
c) Calcule la probabilidad de que saliendo el test negativo, la persona esté enferma SOCIALES II. 2021. JULIO. EJERCICIO C5",enunciados_PNG/2021 - Probabilidad_png/2021_julio_C5.png,,mates
mates_2022_Reserva 1_C6,2022,Reserva 1,C6,,"En una localidad se han vendido 1335 boletos de lotería en tres establecimientos A, B y C. En el establecimiento A se han vendido 1054 boletos, 99 en el B y el resto en C. De los boletos premiados, 5 han sido vendidos en B y 13 en C. Sabemos que 95 de cada 100 boletos vendidos no han obtenido premio. Elegido un boleto al azar, se pide:
a) ¿Cuál es el establecimiento que tiene una mayor probabilidad de haber vendido un boleto no premiado?.
b) ¿Cuál es la probabilidad de que un boleto no premiado haya sido vendido en el establecimiento A?. SOCIALES II. 2022. RESERVA 1. EJERCICIO C6",enunciados_PNG/2022 - Probabilidad_png/2022_reserva_1_C6.png,,mates
mates_2022_Reserva 2_C6,2022,Reserva 2,C6,,"Del total de personas vacunadas en un país para prevenir una enfermedad, el 48% recibió la vacuna A, el 35% la vacuna B y el resto la vacuna C. La efectividad de la vacuna A se sitúa en el 70%, la de B en el 95% y la de C en el 94%. Elegida al azar una persona vacunada:
a) ¿Cuál es la probabilidad de que haya sido vacunada con A y no le sea efectiva?.
b) ¿Qué probabilidad hay de que la vacuna le sea efectiva?.
c) Sabiendo que la vacuna no le ha sido efectiva, ¿cuál es la probabilidad de que haya sido vacunada con C?. SOCIALES II. 2022. RESERVA 2. EJERCICIO C6",enunciados_PNG/2022 - Probabilidad_png/2022_reserva_2_C6.png,,mates
mates_2022_Reserva 4_C5,2022,Reserva 4,C5,,"Juan realiza el siguiente juego: Lanza dos dados simultáneamente y si la suma es 2 o mayor que 7, gana y termina el juego. En caso contrario, tiene una segunda y última oportunidad lanzando de nuevo los dos dados y ganaría si la suma es mayor que 9.
a) ¿Cuál es la probabilidad de que Juan gane lanzando una sola vez los dados?.
b) ¿Cuál es la probabilidad de que Juan gane en la segunda oportunidad?.
c) ¿Cuál es la probabilidad de que Juan gane?. SOCIALES II. 2022. RESERVA 4. EJERCICIO C5",enunciados_PNG/2022 - Probabilidad_png/2022_reserva_4_C5.png,,mates
mates_2022_Julio_C5,2022,Julio,C5,,"En una determinada región hay tres universidades A, B y C. De los estudiantes que terminaron sus estudios el año pasado, el 60% procedían de la universidad A, el 30% de la B y el resto de la C. Además, se conoce que la probabilidad de que un estudiante de la universidad A no encuentre trabajo en su región es 0’4, y para un estudiante de B es 0’5.
a) Si la probabilidad de que un estudiante no encuentre trabajo en su región es 0’395, determine la probabilidad de que un estudiante de la universidad C encuentre trabajo en su región.
b) Calcule la probabilidad de que un estudiante no haya encontrado trabajo en su región proceda de la universidad A o de la B. SOCIALES II. 2022. JULIO. EJERCICIO C5",enunciados_PNG/2022 - Probabilidad_png/2022_julio_C5.png,,mates
mates_2023_Junio_C5,2023,Junio,C5,,"Disponemos de una moneda trucada en la que la probabilidad de obtener cara, al lanzarla, es el doble de la de obtener cruz.
a) Halle la probabilidad de que, al lanzar la moneda, se obtenga cara.
b) Halle la probabilidad de que, al lanzar dos veces la moneda, se obtenga una cara y una cruz sin importar el orden.
c) Halle la probabilidad de que, al lanzar dos veces la moneda, se obtenga al menos una cara.
d) Si al lanzar la moneda dos veces observamos que ha salido al menos una cara, halle la probabilidad de que se obtengan dos caras. SOCIALES II. 2023. JUNIO. EJERCICIO C5",enunciados_PNG/2023 - Probabilidad_png/2023_junio_C5.png,,mates
mates_2023_Junio_C6,2023,Junio,C6,,"En una base de datos de correos electrónicos se ha observado que el 20% de los correos recibidos son spam. Además, se ha observado que la palabra “lottery” ha aparecido en el 40% de los correos que son spam y en el 0’6% de los correos que no lo son.
a) Halle la probabilidad de que en un correo elegido al azar en el que aparezca la palabra “lottery” sea spam.
b) Halle la probabilidad de que un correo elegido al azar en el que no aparezca la palabra “lottery” no sea spam.
c) Si un correo se etiqueta como spam si aparece la palabra “lottery” y como no spam si esta palabra no aparece, calcule la probabilidad de que un correo se etiquete incorrectamente. SOCIALES II. 2023. JUNIO. EJERCICIO C6",enunciados_PNG/2023 - Probabilidad_png/2023_junio_C6.png,,mates
mates_2023_Reserva 1_C5,2023,Reserva 1,C5,,"Una empresa de transporte dispone de tres tipos de camiones, A, B y C. El 30% de los transportes son realizados por camiones del tipo A, el 20% por camiones de tipo B y el resto por camiones de tipo C. Se sabe que los transportes tienen una probabilidad de 0’02 de sufrir algún tipo de incidencia si son realizados en camiones de tipo A, de 0’01 si son realizados en camiones de tipo B y de 0’05 si son realizados en camiones de tipo C. Se elige un transporte de esta empresa al azar.
a) Calcule la probabilidad de que no haya sufrido ningún tipo de incidencia.
b) Calcule la probabilidad de que lo haya realizado un camión de tipo C si se sabe que sufrió algún tipo de incidencia.
c) Si además se conoce que el 40% de las incid encias sufridas por los camiones de tipo A fueron debidas a la lluvia, calcule la probabilidad d e que el transporte haya sido realizado por un camión de tipo A, haya sufrido incidencia y también esta sea debida a la lluvia. SOCIALES II. 2023. RESERVA 1. EJERCICIO C5",enunciados_PNG/2023 - Probabilidad_png/2023_reserva_1_C5.png,,mates
mates_2023_Reserva 1_C6,2023,Reserva 1,C6,,"Una tienda vende caramelos con sabor a frutas (naranja ó limón) y a menta. El 60% son azucarados y de estos el 25% son de limón. De los no azucarados, el 40% son de naranja, el 30% son de limón y el resto de menta. Además, el 40% de todos los caramelos son de naranja. Se escoge un caramelo al azar de esa tienda.
a) Calcule la probabilidad de que sea de naranja sabiendo que es azucarado.
b) Razone si es más probable que sea de sabor a frutas o a menta. SOCIALES II. 2023. RESERVA 1. EJERCICIO C6",enunciados_PNG/2023 - Probabilidad_png/2023_reserva_1_C6.png,,mates
mates_2023_Reserva 2_C6,2023,Reserva 2,C6,,"Un componente electrónico se produce en dos fábricas, A y B. Se exporta el 40% de los componentes producidos en A y la cuarta parte de los producidos en B, mientras que el resto es para consumo nacional. Además, el 37% de todos los componentes producidos es exportado. Si se elige un componente electrónico al azar, halle la probabilidad de que:
a) Se haya producido en la fábrica A.
b) Se haya producido en la fábrica A sabiendo que no es exportado. SOCIALES II. 2023. RESERVA 2. EJERCICIO C6",enunciados_PNG/2023 - Probabilidad_png/2023_reserva_2_C6.png,,mates
mates_2023_Reserva 3_C5,2023,Reserva 3,C5,,"Durante la pasada temporada, una tenista ganó el 90% de los partidos que jugó sobre tierra y la mitad cuando lo hizo sobre otro tipo de superficie. De los 40 partidos que jugó la temporada pasada, 25 lo hizo sobre tierra. Elegido al azar un partido de la temporada pasada de esta tenista, halle la probabilidad de que:
a) Ganase el partido.
b) No ganase sabiendo que jugó sobre tierra.
c) Jugase sobre tierra sabiendo que ganó. SOCIALES II. 2023. RESERVA 3. EJERCICIO C5",enunciados_PNG/2023 - Probabilidad_png/2023_reserva_3_C5.png,,mates
mates_2023_Reserva_4,2023,Reserva,4,,"Una fábrica produce procesadores que se clasifican en un primer control en tres tipos, A, B y C, según la frecuencia a la que pueden trabajar. El 60% de los procesadores fabricados se clasifican de tipo A, el 30% de tipo B y el resto de tipo C. En un segundo control, se desechan el 20% de los procesadores de tipo A, el 50% de los de tipo B y el 60% de los de tipo C, por problemas al trabajar a ciertas temperatura. Si se elige un procesador de esta fábrica al azar, calcule la probabilidad de que:
a) Sea descartado y sea de tipo A o de tipo B.
b) Sea descartado.
c) Sea de tipo C sabiendo que no ha sido desca rtado. SOCIALES II. 2023. RESERVA 4. EJERCICI O C5",enunciados_PNG/2023 - Probabilidad_png/2023_reserva_4.png,,mates
mates_2023_Julio_C5,2023,Julio,C5,,"Una caja contiene 3 fichas verdes, 2 fichas azules y 4 fichas rojas. Un juego consiste en realizar dos extracciones, sin reemplazamiento, de tal manera que el jugador que saque dos fichas azules gana el primer premio, el jugador que saque dos fichas verdes gana el segundo premio y el jugador que, de las dos fichas, una sea azul y otra de un color diferente gana el tercer premio.
a) Calcule la probabilidad de que un jugador consiga el primer o el segundo premio.
b) Calcule la probabilidad de que un jugador gane el tercer premio.
c) Sabiendo que un jugador ha obtenido premio, ¿cuál es la probabilidad de que haya ganado el tercer premio? SOCIALES II. 2023. JULIO. EJERCICIO C5",enunciados_PNG/2023 - Probabilidad_png/2023_julio_C5.png,,mates
mates_2024_Junio_C5,2024,Junio,C5,,"Una agencia ha realizado un estudio acerca de la siniestralidad de los vehículos de una región. Se ha dividido a los conductores en dos grupos: jóvenes los menores de 30 años y sénior al resto de conductores. Asimismo, también se ha dividido a los vehículos en dos grupos: nuevos los que t ienen menos de 5 años de antigüedad y viejos el resto de vehículos. De los 54 siniestros r egistrados, en 19 de ellos el vehículo implicado era nuevo y en 29 los conductores eran jóvenes. F inalmente, 21 de los siniestros se dieron con vehículos viejos y conductores jóvenes. Se escoge uno de estos siniestros al azar.
a) Calcule la probabilidad de que el conductor sea sénior y el vehículo viejo.
b) Calcule la probabilidad de que el conductor sea joven sabiendo que el vehículo es viejo.
c) Determine razonadamente si la siguiente afirmación es cierta: “Los siniestros de este estudio m enos probables son aquellos en los que el conductor es sénior y el vehículo es nuevo”. S OCIALES II. 2024. JUNIO. EJERCICIO C5",enunciados_PNG/2024 - Probabilidad_png/2024_junio_C5.png,,mates
mates_2024_Junio_C6,2024,Junio,C6,,"U n grupo de turistas programa una visita a la Geoda de Pulpí. El 42% de los turistas del grupo p roceden de Andalucía, el 32% de otras comunidades autónomas y el resto del extranjero. Son m ayores de edad el 65% de los visitantes que proceden de Andalucía y el 75% de los que proceden de otras comunidades autónomas. Son menores de edad el 20% de los visitantes extranjeros. Elegido un turista de este grupo al azar, halle la probabilidad de que:
a) Sea mayor de edad.
b) Proceda de Andalucía y sea menor de edad. c ) Sea extranjero sabiendo que es menor de edad. S OCIALES II. 2024. JUNIO. EJERCICIO C6",enunciados_PNG/2024 - Probabilidad_png/2024_junio_C6.png,,mates
mates_2024_Reserva 1_C5,2024,Reserva 1,C5,,"En una encuesta realizada en una librería se ha determinado que el 45% de sus clientes compran novelas históricas, mientras que el 40% no compra novelas de fantasía. Además, de los clientes que compran novelas de fantasía, sólo el 30% compran también novelas históricas. Elegido un c liente al azar, calcule la probabilidad de que: a ) Compre novelas históricas y de fantasía. b ) No compre novelas históricas y tampoco de fantasía.
c) Compre una novela de fantasía, sabiendo que no ha comprado ninguna novela histórica. SOCIALES II. 2024. RESERVA 1. EJERCICIO C5",enunciados_PNG/2024 - Probabilidad_png/2024_reserva_1_C5.png,,mates
mates_2024_Reserva 1_C6,2024,Reserva 1,C6,,"U na fábrica dispone de tres máquinas A, B y C para la fabricación de una cierta pieza. El 25% d e las piezas son fabricadas por la máquina A, el 35% por B y el resto por C. Tras un estudio se d etermina que el 2’05% del total de piezas fabricadas son defectuosas y que el 1% de las piezas fabricadas por B son defectuosas.
a) Se selecciona una pieza al azar y resulta no ser defectuosa, ¿qué probabilidad hay de que fuera fabricada por la máquina B?.
b) Si A y C tienen la misma probabilidad de fabricar una pieza defectuosa, ¿cuál es la p robabilidad de que una pieza sea fabricada por A sabiendo que es defectuosa?. S OCIALES II. 2024. RESERVA 1. EJERCICIO C6",enunciados_PNG/2024 - Probabilidad_png/2024_reserva_1_C6.png,,mates
mates_2024_Reserva 2_C5,2024,Reserva 2,C5,,"Un grupo de 15 amigas se van a pasar un fin de semana a una casa rural. Al llegar reparten las tareas: 3 irán al mercado, 2 a comprar leña y el resto se quedarán en la casa. Para realizar el reparto de las tareas se introducen 15 papeletas en una urna de las que 3 tienen la palabra “mercado”, 2 la palabra “leña” y el resto la palabra “casa”. Cada una coge una papeleta de forma ordenada y sin reposición. Calcule la probabilidad de los siguientes sucesos:
a) Las dos primeras papeletas extraídas tienen escrita la palabra “mercado”.
b) Las dos primeras papeletas extraídas no tienen escrita la palabra “casa”.
c) Si la segunda papeleta extraída tiene escrita “leña”, ¿cuál es la probabilidad de que la primera también tenga escrita “leña”? SOCIALES II. 2024. RESERVA 2. EJERCICIO C5",enunciados_PNG/2024 - Probabilidad_png/2024_reserva_2_C5.png,,mates
mates_2024_Reserva 2_C6,2024,Reserva 2,C6,,"U na empresa ha instalado 50 alarmas de las que 30 son de tipo básico y el resto de tipo superior. S e sabe que el 80% de todas las alarmas no presentan incidencias y que de las de tipo básico un 3 0% presentan alguna incidencia. Se elige al azar una de estas alarmas. Calcule la probabilidad d e que: a ) Sea de tipo básico y no presente incidencias. b ) No presente incidencias siendo de tipo superior. c ) Teniendo incidencias sea de tipo básico. d ) Sea de ""tipo básico y tenga incidencias"" o sea de ""tipo superior y no tenga incidencias"". S OCIALES II. 2024. RESERVA 2. EJERCICIO C6",enunciados_PNG/2024 - Probabilidad_png/2024_reserva_2_C6.png,,mates
mates_2024_Reserva 3_C5,2024,Reserva 3,C5,,"Una tienda vende ropa de tallas M, L y XL. Se sabe que el 65% de sus clientes son mujeres. El 50% de las mujeres que compran ropa en esa tienda usan la talla M y el 10 % la talla XL. De los hombres, el 40% usan la talla L y el 45% la XL.
a) ¿Qué porcentaje de mujeres que compran ropa en esa tienda no usan la talla XL?
b) Halle el porcentaje de clientes que no usan la talla L.
c) De los clientes que usan la talla M, ¿qué porcentaje son mujeres? SOCIALES II. 2024. RESERVA 3. EJERCICIO C5",enunciados_PNG/2024 - Probabilidad_png/2024_reserva_3_C5.png,,mates
mates_2024_Reserva 4_C5,2024,Reserva 4,C5,,"En cierta localidad el 30% de los habitantes profesan la religión A y el 50% profesan otras religiones diferentes de A. De los que profesan la religión A el 40% son mujeres. De las mujeres el 25% profesa la religión A. Se elige un habitante al azar de esa localidad. Calcule la probabilidad de que:
a) No profese ninguna religión.
b) Sea hombre.
c) Solo verifique uno de los siguientes sucesos: ""profesa la religión A""; ""es mujer"". SOCIALES II. 2024. RESERVA 4. EJERCICIO C5",enunciados_PNG/2024 - Probabilidad_png/2024_reserva_4_C5.png,,mates
mates_2024_Julio_C5,2024,Julio,C5,,"El 7% de los habitantes de una ciudad no tienen coche ni moto. De entre los que tienen coche el 36% tienen moto y de entre los que no tienen coche el 28% no tienen moto. Se elige al azar un habitante de esa ciudad:
a) Calcule la probabilidad de que solo tenga uno de los dos vehículos.
b) Calcule la probabilidad de que al menos tenga uno de los dos vehículos.
c) Si tiene coche, ¿cuál es la probabilidad de que no tenga moto?.
d) ¿Son independientes los sucesos “tener coche” y “no tener moto”?¿Son incompatibles? SOCIALES II. 2024. JULIO. EJERCICIO C5",enunciados_PNG/2024 - Probabilidad_png/2024_julio_C5.png,,mates
mates_2025_Junio_C4,2025,Junio,C4,,"En una casa con trastero viven tres personas y cada una tiene un llavero con las llaves de la casa. El primer llavero contiene 7 llaves, el segundo 8 y el tercer 5. En cada uno de los llaveros hay una única llave que abre el trastero. Otra persona necesita abrir el trastero y, para ello, selecciona un l lavero al azar y, de este, elige una llave aleatoriamente e intenta abrirlo. Calcule la probabilidad d e que: a ) No haya acertado con la llave seleccionada.
b) El llavero sea el tercero y la llave abra el trastero.
c) Sabiendo que la llave elegida abre el trastero, esta pertenezca al primer o al tercer llavero.
d) Si la llave no abre el trastero, esta no pertenezca al primer llavero. SOCIALES II. 2025. JUNIO. EJERCICIO C4",enunciados_PNG/2025 - Probabilidad_png/2025_junio_C4.png,,mates
mates_2025_Reserva 1_C5,2025,Reserva 1,C5,,"U n nuevo servicio de streaming utiliza un algoritmo para recomendar películas a sus usuarios en f unción de las películas vistas anteriormente. Como la plataforma es de reciente creación, solo t iene disponibles tres géneros: ciencia ficción, terror y musicales. El 62% de las películas d isponibles son de ciencia ficción, la cuarta parte son de terror y el resto musicales. De las películas d e ciencia ficción, el algoritmo hace una recomendación correcta en el 70% de las ocasiones, de las d e terror, el 75% de las veces y de los musicales, el 15%. Un usuario selecciona al azar una película d e su lista de recomendaciones: a ) ¿Cuál es la probabilidad de que el algoritmo haya hecho una recomendación correcta? b ) Si no ha sido recomendada correctamente, ¿qué probabilidad hay de que la película sea de t error? c ) De las recomendaciones correctas del género de ciencia ficción, el usuario queda satisfecho con l a elección de la película en el 55% de las ocasiones. ¿Qué probabilidad hay de que la película sea d e ciencia ficción, esté recomendada correctamente y el usuario haya quedado satisfecho? S OCIALES II. 2025. RESERVA 1. EJERCICIO C5",enunciados_PNG/2025 - Probabilidad_png/2025_reserva_1_C5.png,,mates
mates_2025_Julio_C4,2025,Julio,C4,,"En un determinado centro educativo, el 50% del alumnado aprueba Historia, el 70% aprueba Matemáticas y el 30% aprueba ambas asignaturas. Si se elige un alumno al azar:
a) Halle la probabilidad de que apruebe solo una de las dos asignaturas. b ) Halle la probabilidad de que no apruebe más de una asignatura. c ) Halle la probabilidad de que apruebe Historia si ha suspendido Matemáticas. d ) Determine si los sucesos “Aprobar Matemáticas” y “Aprobar Historia” son independientes? ¿Son incompatibles?. SOCIALES II. 2025. JULIO. EJERCICIO C4",enunciados_PNG/2025 - Probabilidad_png/2025_julio_C4.png,,mates
mates_2025_Julio_C5,2025,Julio,C5,,"L os alumnos de un colegio de una localidad andaluza van a realizar una excursión a la estación de e squí de Sierra Nevada desplazándose en tres autobuses A, B y C. En el autobús A se desplazan c uatro novenos de los alumnos de la excursión, en el B se desplaza la tercera parte y el resto vanen e l autobús C. Se sabe que el 65% de los alumnos que viajan en el autobús A y el 40% de los del a utobús B no sabe esquiar y todos los del autobús C sí que saben esquiar. Se escoge al azar a uno d e los alumnos de la excursión. Calcule la probabilidad de que: a ) Sepa esquiar. b ) Viaje en el autobús C, si sabe esquiar. c ) Sepa esquiar y no viaje en el autobús B. S OCIALES II. 2025. JULIO. EJERCICIO C5",enunciados_PNG/2025 - Probabilidad_png/2025_julio_C5.png,,mates
