año,convocatoria,ejercicio,opcion,enunciado,imagen,aviso
2000,Junio,3,B,"Los puntos A(3,3,5) y B(3,3,2) son vértices consecutivos de un rectángulo ABCD. El vértice y6 z1 C consecutivo de B está en la recta de ecuacionesx   . 1 2 a) Determina el vértice C. b) Determina el vértice D. MATEMÁTICAS II. 2000. JUNIO. EJERCICIO 3. OPCIÓN B",enunciados_PNG/2000 - Geometría_png/2000_junio_3_b_2.png,
2000,Reserva 1,3,B,"C alcula las coordenadas del punto simétrico del (1,3,7) respecto de la recta dada por las z4 ecuaciones x1 y3 2 MATEMÁTICAS II. 2000. RESERVA 1. EJERCICIO 3. OPCIÓN B.",enunciados_PNG/2000 - Geometría_png/2000_reserva_1_3_b_2.png,
2000,Reserva 1,4,A,Halla la distancia entre el origen de coordenadas y la recta intersección de los planos de ecuaciones r espectivas: x y2z 4; 2x yz  2 M ATEMÁTICAS II. 2000. RESERVA 1. EJERCICIO 4. OPCIÓN A,enunciados_PNG/2000 - Geometría_png/2000_reserva_1_4_a_2.png,
2000,Reserva 2,3,B,"y2 z1 Calcula el punto de la recta de ecuaciones x1  más cercano al punto A(1,1,1). 2 3 MATEMÁTICAS II. 2000. RESERVA 2. EJERCICIO 3. OPCIÓN B",enunciados_PNG/2000 - Geometría_png/2000_reserva_2_3_b_2.png,
2000,Reserva 3,4,A,"Halla las coordenadas del punto simétrico del punto P(1,2,2) respecto al plano de ecuación 3x2yz70. MATEMÁTICAS II. 2000. RESERVA 3. EJERCICIO 4. OPCIÓN A",enunciados_PNG/2000 - Geometría_png/2000_reserva_3_4_a_2.png,
2000,Reserva 3,4,B,"Halla la ecuación del plano cuyo punto más próximo al origen es(1,2,1). MATEMÁTICAS II. 2000. RESERVA 3. EJERCICIO 4. OPCIÓN B",enunciados_PNG/2000 - Geometría_png/2000_reserva_3_4_b_2.png,
2000,Reserva 4,3,A,x1 y1 z2 Determina los puntos de la recta de ecuaciones   que equidistan de los planos de 2 3 2 e cuaciones 3x4y10 ; 4x3z10. MATEMÁTICAS II. 2000. RESERVA 4. EJERCICIO 3. OPCIÓN A,enunciados_PNG/2000 - Geometría_png/2000_reserva_4_3_a_2.png,
2000,Septiembre,3,A,Halla las ecuaciones de la recta que se apoya perpendicularmente en las rectas r y s definidas z1 x4 y1 z respectivamente por: r  x1 y2 ; s   2 1 3 2 M ATEMÁTICAS II. 2000. SEPTIEMBRE. EJERCICIO 3. OPCIÓN A,enunciados_PNG/2000 - Geometría_png/2000_septiembre_3_a_2.png,
2000,Septiembre,3,B,"Calcula el volumen de un cubo sabiendo que dos de sus caras están, respectivamente, en los planos 2x2yz10 y 2x2yz50 MATEMÁTICAS II. 2000. SEPTIEMBRE. EJERCICIO 3. OPCIÓN B",enunciados_PNG/2000 - Geometría_png/2000_septiembre_3_b_2.png,
2001,Junio,3,B,"Calcula a sabiendo que los planos ax y7z  5 y x2ya2z 8 se cortan en una recta que pasa por el punto A(0,2,1) pero que no pasa por el punto B(6,3,2). MATEMÁTICAS II. 2001. JUNIO. EJERCICIO 3. OPCIÓN B.",enunciados_PNG/2001 - Geometría_png/2001_junio_3_b_2.png,
2001,Junio,4,A,"Halla la ecuación del plano que pasa por el punto A(1,0,1), es perpendicular al plano x2y 0 x y2z10 y es paralelo a la recta .  z 0 MATEMÁTICAS II. 2001. JUNIO. EJERCICIO 4. OPCIÓN A.",enunciados_PNG/2001 - Geometría_png/2001_junio_4_a_2.png,
2001,Reserva 1,4,B,"C onsidera los puntos: A(1,0,3);B(3,1,0);C(0,1,2) y D(a,b,1). Halla a y b sabiendo que la r ecta que pasa por A y B corta perpendicularmente a la recta que pasa por C y D. M ATEMÁTICAS II. 2001. RESERVA 1. EJERCICIO 4. OPCIÓN B.",enunciados_PNG/2001 - Geometría_png/2001_reserva_1_4_b_2.png,
2001,Reserva 2,4,A,Considera los planos:  2x50 y  3x3y40. 1 2 a) ¿Qué ángulo determinan ambos planos?. b) Halla el plano que pasa por el origen de coordenadas y es perpendicular a los dos planos dados. MATEMÁTICAS II. 2001. RESERVA 2. EJERCICIO 4. OPCIÓN A.,enunciados_PNG/2001 - Geometría_png/2001_reserva_2_4_a_2.png,
2001,Reserva 2,4,B,"3x2y 0 Sea r la recta de ecuaciones r  . 3x z 0 a) Halla los puntos de r cuya distancia al origen de coordenadas es de 7 unidades. b) Halla la ecuación del plano perpendicular a r que pasa por el puntoP(1,2,1). MATEMÁTICAS II. 2001. RESERVA 2. EJERCICIO 4. OPCIÓN B.",enunciados_PNG/2001 - Geometría_png/2001_reserva_2_4_b_2.png,
2001,Reserva 3,4,A,"Halla las coordenadas del punto simétrico de A(0,1,1) con respecto a la recta x5 z2  y 2 3 MATEMÁTICAS II. 2001. RESERVA 3. EJERCICIO 4. OPCIÓN A.",enunciados_PNG/2001 - Geometría_png/2001_reserva_3_4_a_2.png,
2001,Reserva 3,4,B,"y2 z3 Halla el punto de la recta x   que equidista del punto A(1,2,1) y del origen de 2 1 coordenadas. MATEMÁTICAS II. 2001. RESERVA 3. EJERCICIO 4. OPCIÓN B.",enunciados_PNG/2001 - Geometría_png/2001_reserva_3_4_b_2.png,
2001,Reserva 4,3,B,"Determina todos los puntos del plano 2x y2z10 que equidistan de los puntos A(3,0,2) y B(1,2,0) . ¿Qué representan geométricamente?. MATEMÁTICAS II. 2001. RESERVA 4. EJERCICIO 3. OPCIÓN B.",enunciados_PNG/2001 - Geometría_png/2001_reserva_4_3_b_2.png,
2001,Reserva 4,4,A,Considera el plano 2x y2z40 a) Halla el área del triángulo cuyos vértices son los puntos de corte del plano dado con los ejes coordenados. b) Calcula la distancia del origen al plano dado. MATEMÁTICAS II. 2001. RESERVA 4. EJERCICIO 4. OPCIÓN A.,enunciados_PNG/2001 - Geometría_png/2001_reserva_4_4_a_2.png,
2001,Septiembre,4,A,Considera los tres planos siguientes:   x yz1;  x yz2;  3x y3z5. 1 2 3 ¿ Se cortan  y  ?. ¿Hay algún punto que pertenezca a los tres planos?. 1 2 MATEMÁTICAS II. 2001. SEPTIEMBRE. EJERCICIO 4. OPCIÓN A.,enunciados_PNG/2001 - Geometría_png/2001_septiembre_4_a_2.png,
2001,Septiembre,4,B,"Considera los puntosA(1,2,3), B(3,2,1) y C(2,0,2). Halla el punto simétrico del origen de coordenadas respecto del plano que contiene a A, B y C. MATEMÁTICAS II. 2001. SEPTIEMBRE. EJERCICIO 4. OPCIÓN B.",enunciados_PNG/2001 - Geometría_png/2001_septiembre_4_b_2.png,
2002,Junio,4,A,Calcula la ecuación de una recta que pasa por el punto de intersección del plano x  x yz6 0 con la recta s  y2 z1 y es paralela a la recta 3  3x y40 r   4x3yz10 MATEMÁTICAS II. 2002. JUNIO. EJERCICIO 4. OPCIÓN A.,enunciados_PNG/2002 - Geometría_png/2002_junio_4_a_2.png,
2002,Junio,4,B,"Calcula el área del triángulo de vértices A(1,1,2) ; B(1,0,1) ; C(1,3,2). MATEMÁTICAS II. 2002. JUNIO. EJERCICIO 4. OPCIÓN B.",enunciados_PNG/2002 - Geometría_png/2002_junio_4_b_2.png,
2002,Reserva 1,4,A,"Considera los puntos A(1,3,2), B(1,1,2) y C(1,1,1). a) ¿Pueden ser A, B y C vértices consecutivos de un rectángulo?. Justifica la respuesta. b) Halla, si es posible las coordenadas de un punto D para que el paralelogramo ABCD sea un rectángulo. MATEMÁTICAS II. 2002. RESERVA 1. EJERCICIO 4. OPCIÓN A.",enunciados_PNG/2002 - Geometría_png/2002_reserva_1_4_a_2.png,
2002,Reserva 1,4,B,"C onsidera los puntos A(1,1,1);B(2,2,2);C(1,1,0) y D(1,0,0). a ) Halla la ecuación del plano que contiene a los puntos A y B y no corta a la recta determinada p or C y D. b ) Halla las ecuaciones de la recta determinada por los puntos medios de los segmentos AB y CD. M ATEMÁTICAS II. 2002. RESERVA 1. EJERCICIO 4. OPCIÓN B.",enunciados_PNG/2002 - Geometría_png/2002_reserva_1_4_b.png,
2002,Reserva 2,3,A,"Considera los puntosA(1,1,2), B(1,3,0)y C(0,0,1). Halla el punto simétrico de A respecto de la recta que pasa por B y C. MATEMÁTICAS II. 2002. RESERVA 2. EJERCICIO 3. OPCIÓN A.",enunciados_PNG/2002 - Geometría_png/2002_reserva_2_3_a.png,
2002,Reserva 2,3,B,"Sea  el plano de ecuación 3x―y + 2z―4 = 0 a) Halla la ecuación del plano  que es paralelo a  y pasa por el punto P (1,2,2). 1 b) Halla la ecuación del plano  perpendicular a ambos que contiene a la recta 2 x yz 1 r   2x y4z 1 MATEMÁTICAS II. 2002. RESERVA 2. EJERCICIO 3. OPCIÓN B.",enunciados_PNG/2002 - Geometría_png/2002_reserva_2_3_b.png,
2002,Reserva 3,4,A,"x3yz  1 Halla el punto de la recta r   que está más cercano al puntoP(1,1,0).  yz  1 MATEMÁTICAS II. 2002. RESERVA 3. EJERCICIO 4. OPCIÓN A.",enunciados_PNG/2002 - Geometría_png/2002_reserva_3_4_a.png,
2002,Reserva 3,4,B,"xza 0 Considera la recta r y el plano  siguientes: r  ,  2x y b yaz10 a) Determina a y b sabiendo que r está contenida en . b) Halla la ecuación de un plano que contenga a r y sea perpendicular a . MATEMÁTICAS II. 2002. RESERVA 3. EJERCICIO 4. OPCIÓN B.",enunciados_PNG/2002 - Geometría_png/2002_reserva_3_4_b.png,
2002,Reserva 4,4,A,"Determina la recta que no corta al plano de ecuación x y z  7 y cuyo punto más cercano al origen es(1,2,3). MATEMÁTICAS II. 2002. RESERVA 4. EJERCICIO 4. OPCIÓN A.",enunciados_PNG/2002 - Geometría_png/2002_reserva_4_4_a.png,
2002,Reserva 4,4,B,"x yz 1 x2yz a Sabiendo que las rectas: r  y s se cortan, determina a y el  x y2  2xz a punto de corte. MATEMÁTICAS II. 2002. RESERVA 4. EJERCICIO 4. OPCIÓN B.",enunciados_PNG/2002 - Geometría_png/2002_reserva_4_4_b.png,
2002,Septiembre,4,A,"Los puntos A(1,0,2) y B(1,0,2) son vértices opuestos de un cuadrado. a) Calcula el área del cuadrado. b) Calcula el plano perpendicular al segmento de extremos A y B que pasa por su punto medio. MATEMÁTICAS II. 2002. SEPTIEMBRE. EJERCICIO 4. OPCIÓN A.",enunciados_PNG/2002 - Geometría_png/2002_septiembre_4_a.png,
2002,Septiembre,4,B,"Considera el plano  x y2z  3 y el puntoA(1,4,2). a) Halla la ecuación de la recta perpendicular a  que pasa por A. b) Halla el punto simétrico de A respecto de . MATEMÁTICAS II. 2002. SEPTIEMBRE. EJERCICIO 4. OPCIÓN B.",enunciados_PNG/2002 - Geometría_png/2002_septiembre_4_b.png,
2003,Junio,3,A,"   Considera los vectores u (1,1,1), v (2,2,a) y w (2,0,0).    a) Halla los valores de a para los que los vectores u, v y w son linealmente independientes.     b) Determina los valores de a para los que los vectores u v y u w son ortogonales. MATEMÁTICAS II. 2003. JUNIO. EJERCICIO 3. OPCIÓN A.",enunciados_PNG/2003 - Geometría_png/2003_junio_3_a.png,
2003,Junio,4,A,"x 1  Sabiendo que las rectas: r  x  y  z y s  y  3se cruzan, halla los puntos A y B, de r y s  z   respectivamente, que están a mínima distancia. MATEMÁTICAS II. 2003. JUNIO. EJERCICIO 4. OPCIÓN A.",enunciados_PNG/2003 - Geometría_png/2003_junio_4_a.png,
2003,Junio,4,B,x1 y1 z Determina el punto P de la recta r    que equidista de los planos 2 1 3 x  3    x y z3  0 y   y   1 2   z  6 MATEMÁTICAS II. 2003. JUNIO. EJERCICIO 4. OPCIÓN B.,enunciados_PNG/2003 - Geometría_png/2003_junio_4_b.png,
2003,Reserva,1,,x3yz 0 Considera el plano   x2y1 0 y la recta r  x yaz20 a ) Halla el valor de a sabiendo que la recta está contenida en el plano. x3yz 0 b ) Calcula el ángulo formado por el plano  y la recta s x yz20 MATEMÁTICAS II. 2003. RESERVA 1. EJER CICIO 4. OPCIÓN A.,enunciados_PNG/2003 - Geometría_png/2003_reserva_1.png,
2003,Reserva 2,4,A,"x yz20 Considera el punto P(2,3,0) y la recta r   2x2yz10 a ) Halla la ecuación del plano que pasa por P y contiene a la recta r. b ) Determina el punto de r más próximo a P. MATEMÁTICAS II. 2003. RESERVA 2. EJERCICIO 4. OPCIÓN A.",enunciados_PNG/2003 - Geometría_png/2003_reserva_2_4_a.png,
2003,Reserva,2,,"Considera una recta r y un plano  cuyas ecuaciones son, respectivamente; x  t x    y  t (tR) y  (,R)   z 0 z   a) Estudia la posición relativa de la recta r y el plano . b) Dados los puntos B(4,4,4) y C(0,0,0), halla un punto A en la recta r de manera que el triángulo formado por los puntos A, B y C sea r ectángulo en B. MATEMÁTICAS II. 2003. RESERVA 2. EJER CICIO 4. OPCIÓN B.",enunciados_PNG/2003 - Geometría_png/2003_reserva_2.png,
2003,Reserva 3,4,A,"Halla la ecuación de la recta que pasa por el punto (3,1,1), es paralela al plano 3x yz 4 y corta a la recta intersección de los planos xz4 y x2yz 1. M ATEMÁTICAS II. 2003. RESERVA 3. EJERCICIO 4. OPCIÓN A.",enunciados_PNG/2003 - Geometría_png/2003_reserva_3_4_a.png,
2003,Reserva 3,4,B,x yz 1 Considera la recta r  y el plano x2yz  0. y2 a ) Calcula el haz de planos que contiene a la recta r. b) Halla el plano que contiene a la recta r y corta al plano  en una recta paralela al plano z0. MATEMÁTICAS II. 2003. RESERVA 3. EJERCICIO 4. OPCIÓN B.,enunciados_PNG/2003 - Geometría_png/2003_reserva_3_4_b.png,
2003,Reserva 4,4,A,"Se sabe que el plano  corta a los semiejes positivos de coordenadas en los puntos A, B y C, siendo las longitudes de los segmentos OA, OB y OC de 4 unidades, donde O es el origen de coordenadas. a) Halla la ecuación del plano . b) Calcula el área del triángulo ABC. c) Obtén un plano paralelo al plano  que diste 4 unidades del origen de coordenadas. MATEMÁTICAS II. 2003. RESERVA 4. EJERCICIO 4. OPCIÓN A.",enunciados_PNG/2003 - Geometría_png/2003_reserva_4_4_a.png,
2003,Reserva 4,4,B,x 1 x    H alla la perpendicular común a las rectas: r  y  y s y  22   z   z 0 MATEMÁTICAS II. 2003. RESERVA 4. EJERCICIO 4. OPCIÓN B.,enunciados_PNG/2003 - Geometría_png/2003_reserva_4_4_b.png,
2003,Septiembre,4,A,"Se sabe que los puntos A(1,0,1), B(3,2,1) y C(7,1,5) son vértices consecutivos de un paralelogramo ABCD. a) Calcula las coordenadas de D. b) Halla el área del paralelogramo. MATEMÁTICAS II. 2003. SEPTIEMBRE. EJERCICIO 4. OPCIÓN A.",enunciados_PNG/2003 - Geometría_png/2003_septiembre_4_a.png,
2003,Septiembre,4,B,"Los puntos A(1,1,0)y B(2,2,1) son vértices consecutivos de un rectángulo ABCD. Además, se sabe que los vértices C y D están contenidos en una recta que pasa por el origen de coordenadas. Halla C y D. MATEMÁTICAS II. 2003. SEPTIEMBRE. EJERCICIO 4. OPCIÓN B.",enunciados_PNG/2003 - Geometría_png/2003_septiembre_4_b.png,
2004,Junio,4,A,"Sean los puntos A (1,2,1); B (2,3,1); C (0,5,3) y D (―1,4,3) a) Prueba que los 4 puntos están en el mismo plano. Halla la ecuación de dicho plano. b) Demuestra que el polígono de vértices consecutivos ABCD es un rectángulo. c) Calcula el área de dicho rectángulo. MATEMÁTICAS II. 2004. JUNIO. EJERCICIO 4. OPCIÓN A.",enunciados_PNG/2004 - Geometría_png/2004_junio_4_a.png,
2004,Junio,4,B,"   Dados los vectoresu (2,1,0)y v (1,0,1), halla un vector unitario w que sea coplanario con    u y v y ortogonal a v . MATEMÁTICAS II. 2004. JUNIO. EJERCICIO 4. OPCIÓN B.",enunciados_PNG/2004 - Geometría_png/2004_junio_4_b.png,
2004,Reserva 1,4,A,x  y x y1 Considera las rectas: r  y s z 2 z 3 H alla la ecuación de una recta que corte a r y s y sea perpendicular al plano z = 0. MATEMÁTICAS II. 2004. RESERVA 1. EJERCICIO 4. OPCIÓN A.,enunciados_PNG/2004 - Geometría_png/2004_reserva_1_4_a.png,
2004,Reserva 1,4,B,"Sean los puntos A(1,0,1) y B(2,1,3). a) Calcula la distancia del origen de coordenadas a la recta que pasa por A y por B. b) Calcula el área del paralelogramo de vértices consecutivos ABCD sabiendo que la recta determinada por los vértices C y D pasa por el origen de coordenadas. MATEMÁTICAS II. 2004. RESERVA 1. EJERCICIO 4. OPCIÓN B.",enunciados_PNG/2004 - Geometría_png/2004_reserva_1_4_b.png,
2004,Reserva 2,4,A,x 0  x11z H alla la distancia entre las rectas: r   z2 y s   y1 y0  3 MATEMÁTICAS II. 2004. RESERVA 2. EJERCICIO 4. OPCIÓN A.,enunciados_PNG/2004 - Geometría_png/2004_reserva_2_4_a.png,
2004,Reserva 2,4,B,"Considera los puntos P(6,1,10), Q(0,2,2) y R, que es el punto de intersección del plano x yz10  2xy z2 0 y la recta r  . Determina , sabiendo que los puntos P, y1 Q y R están alineados. MATEMÁTICAS II. 2004. RESERVA 2. EJERCICIO 4. OPCIÓN B.",enunciados_PNG/2004 - Geometría_png/2004_reserva_2_4_b.png,
2004,Reserva 3,4,A,x 1  C onsidera el plano  2x yz7 0 y la recta r  y 1  z 13 a) Halla la ecuación de un plano perpendicular a  y que contenga a la recta r. b) ¿Hay algún plano paralelo a  que contenga a la recta r?. En caso afirmativo determina sus ecuaciones. MATEMÁTICAS II. 2004. RESERVA 3. EJERCICIO 4. OPCIÓN A.,enunciados_PNG/2004 - Geometría_png/2004_reserva_3_4_a.png,
2004,Reserva 3,4,B,x y20 x y60 Las rectas r  y s  2x2yz40 x yz60 c ontienen dos lados de un cuadrado. a ) Calcula el área del cuadrado. b ) Halla la ecuación del plano que contiene al cuadrado. MATEMÁTICAS II. 2004. RESERVA 3. EJERCICIO 4. OPCIÓN B.,enunciados_PNG/2004 - Geometría_png/2004_reserva_3_4_b.png,
2004,Reserva 4,4,A,"Calcula el área del triángulo de vértices A(0,0,1), B(0,1,0) y C, siendo C la proyección ortogonal del punto (1,1,1) sobre el plano x y z 1. M ATEMÁTICAS II. 2004. RESERVA 4. EJERCICIO 4. OPCIÓN A.",enunciados_PNG/2004 - Geometría_png/2004_reserva_4_4_a.png,
2004,Reserva 4,4,B,"x2yz 0 Considera el punto A(0,1,1), la recta r   y el plano  x2yz  2. Halla la 2xz  4 e cuación de la recta que pasa por A, es paralela a  y corta a r. MATEMÁTICAS II. 2004. RESERVA 4. EJERCICIO 4. OPCIÓN B.",enunciados_PNG/2004 - Geometría_png/2004_reserva_4_4_b.png,
2004,Septiembre,4,A,"Se sabe que el triángulo ABC es rectángulo en el vértice C, que pertenece a la recta intersección de los planos y z 1 e y3z3 0, y que sus otros dos vértices son A(2,0,1) y B(0,3,0). Halla C y el área del triángulo ABC. MATEMÁTICAS II. 2004. SEPTIEMBRE. EJERCICIO 4. OPCIÓN A.",enunciados_PNG/2004 - Geometría_png/2004_septiembre_4_a.png,
2004,Septiembre,4,B,x 1 x    H alla la perpendicular común a las rectas: r  y 1 y s y 1   z   z  1 MATEMÁTICAS II. 2004. SEPTIEMBRE. EJERCICIO 4. OPCIÓN B.,enunciados_PNG/2004 - Geometría_png/2004_septiembre_4_b.png,
2005,Junio,4,A,"x2y 6 Considera el punto P(2,0,1) y la recta r   z  2 a) Halla la ecuación del plano que contiene a P y a r. b) Calcula el punto simétrico de P respecto de la recta r. MATEMÁTICAS II. 2005. JUNIO. EJERCICIO 4. OPCIÓN A.",enunciados_PNG/2005 - Geometría_png/2005_junio_4_a.png,
2005,Junio,4,B,"Sean los vectores: v (0,1,0) , v (2,1,1) y v (2,3,1). 1 2 3 a) ¿Son los vectores v , v y v linealmente dependientes?. 1 2 3 b) ¿Para qué valores de a el vector (4,a3,2) puede expresarse como combinación lineal de los vectores v , v y v ?. 1 2 3 c) Calcula un vector unitario y perpendicular a v y v . 1 2 MATEMÁTICAS II. 2005. JUNIO. EJERCICIO 4. OPCIÓN B.",enunciados_PNG/2005 - Geometría_png/2005_junio_4_b.png,
2005,Reserva 1,4,A,"2x y10 Sea el punto P(1,0,3) y la recta r   xz 0 a) Halla la ecuación del plano que contiene a P y es perpendicular a r. b) Calcula las coordenadas del punto simétrico de P respecto de r. MATEMÁTICAS II. 2005. RESERVA 1. EJERCICIO 4. OPCIÓN A.",enunciados_PNG/2005 - Geometría_png/2005_reserva_1_4_a.png,
2005,Reserva 1,4,B,"S e sabe que los puntos A(m,0,1);B(0,1,2);C(1,2,3) y D(7,2,1) están en un mismo plano. a ) Halla m y calcula la ecuación de dicho plano. b ) ¿Están los puntos B, C y D alineados? M ATEMÁTICAS II. 2005. RESERVA 1. EJERCICIO 4. OPCIÓN B.",enunciados_PNG/2005 - Geometría_png/2005_reserva_1_4_b.png,
2005,Reserva 2,4,A,x yz30 ax6y60 Se sabe que las rectas: r  y s son paralelas. x2y20 x2z20 a) Calcula a. b) Halla la ecuación del plano que contiene a las rectas r y s. MATEMÁTICAS II. 2005. RESERVA 2. EJERCICIO 4. OPCIÓN A.,enunciados_PNG/2005 - Geometría_png/2005_reserva_2_4_a.png,
2005,Reserva 2,4,B,xz20 x z Considera las rectas r  y s  y1 x y10 2 3 a) Halla la ecuación del plano  que contiene a s y es paralelo a r. b) Calcula la distancia de la recta r al plano . MATEMÁTICAS II. 2005. RESERVA 2. EJERCICIO 4. OPCIÓN B.,enunciados_PNG/2005 - Geometría_png/2005_reserva_2_4_b.png,
2005,Reserva 3,4,A,"z3 Considera el punto A(0,3,1), el plano  2x2y3z  0 y la recta r  x3 y 2 a) Determina la ecuación del plano que pasa por A y contiene a r. b) Determina la ecuación de la recta que pasa por A, es paralela a  y corta a r. MATEMÁTICAS II. 2005. RESERVA 3. EJERCICIO 4. OPCIÓN A.",enunciados_PNG/2005 - Geometría_png/2005_reserva_3_4_a.png,
2005,Reserva 3,4,B,x 1t  x yz  3 Se sabe que las rectas: r  y  1t y s  están contenidas en un mismo plano.  6x2z  2 z bt  a) Calcula b. b) Halla la ecuación del plano que contiene a las rectas r y s. MATEMÁTICAS II. 2005. RESERVA 3. EJERCICIO 4. OPCIÓN B.,enunciados_PNG/2005 - Geometría_png/2005_reserva_3_4_b.png,
2005,Reserva 4,4,A,x 6  2x3y10 Calcula la distancia entre las rectas: r  y 12 y s   3x y20 z 57  MATEMÁTICAS II. 2005. RESERVA 4. EJERCICIO 4. OPCIÓN A.,enunciados_PNG/2005 - Geometría_png/2005_reserva_4_4_a.png,
2005,Reserva 4,4,B,"Sean A(3,4,0);B(3,6,3) y C(1,2,1) los vértices de un triángulo. a) Halla la ecuación del plano  que contiene al triángulo. b) Halla la ecuación de la recta que es perpendicular a  y pasa por el origen de coordenadas. c) Calcula el área del triángulo ABC. MATEMÁTICAS II. 2005. RESERVA 4. EJERCICIO 4. OPCIÓN B.",enunciados_PNG/2005 - Geometría_png/2005_reserva_4_4_b.png,
2005,Septiembre,4,A,z2 Considera un plano  x ymz  3 y la recta r  x y1 2 a ) Halla m para que r y  sean paralelos. b ) Halla m para que r y  sean perpendiculares. c ) ¿Existe algún valor de m para que la recta r esté contenida en el plano ?. M ATEMÁTICAS II. 2005. SEPTIEMBRE. EJERCICIO 4. OPCIÓN A.,enunciados_PNG/2005 - Geometría_png/2005_septiembre_4_a.png,
2005,Septiembre,4,B,"Sean los planos  2x yz50 y   x2yz20. 1 2 a) Calcula las coordenadas del punto P sabiendo que está en el plano  y que su proyección 1 ortogonal sobre el plano  es el punto(1,0,3). 2 b) Calcula el punto simétrico de P respecto del plano  2 MATEMÁTICAS II. 2005. SEPTIEMBRE. EJERCICIO 4. OPCIÓN B.",enunciados_PNG/2005 - Geometría_png/2005_septiembre_4_b.png,
2006,Junio,4,A,"x5 z6 Considera el plano  de ecuación 2x yz20 y la recta r de ecuación  y 2 m a) Halla la posición relativa de r y  según los valores del parámetro m. b) Param3, halla el plano que contiene a la recta r y es perpendicular al plano. c) Para m3, halla el plano que contiene a la recta r y es paralelo al plano. MATEMÁTICAS II. 2006. JUNIO. EJERCICIO 4. OPCIÓN A.",enunciados_PNG/2006 - Geometría_png/2006_junio_4_a.png,
2006,Junio,4,B,"x yz30 Considera el punto P(3,2,0) y la recta r   x2z10 a) Halla la ecuación del plano que contiene a P y a la recta r. b) Determina las coordenadas del punto Q simétrico de P respecto de la recta r. MATEMÁTICAS II. 2006. JUNIO. EJERCICIO 4. OPCIÓN B.",enunciados_PNG/2006 - Geometría_png/2006_junio_4_b.png,
2006,Reserva 1,3,A,"   Sean u (x,2,0) , v (x,2,1) y w (2,x,4x) tres vectores de 3. a) Determina los valores de x para los que los vectores son linealmente independientes. b) Halla los valores de x para los que los vectores son ortogonales dos a dos. MATEMÁTICAS II. 2006. RESERVA 1. EJERCICIO 3. OPCIÓN A.",enunciados_PNG/2006 - Geometría_png/2006_reserva_1_3_a.png,
2006,Reserva 1,4,A,x at  x1 y2 z Sea r la recta de ecuación y 12t y s la recta de ecuación   2 1 3  z 4t  a) Calcula el valor de a sabiendo que las rectas r y s se cortan. b) Calcula el punto de corte. MATEMÁTICAS II. 2006. RESERVA 1. EJERCICIO 4. OPCIÓN A.,enunciados_PNG/2006 - Geometría_png/2006_reserva_1_4_a.png,
2006,Reserva 1,4,B,Halla un punto A de la recta r de ecuación x  y  z y un punto B de la recta s de ecuación y z1 x   de forma que la distancia entre A y B sea mínima. 1 2 MATEMÁTICAS II. 2006. RESERVA 1. EJERCICIO 4. OPCIÓN B.,enunciados_PNG/2006 - Geometría_png/2006_reserva_1_4_b.png,
2006,Reserva 2,4,A,x5 y2 z  3x2yz 2 Sea r la recta de ecuación   y s la recta dada por  2 1 4 x2y3z 2 a) Determina la posición relativa de ambas rectas. b) Halla la ecuación del plano que contiene a la recta r y es paralelo a la recta s. MATEMÁTICAS II. 2006. RESERVA 2. EJERCICIO 4. OPCIÓN A.,enunciados_PNG/2006 - Geometría_png/2006_reserva_2_4_a.png,
2006,Reserva 2,4,B," x yz 1 Considera la recta r de ecuaciones  x2y3z 0 a) Determina la ecuación del plano que contiene a la recta r y no corta al eje OZ. b) Calcula la proyección ortogonal del punto A(1,2,1) sobre la recta r. MATEMÁTICAS II. 2006. RESERVA 2. EJERCICIO 4. OPCIÓN B.",enunciados_PNG/2006 - Geometría_png/2006_reserva_2_4_b.png,
2006,Reserva 3,4,A,"z3 Considera los puntos A(2,1,2) y B(0,4,1) y la recta r de ecuación x  y2 2 a) Determina un punto C de la recta r que equidiste de los puntos A y B. b) Calcula el área del triángulo de vértices ABC. MATEMÁTICAS II. 2006. RESERVA 3. EJERCICIO 4. OPCIÓN A.",enunciados_PNG/2006 - Geometría_png/2006_reserva_3_4_a.png,
2006,Reserva 3,4,B,Halla la ecuación de un plano que sea paralelo al plano  de ecuación x y z 1 y forme con los ejes de coordenadas un triángulo de área18 3 . MATEMÁTICAS II. 2006. RESERVA 3. EJERCICIO 4. OPCIÓN B.,enunciados_PNG/2006 - Geometría_png/2006_reserva_3_4_b.png,
2006,Reserva 4,4,A,"x1 y2 z3 Sea la recta r de ecuación   y el plano  de ecuaciónx yz10. 1 3 1 Calcula el área del triángulo de vértices ABC, siendo A el punto de corte de la recta r y el plano , B el punto (2,1,2) de la recta r y C la proyección ortogonal del punto B sobre el plano . MATEMÁTICAS II. 2006. RESERVA 4. EJERCICIO 4. OPCIÓN A.",enunciados_PNG/2006 - Geometría_png/2006_reserva_4_4_a.png,
2006,Reserva 4,4,B,"Halla las ecuaciones paramétricas de una recta sabiendo que corta a la recta r de ecuación x  y  z, es paralela al plano  de ecuación 3x2yz  4 y pasa por el puntoA(1,2,1). MATEMÁTICAS II. 2006. RESERVA 4. EJERCICIO 4. OPCIÓN B.",enunciados_PNG/2006 - Geometría_png/2006_reserva_4_4_b.png,
2006,Septiembre,4,A,x 0  Determina los puntos de la recta r de ecuaciones  z3 que equidistan del plano  de y1   2 ecuación xz1 y del plano ' de ecuación yz  3. MATEMÁTICAS II. 2006. SEPTIEMBRE. EJERCICIO 4. OPCIÓN A.,enunciados_PNG/2006 - Geometría_png/2006_septiembre_4_a.png,
2006,Septiembre,4,B,"Considera los puntos A(1,0,2) y B(2,3,1) a) Determina los puntos del segmento AB que lo dividen en tres partes iguales b) Calcula el área del triángulo de vértices A, B y C, donde C es un punto de la recta de ecuaciónx  y1 z. ¿Depende el resultado de la elección concreta del punto C? MATEMÁTICAS II. 2006. SEPTIEMBRE. EJERCICIO 4. OPCIÓN B.",enunciados_PNG/2006 - Geometría_png/2006_septiembre_4_b.png,
2007,Junio,4,A,"Considera los planos de ecuaciones: x y z  0 y x yz  2 a) Determina la recta que pasa por el punto A(1,2,3) y no corta a ninguno de los planos dados. b) Determina los puntos que equidistan de A(1,2,3) y B(2,1,0) y pertenecen a la recta intersección de los planos dados. MATEMÁTICAS II. 2007. JUNIO. EJERCICIO 4. OPCIÓN A",enunciados_PNG/2007 - Geometría_png/2007_junio_4_a.png,
2007,Junio,4,B,"Considera los puntos A(0,3,1) y B(0,1,5). a) Calcula los valores de x sabiendo que el triángulo ABC de vértices A(0,3,1) , B(0,1,5) y C(x,4,3) tiene un ángulo recto en C. b) Halla la ecuación del plano que pasa por los puntos (0,1,5) y (3,4,3) y es paralelo a la recta x yz 0 definida por las ecuaciones  . 2x y3 MATEMÁTICAS II. 2007. JUNIO. EJERCICIO 4. OPCIÓN B",enunciados_PNG/2007 - Geometría_png/2007_junio_4_b.png,
2007,Reserva 1,4,A,x2 yk z x2 y1 z3 Sea r la recta definida por   y s la recta definida por   3 4 5 1 2 3 a) Halla k sabiendo que las rectas r y s se cortan en un punto. b) Determina la ecuación del plano que contiene a las rectas r y s. MATEMÁTICAS II. 2007. RESERVA 1. EJERCICIO 4.OPCIÓN A.,enunciados_PNG/2007 - Geometría_png/2007_reserva_1_4_a.png,
2007,Reserva 1,4,B,"Halla la ecuación de la recta contenida en el plano de ecuación x2y3z10 que corta x  2z4 perpendicularmente a la recta definida por  en el punto(2,1,1). y  2z3 MATEMÁTICAS II. 2007. RESERVA 1. EJERCICIO 4.OPCIÓN B.",enunciados_PNG/2007 - Geometría_png/2007_reserva_1_4_b.png,
2007,Reserva 2,4,A,x1 y z1 Considera la recta r definida por   y el plano  de ecuación 2x yz  0.  4 2 Determina  y  en cada uno de los siguientes casos: a) La recta r es perpendicular al plano . b) La recta r está contenida en el plano . MATEMÁTICAS II. 2007. RESERVA 2. EJERCICIO 4.OPCIÓN A.,enunciados_PNG/2007 - Geometría_png/2007_reserva_2_4_a.png,
2007,Reserva 2,4,B,"Calcula la distancia del punto P(1,3,7) a su punto simétrico respecto de la recta definida por 3x yz20  x yz60 MATEMÁTICAS II. 2007. RESERVA 2. EJERCICIO 4.OPCIÓN B.",enunciados_PNG/2007 - Geometría_png/2007_reserva_2_4_b.png,
2007,Reserva 3,4,A,Encuentra la ecuación de la recta r que pasa por el origen de coordenadas y es paralela a los planos  de ecuación x yz 3 3 y  de ecuación x yz  2. 1 2 b) Halla la distancia de la recta r al plano . 1 MATEMÁTICAS II. 2007. RESERVA 3. EJERCICIO 4.OPCIÓN A.,enunciados_PNG/2007 - Geometría_png/2007_reserva_3_4_a.png,
2007,Reserva 3,4,B," 2x y 5 Considera el punto P(1,0,2) y la recta r definida por  2x y4z 7 a) Determina la recta perpendicular a r que pasa por P. b) Halla la distancia entre el punto P y su simétrico Q respecto de la recta r. MATEMÁTICAS II. 2007. RESERVA 3. EJERCICIO 4. OPCIÓN B.",enunciados_PNG/2007 - Geometría_png/2007_reserva_3_4_b.png,
2007,Reserva 4,4,A,"Considera el plano  de ecuación 2x2yz60 y el punto P(1,0,1). a) Calcula la recta que pasa por el punto P y es perpendicular al plano . b) Encuentra el punto simétrico de P respecto del plano  MATEMÁTICAS II. 2007. RESERVA 4. EJERCICIO 4. OPCIÓN A.",enunciados_PNG/2007 - Geometría_png/2007_reserva_4_4_a.png,
2007,Reserva 4,4,B,"x1 y1 z Considera el plano  de ecuación 2x2yz60 y la recta r definida por   2 1 2 a) Calcula el área del triángulo cuyos vértices son los puntos de corte del plano  con los ejes de coordenadas. b) Calcula, razonadamente, la distancia de la recta r al plano. MATEMÁTICAS II. 2007. RESERVA 4. EJERCICIO 4. OPCIÓN B.",enunciados_PNG/2007 - Geometría_png/2007_reserva_4_4_b.png,
2007,Septiembre,4,A,"a) Halla los dos puntos que dividen al segmento de extremos A(1,2,1) y B(1,0,3) en tres partes iguales b) Determina la ecuación del plano perpendicular al segmento AB que pasa por su punto medio. MATEMÁTICAS II. 2007. SEPTIEMBRE. EJERCICIO 4. OPCIÓN A.",enunciados_PNG/2007 - Geometría_png/2007_septiembre_4_a.png,
2007,Septiembre,4,B,"   Considera los vectores u (1,1,m), v (0,m,1) y w (1,2m,0).    a) Determina el valor de m para que los vectoresu, v y w sean linealmente dependientes.  b) Para el valor de m obtenido en el apartado anterior, expresa el vector w como combinación   lineal de los vectores u y v . MATEMÁTICAS II. 2007. SEPTIEMBRE. EJERCICIO 4. OPCIÓN B.",enunciados_PNG/2007 - Geometría_png/2007_septiembre_4_b.png,
2008,Junio,4,A,x1 y1 z2 Dada la recta r definida por:   2 3 1 a) Halla la ecuación del plano que pasa por el origen y contiene a r. b) Halla la ecuación del plano que pasa por el origen y es perpendicular a r. MATEMÁTICAS II. 2008. JUNIO. EJERCICIO 4. OPCIÓN A,enunciados_PNG/2008 - Geometría_png/2008_junio_4_a.png,
2008,Junio,4,B,"Dados los puntos A(2,1,1) y B(0,0,1), halla los puntos C en el eje OX tales que el área del triángulo de vértices A, B y C es 2. MATEMÁTICAS II. 2008. JUNIO. EJERCICIO 4. OPCIÓN B",enunciados_PNG/2008 - Geometría_png/2008_junio_4_b.png,
2008,Reserva 1,4,A,"Los puntos A(2,3,1) , B(2,1,3) y C (0,1,2) son vértices consecutivos del paralelogramo ABCD. a) Halla las coordenadas del vértice D. b) Encuentra la ecuación de la recta que pasa por B y es paralela a la diagonal AC. c) Halla la ecuación del plano que contiene a dicho paralelogramo. MATEMÁTICAS II. 2008. RESERVA 1. EJERCICIO 4. OPCIÓN A",enunciados_PNG/2008 - Geometría_png/2008_reserva_1_4_a.png,
2008,Reserva 1,4,B,2x ymz  2 Sea la recta r dada por  y el plano  definido por xmyz 1 x yz  m a) ¿Existe algún valor de m para el que  y r son paralelos?. b) ¿Para qué valor de m está la recta contenida en el plano?. c) ¿Cuál es la posición relativa de la recta y el plano cuando m0?. MATEMÁTICAS II. 2008. RESERVA 1. EJERCICIO 4.OPCIÓN B.,enunciados_PNG/2008 - Geometría_png/2008_reserva_1_4_b.png,
2008,Reserva 2,4,A, x 0 2xz  3 Considera la recta r definida por  y la recta s definida por  3yz  3  y 0 a) Estudia la posición relativa de r y s. b) Halla la ecuación general de un plano que contiene a s y es paralelo a r. MATEMÁTICAS II. 2008. RESERVA 2. EJERCICIO 4.OPCIÓN A.,enunciados_PNG/2008 - Geometría_png/2008_reserva_2_4_a.png,
2008,Reserva 2,4,B,"x 1 Sea la recta r definida por  y sean los planos  de ecuaciónx y z  0, y  , de x y 0 1 2 ecuación yz 0. Halla la ecuación de la recta contenida en el plano , que es paralela al 1 plano  y que corta a la recta r. 2 MATEMÁTICAS II. 2008. RESERVA 2. EJERCICIO 4.OPCIÓN B.",enunciados_PNG/2008 - Geometría_png/2008_reserva_2_4_b.png,
2008,Reserva 3,4,A,Se sabe que los planos de ecuaciones: x2ybz 1; 2x ybz 0; 3x3y2z 1 se cortan en una recta r. a) Calcula el valor de b. b) Halla unas ecuaciones paramétricas de r. MATEMÁTICAS II. 2008. RESERVA 3. EJERCICIO 4.OPCIÓN A.,enunciados_PNG/2008 - Geometría_png/2008_reserva_3_4_a.png,
2008,Reserva 3,4,B,"x yz  1 Dados los puntos A(2,1,1) y B (2,3,1) y la recta r definida por  halla las  3x2z  5 coordenadas de un punto de la recta r que equidiste de los puntos A y B. MATEMÁTICAS II. 2008. RESERVA 3. EJERCICIO 4. OPCIÓN B.",enunciados_PNG/2008 - Geometría_png/2008_reserva_3_4_b.png,
2008,Reserva 4,4,A,"Se considera la recta r definida pormx  y  z2 (m 0), y la recta s definida por x4 z  y1 4 2 a) Halla el valor de m para el que r y s son perpendiculares. b) Deduce razonadamente si existe algún valor de m para el que r y s son paralelas. MATEMÁTICAS II. 2008. RESERVA 4. EJERCICIO 4. OPCIÓN A",enunciados_PNG/2008 - Geometría_png/2008_reserva_4_4_a.png,
2008,Reserva 4,4,B,"Considera los puntosA(2,0,1),B(1,1,2), C (2,2,1) y D(3,1,0). a) Calcula la ecuación del plano  que contiene a los puntos B,C y D. b) Halla el punto simétrico de A respecto del plano . MATEMÁTICAS II. 2008. RESERVA 4. EJERCICIO 4. OPCIÓN B.",enunciados_PNG/2008 - Geometría_png/2008_reserva_4_4_b.png,
2008,Septiembre,4,A,"xz  1 Sea la recta s dada por  2yz  3 a) Halla la ecuación del plano  que es paralelo a la recta s y que contiene a la recta r, dada 1 por x1  y2 z3 b) Estudia la posición relativa de la recta s y el plano  , de ecuación x y  3, y deduce la 2 distancia entre ambos. MATEMÁTICAS II. 2008. SEPTIEMBRE. EJERCICIO 4. OPCIÓN A.",enunciados_PNG/2008 - Geometría_png/2008_septiembre_4_a.png,
2008,Septiembre,4,B,"Dados los puntos A(1,1,0) , B (1,1,2) y C (1,1,1). a) Comprueba que no están alineados y calcula el área del triángulo que determinan. b) Halla la ecuación del plano que contiene el punto A y es perpendicular a la recta determinada por B y C. MATEMÁTICAS II. 2008. SEPTIEMBRE. EJERCICIO 4. OPCIÓN B.",enunciados_PNG/2008 - Geometría_png/2008_septiembre_4_b.png,
2009,Junio,4,A,x 1 x    S e considera la recta r definida por r  y 1 y la recta s definida pors y 1. Halla la   z 2 z  1 ecuación de la recta perpendicular común a r y s. MATEMÁTICAS II. 2009. JUNIO. EJERCICIO 4. OPCIÓN A.,enunciados_PNG/2009 - Geometría_png/2009_junio_4_a.png,
2009,Junio,4,B,"x y 2 Considera la recta r definida por  y la recta s que pasa por los puntos A(2,1,0) y yz 0 B(1,0,1). a) Estudia la posición relativa de ambas rectas. b) Determina un punto C de la recta r tal que los segmentos CA y CB sean perpendiculares. MATEMÁTICAS II. 2009. JUNIO. EJERCICIO 4. OPCIÓN B.",enunciados_PNG/2009 - Geometría_png/2009_junio_4_b.png,
2009,Reserva,1,,"x y  2 Considera el punto A(1,2,1) y la recta r defini da por las ecuaciones  2x yz 7 a) Halla la ecuación del plano perpendicular a r que pasa por A. b) Calcula la distancia del punto A a la recta r. MATEMÁTICAS II. 2009. RESERVA 1. EJER CICIO 4. OPCIÓN A.",enunciados_PNG/2009 - Geometría_png/2009_reserva_1.png,
2009,Reserva 1,4,B,x 43 y  1  Considera la recta r definida por  y la recta s definida por y  3 . 2xz  2  z 54  Halla la ecuación del plano que contiene a r y es paralelo a s. MATEMÁTICAS II. 2009. RESERVA 1. EJERCICIO 4. OPCIÓN B.,enunciados_PNG/2009 - Geometría_png/2009_reserva_1_4_b.png,
2009,Reserva 2,4,A,"x2y10 Considera el puntoP(1,0,2), la recta r definida por  y el plano  de ecuación yz20 2x y3z10. a) Halla la ecuación del plano que pasa por P, es paralelo a r y es perpendicular a. b) Halla la ecuación de la recta que pasa por P, corta a r y es paralela a . MATEMÁTICAS II. 2009. RESERVA 2. EJERCICIO 4. OPCIÓN A.",enunciados_PNG/2009 - Geometría_png/2009_reserva_2_4_a.png,
2009,Reserva 2,4,B,x2 y1 z2 Considera el plano  de ecuación 3x2y2z 7 y la recta r definida por   2 1 2 a) Determina la ecuación del plano paralelo a  que contiene a r. b) Halla la ecuación del plano ortogonal a  que contiene a r. MATEMÁTICAS II. 2009. RESERVA 2. EJERCICIO 4. OPCIÓN B.,enunciados_PNG/2009 - Geometría_png/2009_reserva_2_4_b.png,
2009,Reserva 3,4,A,"Halla la ecuación de la recta que pasa por el punto A(1,1,1), paralela al plano de ecuación x yz 1 y corta al eje Z. MATEMÁTICAS II. 2009. RESERVA 3. EJERCICIO 4.OPCIÓN A.",enunciados_PNG/2009 - Geometría_png/2009_reserva_3_4_a.png,
2009,Reserva 3,4,B,"3x2y 0 Sea la recta r definida por  3xz 0 a) Determina la ecuación del plano perpendicular a r que pasa por el punto P(1,1,1). b) Halla los puntos de r cuya distancia al origen es de 4 unidades. MATEMÁTICAS II. 2009. RESERVA 3. EJERCICIO 4.OPCIÓN B.",enunciados_PNG/2009 - Geometría_png/2009_reserva_3_4_b.png,
2009,Reserva 4,4,A,x y 2 x  1 Sean la recta r definida por  y la recta s definida por . xz  3 2yz 2 a) Estudia la posición relativa de r y s. b) Halla la ecuación del plano que contiene a s y es paralelo a r. MATEMÁTICAS II. 2009. RESERVA 4. EJERCICIO 4. OPCIÓN A.,enunciados_PNG/2009 - Geometría_png/2009_reserva_4_4_a.png,
2009,Reserva 4,4,B,"x y2z 1 Sea el punto P(2,3,1) y la recta r definida por  x2y4z 1 a) Halla la ecuación del plano que pasa por P y contiene a r. b) Halla el punto de r que está más cerca de P. MATEMÁTICAS II. 2009. RESERVA 4. EJERCICIO 4. OPCIÓN B.",enunciados_PNG/2009 - Geometría_png/2009_reserva_4_4_b.png,
2009,Septiembre,4,A,"y z1 Considera el punto P(1,0,0), la recta r definida por x3  y la recta s definida por 2 2 (x,y,z)(1,1,0)(1,2,0). a) Estudia la posición relativa de r y s. b) Halla la ecuación del plano que pasando por P es paralelo a r y s. MATEMÁTICAS II. 2009. SEPTIEMBRE. EJERCICIO 4. OPCIÓN A.",enunciados_PNG/2009 - Geometría_png/2009_septiembre_4_a.png,
2009,Septiembre,4,B,x y30 2y10 Considera la recta r definida por  y la recta s definida por . x yz10 x2z30 a) Determina la ecuación del plano que contiene a r y es paralelo a s. b) ¿Existe algún plano que contenga a r y sea perpendicular a s?. Razona la respuesta. MATEMÁTICAS II. 2009. SEPTIEMBRE. EJERCICIO 4. OPCIÓN B.,enunciados_PNG/2009 - Geometría_png/2009_septiembre_4_b.png,
2010,Junio,4,A,Considera las rectas r y s de ecuaciones: x2y1 x1 y 1z y   yz  1 a) Determina su punto de corte. b) Halla el ángulo que forma r y s. c) Determina la ecuación del plano que contiene a r y s. MATEMÁTICAS II. 2010. JUNIO. EJERCICIO 4. OPCIÓN A.,enunciados_PNG/2010 - Geometría_png/2010_junio_4_a.png,
2010,Junio,4,B,"Los puntos P(2,0,0) y Q(1,12,4) son dos vértices de un triángulo. El tercer vértice S 4x3z 33 pertenece a la recta r de ecuación . y0 a) Calcula las coordenadas del punto S sabiendo que r es perpendicular a la recta que pasa por P y S. b) Comprueba si el triángulo es rectángulo. MATEMÁTICAS II. 2010. JUNIO. EJERCICIO 4. OPCIÓN B.",enunciados_PNG/2010 - Geometría_png/2010_junio_4_b.png,
2010,Reserva 1,4,A,Calcula el área del triángulo cuyos vértices son los puntos de intersección del plano 6x3y2z 6 con los ejes de coordenadas. M ATEMÁTICAS II. 2010. RESERVA 1. EJERCICIO 4. OPCIÓN A.,enunciados_PNG/2010 - Geometría_png/2010_reserva_1_4_a.png,
2010,Reserva 1,4,B,"Sean los puntos A(1,1,1) , B(1,2,0) , C(2,1,2) y D(t,2,2) a) Determina el valor de t para que A, B, C y D estén en un mismo plano. b) Halla la ecuación de un plano perpendicular al segmento determinado por A y B, que contenga al punto C. MATEMÁTICAS II. 2010. RESERVA 1. EJERCICIO 4. OPCIÓN B",enunciados_PNG/2010 - Geometría_png/2010_reserva_1_4_b.png,
2010,Reserva 2,4,A,"x2 z1 Considera los puntos A(1,0,2) y B(1,2,4) y la recta r definida por  y1 2 3 a ) Determina la ecuación del plano formado por los puntos que equidistan de A y de B. b ) Halla la ecuación del plano paralelo a r y que contiene a los puntos A y B. M ATEMÁTICAS II. 2010. RESERVA 2. EJERCICIO 4. OPCIÓN A.",enunciados_PNG/2010 - Geometría_png/2010_reserva_2_4_a.png,
2010,Reserva 2,4,B,"Considera los puntos A(1,1,1) , B(0,2,2) , C(1,0,2) y D(2,1,2) a) Calcula el volumen del tetraedro de vértices A, B, C y D. b) Determina la ecuación de la recta que pasa por D y es perpendicular al plano que contiene a los puntos A, B y C. MATEMÁTICAS II. 2010. RESERVA 2. EJERCICIO 4. OPCIÓN B",enunciados_PNG/2010 - Geometría_png/2010_reserva_2_4_b.png,
2010,Reserva 3,4,A,"C onsidera los puntos A(1,2,1) y B(1,0,3). a ) Calcula las coordenadas de los puntos que dividen al segmento AB en tres partes iguales. b ) Halla la ecuación del plano perpendicular al segmento AB y que pasa por A. M ATEMÁTICAS II. 2010. RESERVA 3. EJERCICIO 4. OPCIÓN A.",enunciados_PNG/2010 - Geometría_png/2010_reserva_3_4_a.png,
2010,Reserva 3,4,B,x1 y z1 Considera el plano  definido por 2x ynz  0 y la recta r dada por   con m 4 2 m0. a) Calcula m y n para que la recta r sea perpendicular al plano . b) Calcula m y n para que la recta r esté contenida en el plano . MATEMÁTICAS II. 2010. RESERVA 3. EJERCICIO 4. OPCIÓN B,enunciados_PNG/2010 - Geometría_png/2010_reserva_3_4_b.png,
2010,Reserva 4,4,A,"x1 y z1 Halla el punto simétrico de P(1,1,1) respecto de la recta r de ecuación   . 2 3 1 MATEMÁTICAS II. 2010. RESERVA 4. EJERCICIO 4. OPCIÓN A.",enunciados_PNG/2010 - Geometría_png/2010_reserva_4_4_a.png,
2010,Reserva 4,4,B,"Sean los puntosA(2,,) , B(,2,0) y C(0,,1). a) ¿Existe algún valor de  para el que los puntos A, B y C estén alineados?. Justifica la respuesta. b) Para 1 halla la ecuación del plano que contiene al triángulo de vértices A, B y C. Calcula la distancia del origen de coordenadas a dicho plano. MATEMÁTICAS II. 2010. RESERVA 4. EJERCICIO 4. OPCIÓN B",enunciados_PNG/2010 - Geometría_png/2010_reserva_4_4_b.png,
2010,Septiembre,4,A,x2y110 Halla la ecuación del plano que es paralelo a r de ecuaciones  y contiene a la recta 2yz190 x 15  s definida por y  23  z  22 MATEMÁTICAS II. 2010. SEPTIEMBRE. EJERCICIO 4. OPCIÓN A.,enunciados_PNG/2010 - Geometría_png/2010_septiembre_4_a.png,
2010,Septiembre,4,B,"Considera los planos  ,  y  dados respectivamente por las ecuaciones 1 2 3 x y 1 , ayz 0 y x(1a)yaz a1 a) ¿Cuánto ha de valer a para que no tengan ningún punto en común?. b) Para a0, determina la posición relativa de los planos. MATEMÁTICAS II. 2010. SEPTIEMBRE. EJERCICIO 4. OPCIÓN B",enunciados_PNG/2010 - Geometría_png/2010_septiembre_4_b.png,
2011,Junio,4,A,"Determina el punto simétrico del punto A(3,1,6), respecto de la recta r de ecuaciones: y3 z1 x1  . 2 2 MATEMÁTICAS II. 2011. JUNIO. EJERCICIO 4. OPCIÓN A.",enunciados_PNG/2011 - Geometría_png/2011_junio_4_a.png,
2011,Junio,4,B,"x y1 Considera los puntos A(1,0,1) y B (2,1,0) y la recta r dada por  xz  2 a) Determina la ecuación del plano que es paralelo a r y pasa por A y B. b) Determina si la recta que pasa por los puntos P (1,2,1) y Q (3,4,1) está contenida en dicho plano. MATEMÁTICAS II. 2011. JUNIO. EJERCICIO 4. OPCIÓN B",enunciados_PNG/2011 - Geometría_png/2011_junio_4_b.png,
2011,Reserva 1,4,A,"C onsidera los puntos A(1,0,2) y B(1,2,1). x1 y a) Halla un punto C de la recta de ecuación   z que verifica que el triángulo de vértices 3 2 A, B y C tiene un ángulo recto en B. b) Calcula el área del triángulo de vértices A, B y D, donde D es el punto de corte del plano de ecuación 2x y3z 6 con el eje OX. MATEMÁTICAS II. 2011. RESERVA 1. EJERCICIO 4. OPCIÓN A.",enunciados_PNG/2011 - Geometría_png/2011_reserva_1_4_a.png,
2011,Reserva 1,4,B,"Considera los planos  ,  y  dados respectivamente por las ecuaciones: 1 2 3 3x yz40 , x2yz10 y xz40 Halla la ecuación de la recta que pasa por el punto P(3,1,1), es paralela a  y corta a la recta 1 intersección de los planos  y  . 2 3 MATEMÁTICAS II. 2011. RESERVA 1. EJERCICIO 4. OPCIÓN B",enunciados_PNG/2011 - Geometría_png/2011_reserva_1_4_b.png,
2011,Reserva 2,4,A,"x y20 Dados los puntos A(1,0,0), B(0,0,1) y P(1,1,1), y la recta r definida por  z 0 a) Halla los puntos de la recta r cuya distancia al punto P es de 3 unidades. b) Calcula el área del triángulo ABP. MATEMÁTICAS II. 2011. RESERVA 2. EJERCICIO 4. OPCIÓN A.",enunciados_PNG/2011 - Geometría_png/2011_reserva_2_4_a.png,
2011,Reserva 2,4,B,"xz 1 Dados el puntoP(1,1,1), y la recta r de ecuaciones  yz 0 a) Halla la ecuación del plano que contiene a r y pasa por P. b) Halla la ecuación de la recta contenida en el plano de ecuación yz 0, que es perpendicular a r y pasa por P. MATEMÁTICAS II. 2011. RESERVA 2. EJERCICIO 4. OPCIÓN B.",enunciados_PNG/2011 - Geometría_png/2011_reserva_2_4_b.png,
2011,Reserva 3,4,A,"x 1   S ea el punto P(2,3,1), y la recta r dada por las ecuaciones y  2  z   a) Halla la ecuación del plano perpendicular a r y que pasa por P. b) Calcula la distancia del punto P a la recta r y determina el punto simétrico de P respecto de r. MATEMÁTICAS II. 2011. RESERVA 3. EJERCICIO 4. OPCIÓN A.",enunciados_PNG/2011 - Geometría_png/2011_reserva_3_4_a.png,
2011,Reserva 3,4,B,"C onsidera los planos  y  dados, respectivamente, por las ecuaciones 1 2 (x,y,z)(2,0,7)(1,2,0)(0,1,1) y 2x yz50 z1 D etermina los puntos de la recta r definida por x  y1 que equidistan de  y  . 3 1 2 M ATEMÁTICAS II. 2011. RESERVA 3. EJERCICIO 4. OPCIÓN B.",enunciados_PNG/2011 - Geometría_png/2011_reserva_3_4_b.png,
2011,Reserva 4,4,A,"x1 y1 x 1  Dada la recta r definida por  z3, y la recta s definida por  3 2 2yz  2 a) Halla la ecuación del plano que pasa por el origen y contiene a r. b) Halla la ecuación del plano que contiene a s y es paralelo a r. MATEMÁTICAS II. 2011. RESERVA 4. EJERCICIO 4. OPCIÓN A.",enunciados_PNG/2011 - Geometría_png/2011_reserva_4_4_a.png,
2011,Reserva 4,4,B,x  2 x7 y7  Dada la recta r definida por   z y la recta s definida por y  5. 2 1  z    a) Halla la ecuación de la recta que corta perpendicularmente a ambas. b) Calcula la distancia entre r y s. MATEMÁTICAS II. 2011. RESERVA 4. EJERCICIO 4. OPCIÓN B.,enunciados_PNG/2011 - Geometría_png/2011_reserva_4_4_b.png,
2011,Septiembre,4,A,"Considera los puntos A(1,k,3),B(k1,0,2),C(1,2,0) y D(2,0,1).    a) ¿Existe algún valor de k para el que los vectores AB,BC y CD sean linealmente dependientes?. b) Calcula los valores de k para los que los puntos A, B, C y D forman un tetraedro de volumen 1. MATEMÁTICAS II. 2011. SEPTIEMBRE. EJERCICIO 4. OPCIÓN A.",enunciados_PNG/2011 - Geometría_png/2011_septiembre_4_a.png,
2011,Septiembre,4,B,"3x y5 Dados el plano  de ecuación x2yz 0 y la recta r de ecuaciones  x y4z 13 a) Halla el punto de intersección del plano  y la recta r. b) Halla el punto simétrico del punto Q (1,2,3) respecto del plano . MATEMÁTICAS II. 2011. SEPTIEMBRE. EJERCICIO 4. OPCIÓN B",enunciados_PNG/2011 - Geometría_png/2011_septiembre_4_b.png,
2012,Junio,4,A,"De un paralelogramo ABCD conocemos tres vértices consecutivos: A(2,1,0) , B(2,1,0) y C(0,1,2). a) Calcula la ecuación de la recta que pasa por el centro del paralelogramo y es perpendicular al plano que lo contiene. b) Halla el área de dicho paralelogramo. c) Calcula el vértice D. MATEMÁTICAS II. 2012. JUNIO. EJERCICIO 4. OPCIÓN A",enunciados_PNG/2012 - Geometría_png/2012_junio_4_a.png,
2012,Junio,4,B,x yz 6 x1 y1 z Sean r y s las rectas dadas por: r   y s   xz  3 1 6 2 a) Determina el punto de intersección de ambas rectas. b) Calcula la ecuación general del plano que las contiene. MATEMÁTICAS II. 2012. JUNIO. EJERCICIO 4.OPCIÓN B.,enunciados_PNG/2012 - Geometría_png/2012_junio_4_b.png,
2012,Reserva 1,4,A,"El punto M(1,1,0) es el centro de un paralelogramo y A(2,1,1) y B(0,2,3) son dos vértices consecutivos del mismo. a) Halla la ecuación general del plano que contiene al paralelogramo. b) Determina uno de los otros dos vértices y calcula el área de dicho paralelogramo. MATEMÁTICAS II. 2012. RESERVA 1. EJERCICIO 4. OPCIÓN A",enunciados_PNG/2012 - Geometría_png/2012_reserva_1_4_a.png,
2012,Reserva 1,4,B,2x3y4 Calcula de manera razonada la distancia del eje OX a la recta r de ecuaciones  2x3yz 0 MATEMÁTICAS II. 2012. RESERVA 1. EJERCICIO 4. OPCIÓN B.,enunciados_PNG/2012 - Geometría_png/2012_reserva_1_4_b.png,
2012,Reserva 2,4,A,x3 y9 z8 x3 y9 z8 Dadas las rectas r    y s    6 4 4 3 2 2 a ) Determina la posición relativa de las recta r y s. b ) Calcula la distancia entre r y s. MATEMÁTICAS II. 2012. RESERVA 2. EJERCICIO 4. OPCIÓN A.,enunciados_PNG/2012 - Geometría_png/2012_reserva_2_4_a.png,
2012,Reserva 2,4,B,"L os puntos A(1,1,5) y B(1,1,2) son vértices consecutivos de un rectángulo ABCD. El vértice C, y6 z1 consecutivo a B, está en la recta x   . Determina los vértices C y D. 2 2 MATEMÁTICAS II. 2012. RESERVA 2. EJERCICIO 4. OPCIÓN B.",enunciados_PNG/2012 - Geometría_png/2012_reserva_2_4_b.png,
2012,Reserva 3,4,A,"S e consideran los vectoresu(k,1,1), v(2,1,2) y w (1,1,k), donde k es un número real. a) Determina los valores de k para los que u, v y w son linealmente dependientes. b) Determina los valores de k para los que uv y vw son ortogonales. c ) Para k  1, determina aquellos vectores que son ortogonales a v y w y tienen módulo 1. M ATEMÁTICAS II. 2012. RESERVA 3. EJERCICIO 4. OPCIÓN A.",enunciados_PNG/2012 - Geometría_png/2012_reserva_3_4_a.png,
2012,Reserva 3,4,B,x1 2 y Encuentra los puntos de la recta r    z3 cuya distancia al plano  x2y2z 1 4 2 v ale cuatro unidades. M ATEMÁTICAS II. 2012. RESERVA 3. EJERCICIO 4. OPCIÓN B.,enunciados_PNG/2012 - Geometría_png/2012_reserva_3_4_b.png,
2012,Reserva 4,4,A,"x3 y5 z4 Determina un punto P de la recta r    que equidista del origen de coordenadas 2 3 3 y del punto A(3,2,1). MATEMÁTICAS II. 2012. RESERVA 4. EJERCICIO 4. OPCIÓN A.",enunciados_PNG/2012 - Geometría_png/2012_reserva_4_4_a.png,
2012,Reserva 4,4,B,"2x y40 Considera el punto P(1,0,2) y la recta r dada por las ecuaciones  . y2z80 a) Calcula la ecuación del plano que pasa por P y es perpendicular a r. b) Calcula el punto simétrico de P respecto de la recta r. MATEMÁTICAS II. 2012. RESERVA 4. EJERCICIO 4. OPCIÓN B.",enunciados_PNG/2012 - Geometría_png/2012_reserva_4_4_b.png,
2012,Septiembre,4,A,"Sean los puntos A(0,0,1),B(1,0,1),C(0,1,2) y D(1,2,0). a) Halla la ecuación del plano  determinado por los puntos A, B y C. b) Demuestra que los cuatro puntos no son coplanarios. c) Calcula la distancia del punto D al plano . MATEMÁTICAS II. 2012. SEPTIEMBRE. EJERCICIO 4. OPCIÓN A.",enunciados_PNG/2012 - Geometría_png/2012_septiembre_4_a.png,
2012,Septiembre,4,B," xz 0 Halla el punto simétrico de P(2,1,5) respecto de la recta r definida por  . x y20 MATEMÁTICAS II. 2012. SEPTIEMBRE. EJERCICIO 4. OPCIÓN B.",enunciados_PNG/2012 - Geometría_png/2012_septiembre_4_b.png,
2013,Junio,4,A,"Sea r la recta que pasa por el punto (1,0,0) y tiene como vector dirección (a,2a,1)y sea s la 2x y2 recta dada por: s axz  0 a) Calcula los valores de a para los que r y s son paralelas. b) Calcula, para a1, la distancia entre r y s. MATEMÁTICAS II. 2013. JUNIO. EJERCICIO 4.OPCIÓN A.",enunciados_PNG/2013 - Geometría_png/2013_junio_4_a.png,
2013,Junio,4,B,"Considera los puntos P(2,3,1) y Q(0,1,1). a) Halla la ecuación del plano  respecto del cual P y Q son simétricos. b) Calcula la distancia de P a . MATEMÁTICAS II. 2013. JUNIO. EJERCICIO 4.OPCIÓN B.",enunciados_PNG/2013 - Geometría_png/2013_junio_4_b.png,
2013,Reserva 1,4,A,Calcula la distancia entre las rectas: r  x  y  z y s x1 y2 z3. MATEMÁTICAS II. 2013. RESERVA 1. EJERCICIO 4. OPCIÓN A.,enunciados_PNG/2013 - Geometría_png/2013_reserva_1_4_a.png,
2013,Reserva 1,4,B,x 12 x  2  Considera las rectas: r  x  y  z s  t  y  3. y 1  z  1 Halla la ecuación de la recta que corta a r y a s y es paralela a t. MATEMÁTICAS II. 2013. RESERVA 1. EJERCICIO 4. OPCIÓN B.,enunciados_PNG/2013 - Geometría_png/2013_reserva_1_4_b.png,
2013,Reserva 2,4,A,"Del paralelogramo ABCD se conocen los vérticesA(1,0,3), B(2,1,1) y C(3,2,3). a) Halla la ecuación del plano que contiene al paralelogramo. b) Halla la ecuación de la recta que contiene a la diagonal AC del paralelogramo. c) Calcula las coordenadas del vértice D. MATEMÁTICAS II. 2013. RESERVA 2. EJERCICIO 4. OPCIÓN A",enunciados_PNG/2013 - Geometría_png/2013_reserva_2_4_a.png,
2013,Reserva 2,4,B,"Considera los puntos A(1,2,3) y B(1,0,4). a) Calcula las coordenadas de los puntos que dividen al segmento AB en tres partes iguales. b) Halla la ecuación del plano que pasa por el punto A y es perpendicular al segmento AB. MATEMÁTICAS II. 2013. RESERVA 2. EJERCICIO 4. OPCIÓN B",enunciados_PNG/2013 - Geometría_png/2013_reserva_2_4_b.png,
2013,Reserva 3,4,A,"Considera los puntosA(1,2,1), B(1,0,2) y C(3,2,0) y el plano  determinado por ellos. a) Halla la ecuación de la recta r que está contenida en  y tal que A y B son simétricos respecto de r. b) Calcula la distancia de A a r. MATEMÁTICAS II. 2013. RESERVA 3. EJERCICIO 4. OPCIÓN A",enunciados_PNG/2013 - Geometría_png/2013_reserva_3_4_a.png,
2013,Reserva 3,4,B,x  23  x y10 Considera las rectas r y s dadas por r  y  35 y s   z50 z   a) Determina la posición relativa de r y s. b) Calcula la distancia entre r y s. MATEMÁTICAS II. 2013. RESERVA 3. EJERCICIO 4. OPCIÓN B,enunciados_PNG/2013 - Geometría_png/2013_reserva_3_4_b.png,
2013,Reserva 4,4,A,x1 y Determina el punto de la recta r    z1 que equidista de los planos 3 2 x  43    x y3z20 y   y 1 1 2  z  MATEMÁTICAS II. 2013. RESERVA 4. EJERCICIO 4. OPCIÓN A,enunciados_PNG/2013 - Geometría_png/2013_reserva_4_4_a.png,
2013,Reserva 4,4,B,"Considera los puntosA(0,5,3), B(1,4,3), C(1,2,1) y D(2,3,1). a) Comprueba que los cuatro puntos son coplanarios y que ABCD es un rectángulo. b) Calcula el área de dicho rectángulo. MATEMÁTICAS II. 2013. RESERVA 4. EJERCICIO 4. OPCIÓN B",enunciados_PNG/2013 - Geometría_png/2013_reserva_4_4_b.png,
2013,Septiembre,4,A,Considera el plano  de ecuación 2x y3z60. a) Calcula el área del triángulo cuyos vértices son los puntos de corte del plano  con los ejes coordenados. b) Calcula el volumen del tetraedro determinado por el plano  y los planos coordenados. MATEMÁTICAS II. 2013. SEPTIEMBRE. EJERCICIO 4. OPCIÓN A.,enunciados_PNG/2013 - Geometría_png/2013_septiembre_4_a.png,
2013,Septiembre,4,B,"Considera los puntos A(1,0,2), B(1,3,1), C(2,1,2) y D(1,0,4). a) Halla la ecuación del plano que contiene a A, B y C b) Halla el punto simétrico de D respecto del plano x y5z90. MATEMÁTICAS II. 2013. SEPTIEMBRE. EJERCICIO 4. OPCIÓN B.",enunciados_PNG/2013 - Geometría_png/2013_septiembre_4_b.png,
2014,Junio,4,A,"Considera la recta r que pasa por los puntos A(1,0,1) yB(1,1,0). a) Halla la ecuación de la recta s paralela a r que pasa por C(2,3,2). b) Calcula la distancia de r a s. MATEMÁTICAS II. 2014. JUNIO. EJERCICIO 4.OPCIÓN A.",enunciados_PNG/2014 - Geometría_png/2014_junio_4_a.png,
2014,Junio,4,B,"x2yz  3 Sea r la recta definida por  2x yz 1 a ) Determina la ecuación general del plano que contiene a r y pasa por el origen de coordenadas. b ) Halla las ecuaciones paramétricas del plano que corta perpendicularmente a r en el punto (1,1,0). MATEMÁTICAS II. 2014. JUNIO. EJERCICIO 4. OPCIÓN B.",enunciados_PNG/2014 - Geometría_png/2014_junio_4_b.png,
2014,Reserva 1,4,A,"   Sean los vectoresu (1,1,3), v (1,0,1) y w (,1,0).   a) Calcula los valores de  que hacen que u y w sean ortogonales.    b) Calcula los valores de  que hacen que u ,v y w sean linealmente independientes.     c) Para =1 escribe el vector r (3,0,2) como combinación lineal de u ,v y w MATEMÁTICAS II. 2014. RESERVA 1. EJERCICIO 4. OPCIÓN A.",enunciados_PNG/2014 - Geometría_png/2014_reserva_1_4_a.png,
2014,Reserva 1,4,B,x2 z1 x y30 Sea r la recta dada por  y1 y sea s la recta dada por . 2 3 3yz60 a) Determina la posición relativa de r y s. b) Halla la ecuación general del plano que contiene a r y es paralelo a s. MATEMÁTICAS II. 2014. RESERVA 1. EJERCICIO 4. OPCIÓN B.,enunciados_PNG/2014 - Geometría_png/2014_reserva_1_4_b.png,
2014,Reserva,2,,"   Sean los vectores u (1,1,0), v (0,1,2) y w (1,2,23). Halla los valores de  en cada uno de los siguientes casos:    a) u ,v y w están en el mismo plano.    b) w es perpendicular a u y v .    1 c) El volumen del tetraedro que tiene por aristas a los vectores u ,v y w es 6 MATEMÁTICAS II. 2014. RESERVA 2. EJE RCICIO 4. OPCIÓN A.",enunciados_PNG/2014 - Geometría_png/2014_reserva_2.png,
2014,Reserva 2,4,B,"xz20 Considera el punto P(2,2,0) y la recta r dada por . yz10 a) Determina la ecuación del plano que contiene a P y es perpendicular a r. b) Calcula la distancia de P a r. MATEMÁTICAS II. 2014. RESERVA 2. EJERCICIO 4. OPCIÓN B.",enunciados_PNG/2014 - Geometría_png/2014_reserva_2_4_b.png,
2014,Reserva 3,4,A,"Sean A(3,4,0) , B(3,6,3) y C(1,2,1) los vértices de un triángulo. a) Halla la ecuación del plano  que contiene al triángulo. b) Halla la ecuación de la recta perpendicular a  que pasa por el origen de coordenadas. c) Calcula el área del triángulo ABC. MATEMÁTICAS II. 2014. RESERVA 3. EJERCICIO 4. OPCIÓN A.",enunciados_PNG/2014 - Geometría_png/2014_reserva_3_4_a.png,
2014,Reserva 3,4,B,"x1 z1 Considera el punto A(8,1,3) y la recta r dada por  y2 . 2 3 a) Calcula la ecuación del plano que pasa por A y es perpendicular a r. b) Halla el punto simétrico de A respecto de r. MATEMÁTICAS II. 2014. RESERVA 3. EJERCICIO 4. OPCIÓN B.",enunciados_PNG/2014 - Geometría_png/2014_reserva_3_4_b.png,
2014,Reserva 4,4,A,x 1  x1 y z1 Sea r la recta definida por y 1 y s la recta dada por   . 2 1 2  z   a) Halla la ecuación de la recta que corta perpendicularmente a r y a s. b) Calcula la distancia entre r y s. MATEMÁTICAS II. 2014. RESERVA 4. EJERCICIO 4. OPCIÓN A.,enunciados_PNG/2014 - Geometría_png/2014_reserva_4_4_a.png,
2014,Reserva 4,4,B,x5 z6 Considera el plano  de ecuación 2x yz20 y la recta r de ecuación  y  2 3 a) Halla la posición relativa de  y r. b) Halla la ecuación general del plano que contiene a r y es perpendicular a . c) Halla las ecuaciones paramétricas del plano paralelo a  que contiene a r. MATEMÁTICAS II. 2014. RESERVA 4. EJERCICIO 4. OPCIÓN B.,enunciados_PNG/2014 - Geometría_png/2014_reserva_4_4_b.png,
2014,Septiembre,4,A,"x 12t  Considera los puntos A(1,1,2) y B(1,1,2) y la recta r dada por y  t .  z 1 a) Halla la ecuación general del plano que contiene a r y es paralelo a la recta que pasa por A y por B. b) Halla el punto de la recta r que está a la misma distancia de A y de B. MATEMÁTICAS II. 2014. SEPTIEMBRE. EJERCICIO 4. OPCIÓN A.",enunciados_PNG/2014 - Geometría_png/2014_septiembre_4_a.png,
2014,Septiembre,4,B,"Sea r la recta que pasa por los puntos A(1,0,1) y B(2,1,3). a) Calcula la distancia del origen de coordenadas a la recta r. b) Halla la ecuación de la recta que corta perpendicularmente a r y pasa por el origen de coordenadas. MATEMÁTICAS II. 2014. SEPTIEMBRE. EJERCICIO 4. OPCIÓN B.",enunciados_PNG/2014 - Geometría_png/2014_septiembre_4_b.png,
2015,Junio,4,A,"Sean los puntos A(0,1,1), B(2,1,3), C(1,2,0) y D(2,1,m) a) Calcula m para que A, B, C y D estén en un mismo plano. b) Determina la ecuación del plano respecto del cual los puntos A y B son simétricos. c) Calcula el área del triángulo A,B y C. MATEMÁTICAS II. 2015. JUNIO. EJERCICIO 4. OPCIÓN A.",enunciados_PNG/2015 - Geometría_png/2015_junio_4_a.png,
2015,Junio,4,B,"Sea el plano  2x yz8 0 a) Calcula el punto P’, simétrico del punto P(2,1,5) respecto del plano . x2 y1 z5 b) Calcula la recta r’, simétrica de la recta r    2 3 1 MATEMÁTICAS II. 2015. JUNIO. EJERCICIO 4. OPCIÓN B",enunciados_PNG/2015 - Geometría_png/2015_junio_4_b.png,
2015,Reserva 1,4,A,"2x y50 Considera el punto P(3,1,6) y la recta r dada por   yz20 a) Determina la ecuación del plano que pasa por P y es perpendicular a r. b) Calcula las coordenadas del punto simétrico de P respecto de la recta r. MATEMÁTICAS II. 2015. RESERVA 1. EJERCICIO 4. OPCIÓN A.",enunciados_PNG/2015 - Geometría_png/2015_reserva_1_4_a.png,
2015,Reserva 1,4,B,"Los puntos A(0,1,1) y B(2,1,3) son dos vértices de un triángulo. El tercer vértice es un punto de 2x y0 la recta r dada por   z 0 a) Calcula las coordenadas de los posibles puntos C de r para que el triángulo ABC tenga un ángulo recto en el vértice A. b) Calcula las coordenadas de los posibles puntos D de r para que el triángulo ABD tenga un área igual a 2 MATEMÁTICAS II. 2015. RESERVA 1. EJERCICIO 4. OPCIÓN B.",enunciados_PNG/2015 - Geometría_png/2015_reserva_1_4_b.png,
2015,Reserva 2,4,A,Sean los planos  x3y2z50 y ' 2x y3z30. a) Determina el ángulo que forman  y '. b) Calcula el volumen del tetraedro limitado por  y los planos coordenados. MATEMÁTICAS II. 2015. RESERVA 2. EJERCICIO 4. OPCIÓN A.,enunciados_PNG/2015 - Geometría_png/2015_reserva_2_4_a.png,
2015,Reserva 2,4,B,"x5 y1 z Sean el punto P(1,6,2) y la recta r    6 3 2 a) Halla la ecuación general del plano  que contiene al punto P y a la recta r. b) Calcula la distancia entre el punto P y la recta r MATEMÁTICAS II. 2015. RESERVA 2. EJERCICIO 4. OPCIÓN B.",enunciados_PNG/2015 - Geometría_png/2015_reserva_2_4_b.png,
2015,Reserva 3,4,A,"Halla unas ecuaciones paramétricas para la recta r, que contiene al punto P(3,5,4) y corta x4 y8 z perpendicularmente a la recta s    5 3 4 MATEMÁTICAS II. 2015. RESERVA 3. EJERCICIO 4. OPCIÓN A.",enunciados_PNG/2015 - Geometría_png/2015_reserva_3_4_a.png,
2015,Reserva 3,4,B,"x2 y1 Sea r la recta de ecuación r    z 3 4 a) Halla el punto de r que equidista del origen de coordenadas y del punto P(4,2,2) b) Determina el punto de la recta r más próximo al origen de coordenadas. MATEMÁTICAS II. 2015. RESERVA 3. EJERCICIO 4. OPCIÓN B.",enunciados_PNG/2015 - Geometría_png/2015_reserva_3_4_b.png,
2015,Reserva 4,4,A,"x y10 Considera los puntos B(1,2,3), C(9,1,2), D(5,0,1) y la recta r   yz 0 a) Calcula el área del triángulo cuyos vértices son B, C y D. b) Halla un punto A en la recta r de forma que el triángulo ABC sea rectángulo en A. MATEMÁTICAS II. 2015. RESERVA 4. EJERCICIO 4. OPCIÓN A.",enunciados_PNG/2015 - Geometría_png/2015_reserva_4_4_a.png,
2015,Reserva 4,4,B,"x y 0 Considera el punto P(1,0,1) y la recta r dada por   z10 a) Halla la distancia de P a r. b) Determina la ecuación general del plano que pasa por P y contiene a r. MATEMÁTICAS II. 2015. RESERVA 4. EJERCICIO 4. OPCIÓN B.",enunciados_PNG/2015 - Geometría_png/2015_reserva_4_4_b.png,
2015,Septiembre,4,A,x 1  x y1 Sea r la recta definida por y 1 y s la recta dada por  .  z 1 z 2 a) Halla la ecuación de la recta que corta perpendicularmente a las rectas dadas. b) Calcula la distancia entre r y s. MATEMÁTICAS II. 2015. SEPTIEMBRE. EJERCICIO 4. OPCIÓN A.,enunciados_PNG/2015 - Geometría_png/2015_septiembre_4_a.png,
2015,Septiembre,4,B,x1 y z1 Considera el plano  de ecuación mx5y2z 0 y la recta r dada por   3 n 2 a) Calcula m y n en el caso en el que la recta r es perpendicular al plano . b) Calcula m y n en el caso en el que la recta r está contenida en el plano . MATEMÁTICAS II. 2015. SEPTIEMBRE. EJERCICIO 4.OPCIÓN B.,enunciados_PNG/2015 - Geometría_png/2015_septiembre_4_b.png,
2016,Junio,4,A,"y2z 0 Considera el punto P(1,0,5) y la recta r dada por . x 1 a) Determina la ecuación del plano que pasa por P y es perpendicular a r. b) Calcula la distancia de P a la recta r y el punto simétrico de P respecto a r. MATEMÁTICAS II. 2016. JUNIO. EJERCICIO 4. OPCIÓN A.",enunciados_PNG/2016 - Geometría_png/2016_junio_4_a.png,
2016,Junio,4,B,"Considera las rectas r y s dadas por x 12  x2y  1 r  y 1 y s    z  1  z 1 a) Comprueba que ambas rectas son coplanarias y halla la ecuación del plano que las contiene. b) Sabiendo que dos de los lados de un cuadrado están en las rectas r y s, calcula su área. MATEMÁTICAS II. 2016. JUNIO. EJERCICIO 4. OPCIÓN B.",enunciados_PNG/2016 - Geometría_png/2016_junio_4_b.png,
2016,Reserva 1,4,A,"Considera un paralelogramo de vértices consecutivos A, B, C y D siendo A(1,0,1), B(3,2,1) y C(7,1,5) a) Determina las coordenadas del punto D. b) Calcula el área del paralelogramo. c) Halla la ecuación general del plano que contiene al paralelogramo. MATEMÁTICAS II. 2016. RESERVA 1. EJERCICIO 4. OPCIÓN A.",enunciados_PNG/2016 - Geometría_png/2016_reserva_1_4_a.png,
2016,Reserva,1,,"Se considera el punto P(1,0,1) y el plano  de ecuación 2x yz10. a) Halla el simétrico del punto P respecto al plano . b) Determina la ecuación del plano que contiene al punto P, es perpendicular al plano  y es x2y 1 paralelo a la recta dada por   z  3 MATEMÁTICAS II. 2016. RESERVA 1. EJE RCICIO 4. OPCIÓN B",enunciados_PNG/2016 - Geometría_png/2016_reserva_1.png,
2016,Reserva 2,4,A,x  2 xz 1  Sea r la recta dada por  y sea s la recta definida por y  2 y  1  z  22 a) Comprueba que las rectas r y s se cruzan y halla la ecuación de la recta que corta perpendicularmente a r y a s. b) Calcula la distancia entre r y s. MATEMÁTICAS II. 2016. RESERVA 2. EJERCICIO 4. OPCIÓN A.,enunciados_PNG/2016 - Geometría_png/2016_reserva_2_4_a.png,
2016,Reserva 2,4,B,"Considera un rectángulo de vértices consecutivos A, B, C y D siendo A(1,1,0) y B(2,2,1). Sabiendo que la recta r que contiene a los puntos C y D pasa por el origen de coordenadas se pide: a) Halla unas ecuaciones paramétricas de r. b) Calcula el área del triángulo ABC. c) Determina las coordenadas del punto D. MATEMÁTICAS II. 2016. RESERVA 2. EJERCICIO 4. OPCIÓN B.",enunciados_PNG/2016 - Geometría_png/2016_reserva_2_4_b.png,
2016,Reserva 3,4,A,"Considera el plano  de ecuación x2yz 1. a) Halla el punto de  más próximo al punto (3,1,2). b) Determina la ecuación de un plano paralelo a  que forme con los ejes de coordenadas un triángulo de área 6. MATEMÁTICAS II. 2016. RESERVA 3. EJERCICIO 4. OPCIÓN A.",enunciados_PNG/2016 - Geometría_png/2016_reserva_3_4_a.png,
2016,Reserva 3,4,B,"Sea r la recta que pasa por los puntos A(1,1,0) y B(3,1,1) y s la recta dada por x2y  1   yz  1 a) Halla la ecuación general del plano que pasa por el origen de coordenadas y es paralelo a las rectas dadas. b) Halla unas ecuaciones paramétricas del plano que pasa por B y es perpendicular a s. MATEMÁTICAS II. 2016. RESERVA 3. EJERCICIO 4. OPCIÓN B.",enunciados_PNG/2016 - Geometría_png/2016_reserva_3_4_b.png,
2016,Reserva 4,4,A,x1 z Determina el punto de la recta r   y1 que equidista de los planos 2 3 x  3   x yz30 y ' y    z  6 MATEMÁTICAS II. 2016. RESERVA 4. EJERCICIO 4. OPCIÓN A.,enunciados_PNG/2016 - Geometría_png/2016_reserva_4_4_a.png,
2016,Reserva 4,4,B,x1 y1 z2 Considera el plano  de ecuación 6xmy2z 1 y la recta r dada por   3 2 1 a) Calcula m en el caso en que la recta r es perpendicular al plano . b) ¿Existe algún valor de m para el que la recta r esté contenida en el plano ?. MATEMÁTICAS II. 2016. RESERVA 4. EJERCICIO 4. OPCIÓN B.,enunciados_PNG/2016 - Geometría_png/2016_reserva_4_4_b.png,
2016,Septiembre,4,A,"x 12  Considera el punto A(1,1,1) y la recta r dada por y 1 .  z 1 a) Calcula las coordenadas del punto simétrico de A respecto a r. b) Determina la ecuación del plano que contiene a r y pasa por A. MATEMÁTICAS II. 2016. SEPTIEMBRE. EJERCICIO 4. OPCIÓN A.",enunciados_PNG/2016 - Geometría_png/2016_septiembre_4_a.png,
2016,Septiembre,4,B,Calcula la distancia entre las rectas dadas por las siguientes ecuaciones: x 1  r  x  y  z y s  y  3   z   MATEMÁTICAS II. 2016. SEPTIEMBRE. EJERCICIO 4. OPCIÓN B.,enunciados_PNG/2016 - Geometría_png/2016_septiembre_4_b.png,
2017,Junio,4,A,"x 13t  Considera el punto P(1,1,0) y la recta r dada por y  2 .  z  t a) Determina la ecuación del plano que pasa por P y contiene a r. b) Halla las coordenadas del punto simétrico de P respecto de r. MATEMÁTICAS II. 2017. JUNIO. EJERCICIO 4. OPCIÓN A.",enunciados_PNG/2017 - Geometría_png/2017_junio_4_a.png,
2017,Junio,4,B,"   Considera los vectores u (1,0,1), v (0,2,1) y w (m,1,n).      a) Halla m y n sabiendo que u ,v y w son linealmente dependientes y que w es ortogonal a u .    b) Para n1, halla los valores de m para que el tetraedro determinado por u ,v y w tenga volumen 10 unidades cúbicas MATEMÁTICAS II. 2017. JUNIO. EJERCICIO 4. OPCIÓN B.",enunciados_PNG/2017 - Geometría_png/2017_junio_4_b.png,
2017,Reserva 1,4,A,"Considera los vectores u(2,3,4) , v(1,1,1) y w(1,,5) siendo  un número real. a) Halla los valores de  para los que el paralelepípedo determinado por u , v y w tiene volumen 6 unidades cúbicas. b) Determina el valor de  para el que u , v y w son linealmente dependientes. MATEMÁTICAS II. 2017. RESERVA 1. EJERCICIO 4. OPCIÓN A.",enunciados_PNG/2017 - Geometría_png/2017_reserva_1_4_a.png,
2017,Reserva 1,4,B,"x  2  Sea r la recta que pasa por A(4,3,6) y B(2,0,0) y sea s la recta dada por y   z 12 a) Determina la posición relativa de r y s. b) Calcula, si existen, los puntos C de s tales que los vectores CA y CB son ortogonales. MATEMÁTICAS II. 2017. RESERVA 1. EJERCICIO 4. OPCIÓN B.",enunciados_PNG/2017 - Geometría_png/2017_reserva_1_4_b.png,
2017,Reserva 2,4,A,x 1t x y10  Considera las rectas dadas por r   y s  y  t xz10  z  2 a) Determina la ecuación de la recta que corta perpendicularmente a r y a s. b) Halla la distancia entre las rectas r y s. MATEMÁTICAS II. 2017. RESERVA 2. EJERCICIO 4. OPCIÓN A.,enunciados_PNG/2017 - Geometría_png/2017_reserva_2_4_a.png,
2017,Reserva 2,4,B,"Considera los puntos A(1,3,1) y B(3,1,1). a) Determina la ecuación del plano respecto del cual B es el simétrico de A. b) Siendo C(5,1,5), calcula el área del triángulo de vértices A;B y C. MATEMÁTICAS II. 2017. RESERVA 2. EJERCICIO 4. OPCIÓN B.",enunciados_PNG/2017 - Geometría_png/2017_reserva_2_4_b.png,
2017,Reserva 3,4,A,"Considera los puntos A(1,2,1) y B(1,0,1). a) Determina la ecuación del plano respecto del cual los puntos A y B son simétricos. b) Calcula la distancia de P(1,0,1) a la recta que pasa por los puntos A y B. MATEMÁTICAS II. 2017. RESERVA 3. EJERCICIO 4. OPCIÓN A.",enunciados_PNG/2017 - Geometría_png/2017_reserva_3_4_a.png,
2017,Reserva 3,4,B,"Considera los puntos A(1,1,1) , B(0,2,2) , C(1,0,2) y D(2,1,2). a) Calcula el volumen del tetraedro de vértices A, B , C y D. b) Determina la ecuación de la recta que pasa por D y es perpendicular al plano determinado por los puntos A, B y C. MATEMÁTICAS II. 2017. RESERVA 3. EJERCICIO 4. OPCIÓN B.",enunciados_PNG/2017 - Geometría_png/2017_reserva_3_4_b.png,
2017,Reserva 4,4,A,"Sea  el plano determinado por los puntos A(1,0,0); B(0,1,0) y C(0,0,), siendo  un  yz  3 número real, y sea r la recta dada por r   x2y  3 a) Halla la ecuación del plano que pasa por A y contiene a r. b) Estudia la posición relativa de r y  según los valores de . MATEMÁTICAS II. 2017. RESERVA 4. EJERCICIO 4. OPCIÓN A.",enunciados_PNG/2017 - Geometría_png/2017_reserva_4_4_a.png,
2017,Reserva 4,4,B,"Considera el punto P(1,0,1), el vector u(1,2,1) y el plano  de ecuación y  0. a) Halla la ecuación de la recta que pasa por P, está contenida en  y cuyo vector director es perpendicular a u. b) Determina la ecuación del plano que pasa por P, es perpendicular a  y del que u es un vector director. MATEMÁTICAS II. 2017. RESERVA 4. EJERCICIO 4. OPCIÓN B.",enunciados_PNG/2017 - Geometría_png/2017_reserva_4_4_b.png,
2017,Septiembre,4,A,"Los puntos A(1,1,1) , B(2,2,2) y C(1,3,3) son vértices consecutivos del paralelogramo ABCD. a) Calcula el área del paralelogramo. b) Halla la ecuación general del plano que contiene a dicho paralelogramo. c) Calcula las coordenadas del vértice D. MATEMÁTICAS II. 2017. SEPTIEMBRE. EJERCICIO 4. OPCIÓN A.",enunciados_PNG/2017 - Geometría_png/2017_septiembre_4_a.png,
2017,Septiembre,4,B,"x2y5 Considera el punto P(0,1,1) y la recta r dada por   z 2 a) Determina la ecuación del plano que pasa por P y contiene a r. b) Halla las coordenadas del punto simétrico de P respecto de r. MATEMÁTICAS II. 2017. SEPTIEMBRE. EJERCICIO 4. OPCIÓN B.",enunciados_PNG/2017 - Geometría_png/2017_septiembre_4_b.png,
2018,Junio,4,A,"z2 Considera los puntos P(1,0,1), Q(2,1,1) y la recta r dada por x5 y  . 2 a) Determina el punto simétrico de P respecto de r. b) Calcula el punto de r que equidista de P y Q. MATEMÁTICAS II. 2018. JUNIO. EJERCICIO 4. OPCIÓN A.",enunciados_PNG/2018 - Geometría_png/2018_junio_4_a.png,
2018,Junio,4,B,"Considera el punto P(2,1,3) y el plano  de ecuación 3x2yz  5. a) Calcula el punto simétrico de P respecto de . b) Calcula la distancia de P a . MATEMÁTICAS II. 2018. JUNIO. EJERCICIO 4. OPCIÓN B.",enunciados_PNG/2018 - Geometría_png/2018_junio_4_b.png,
2018,Reserva 1,4,A,Se considera el plano  de ecuación x2yz 6. a) Determina la recta perpendicular a  que pasa por el origen de coordenadas. b) Halla el punto simétrico del origen de coordenadas con respecto de . c) Calcula el volumen del tetraedro determinado por el origen de coordenadas y los puntos de corte de  con los ejes de coordenadas. MATEMÁTICAS II. 2018. RESERVA 1. EJERCICIO 4. OPCIÓN A.,enunciados_PNG/2018 - Geometría_png/2018_reserva_1_4_a.png,
2018,Reserva 1,4,B,"Considera las rectas r y s dadas por x 4t  r  x2 y2 z y s  y  4t  z  mt a) Determina m para que r y s sean paralelas. b) Halla, si existe, un valor de m para el que ambas rectas sean la misma. c) Para m1, calcula la ecuación del plano que contiene a r y a s MATEMÁTICAS II. 2018. RESERVA 1. EJERCICIO 4. OPCIÓN B.",enunciados_PNG/2018 - Geometría_png/2018_reserva_1_4_b.png,
2018,Reserva 2,4,A,x y  z4 x20 Considera las rectas r y s dadas por: r  y s x2y 7 y30 a) Estudia y determina la posición relativa de r y s. b) Calcula la recta perpendicular común a r y a s. MATEMÁTICAS II. 2018. RESERVA 2. EJERCICIO 4. OPCIÓN A.,enunciados_PNG/2018 - Geometría_png/2018_reserva_2_4_a.png,
2018,Reserva 2,4,B,"y1 z1 Considera los puntos A(2,1,2) y B(1,1,2), y la recta r dada por x1  1 2 a) Determina los puntos del segmento AB que lo dividen en 3 segmentos de la misma longitud. b) Determina un punto C de r de forma que el triángulo ABC sea rectángulo en C. MATEMÁTICAS II. 2018. RESERVA 2. EJERCICIO 4. OPCIÓN B.",enunciados_PNG/2018 - Geometría_png/2018_reserva_2_4_b.png,
2018,Reserva 3,4,A,"Se sabe que los puntos A(1,2,6) y B(1,4,2) son simétricos respecto de un plano . a) Calcula la distancia de A a . b) Determina la ecuación general del plano . MATEMÁTICAS II. 2018. RESERVA 3. EJERCICIO 4. OPCIÓN A.",enunciados_PNG/2018 - Geometría_png/2018_reserva_3_4_a.png,
2018,Reserva 3,4,B,x  2t  x y  2 Considera las rectas r y s dadas por r  y 1 y s    z  2 z 0 a) Determina la ecuación de la recta que corta perpendicularmente a r y a s. b) Calcula la distancia entre las rectas dadas. MATEMÁTICAS II. 2018. RESERVA 3. EJERCICIO 4. OPCIÓN B.,enunciados_PNG/2018 - Geometría_png/2018_reserva_3_4_b.png,
2018,Reserva 4,4,A,"Sea r la recta que pasa por los puntos A(3,6,7)y B(7,8,3) y sea s la recta dada por x4yz  10  3x4yz  2 a) Determina la posición relativa de r y s. b) Calcula la distancia entre r y s. MATEMÁTICAS II. 2018. RESERVA 4. EJERCICIO 4. OPCIÓN A.",enunciados_PNG/2018 - Geometría_png/2018_reserva_4_4_a.png,
2018,Reserva 4,4,B,"a) Determina la ecuación del plano que pasa por el punto A(0,1,0) y es perpendicular a la recta y2 r dada por x1  z1 2 b) Calcula el área del triángulo cuyos vértices son los puntos de corte del plano de ecuación 2x3y4z 12 con los ejes coordenados. MATEMÁTICAS II. 2018. RESERVA 4. EJERCICIO 4. OPCIÓN B.",enunciados_PNG/2018 - Geometría_png/2018_reserva_4_4_b.png,
2018,Septiembre,4,A,x1 y z1 2x3y5 Considera las rectas r    y s 2 1 3  y2z 1 a) Estudia y determina la posición relativa de r y s. b) Calcula la distancia entre r y s. MATEMÁTICAS II. 2018. SEPTIEMBRE. EJERCICIO 4. OPCIÓN A.,enunciados_PNG/2018 - Geometría_png/2018_septiembre_4_a.png,
2018,Septiembre,4,B,"x1 y1 xnz 2 Considera las rectas r    z y s 2 m  yz 3 a) Halla los valores de m y n para los que r y s se corten perpendicularmente. b) Para m3 y n1, calcula la ecuación general del plano que contiene a r y a s. MATEMÁTICAS II. 2018. SEPTIEMBRE. EJERCICIO 4. OPCIÓN B.",enunciados_PNG/2018 - Geometría_png/2018_septiembre_4_b.png,
2019,Junio,4,A,x2 y2 z1 C onsidera la recta r    y los planos   x0 y   y0 1 3 1 1 2 a) Halla los puntos de la recta r que equidistan de los planos  y  . 1 2 b ) Determina la posición relativa de la recta r y la recta de intersección de los planos  y  . 1 2 MATEMÁTICAS II. 2019. JUNIO. EJERCICIO 4. OPCIÓN A,enunciados_PNG/2019 - Geometría_png/2019_junio_4_a.png,
2019,Junio,4,B,"Considera el triángulo cuyos vértices son los puntos A(1,1,0) ; B(1,0,2) ; C(0,2,1). a) Halla el área de dicho triángulo. b) Calcula el coseno del ángulo en el vértice A. MATEMÁTICAS II. 2019. JUNIO. EJERCICIO 4. OPCIÓN B.",enunciados_PNG/2019 - Geometría_png/2019_junio_4_b.png,
2019,Reserva 1,4,A,"Considera el punto A(2,1,0) y los planos   x yz0 y   x yz0. 1 2 a) Calcula la recta que pasa por A y es paralela a  y a  . 1 2 x1 y2 z b) Calcula los puntos de la recta s   que equidistan de  y  . 2 3 2 1 2 MATEMÁTICAS II. 2019. RESERVA 1. EJERCICIO 4. OPCIÓN A.",enunciados_PNG/2019 - Geometría_png/2019_reserva_1_4_a.png,
2019,Reserva 1,4,B,"Considera los puntos A(0,3,1) y B (0,1,a) y el plano  de ecuación x y z  0. a) Determina a sabiendo que la recta que pasa por A y por B es paralela al plano . b) Halla el punto de corte del plano  con la recta que pasa por A y es perpendicular a dicho plano. c) Para a2, halla el plano que contiene a los puntos A y B y es perpendicular al plano . MATEMÁTICAS II. 2019. RESERVA 1. EJERCICIO 4. OPCIÓN B",enunciados_PNG/2019 - Geometría_png/2019_reserva_1_4_b.png,
2019,Reserva 2,4,A,"Sea r la recta que pasa por el punto P(2,2,1) con vector director v(k,3k,2k) y sea  el plano de ecuación x2y2z10. a) Calcula el valor de k para que r sea paralela a . b) Calcula el valor de k para que r sea perpendicular a . c) Para k  1, calcula los puntos de r que distan 3 unidades de . MATEMÁTICAS II. 2019. RESERVA 2. EJERCICIO 4. OPCIÓN A",enunciados_PNG/2019 - Geometría_png/2019_reserva_2_4_a.png,
2019,Reserva 2,4,B,"x y3 z2 Considera el punto P(5,3,1) y la recta r    . 2 2 1 a) Calcula la ecuación general del plano que pasa por P y contiene a r. b) Calcula la ecuación de la recta que pasa por P y corta perpendicularmente a r. MATEMÁTICAS II. 2019. RESERVA 2. EJERCICIO 4. OPCIÓN B",enunciados_PNG/2019 - Geometría_png/2019_reserva_2_4_b.png,
2019,Reserva 3,4,A," x y20 Considera la recta r  y el plano  2x ymz 1.  yz50 a) Calcula m sabiendo que r y  son paralelos. b) Para m  1, calcula la distancia entre r y . MATEMÁTICAS II. 2019. RESERVA 3. EJERCICIO 4. OPCIÓN A",enunciados_PNG/2019 - Geometría_png/2019_reserva_3_4_a.png,
2019,Reserva 3,4,B,"x y 0 Halla cada uno de los puntos de la recta r   de manera que junto con los puntos yz 0 5 A(1,1,0),B(1,0,1) y C(0,1,1) formen un tetraedro de volumen 6 MATEMÁTICAS II. 2019. RESERVA 3. EJERCICIO 4. OPCIÓN B",enunciados_PNG/2019 - Geometría_png/2019_reserva_3_4_b.png,
2019,Reserva 4,4,A,x4 y z1 Considera la recta r    y el plano  2x yz3 0. 2 1 5 a) Halla la ecuación general del plano perpendicular a  que contiene a r. b) Calcula la distancia entre r y . MATEMÁTICAS II. 2019. RESERVA 4. EJERCICIO 4. OPCIÓN A,enunciados_PNG/2019 - Geometría_png/2019_reserva_4_4_a.png,
2019,Reserva 4,4,B,"x2 y2 z3 Se consideran los puntos A(0,1,3) , B(2,3,1) y la recta r    . 1 2 3 a) Halla un punto C de r de forma que el triángulo ABC sea rectángulo en A. b) Calcula los puntos de r que equidistan de los puntos A y B. MATEMÁTICAS II. 2019. RESERVA 4. EJERCICIO 4. OPCIÓN B",enunciados_PNG/2019 - Geometría_png/2019_reserva_4_4_b.png,
2019,Septiembre,4,A,"Se consideran los vectores u(1,2,3), v(1,2,1) y w(2,,), donde  y  son números reales. a ) Determina los valores de  y  para los que w es ortogonal a los vectores u y v. b) Determina los valores de  y  para los que w y v.tienen la misma dirección. c) Para 8, determina el valor de  para el que w es combinación lineal de u y v. MATEMÁTICAS II. 2019. SEPTIEMBRE. EJERCICIO 4. OPCIÓN A.",enunciados_PNG/2019 - Geometría_png/2019_septiembre_4_a.png,
2019,Septiembre,4,B,"x2 yk z x1 y1 z3 Considera las rectas r    y s   1 2 2 1 1 1 a) Halla k sabiendo que ambas se cortan en un punto. b) Para k 1, halla la ecuación general del plano que contiene a r y es paralelo a s. MATEMÁTICAS II. 2019. SEPTIEMBRE. EJERCICIO 4.OPCIÓN B.",enunciados_PNG/2019 - Geometría_png/2019_septiembre_4_b.png,
2020,Junio,4,,"Siendo a0, considera las rectas z1 x3 y3 z1 r  x1 y2 y s    a a 1 2 a) (1’25 puntos) Estudia la posición relativa de ambas rectas según los valores de a. b) (1’25 puntos) Para a2, determina las ecuaciones de la recta que pasa por el punto de corte de r y s y es perpendicular a ambas. MATEMÁTICAS II. 2020. JUNIO. EJERCICIO 4",enunciados_PNG/2020 - Geometría_png/2020_junio_4.png,
2020,Junio,8,," x y0 S e considera el punto A(1,2,0) y la recta r   y3z20 a) (1’25 puntos) Calcula la ecuación del plano que pasa por A y es perpendicular a r. b) (1’25 puntos) Calcula la ecuación del plano que pasa por A y contiene a r. MATEMÁTICAS II. 2020. JUNIO. EJERCICIO 8",enunciados_PNG/2020 - Geometría_png/2020_junio_8.png,
2020,Reserva 1,4,,"Considera el tetraedro de vértices A(0,0,0) , B(1,1,0) , C(0,1,3) y D(1,0,3). a) (1 punto) Calcula el volumen de dicho tetraedro. b) (1’5 puntos) Calcula la medida de la altura trazada desde el vértice A de dicho tetraedro. MATEMÁTICAS II. 2020. RESERVA 1. EJERCICIO 4",enunciados_PNG/2020 - Geometría_png/2020_reserva_1_4.png,
2020,Reserva 1,8,,"Se considera los puntosA(1,3,2), B(2,1,1) y C(a2,7,b). a) (1’25 puntos) Determina a y b para que los puntos A,B y C estén alineados. b) (1’25 puntos) En el caso a b1, halla la recta que pasa por el origen de coordenadas y es perpendicular al plano que contiene los puntos A,B y C MATEMÁTICAS II. 2020. RESERVA 1. EJERCICIO 8",enunciados_PNG/2020 - Geometría_png/2020_reserva_1_8.png,
2020,Reserva 2,4,,"x y2z 5 Considera el punto P(1,0,1) y la recta r  .  xz 1 a) (1’5 Puntos). Determina el punto simétrico de P respecto de la recta r. b) (1 Punto).Calcula el punto de la recta r que dista 6 unidades de P. MATEMÁTICAS II. 2020. RESERVA 2. EJERCICIO 4",enunciados_PNG/2020 - Geometría_png/2020_reserva_2_4.png,
2020,Reserva 2,8,,"   Considera los vectores u (2,1,0), v (1,0,1) y w (a,b,1).  a) (1’5 Puntos). Halla a y b sabiendo que los tres vectores son linealmente dependientes y que w  es ortogonal a u . b) (1 Punto). Para a1, halla el valor o los valores de b para que el volumen del paralelepípedo formado por dichos vectores sea de 6 unidades cúbicas MATEMÁTICAS II. 2020. RESERVA 2. EJERCICIO 8.",enunciados_PNG/2020 - Geometría_png/2020_reserva_2_8.png,
2020,Reserva 3,4,,"Considera los puntos A(t,2,1) , B(0,1,1) , C(1,0,2) y D(2,3,t1). a) Calcula el valor o los valores de t para que el volumen del tetraedro de vértices A, B, C, D sea 5 unidades cúbicas. b) Para t 0, calcula la distancia del punto A a la recta determinada por los puntos B y C. MATEMÁTICAS II. 2020. RESERVA 3. EJERCICIO 4",enunciados_PNG/2020 - Geometría_png/2020_reserva_3_4.png,
2020,Reserva 3,8,,"Considera el punto A(0,1,2) y los planos  2x yz50 y   x5y6z40. 1 2 a) (1’5 Puntos). Halla el punto simétrico de A respecto de  . 1 b) (1 Punto). Calcula la recta que pasa por A y es paralela a  y a  . 1 2 MATEMÁTICAS II. 2020. RESERVA 3. EJERCICIO 8",enunciados_PNG/2020 - Geometría_png/2020_reserva_3_8.png,
2020,Reserva 4,4,,"x  1  C onsidera A(1,0,1), B(1,0,2) y O(0,0,0), y la recta r  y   z  2  a ) (1’5 Puntos). Calcula la distancia del punto A a la recta r. b ) (1 Punto). Determina el área del triángulo de vértices A, B y O. M ATEMÁTICAS II. 2020. RESERVA 4. EJERCICIO 4",enunciados_PNG/2020 - Geometría_png/2020_reserva_4_4.png,
2020,Reserva 4,8,,"x  3  Considera el plano  2x yz30, la recta r  y 12 y el punto P(1,1,2)  z  2 a) (1’25 Puntos). Determina la ecuación general del plano perpendicular a , paralelo a r y que pasa por el punto P. b) (1’25 Puntos). Calcula el punto simétrico de P respecto de la recta r. MATEMÁTICAS II. 2020. RESERVA 4. EJERCICIO 8",enunciados_PNG/2020 - Geometría_png/2020_reserva_4_8.png,
2020,Septiembre,4,,"4x3y4z 1 C onsidera el plano   x yaz  0 y la recta r  3x2yz 0 a ) (1’5 puntos) Halla a sabiendo que  es paralelo a r. b ) (1 punto) Determina el plano perpendicular a r que pasa por el punto P(1,2,3). M ATEMÁTICAS II. 2020. SEPTIEMBRE. EJERCICIO 4",enunciados_PNG/2020 - Geometría_png/2020_septiembre_4.png,
2020,Septiembre,8,,x y1 z2 Considera el plano  x y z  2 y la la recta r    2 1 1 a) (1 punto) Calcula la distancia entre r y . b) (1’5 puntos) Halla la ecuación general del plano perpendicular a  que contiene a r. MATEMÁTICAS II. 2020. SEPTIEMBRE. EJERCICIO 8,enunciados_PNG/2020 - Geometría_png/2020_septiembre_8.png,
2021,Junio,7,,"x  32  2x3yz20  Considera las rectas r  y s y  1 . 3x2y2z10  z  22 a) Calcula el plano perpendicular a la recta s que pasa por el punto P(1,0,5). b) Calcula el seno del ángulo que forma la recta r con el plano  2x y2z 0. MATEMÁTICAS II. 2021. JUNIO. EJERCICIO 7",enunciados_PNG/2021 - Geometría_png/2021_junio_7.png,
2021,Junio,8,,"x3 y4 z3 La recta r    y la recta s, que pasa por los puntos P(1,0,2) y Q(a,1,0), se 2 2 3 cortan en un punto. Calcula el valor de a y el punto de corte. MATEMÁTICAS II. 2021. JUNIO. EJERCICIO 8",enunciados_PNG/2021 - Geometría_png/2021_junio_8.png,
2021,Reserva 1,7,,"Considera el punto P (1,2,6) y el plano  2x yz  0 a) Halla las ecuaciones de los planos paralelos a  cuya distancia a éste sea 6 unidades. b) Halla el simétrico del punto P respecto al plano . MATEMÁTICAS II. 2021. RESERVA 1. EJERCICIO 7",enunciados_PNG/2021 - Geometría_png/2021_reserva_1_7.png,
2021,Reserva 1,8,,"x    Considera los puntos B(1,0,1) , C(0,1,3) y la recta r dada por r  y 12 .  z  1  a) Calcula un punto que esté en r y equidiste de B y C. b) Siendo D(1,1,2), calcula el área del triángulo con vértices en los puntos B,C y D. MATEMÁTICAS II. 2021. RESERVA 1. EJERCICIO 8",enunciados_PNG/2021 - Geometría_png/2021_reserva_1_8.png,
2021,Reserva 2,7,,"Considera el punto P(1,0,1) y el plano  x yz1 0 a) Halla el simétrico del punto P respecto al plano . b) Halla la distancia del punto P al plano . MATEMÁTICAS II. 2021. RESERVA 2. EJERCICIO 7",enunciados_PNG/2021 - Geometría_png/2021_reserva_2_7.png,
2021,Reserva 2,8,,"x2 z x2y  3 Considera las rectas r   y1 y s  2 2 2yz  2 a) Estudia la posición relativa de r y s. b) Calcula, si es posible, el plano que contiene a r y s. MATEMÁTICAS II. 2021. RESERVA 2. EJERCICIO 8",enunciados_PNG/2021 - Geometría_png/2021_reserva_2_8.png,
2021,Reserva 3,7,,"x y2 z1  x yz 2 C onsidera las rectas r    y s 1 2 1 3x yz 4 S abiendo que dos de los lados de un cuadrado están en las rectas r y s, calcula su área. M ATEMÁTICAS II. 2021. RESERVA 3. EJERCICIO 7",enunciados_PNG/2021 - Geometría_png/2021_reserva_3_7.png,
2021,Reserva 3,8,,"x 1  x y2z  3 Considera las rectas r  y 1 y s    xz  2 z  2m  a) Estudia la posición relativa de r y s según los valores de m. b) Para m1, calcula el coseno del ángulo que forman las rectas r y s MATEMÁTICAS II. 2021. RESERVA 3. EJERCICIO 8",enunciados_PNG/2021 - Geometría_png/2021_reserva_3_8.png,
2021,Reserva 4,7,,x  23  2x y20 Considera las rectas r  y  12 y s   y2z40 z  3  a) Halla el plano que contiene a r y es paralelo a s. b) Deduce razonadamente que ningún plano perpendicular a s contiene a r. MATEMÁTICAS II. 2021. RESERVA 4. EJERCICIO 7,enunciados_PNG/2021 - Geometría_png/2021_reserva_4_7.png,
2021,Reserva 4,8,,"Considera los puntos A(1,2,3) ; B(2,4,3) ; C(10,1,0). a) Halla el área del triángulo de vértices A, B y C. b) Halla el plano que equidista de A y B. MATEMÁTICAS II. 2021. RESERVA 4. EJERCICIO 8",enunciados_PNG/2021 - Geometría_png/2021_reserva_4_8.png,
2021,Julio,7,,"La recta perpendicular desde el punto A(1,1,0) a un cierto plano  corta a éste en el punto  1 1 B 1, ,    2 2 a) Calcula la ecuación del plano . b) Halla la distancia del punto A a su simétrico respecto a . MATEMÁTICAS II. 2021. JULIO. EJERCICIO 7",enunciados_PNG/2021 - Geometría_png/2021_julio_7.png,
2021,Julio,8,,Considera las rectas x  3  x y1 r  y 1 y s  z 0 z  3 a) Estudia la posición relativa de r y s. b) Halla la recta que corta perpendicularmente a r y a s. MATEMÁTICAS II. 2021. JULIO. EJERCICIO 8,enunciados_PNG/2021 - Geometría_png/2021_julio_8.png,
2022,Junio,7,,"  Considera los vectores u (1,2,3) y v (2,0,1), así como el punto A(4,4,7)    a) Calcula a y b para que el vector w (1,a,b) se ortogonal a u y v .  b) Determina los cuatro vértices de un paralelogramo cuyos lados tienen las direcciones de u y   v , y que tiene el vector OA como una de sus diagonales, siendo O el origen de coordenadas. MATEMÁTICAS II. 2022. JUNIO. EJERCICIO 7",enunciados_PNG/2022 - Geometría_png/2022_junio_7.png,
2022,Junio,8,,"y z1 Considera la recta r  x2  , así como la recta s determinada por el punto 1 2  P(1,2,3) y el vector director v (1a,a,3a). a) Calcula a para que las rectas r y s se corten. b) Calcula a para que las rectas r y s sean perpendiculares. MATEMÁTICAS II. 2022. JUNIO. EJERCICIO 8",enunciados_PNG/2022 - Geometría_png/2022_junio_8.png,
2022,Reserva 1,7,,x 0 x y1 Considera las rectas r   y s z 0 x y1 a) Determina la ecuación del plano que contiene a r y es paralelo a s. b) ¿Existe algún plano que contiene a r y es perpendicular a s?. MATEMÁTICAS II. 2022. RESERVA 1. EJERCICIO 7.,enunciados_PNG/2022 - Geometría_png/2022_reserva_1_7.png,
2022,Reserva 1,8,,"2xz 1 Considera los planos   x y20 y   xz10, así como la recta r  1 2 y1 a ) Calcula los puntos de la recta r que equidistan de los planos  y  . 1 2 b) Halla el ángulo que forman los planos  y  . 1 2 MATEMÁTICAS II. 2022. RESERVA 1. EJERCICIO 8",enunciados_PNG/2022 - Geometría_png/2022_reserva_1_8.png,
2022,Reserva 2,7,,x   C onsidera el plano  x y z  0 y la recta r  y1  z 0 a ) Determina la ecuación del plano perpendicular a  que contiene a r. b ) Calcula la distancia entre r y . M ATEMÁTICAS II. 2022. RESERVA 2. EJERCICIO 7,enunciados_PNG/2022 - Geometría_png/2022_reserva_2_7.png,
2022,Reserva 2,8,,"y z1 Sean los planos  2x yz30 y   x2yz50, y la recta r  x1  1 2 2 5 a) Halla los puntos de r que equidistan de los planos  y  . 1 2 b ) Halla el seno del ángulo que forma el plano  con la recta r. 1 M ATEMÁTICAS II. 2022. RESERVA 2. EJERCICIO 8",enunciados_PNG/2022 - Geometría_png/2022_reserva_2_8.png,
2022,Reserva 3,7,,"Considera el triángulo cuyos vértices son los puntos A(0,2,3) ; B(m,0,1) ; C(2,1,2). 18 a) Halla los valores de m, sabiendo que el área del triángulo es unidades cuadradas. 2 b) Para m0, calcula el coseno del ángulo en el vértice A de dicho triángulo. MATEMÁTICAS II. 2022. RESERVA 3. EJERCICIO 7",enunciados_PNG/2022 - Geometría_png/2022_reserva_3_7.png,
2022,Reserva 3,8,,"x 93  Considera el punto P(2,0,4) y el plano  y  12  z  34 a) Calcula el punto simétrico del punto P respecto del plano . b) Calcula la distancia del punto P al plano . MATEMÁTICAS II. 2022. RESERVA 3. EJERCICIO 8",enunciados_PNG/2022 - Geometría_png/2022_reserva_3_8.png,
2022,Reserva 4,7,,Sea el plano  2x y2z20. a) Halla las ecuaciones de los planos paralelos a  que distan 2 unidades de dicho plano. b) Calcula el volumen del tetraedro cuyos vértices son el origen de coordenadas y los puntos de corte del plano  con los ejes coordenados. MATEMÁTICAS II. 2022. RESERVA 4. EJERCICIO 7,enunciados_PNG/2022 - Geometría_png/2022_reserva_4_7.png,
2022,Reserva 4,8,,x y3z  4 Considera las rectas r  x 1 y  z y s  3x yz  2 a) Estudia la posición relativa de r y s. b) Calcula la ecuación del plano que contiene a s y es paralelo a r. MATEMÁTICAS II. 2022. RESERVA 4. EJERCICIO 8,enunciados_PNG/2022 - Geometría_png/2022_reserva_4_8.png,
2022,Julio,7,,"x 52  Considera las rectas r  x1 ya  z y s y  3  z  2 a) Calcula a para que r y s se corten. Determina el punto de corte. b) Halla la ecuación del plano que pasa por P(8,7,2) y contiene a la recta s. MATEMÁTICAS II. 2022. JULIO. EJERCICIO 7",enunciados_PNG/2022 - Geometría_png/2022_julio_7.png,
2022,Julio,8,,"y Sea el plano  x yz  2 y la recta r  x   z1 3 a) Calcula, si existe, el punto de intersección de r y . b) Dado el punto Q(2,6,3) halla su simétrico respecto del plano . MATEMÁTICAS II. 2022. JULIO. EJERCICIO 8",enunciados_PNG/2022 - Geometría_png/2022_julio_8.png,
2023,Junio,7,,"El plano perpendicular al segmento de extremos P(0,3,8) y Q(2,1,6) que pasa por su punto medio corta a los ejes coordenados en los puntos A, B y C. Halla el área del triángulo cuyos vértices son los puntos A, B y C. MATEMÁTICAS II. 2023. JUNIO. EJERCICIO 7",enunciados_PNG/2023 - Geometría_png/2023_junio_7.png,
2023,Junio,8,,"Considera el punto A(1,1,3) y la recta r determinada por los puntos B(2,1,1) y C(0,1,1) a) Halla la distancia del punto A a la recta r. b) Calcula el área del triángulo cuyos vértices son A, B y C. MATEMÁTICAS II. 2023. JUNIO. EJERCICIO 8",enunciados_PNG/2023 - Geometría_png/2023_junio_8.png,
2023,Reserva 1,7,,"Considera los puntos A(1,2,3) y B(2,0,1). a ) Halla los puntos que dividen al segmento AB en cuatro partes iguales. b) Determina la ecuación del plano perpendicular al segmento AB y que pasa por el punto medio de dicho segmento. MATEMÁTICAS II. 2023. RESERVA 1. EJERCICIO 7",enunciados_PNG/2023 - Geometría_png/2023_reserva_1_7.png,
2023,Reserva 1,8,,"y z1 Considera el plano  x y z  0 y la recta r  x1  . Halla la ecuación de un 2 2 plano ', paralelo a , tal que si Q y Q’ son respectivamente los puntos de corte de la recta r con los planos  y ', entonces la distancia entre Q y Q’ sea de 2 unidades. MATEMÁTICAS II. 2023. RESERVA 1. EJERCICIO 8",enunciados_PNG/2023 - Geometría_png/2023_reserva_1_8.png,
2023,Reserva 2,7,,"Considera el plano , determinado por los puntos A(1,0,0) , B(0,1,1) y C(2,1,0), y la recta x2z30 r   . yz20 Halla los puntos de r cuya distancia a  es 14 unidades. MATEMÁTICAS II. 2023. RESERVA 2. EJERCICIO 7",enunciados_PNG/2023 - Geometría_png/2023_reserva_2_7.png,
2023,Reserva 2,8,,"Considera el paralelogramo cuyos vértices consecutivos son los puntos P(1,2,3), Q(2,1,0) R(0,5,1) y S. a) Halla las coordenadas del punto S. b) Calcula la ecuación de la recta que pasa por el origen de coordenadas y es perpendicular al plano que contiene a los puntos P, Q y R. MATEMÁTICAS II. 2023. RESERVA 2. EJERCICIO 8",enunciados_PNG/2023 - Geometría_png/2023_reserva_2_8.png,
2023,Reserva 3,7,,"Determina el punto simétrico de A(2,4,3) con respecto al plano que contiene a los puntos  1  B(1,1,2), C  0, ,1  y D(3,0,3).  3  MATEMÁTICAS II. 2023. RESERVA 3. EJERCICIO 7",enunciados_PNG/2023 - Geometría_png/2023_reserva_3_7.png,
2023,Reserva 3,8,,"Dados los puntos O(0,0,0) , A(2,1,0) B(3,0,x) y C(x,1,1), los vectores OA, OB y OC determinan un paralelepípedo. a) Calcula los posibles valores de x sabiendo que el volumen del paralelepípedo es 5 unidades cúbicas. b) para x1, halla el área de la cara del paralelepípedo que contiene a los vértices O, A y B. MATEMÁTICAS II. 2023. RESERVA 3. EJERCICIO 8",enunciados_PNG/2023 - Geometría_png/2023_reserva_3_8.png,
2023,Reserva 4,7,, x yz 0 Determina los puntos de la recta r  que son equidistantes de los planos cartesianos x3y10 O YZ y OXZ. M ATEMÁTICAS II. 2023. RESERVA 4. EJERCICIO 7,enunciados_PNG/2023 - Geometría_png/2023_reserva_4_7.png,
2023,Reserva 4,8,,x yz  1 Considera la recta r   3x2z 2 z3 a) Determina la ecuación del plano paralelo a r que contiene a la recta x1 y 2 b) Calcula la distancia entre la recta r y el plano 2x5y3z 41. MATEMÁTICAS II. 2023. RESERVA 4. EJERCICIO 8,enunciados_PNG/2023 - Geometría_png/2023_reserva_4_8.png,
2023,Julio,7,,"Considera los planos   x yz 0 y   x y  2. 1 2 a) Calcula la distancia entre la recta intersección de  y  y el punto P(2,6,2). 1 2 b) Halla el ángulo que forman  y  . 1 2 MATEMÁTICAS II. 2023. JULIO. EJERCICIO 7",enunciados_PNG/2023 - Geometría_png/2023_julio_7.png,
2023,Julio,8,,"Calcula el volumen del tetraedro que limita el plano determinado por los puntos A(0,2,2) , B(3,2,1) y C(2,3,2) con los planos cartesianos. MATEMÁTICAS II. 2023. JULIO. EJERCICIO 8",enunciados_PNG/2023 - Geometría_png/2023_julio_8.png,
2024,Junio,7,,"a) Halla el punto simétrico de P ( 2 , 2 , 1 ) respecto de la recta r   x − 2 y y + − z z = = 2 1 . b) Halla el punto simétrico de Q(1,−1,−3) respecto del plano   x−2y+ z+6= 0 MATEMÁTICAS II. 2024. JUNIO. EJERCICIO 7",enunciados_PNG/2024 - Geometría_png/2024_junio_7.png,
2024,Junio,8,,Considera las rectas r   2 x − y z = = 0 0 y s   x + y + 7 z = = 0 0 a) Estudia la posición relativa de r y s. b) Calcula la ecuación del plano paralelo a r y s que equidista de ambas rectas. MATEMÁTICAS II. 2024. JUNIO. EJERCICIO 8,enunciados_PNG/2024 - Geometría_png/2024_junio_8.png,
2024,Reserva 1,7,,"Considera los puntos P ( 1 , 0 , 1 ) y Q ( 3 , − 2 , 1 ) . a) Calcula el plano perpendicular al segmento PQ que pasa por su punto medio. y−2 b) Calcula el plano paralelo a la recta r 1− x = = z+1 que pasa por P y Q. 3 MATEMÁTICAS II. 2024. RESERVA 1. EJERCICIO 7",enunciados_PNG/2024 - Geometría_png/2024_reserva_1_7.png,
2024,Reserva 1,8,,"Considera los puntos A ( 1 , 1 , 2 ) ; B ( 1 , 0 , 1 ) y C ( 1 , − 1 , 2 ) a) Determina el área del triángulo de vértices A, B y C. b) Calcula D para que los puntos A, B, C y D sean los vértices consecutivos de un paralelogramo. MATEMÁTICAS II. 2024. RESERVA 1. EJERCICIO 8",enunciados_PNG/2024 - Geometría_png/2024_reserva_1_8.png,
2024,Reserva 2,7,,"C onsidera el plano   x − y = 0 y la recta r  x − 2 1 = y 3 = z − 2 . a) Calcula, si es posible, el plano perpendicular a  que contiene a r. b) Calcula, si es posible, la recta perpendicular a r, contenida en  y que pasa por el origen. MATEMÁTICAS II. 2024. RESERVA 2. EJERCICIO 7",enunciados_PNG/2024 - Geometría_png/2024_reserva_2_7.png,
2024,Reserva 2,8,,"Considera los puntos O ( 0 , 0 , 0 ) , A ( a , − 1 , 2 ) y B ( a , 1 , 0 ) . a) Determina a para que el triángulo OAB tenga área 3 unidades cuadradas. b) Calcula a para que O, A y B sean coplanarios con el punto C ( 1 , 1 , 0 ) MATEMÁTICAS II. 2024. RESERVA 2. EJERCICIO 8",enunciados_PNG/2024 - Geometría_png/2024_reserva_2_8.png,
2024,Reserva 3,7,,"Considera las rectas r  x = y + a = z + 2 1 y s   x − x 2 + y z = = 3 2 a a) Calcula a para que las rectas se corten. b) Para a = − 1 , halla la recta que corta perpendicularmente a r y s MATEMÁTICAS II. 2024. RESERVA 3. EJERCICIO 7",enunciados_PNG/2024 - Geometría_png/2024_reserva_3_7.png,
2024,Reserva 3,8,,"Considera los vectores⃗ u=(1,a,2) y v = ( − 2 , 1 , a ) . a) Calcula a para que ambos vectores formen un ángulo de  3 radianes. b) Calcula a para que el vector ( u x v ) − v sea ortogonal a u MATEMÁTICAS II. 2024. RESERVA 3. EJERCICIO 8",enunciados_PNG/2024 - Geometría_png/2024_reserva_3_8.png,
2024,Reserva 4,7,,"Considera la recta r  x + 2 1 = y − 2 2 = 3 − z y el punto P ( 0 , 2 , − 4 ) . a) Calcula el punto de r a menor distancia de P. b) Halla los puntos de r cuya distancia a P sea igual a 50 MATEMÁTICAS II. 2024. RESERVA 4. EJERCICIO 7",enunciados_PNG/2024 - Geometría_png/2024_reserva_4_7.png,
2024,Reserva 4,8,,"Sea  1 el plano determinado por los puntos A ( 1 , 0 , 0 ) , B ( 1 , 1 , − 3 ) y C ( 0 , 1 , 1 ) , y sea   x− y+ z−1= 0. Determina la ecuación de la recta paralela a ambos planos que pasa por 2 el origen. MATEMÁTICAS II. 2024. RESERVA 4. EJERCICIO 8",enunciados_PNG/2024 - Geometría_png/2024_reserva_4_8.png,
2024,Julio,7,,"Considera el plano   x − 2 y + z − 2 = 0 x =1+2  y la recta r de ecuación r  y =   z =1    a) Estudia la posición relativa de  y r. b) Calcula la ecuación de la recta contenida en  que pasa por el punto P ( 2 , − 1 , − 2 ) y es perpendicular a r. MATEMÁTICAS II. 2024. JULIO. EJERCICIO 7",enunciados_PNG/2024 - Geometría_png/2024_julio_7.png,
2024,Julio,8,,"Considera los puntos A ( 4 , 0 , 0 ) y B ( 0 , 2 , 0 ) . Calcula los puntos del plano XOZ que forman un triángulo equilátero con A y B. MATEMÁTICAS II. 2024. JULIO. EJERCICIO 8",enunciados_PNG/2024 - Geometría_png/2024_julio_8.png,
2024,Modelo,2,,"Considera el plano  , determinado por los puntos A ( − 1 , 0 , 0 ) , B(0,1,1) y C ( 2 , 1 , 0 ) , y la recta r   x − y 2 − z z − − 3 2 = = 0 0 Halla los puntos de r cuya distancia a  es 1 4 unidades. MATEMÁTICAS II. 2024. MODELO. EJERCICIO 2",enunciados_PNG/2024 - Geometría_png/2024_modelo_2.png,
2024,Modelo,3,,"Considera el paralelogramo cuyos vértices consecutivos son los puntos P ( − 1 , 2 , 3 ) , Q ( − 2 , 1 , 0 ) , R ( 0 , 5 , 1 ) y S. a) Halla las coordenadas del punto S. b) Calcula la ecuación de la recta que pasa por el origen de coordenadas y es perpendicular al plano que contiene a los puntos P, Q y R. MATEMÁTICAS II. 2024. MODELO. EJERCICIO 3",enunciados_PNG/2024 - Geometría_png/2024_modelo_3.png,
2025,Junio,4,,"Sean los puntos O ( 0 , 0 , 0 ) , A ( 0 , 2 , − 2 ) , B ( 1 , 2 , m ) y C ( 2 , 3 , 2 ) . a) Halla los valores de m para que el tetraedro determinado por los puntos O, A, B y C tenga un volumen de 3 unidades cúbicas. b) Para m = 0 , calcula la distancia del punto O al plano que pasa por A, B y C MATEMÁTICAS II. 2025. JUNIO. EJERCICIO 4",enunciados_PNG/2025 - Geometría_png/2025_junio_4.png,
2025,Junio,5,,"Considera el punto P ( 1 , 1 , 1 ) y la recta r  x − 1 1 = y − 2 2 = z − 2 3 a) Halla el plano  que pasa por el punto P y contiene a la recta r. b) Halla la recta que pasa por el punto P y corta perpendicularmente a la recta r MATEMÁTICAS II. 2025. JUNIO. EJERCICIO 5",enunciados_PNG/2025 - Geometría_png/2025_junio_5.png,
2025,Reserva 1,4,,"Sean los puntos A(3,−1,1), B ( 1 , 3 , − 3 ) y C ( − 2 , − 2 , 1 ) . a) Calcula el área del triángulo de vértices A, B y C. b) Halla los puntos D pertenecientes al eje OZ para que el tetraedro de vértices A, B, C y D tenga un volumen de 20 unidades cúbicas. MATEMÁTICAS II. 2025. RESERVA 1. EJERCICIO 4",enunciados_PNG/2025 - Geometría_png/2025_reserva_1_4.png,
2025,Reserva 1,5,,"Considera el plano   2 x + y + 2 z + 5 = 0 . a) Calcula el punto simétrico de P ( 1 , 0 , 1 ) respecto de  . b) Calcula los planos paralelos a  y que disten 2 unidades de  . MATEMÁTICAS II. 2025. RESERVA 1. EJERCICIO 5",enunciados_PNG/2025 - Geometría_png/2025_reserva_1_5.png,
2025,Reserva 2,6,,"Considera el plano  x+ y+ z+1= 0.y los puntos A ( 1 , 2 , 0 ) y B(3,1,0) a) Calcula el punto simétrico del punto A con respecto al plano  . b) Halla el plano que contiene a los puntos A y B y es perpendicular al plano  MATEMÁTICAS II. 2025. RESERVA 2. EJERCICIO 6",enunciados_PNG/2025 - Geometría_png/2025_reserva_2_6.png,
2025,Reserva 3,6,,"Considera la recta r   x + y y + − z z = = 0 0 y el punto P ( 2 , 1 , 0 ) . a) Halla la distancia del punto P a la recta r. b) Calcula la ecuación del plano que contiene a la recta r y al punto P. MATEMÁTICAS II. 2025. RESERVA 3. EJERCICIO 6",enunciados_PNG/2025 - Geometría_png/2025_reserva_3_6.png,
2025,Reserva 4,1,,"Considera las rectas r  x 1 = y − − 1 2 = z − 2 k x+2 y+3 z−1 y s = = . −1 2 1 a) Determina k sabiendo que ambas se cortan en un punto. b) Para k = 0 , halla la ecuación general del plano que contiene a r y es paralelo a s. MATEMÁTICAS II. 2025. RESERVA 4. EJERCICIO 1",enunciados_PNG/2025 - Geometría_png/2025_reserva_4_1.png,
2025,Julio,4,,"Considera la recta r   x x + − 2 y y + − z z = = 3 4 y el plano   m x − y − 2 z = 5 . a) Halla m para que r y  sean paralelos. b) Para m = −8, calcula la distancia de la recta r al plano  . MATEMÁTICAS II. 2025. JULIO. EJERCICIO 4",enunciados_PNG/2025 - Geometría_png/2025_julio_4.png,
2025,Julio,5,,Sean las rectas r  x + 4 1 = y + 3 2 = z − − 1 2 y s   x y z = = = 1 2 − − + 3   − 2  a) Estudia la posición relativa de las rectas r y s. b) Halla la ecuación de un plano que contiene a r y a una recta perpendicular a las rectas r y s MATEMÁTICAS II. 2025. JULIO. EJERCICIO 5,enunciados_PNG/2025 - Geometría_png/2025_julio_5.png,
2026,Junio,2,,"Considera los puntos A ( 1 , 2 , 0 ) , B ( 2 , m , 1 ) , C ( 3 , 4 , 2 ) y D ( 1 , − 1 , m ) . a) Halla los valores de m para los cuales los puntos anteriores son coplanarios b) Para m = 1 , calcula el área del triángulo de vértices A, B, C y el volumen del tetraedro de vértices A, B, C, D. MATEMÁTICAS II. 2026. JUNIO. EJERCICIO 2",enunciados_PNG/2026 - Geometría_png/2026_junio_2.png,
