asignatura,año,convocatoria,ejercicio,tema,metadata,enunciado,archivo,imagen,aviso
Matemáticas II,2000,Junio,Ejercicio 2. Opción A.,Funciones,MATEMÁTICAS II. 2000. JUNIO. EJERCICIO 2. OPCIÓN A.,"Un objeto se lanza verticalmente hacia arriba desde un determinado punto. La altura en
metros alcanzada al cabo de t segundos, viene dada por h(t)55t5e2t.
a) Calcula el tiempo transcurrido hasta alcanzar la altura máxima y el valor de ésta.
b) Teniendo en cuenta que la velocidad es v(t) h' (t), halla la velocidad al cabo de 2",2000 - Funciones.pdf,enunciados_PNG/2000 - Funciones_png/2000_junio_ejercicio_2_opcion_a.png,
Matemáticas II,2000,Junio,Ejercicio 2. Opción B.,Funciones,MATEMÁTICAS II. 2000. JUNIO. EJERCICIO 2. OPCIÓN B.,"a
Determina a, b, c, para que la curva f(x) sea la siguiente:",2000 - Funciones.pdf,enunciados_PNG/2000 - Funciones_png/2000_junio_ejercicio_2_opcion_b.png,
Matemáticas II,2000,Reserva 1,Ejercicio 1. Opción B.,Funciones,MATEMÁTICAS II. 2000. RESERVA 1. EJERCICIO 1. OPCIÓN B.,"De entre todos los rectángulos de 40 kilómetros de perímetro, calcula las dimensiones del que",2000 - Funciones.pdf,enunciados_PNG/2000 - Funciones_png/2000_reserva_1_ejercicio_1_opcion_b.png,
Matemáticas II,2000,Reserva 1,Ejercicio 2. Opción A.,Funciones,MATEMÁTICAS II. 2000. RESERVA 1. EJERCICIO 2. OPCIÓN A.,"ax5x2 si x 2

Calcula a y b sabiendo que la función f :  definida por: f(x) a es
 bx si x  2
x",2000 - Funciones.pdf,enunciados_PNG/2000 - Funciones_png/2000_reserva_1_ejercicio_2_opcion_a.png,
Matemáticas II,2000,Reserva 2,Ejercicio 1. Opción B.,Funciones,MATEMÁTICAS II. 2000. RESERVA 2. EJERCICIO 1. OPCIÓN B.,"Determina el valor de las constantes a, b y c sabiendo que la gráfica de la función f : 
definida por f(x) x(ax2 bxc) tiene un punto de inflexión en (2,12) y que en dicho",2000 - Funciones.pdf,enunciados_PNG/2000 - Funciones_png/2000_reserva_2_ejercicio_1_opcion_b.png,
Matemáticas II,2000,Reserva 2,Ejercicio 2. Opción A.,Funciones,MATEMÁTICAS II. 2000. RESERVA 2. EJERCICIO 2. OPCIÓN A.,"xsenx
Calcula lim
x0",2000 - Funciones.pdf,enunciados_PNG/2000 - Funciones_png/2000_reserva_2_ejercicio_2_opcion_a.png,
Matemáticas II,2000,Reserva 3,Ejercicio 1. Opción B.,Funciones,MATEMÁTICAS II. 2000. RESERVA 3. EJERCICIO 1. OPCIÓN B.,"Se ha observado que en una carretera de salida de una gran ciudad la velocidad de los coches
entre las 2 h. y las 6 h. de la tarde viene dada por:
v(t) t3 15t2 72t8 para t2,6
a) ¿A qué hora circulan los coches con mayor velocidad?. Justifica la respuesta.",2000 - Funciones.pdf,enunciados_PNG/2000 - Funciones_png/2000_reserva_3_ejercicio_1_opcion_b.png,
Matemáticas II,2000,Reserva 3,Ejercicio 2. Opción A.,Funciones,MATEMÁTICAS II. 2000. RESERVA 3. EJERCICIO 2. OPCIÓN A.,"x2
Sea f la función definida x  2 por f(x)
x2
a) Halla las asíntotas de la gráfica de f.
b) Determina los intervalos de crecimiento y de decrecimiento, y los extremos locales de f.
c) Teniendo en cuenta los resultados de los apartados anteriores, haz un esbozo de la gráfica de",2000 - Funciones.pdf,enunciados_PNG/2000 - Funciones_png/2000_reserva_3_ejercicio_2_opcion_a.png,
Matemáticas II,2000,Reserva 4,Ejercicio 1. Opción B.,Funciones,MATEMÁTICAS II. 2000. RESERVA 4. EJERCICIO 1. OPCIÓN B.,"1 2
x3  x si x  2

3 3

Sea f :  la función definida de la forma: f(x)  0 si 2 x 1

1 2
 x3  x si 1 x
3 3",2000 - Funciones.pdf,enunciados_PNG/2000 - Funciones_png/2000_reserva_4_ejercicio_1_opcion_b.png,
Matemáticas II,2000,Reserva 4,Ejercicio 2. Opción A.,Funciones,MATEMÁTICAS II. 2000. RESERVA 4. EJERCICIO 2. OPCIÓN A.,"Una empresa quiere fabricar vasos de cristal de forma cilíndrica con una capacidad de 250
centímetros cúbicos. Para utilizar la mínima cantidad posible de cristal, se estudian las medidas
apropiadas para que la superficie total del vaso sea mínima. ¿Cuáles deben ser dichas",2000 - Funciones.pdf,enunciados_PNG/2000 - Funciones_png/2000_reserva_4_ejercicio_2_opcion_a.png,
Matemáticas II,2000,Septiembre,Ejercicio 1. Opción A.,Funciones,MATEMÁTICAS II. 2000. SEPTIEMBRE. EJERCICIO 1. OPCIÓN A.," 1
si x 0

1
Considera la función f :  definida por f(x) 
1ex

 0 si x  0
a) Calcula los límites laterales de f enx0. ¿Es f continua enx0?.",2000 - Funciones.pdf,enunciados_PNG/2000 - Funciones_png/2000_septiembre_ejercicio_1_opcion_a.png,
Matemáticas II,2000,Septiembre,Ejercicio 1. Opción B.,Funciones,MATEMÁTICAS II. 2000. SEPTIEMBRE. EJERCICIO 1. OPCIÓN B.,"Determina una función polinómica de grado 3 sabiendo que verifica que alcanza un máximo en
x1, que su gráfica pasa por el punto (1,1) y que la recta de ecuación y x es tangente a su",2000 - Funciones.pdf,enunciados_PNG/2000 - Funciones_png/2000_septiembre_ejercicio_1_opcion_b.png,
Matemáticas II,2001,Junio,Ejercicio 1. Opción A.,Funciones,MATEMÁTICAS II. 2001. JUNIO. EJERCICIO 1. OPCIÓN A.,"Sea f :  la función dada por: f(x) 8 x2
a) Esboza la gráfica y halla los extremos relativos de f (dónde se alcanzan y cuáles son sus
respectivos valores).
b) Calcula los puntos de corte de la gráfica de f con la recta tangente a la misma en el punto de",2001 - Funciones.pdf,enunciados_PNG/2001 - Funciones_png/2001_junio_ejercicio_1_opcion_a.png,
Matemáticas II,2001,Junio,Ejercicio 1. Opción B.,Funciones,MATEMÁTICAS II. 2001. JUNIO. EJERCICIO 1. OPCIÓN B.,De la función f :  se sabe que f ''(x) x2 2x2 y que su gráfica tiene tangente,2001 - Funciones.pdf,enunciados_PNG/2001 - Funciones_png/2001_junio_ejercicio_1_opcion_b.png,
Matemáticas II,2001,Reserva 1,Ejercicio 2. Opción A.,Funciones,MATEMÁTICAS II. 2001. RESERVA 1. EJERCICIO 2. OPCIÓN A.,"2x2
Sea f la función definida para x1 por f(x)
x1
a ) Determina las asíntotas de la gráfica de f.
b ) Determina los intervalos de crecimiento y de decrecimiento y los extremos relativos de f.",2001 - Funciones.pdf,enunciados_PNG/2001 - Funciones_png/2001_reserva_1_ejercicio_2_opcion_a.png,
Matemáticas II,2001,Reserva 1,Ejercicio 2. Opción B.,Funciones,MATEMÁTICAS II. 2001. RESERVA 1. EJERCICIO 2. OPCIÓN B.," x 1 
Calcula lim   ",2001 - Funciones.pdf,enunciados_PNG/2001 - Funciones_png/2001_reserva_1_ejercicio_2_opcion_b.png,
Matemáticas II,2001,Reserva 2,Ejercicio 1. Opción A.,Funciones,MATEMÁTICAS II. 2001. RESERVA 2. EJERCICIO 1. OPCIÓN A.,"(ex 1)senx
Calcula lim",2001 - Funciones.pdf,enunciados_PNG/2001 - Funciones_png/2001_reserva_2_ejercicio_1_opcion_a.png,
Matemáticas II,2001,Reserva 2,Ejercicio 2. Opción B.,Funciones,MATEMÁTICAS II. 2001. RESERVA 2. EJERCICIO 2. OPCIÓN B.,Determina la función f :  sabiendo que su derivada segunda es constante e igual a 3 y,2001 - Funciones.pdf,enunciados_PNG/2001 - Funciones_png/2001_reserva_2_ejercicio_2_opcion_b.png,
Matemáticas II,2001,Reserva 3,Ejercicio 1. Opción A.,Funciones,MATEMÁTICAS II. 2001. RESERVA 3. EJERCICIO 1. OPCIÓN A.,"a) Determina el valor de las constantes a y b sabiendo que la gráfica de la función f : 
 ex si x0
definida por f(x)  admite recta tangente en el punto(0,1).
axb si x0
b) ¿Existen constantes c y d para las cuales la gráfica de la función g:  definida por
 ex si x0
g(x)  admita recta tangente en el punto (0,1)?.",2001 - Funciones.pdf,enunciados_PNG/2001 - Funciones_png/2001_reserva_3_ejercicio_1_opcion_a.png,
Matemáticas II,2001,Reserva 3,Ejercicio 2. Opción A.,Funciones,MATEMÁTICAS II. 2001. RESERVA 3. EJERCICIO 2. OPCIÓN A.,"1 1 x2
Calcula: a) lim ; b) lim x2e3x
x0
x2",2001 - Funciones.pdf,enunciados_PNG/2001 - Funciones_png/2001_reserva_3_ejercicio_2_opcion_a.png,
Matemáticas II,2001,Reserva 3,Ejercicio 2. Opción B.,Funciones,MATEMÁTICAS II. 2001. RESERVA 3. EJERCICIO 2. OPCIÓN B.,"Determina las dimensiones de una puerta formada por un rectángulo y un semicírculo (como
en la figura), sabiendo que es la que tiene perímetro mínimo entre las que tienen área igual a 2",2001 - Funciones.pdf,enunciados_PNG/2001 - Funciones_png/2001_reserva_3_ejercicio_2_opcion_b.png,
Matemáticas II,2001,Reserva 4,Ejercicio 2. Opción A.,Funciones,MATEMÁTICAS II. 2001. RESERVA 4. EJERCICIO 2. OPCIÓN A.,"Un hilo de alambre de 1 m. De longitud se corta en dos trozos formando con uno de ellos una
circunferencia y con el otro un cuadrado. Prueba que la suma de las áreas es mínima cuando el",2001 - Funciones.pdf,enunciados_PNG/2001 - Funciones_png/2001_reserva_4_ejercicio_2_opcion_a.png,
Matemáticas II,2001,Reserva 4,Ejercicio 2. Opción B.,Funciones,MATEMÁTICAS II. 2001. RESERVA 4. EJERCICIO 2. OPCIÓN B.,"Considera la función f :0,3 definida por f(x) 3x2. Calcula el punto de la gráfica",2001 - Funciones.pdf,enunciados_PNG/2001 - Funciones_png/2001_reserva_4_ejercicio_2_opcion_b.png,
Matemáticas II,2001,Septiembre,Ejercicio 1. Opción A.,Funciones,MATEMÁTICAS II. 2001. SEPTIEMBRE. EJERCICIO 1. OPCIÓN A.,"ax 6 si x 2
Considera la función f :(,10) definida por f(x) 
 x5 si 2 x10
a) Determina el valor de a sabiendo que f es continua (y que a0).
b) Esboza la gráfica de f.",2001 - Funciones.pdf,enunciados_PNG/2001 - Funciones_png/2001_septiembre_ejercicio_1_opcion_a.png,
Matemáticas II,2001,Septiembre,Ejercicio 2. Opción B.,Funciones,MATEMÁTICAS II. 2001. SEPTIEMBRE. EJERCICIO 2. OPCIÓN B.,"ex ex x
Determina  sabiendo que existe y es finito el límitelim . Calcula dicho límite.",2001 - Funciones.pdf,enunciados_PNG/2001 - Funciones_png/2001_septiembre_ejercicio_2_opcion_b.png,
asignatura_desconocida,2002,Junio,Ejercicio 1. Opción A.,Funciones,M ATEMÁTICAS II. 2002. JUNIO. EJERCICIO 1. OPCIÓN A.,"2x
Considera la función f :  definida por f(x)ex21
a) Calcula las asíntotas de la gráfica de f.
b) Determina los intervalos de crecimiento y de decrecimiento, y los extremos relativos de f",2002 - Funciones.pdf,enunciados_PNG/2002 - Funciones_png/2002_junio_ejercicio_1_opcion_a.png,
asignatura_desconocida,2002,Junio,Ejercicio 1. Opción B.,Funciones,M ATEMÁTICAS II. 2002. JUNIO. EJERCICIO 1. OPCIÓN B.,"9x3
Sea f la función definida por f(x) para x0 y x2.
x2 2x
a ) Calcula las asíntotas de la gráfica de f.
b ) Determina los intervalos de crecimiento y de decrecimiento de f.",2002 - Funciones.pdf,enunciados_PNG/2002 - Funciones_png/2002_junio_ejercicio_1_opcion_b.png,
Matemáticas II,2002,Reserva 1,Ejercicio 1. Opción B.,Funciones,MATEMÁTICAS II. 2002. RESERVA 1. EJERCICIO 1. OPCIÓN B.,"Determina el valor de las constantes c y d sabiendo que la gráfica de la función f : 
definida por f(x) x3 3x2 cxd tiene como recta tangente en su punto de inflexión a la",2002 - Funciones.pdf,enunciados_PNG/2002 - Funciones_png/2002_reserva_1_ejercicio_1_opcion_b.png,
Matemáticas II,2002,Reserva 1,Ejercicio 2. Opción A.,Funciones,MATEMÁTICAS II. 2002. RESERVA 1. EJERCICIO 2. OPCIÓN A.,"S ea f :1,4 R una función cuya derivada tiene por gráfica la de la figura.
(2,2)
(4,―1)
(―1,―2)
a) Estudia el crecimiento y el decrecimiento de f y determina los valores donde alcanza sus
extremos relativos.",2002 - Funciones.pdf,enunciados_PNG/2002 - Funciones_png/2002_reserva_1_ejercicio_2_opcion_a.png,
Matemáticas II,2002,Reserva 2,Ejercicio 1. Opción B.,Funciones,MATEMÁTICAS II. 2002. RESERVA 2. EJERCICIO 1. OPCIÓN B.,"1
Considera el recinto limitado por la curva y  x2 y la recta y  9
3
y  9",2002 - Funciones.pdf,enunciados_PNG/2002 - Funciones_png/2002_reserva_2_ejercicio_1_opcion_b.png,
Matemáticas II,2002,Reserva 3,Ejercicio 1. Opción A.,Funciones,MATEMÁTICAS II. 2002. RESERVA 3. EJERCICIO 1. OPCIÓN A.,"De entre todas las rectas que pasan por el origen de coordenadas, determina las que son
1
tangentes a la curva de ecuación y  x2 4x4. Calcula los puntos de tangencia
4",2002 - Funciones.pdf,enunciados_PNG/2002 - Funciones_png/2002_reserva_3_ejercicio_1_opcion_a.png,
Matemáticas II,2002,Reserva 3,Ejercicio 1. Opción B,Funciones,MATEMÁTICAS II. 2002. RESERVA 3. EJERCICIO 1. OPCIÓN B,"senx
 si x  0
E studia la derivabilidad de la función f :  definida por: f(x)  x .
",2002 - Funciones.pdf,enunciados_PNG/2002 - Funciones_png/2002_reserva_3_ejercicio_1_opcion_b.png,
Matemáticas II,2002,Reserva 3,Ejercicio 2. Opción A,Funciones,MATEMÁTICAS II. 2002. RESERVA 3. EJERCICIO 2. OPCIÓN A,"x
Considera la función f :  definida por: f(x) x2e2 .
a ) Calcula: lim f(x) y lim f(x)
x x
b) Calcula los intervalos de monotonía y los extremos locales de f (puntos donde se obtienen y",2002 - Funciones.pdf,enunciados_PNG/2002 - Funciones_png/2002_reserva_3_ejercicio_2_opcion_a.png,
Matemáticas II,2002,Reserva 4,Ejercicio 1. Opción B.,Funciones,MATEMÁTICAS II. 2002. RESERVA 4. EJERCICIO 1. OPCIÓN B.,"Sea f :  la función definida por: f(x) x3 5x2 5x3 y sea r la recta de ecuación
2x y  6.
a) Determina, si es posible, un punto de la gráfica de f en el que la recta tangente sea r.
b) ¿Hay algún punto de la gráfica de f en el que la recta normal a la gráfica sea r?. Justifica la",2002 - Funciones.pdf,enunciados_PNG/2002 - Funciones_png/2002_reserva_4_ejercicio_1_opcion_b.png,
Matemáticas II,2002,Reserva 4,Ejercicio 2. Opción A.,Funciones,MATEMÁTICAS II. 2002. RESERVA 4. EJERCICIO 2. OPCIÓN A.,"3axb si x0
Considera la función f :  definida por: f(x)  . Determina a y b
ex(axb) si x0",2002 - Funciones.pdf,enunciados_PNG/2002 - Funciones_png/2002_reserva_4_ejercicio_2_opcion_a.png,
Matemáticas II,2002,Reserva 4,Ejercicio 2. Opción B.,Funciones,MATEMÁTICAS II. 2002. RESERVA 4. EJERCICIO 2. OPCIÓN B.,"x3 2x
Considera la curva de ecuación y  .
x2 2x3
a ) Determina sus asíntotas.",2002 - Funciones.pdf,enunciados_PNG/2002 - Funciones_png/2002_reserva_4_ejercicio_2_opcion_b.png,
Matemáticas II,2002,Septiembre,Ejercicio 1. Opción B.,Funciones,MATEMÁTICAS II. 2002. SEPTIEMBRE. EJERCICIO 1. OPCIÓN B.,"Estudia la derivabilidad de la función f :(0,) definida por:
 3 x2  x si 0 x1

f(x) 1 x2
  si x1
x 4",2002 - Funciones.pdf,enunciados_PNG/2002 - Funciones_png/2002_septiembre_ejercicio_1_opcion_b.png,
Matemáticas II,2002,Septiembre,Ejercicio 2. Opción A.,Funciones,MATEMÁTICAS II. 2002. SEPTIEMBRE. EJERCICIO 2. OPCIÓN A.,"x2 2x2
Considera la función f definida por f(x) para x1.
x1
a ) Calcula las asíntotas de la gráfica de f.",2002 - Funciones.pdf,enunciados_PNG/2002 - Funciones_png/2002_septiembre_ejercicio_2_opcion_a.png,
Matemáticas II,2002,Septiembre,Ejercicio 3. Opción A.,Funciones,MATEMÁTICAS II. 2002. SEPTIEMBRE. EJERCICIO 3. OPCIÓN A.,"2 t 0
 
Considera la matrizA t 2 1 . Calcula los valores de t para los que el determinante de A
 

3 0 1

 ",2002 - Funciones.pdf,enunciados_PNG/2002 - Funciones_png/2002_septiembre_ejercicio_3_opcion_a.png,
asignatura_desconocida,2003,Junio,Ejercicio 2. Opción B.,Funciones,M ATEMÁTICAS II. 2003. JUNIO. EJERCICIO 2. OPCIÓN B.,"C onsidera la función f :  definida por: f(x)(x3)ex.
a ) Halla las asíntotas de la gráfica de f.
b ) Determina los extremos relativos de f y los puntos de inflexión de su gráfica.",2003 - Funciones.pdf,enunciados_PNG/2003 - Funciones_png/2003_junio_ejercicio_2_opcion_b.png,
Matemáticas II,2003,Reserva 1,Ejercicio 1. Opción B.,Funciones,MATEMÁTICAS II. 2003. RESERVA 1. EJERCICIO 1. OPCIÓN B.,"De entre todos los rectángulos que tienen uno de sus vértices en el origen de coordenadas, el
2x2
opuesto de este vértice en la curva y  (x1), uno de sus lados situado sobre el semieje
x2 1
positivo de abscisas y el otro sobre el semieje positivo de ordenadas, halla el que tiene área",2003 - Funciones.pdf,enunciados_PNG/2003 - Funciones_png/2003_reserva_1_ejercicio_1_opcion_b.png,
Matemáticas II,2003,Reserva 1,Ejercicio 2. Opción A.,Funciones,MATEMÁTICAS II. 2003. RESERVA 1. EJERCICIO 2. OPCIÓN A.,"x3
Dada la función f definida para x  1 por f(x)
(1 x)2
a) Halla las asíntotas de la gráfica de f.",2003 - Funciones.pdf,enunciados_PNG/2003 - Funciones_png/2003_reserva_1_ejercicio_2_opcion_a.png,
Matemáticas II,2003,Reserva 2,Ejercicio 1. Opción A.,Funciones,MATEMÁTICAS II. 2003. RESERVA 2. EJERCICIO 1. OPCIÓN A.,Se sabe que la función f :  definida por f(x) x3 ax2 bxc tiene un punto de,2003 - Funciones.pdf,enunciados_PNG/2003 - Funciones_png/2003_reserva_2_ejercicio_1_opcion_a.png,
Matemáticas II,2003,Reserva 2,Ejercicio 2. Opción B.,Funciones,MATEMÁTICAS II. 2003. RESERVA 2. EJERCICIO 2. OPCIÓN B.," 2 x si xa
Sea f :  la función continua definida por f(x)  donde a es un
x2 5x7 si xa
número real.
a) Determina a.",2003 - Funciones.pdf,enunciados_PNG/2003 - Funciones_png/2003_reserva_2_ejercicio_2_opcion_b.png,
Matemáticas II,2003,Reserva 3,Ejercicio 1. Opción A.,Funciones,MATEMÁTICAS II. 2003. RESERVA 3. EJERCICIO 1. OPCIÓN A.,"En la figura adjunta puedes ver representada parte de la gráfica de una función f que está
definida en el intervalo (3,3) y que es simétrica respecto al origen de coordenadas.
a) Razona cuál debe ser el valor de f(0).
b) Completa la gráfica de f.",2003 - Funciones.pdf,enunciados_PNG/2003 - Funciones_png/2003_reserva_3_ejercicio_1_opcion_a.png,
Matemáticas II,2003,Reserva 3,Ejercicio 1. Opción B.,Funciones,MATEMÁTICAS II. 2003. RESERVA 3. EJERCICIO 1. OPCIÓN B.,"Se sabe que la función f :  definida por f(x)ax3 bx2 cxd es tal que f(0)4 y
que su gráfica tiene un punto de inflexión en (1,2). Conociendo además que la recta tangente a",2003 - Funciones.pdf,enunciados_PNG/2003 - Funciones_png/2003_reserva_3_ejercicio_1_opcion_b.png,
Matemáticas II,2003,Reserva 4,Ejercicio 1. Opción A.,Funciones,MATEMÁTICAS II. 2003. RESERVA 4. EJERCICIO 1. OPCIÓN A.,"x2 3 si x1
S ea la función f :  definida por f(x) 
2 x2 si x1
a) Calcula, si es posible, las derivadas laterales de f enx1.",2003 - Funciones.pdf,enunciados_PNG/2003 - Funciones_png/2003_reserva_4_ejercicio_1_opcion_a.png,
Matemáticas II,2003,Reserva 4,Ejercicio 2. Opción B.,Funciones,MATEMÁTICAS II. 2003. RESERVA 4. EJERCICIO 2. OPCIÓN B.,"2x2 2
Considera la función f definida para x  2 por f(x)
x2
a ) Halla las asíntotas de la gráfica de f.",2003 - Funciones.pdf,enunciados_PNG/2003 - Funciones_png/2003_reserva_4_ejercicio_2_opcion_b.png,
Matemáticas II,2003,Septiembre,Ejercicio 1. Opción A.,Funciones,MATEMÁTICAS II. 2003. SEPTIEMBRE. EJERCICIO 1. OPCIÓN A.,"Ln(1 x)senx
Calcula lim",2003 - Funciones.pdf,enunciados_PNG/2003 - Funciones_png/2003_septiembre_ejercicio_1_opcion_a.png,
Matemáticas II,2003,Septiembre,Ejercicio 2. Opción B.,Funciones,MATEMÁTICAS II. 2003. SEPTIEMBRE. EJERCICIO 2. OPCIÓN B.,"Estudia la derivabilidad de la función f :  definida por:
 x
si x  1 y x 1

f(x) 1 x
",2003 - Funciones.pdf,enunciados_PNG/2003 - Funciones_png/2003_septiembre_ejercicio_2_opcion_b.png,
Matemáticas II,2004,Junio,Ejercicio 1. Opción B.,Funciones,MATEMÁTICAS II. 2004. JUNIO. EJERCICIO 1. OPCIÓN B.,"x2 4x3 si 1 x 0

Se sabe que la función f :(1,) definida por f (x)  x2 a es
 si x 0
 x1
continua en(1,).
a) Halla el valor de a. ¿Es f derivable en x0?",2004 - Funciones.pdf,enunciados_PNG/2004 - Funciones_png/2004_junio_ejercicio_1_opcion_b.png,
Matemáticas II,2004,Junio,Ejercicio 2. Opción A.,Funciones,MATEMÁTICAS II. 2004. JUNIO. EJERCICIO 2. OPCIÓN A.,"Considera la función f :  definida por f(x)(x1)(x1)(x2).
a) Halla las ecuaciones de las rectas tangente y normal a la gráfica de f en el punto de abscisa
x1.
b) Determina los intervalos de concavidad y de convexidad de f. ¿Tiene puntos de inflexión la",2004 - Funciones.pdf,enunciados_PNG/2004 - Funciones_png/2004_junio_ejercicio_2_opcion_a.png,
asignatura_desconocida,2004,Reserva 1,Ejercicio 1. Opción B.,Funciones,M ATEMÁTICAS II. 2004. RESERVA 1. EJERCICIO 1. OPCIÓN B.,"S ea f :[0,2] la función definida por f(x)ex(cosxsenx).
a ) Determina los intervalos de crecimiento y de decrecimiento de f.",2004 - Funciones.pdf,enunciados_PNG/2004 - Funciones_png/2004_reserva_1_ejercicio_1_opcion_b.png,
Matemáticas II,2004,Reserva 1,Ejercicio 2. Opción A.,Funciones,MATEMÁTICAS II. 2004. RESERVA 1. EJERCICIO 2. OPCIÓN A.,"Se sabe que la función f :(1,1) definida por:
 1
2x2  xc si 1 x 0
f(x)  2

 1 x si 0 x 1
es derivable en el intervalo (1,1).
a) Determina el valor de la constante c.
b) Calcula la función derivada f ’.
c) Halla las ecuaciones de las rectas tangentes a la gráfica de f que son paralelas a la recta de",2004 - Funciones.pdf,enunciados_PNG/2004 - Funciones_png/2004_reserva_1_ejercicio_2_opcion_a.png,
Matemáticas II,2004,Reserva 2,Ejercicio 1. Opción A.,Funciones,MATEMÁTICAS II. 2004. RESERVA 2. EJERCICIO 1. OPCIÓN A.,"a) Halla la ecuación de la recta tangente a la parábola y  x2 que es paralela a la recta
4x y3 0.
b) Halla las ecuaciones de las rectas tangentes a la parábola y  x2 que pasan por el punto",2004 - Funciones.pdf,enunciados_PNG/2004 - Funciones_png/2004_reserva_2_ejercicio_1_opcion_a.png,
Matemáticas II,2004,Reserva 2,Ejercicio 2. Opción B.,Funciones,MATEMÁTICAS II. 2004. RESERVA 2. EJERCICIO 2. OPCIÓN B.,Se quiere fabricar una caja abierta de chapa con base cuadrada y con 32 litros de capacidad.,2004 - Funciones.pdf,enunciados_PNG/2004 - Funciones_png/2004_reserva_2_ejercicio_2_opcion_b.png,
Matemáticas II,2004,Reserva 3,Ejercicio 1. Opción A.,Funciones,MATEMÁTICAS II. 2004. RESERVA 3. EJERCICIO 1. OPCIÓN A.,"Sea f :  la función definida por f(x) 2 x x .
a) Esboza la gráfica de f.
b) Estudia la derivabilidad de f en x0.",2004 - Funciones.pdf,enunciados_PNG/2004 - Funciones_png/2004_reserva_3_ejercicio_1_opcion_a.png,
Matemáticas II,2004,Reserva 3,Ejercicio 1. Opción B.,Funciones,MATEMÁTICAS II. 2004. RESERVA 3. EJERCICIO 1. OPCIÓN B.," 1 a 
Se sabe que lim  es finito. Determina el valor de a y calcula el límite.
 ",2004 - Funciones.pdf,enunciados_PNG/2004 - Funciones_png/2004_reserva_3_ejercicio_1_opcion_b.png,
Matemáticas II,2004,Reserva 4,Ejercicio 1. Opción A.,Funciones,MATEMÁTICAS II. 2004. RESERVA 4. EJERCICIO 1. OPCIÓN A.,"S ea f :  la función definida por f(x)
x2ex2
a) Halla las asíntotas de la gráfica de f.
b) Determina los intervalos de crecimiento y de decrecimiento de f y calcula sus extremos
relativos o locales (puntos en los que se obtienen y valores que alcanza la función).",2004 - Funciones.pdf,enunciados_PNG/2004 - Funciones_png/2004_reserva_4_ejercicio_1_opcion_a.png,
Matemáticas II,2004,Reserva 4,Ejercicio 1. Opción B.,Funciones,MATEMÁTICAS II. 2004. RESERVA 4. EJERCICIO 1. OPCIÓN B.,"Halla una función f :  tal que su gráfica pase por el punto M(0,1), que la tangente en",2004 - Funciones.pdf,enunciados_PNG/2004 - Funciones_png/2004_reserva_4_ejercicio_1_opcion_b.png,
Matemáticas II,2004,Septiembre,Ejercicio 1. Opción A.,Funciones,MATEMÁTICAS II. 2004. SEPTIEMBRE. EJERCICIO 1. OPCIÓN A.,"Se desea construir una caja cerrada de base cuadrada con una capacidad de 80 cm3. Para la
tapa y la superficie lateral se usa un material que cuesta 1€/cm2 y para la base se emplea un",2004 - Funciones.pdf,enunciados_PNG/2004 - Funciones_png/2004_septiembre_ejercicio_1_opcion_a.png,
Matemáticas II,2004,Septiembre,Ejercicio 1. Opción B.,Funciones,MATEMÁTICAS II. 2004. SEPTIEMBRE. EJERCICIO 1. OPCIÓN B.,"De una función f :[0,4] se sabe que f(1) 3 y que la gráfica de su función derivada es la
que aparece en el dibujo.
a) Halla la recta tangente a la gráfica de f en el punto de abscisax1.
b) Determina los intervalos de crecimiento y de decrecimiento de f. ¿En qué punto alcanza la
función su máximo absoluto.",2004 - Funciones.pdf,enunciados_PNG/2004 - Funciones_png/2004_septiembre_ejercicio_1_opcion_b.png,
Matemáticas II,2005,Junio,Ejercicio 1. Opción A.,Funciones,MATEMÁTICAS II. 2005. JUNIO. EJERCICIO 1. OPCIÓN A.,"De la función f :  definida por f(x)ax3 bx2 cxd se sabe que tiene un máximo
en x1, y que su gráfica corta al eje OX en el punto de abscisa x2 y tiene un punto de
inflexión en el punto de abscisa x0. Calcula a, b, c y d sabiendo, además, que la recta",2005 - Funciones.pdf,enunciados_PNG/2005 - Funciones_png/2005_junio_ejercicio_1_opcion_a.png,
Matemáticas II,2005,Junio,Ejercicio 1. Opción B.,Funciones,MATEMÁTICAS II. 2005. JUNIO. EJERCICIO 1. OPCIÓN B.,"x2 1
Sea f la función definida para x0 por f(x) .
x
a) Estudia y determina las asíntotas de la gráfica de f.
b) Determina los intervalos de crecimiento y de decrecimiento de f y calcula sus extremos
relativos o locales (puntos en los que se obtiene y los valores que alcanza la función).",2005 - Funciones.pdf,enunciados_PNG/2005 - Funciones_png/2005_junio_ejercicio_1_opcion_b.png,
Matemáticas II,2005,Reserva 1,Ejercicio 1. Opción A.,Funciones,MATEMÁTICAS II. 2005. RESERVA 1. EJERCICIO 1. OPCIÓN A.,"ex
Sea f la función definida para x1 por f(x) .
x1
a) Halla las asíntotas de la gráfica de f.
b) Determina los intervalos de crecimiento y de decrecimiento de f.
c) Determina los intervalos de concavidad y de convexidad de f.",2005 - Funciones.pdf,enunciados_PNG/2005 - Funciones_png/2005_reserva_1_ejercicio_1_opcion_a.png,
Matemáticas II,2005,Reserva 1,Ejercicio 1. Opción B.,Funciones,MATEMÁTICAS II. 2005. RESERVA 1. EJERCICIO 1. OPCIÓN B.,Determina los puntos de la parábola de ecuación y 5 x2 que están más próximos al origen,2005 - Funciones.pdf,enunciados_PNG/2005 - Funciones_png/2005_reserva_1_ejercicio_1_opcion_b.png,
Matemáticas II,2005,Reserva 2,Ejercicio 1. Opción A.,Funciones,MATEMÁTICAS II. 2005. RESERVA 2. EJERCICIO 1. OPCIÓN A.,"xsenx
Se sabe que lim es finito. Determina el valor de  y calcula el límite.
x0",2005 - Funciones.pdf,enunciados_PNG/2005 - Funciones_png/2005_reserva_2_ejercicio_1_opcion_a.png,
Matemáticas II,2005,Reserva 2,Ejercicio 1. Opción B.,Funciones,MATEMÁTICAS II. 2005. RESERVA 2. EJERCICIO 1. OPCIÓN B.,"Considera las tres funciones cuyas expresiones respectivas vienen dadas, para x0, por
x2 1 1
f(x) ; g(x) ex y h(x)  Ln x
x
siendo Ln la función logaritmo neperiano.
a) Halla las ecuaciones de las asíntotas de las gráficas de f, g y h.
b) Identifica, entre las que siguen, la gráfica de cada función, justificando la respuesta.",2005 - Funciones.pdf,enunciados_PNG/2005 - Funciones_png/2005_reserva_2_ejercicio_1_opcion_b.png,
Matemáticas II,2005,Reserva 3,Ejercicio 1. Opción B.,Funciones,MATEMÁTICAS II. 2005. RESERVA 3. EJERCICIO 1. OPCIÓN B.,"ax2 b
De la función f :(0,) definida por f(x) se sabe que la recta tangente a su
x
gráfica en el punto de abscisa x1 viene dada por y  2.
a) Calcula a y b.",2005 - Funciones.pdf,enunciados_PNG/2005 - Funciones_png/2005_reserva_3_ejercicio_1_opcion_b.png,
Matemáticas II,2005,Reserva 3,Ejercicio 2. Opción A.,Funciones,MATEMÁTICAS II. 2005. RESERVA 3. EJERCICIO 2. OPCIÓN A.,"x2 4x3
Sea f la función definida para x2 por f(x)
x2
R E S O L U C I Ó N
a) Estudia y determina las asíntotas de la gráfica de f.
b) Determina los intervalos de crecimiento y de decrecimiento de f.
c) Calcula, si existen, el máximo y el mínimo absolutos de f en el intervalo [0; 2) (puntos en los",2005 - Funciones.pdf,enunciados_PNG/2005 - Funciones_png/2005_reserva_3_ejercicio_2_opcion_a.png,
Matemáticas II,2005,Reserva 4,Eje Rcicio 1. Opción A.,Funciones,MATEMÁTICAS II. 2005. RESERVA 4. EJE RCICIO 1. OPCIÓN A.,"5x8
Sea f :  la función definida por f(x)
x2  x1
a) Calcula los puntos de corte de la gráfica de f con los ejes coordenados.
b) Halla las asíntotas de la gráfica de f.
c) Determina los intervalos de crecimiento y de decrecimiento de f y calcula sus extremos
relativos o locales (puntos en los que se obtienen y valores que alcanza la función).",2005 - Funciones.pdf,enunciados_PNG/2005 - Funciones_png/2005_reserva_4_eje_rcicio_1_opcion_a.png,
Matemáticas II,2005,Reserva 4,Ejercicio 1. Opción B.,Funciones,MATEMÁTICAS II. 2005. RESERVA 4. EJERCICIO 1. OPCIÓN B.,"De un terreno se desea vender un solar rectangular de 12.800 m2 dividido en tres parcelas
iguales como las que aparecen en el dibujo. Si se quieren vallar las lindes de las tres parcelas
(los bordes y las separaciones de las parcelas), determina las dimensiones del solar para que la",2005 - Funciones.pdf,enunciados_PNG/2005 - Funciones_png/2005_reserva_4_ejercicio_1_opcion_b.png,
asignatura_desconocida,2005,Septiembre,Ejercicio 2. Opción A.,Funciones,M ATEMÁTICAS II. 2005. SEPTIEMBRE. EJERCICIO 2. OPCIÓN A.,"S ea f :  la función definida por f(x)(x1)2ex
a ) Halla las asíntotas de la gráfica de f.
b ) Determina los intervalos de crecimiento y de decrecimiento de f y calcula, si existen, sus
e xtremos relativos o locales y sus extremos absolutos o globales (puntos en los que se obtienen y
v alores que alcanza la función).",2005 - Funciones.pdf,enunciados_PNG/2005 - Funciones_png/2005_septiembre_ejercicio_2_opcion_a.png,
asignatura_desconocida,2005,Septiembre,Ejercicio 1. Opción B.,Funciones,M ATEMÁTICAS II. 2005. SEPTIEMBRE. EJERCICIO 1. OPCIÓN B.,"De una función f :0,5 se sabe que f(3)6 y que su función derivada está dada por:
 5x2 si 0 x 1
f '(x) 
x2 6x8 si 1 x 5
a ) Calcula la ecuación de la recta tangente a la gráfica de f en el punto de abscisa x3.
b ) Determina los intervalos de crecimiento y de decrecimiento de f y calcula sus extremos",2005 - Funciones.pdf,enunciados_PNG/2005 - Funciones_png/2005_septiembre_ejercicio_1_opcion_b.png,
Matemáticas II,2006,Junio,Ejercicio 1. Opción A.,Funciones,MATEMÁTICAS II. 2006. JUNIO. EJERCICIO 1. OPCIÓN A.,"Determina un punto de la curva de ecuación y
xex2
en el que la pendiente de la recta",2006 - Funciones.pdf,enunciados_PNG/2006 - Funciones_png/2006_junio_ejercicio_1_opcion_a.png,
Matemáticas II,2006,Junio,Ejercicio 1. Opción B.,Funciones,MATEMÁTICAS II. 2006. JUNIO. EJERCICIO 1. OPCIÓN B.,"x4 3
Sea f la función definida por f(x) , para x0.
x
a) Halla, si existen, los puntos de corte con los ejes y las asíntotas de la gráfica de f.
b) Calcula los intervalos de crecimiento y de decrecimiento y los extremos relativos de f.
c) Determina los intervalos de concavidad y de convexidad de f.",2006 - Funciones.pdf,enunciados_PNG/2006 - Funciones_png/2006_junio_ejercicio_1_opcion_b.png,
Matemáticas II,2006,Reserva 1,Ejercicio 1. Opción A.,Funciones,MATEMÁTICAS II. 2006. RESERVA 1. EJERCICIO 1. OPCIÓN A.,"Sea f :  la función definida por f(x) Ln(x2 1), siendo Ln la función logaritmo
neperiano.
a) Determina los intervalos de crecimiento y decrecimiento y los extremos relativos de la
función f (puntos donde se alcanzan y valor de la función).
b) Calcula la ecuación de la recta tangente a la gráfica de f en el punto de inflexión de abscisa",2006 - Funciones.pdf,enunciados_PNG/2006 - Funciones_png/2006_reserva_1_ejercicio_1_opcion_a.png,
Matemáticas II,2006,Reserva 1,Ejercicio 1. Opción B.,Funciones,MATEMÁTICAS II. 2006. RESERVA 1. EJERCICIO 1. OPCIÓN B.," 1 1 
Calcula lim    siendo Ln la función logaritmo neperiano.",2006 - Funciones.pdf,enunciados_PNG/2006 - Funciones_png/2006_reserva_1_ejercicio_1_opcion_b.png,
Matemáticas II,2006,Reserva 2,Ejer Cicio 1. Opción B.,Funciones,MATEMÁTICAS II. 2006. RESERVA 2 EJER CICIO 1. OPCIÓN B.,"x2  x1
Sea f :  la función definida por f(x)
x2  x1
a) Estudia si existen y calcula, cuando sea posible, las asíntotas de la gráfica de f.
b) Determina los intervalos de crecimiento y decrecimiento, los extremos relativos y los valores
que alcanza en ellos la función f.",2006 - Funciones.pdf,enunciados_PNG/2006 - Funciones_png/2006_reserva_2_ejer_cicio_1_opcion_b.png,
Matemáticas II,2006,Reserva 3,Ejercicio 1. Opción A.,Funciones,MATEMÁTICAS II. 2006. RESERVA 3. EJERCICIO 1. OPCIÓN A.,"x(Lnx)2
Sea f :(1,) la función dada por f(x) , siendo Ln la función logaritmo
(x1)2
neperiano. Estudia la existencia de asíntota horizontal para la gráfica de esta función.",2006 - Funciones.pdf,enunciados_PNG/2006 - Funciones_png/2006_reserva_3_ejercicio_1_opcion_a.png,
Matemáticas II,2006,Reserva 3,Ejercicio 1. Opción B.,Funciones,MATEMÁTICAS II. 2006. RESERVA 3. EJERCICIO 1. OPCIÓN B.,"  axbx2 si 0 x 2
Se sabe que la función f :[0,5] definida por f (x)
 4 x1 si 2 x5
es derivable en el intervalo (0,5).
a) Calcula las constantes a y b.",2006 - Funciones.pdf,enunciados_PNG/2006 - Funciones_png/2006_reserva_3_ejercicio_1_opcion_b.png,
Matemáticas II,2006,Reserva 4,Ejercicio 1. Opción A.,Funciones,MATEMÁTICAS II. 2006. RESERVA 4. EJERCICIO 1. OPCIÓN A.,"Sea f :  la función definida por f(x) x3 ax2 bx1
a) Determina a,b sabiendo que la gráfica de f pasa por el punto (2,2) y tiene un punto de
inflexión de abscisa x = 0.
b) Calcula las ecuaciones de las rectas tangente y normal a la gráfica de f en el punto de",2006 - Funciones.pdf,enunciados_PNG/2006 - Funciones_png/2006_reserva_4_ejercicio_1_opcion_a.png,
Matemáticas II,2006,Reserva 4,Ejercicio 1. Opción B.,Funciones,MATEMÁTICAS II. 2006. RESERVA 4. EJERCICIO 1. OPCIÓN B.,"Se desea construir una lata de conserva en forma de cilindro circular recto que tenga una
superficie total de 200 cm2. Determina el radio de la base y la altura de la lata para que el",2006 - Funciones.pdf,enunciados_PNG/2006 - Funciones_png/2006_reserva_4_ejercicio_1_opcion_b.png,
asignatura_desconocida,2006,Septiembre,Ejercicio 1. Opción A.,Funciones,M ATEMÁTICAS II. 2006. SEPTIEMBRE. EJERCICIO 1. OPCIÓN A.,"S ea f :  la función definida por f(x) x2  x
a ) Estudia la derivabilidad de f.
b ) Determina los intervalos de crecimiento y de decrecimiento de f.",2006 - Funciones.pdf,enunciados_PNG/2006 - Funciones_png/2006_septiembre_ejercicio_1_opcion_a.png,
Matemáticas II,2006,Septiembre,Ejercicio 1. Opción B.,Funciones,MATEMÁTICAS II. 2006. SEPTIEMBRE. EJERCICIO 1. OPCIÓN B.,"Un alambre de longitud 1 metro se divide en dos trozos, con uno se forma un cuadrado y con el
otro una circunferencia. Calcula las longitudes de los dos trozos para que la suma de las áreas",2006 - Funciones.pdf,enunciados_PNG/2006 - Funciones_png/2006_septiembre_ejercicio_1_opcion_b.png,
Matemáticas II,2006,Septiembre,Ejercicio 2. Opción B.,Funciones,MATEMÁTICAS II. 2006. SEPTIEMBRE. EJERCICIO 2. OPCIÓN B.,Halla la función f :  sabiendo que f ''(x)12x6 y que la recta tangente a la gráfica,2006 - Funciones.pdf,enunciados_PNG/2006 - Funciones_png/2006_septiembre_ejercicio_2_opcion_b.png,
Matemáticas II,2007,Junio,Ejercicio 1. Opción A,Funciones,MATEMÁTICAS II. 2007. JUNIO. EJERCICIO 1. OPCIÓN A,Determina dos números reales positivos sabiendo que su suma es 10 y que el producto de sus,2007 - Funciones.pdf,enunciados_PNG/2007 - Funciones_png/2007_junio_ejercicio_1_opcion_a.png,
Matemáticas II,2007,Junio,Ejercicio 1. Opción B,Funciones,MATEMÁTICAS II. 2007. JUNIO. EJERCICIO 1. OPCIÓN B,Sea f :  la función definida por f(x)2x3 12x2 axb. Determina a y b sabiendo que,2007 - Funciones.pdf,enunciados_PNG/2007 - Funciones_png/2007_junio_ejercicio_1_opcion_b.png,
Matemáticas II,2007,Reserva 1,Ejercicio 1.Opción A.,Funciones,MATEMÁTICAS II. 2007. RESERVA 1. EJERCICIO 1.OPCIÓN A.,"S ea f :(0,) la función definida por f(x) x2 Ln(x) (Ln denota la función logaritmo
n eperiano).
a ) Determina los intervalos de crecimiento y de decrecimiento y los extremos relativos de f
( puntos donde se obtienen y valores que se alcanzan).",2007 - Funciones.pdf,enunciados_PNG/2007 - Funciones_png/2007_reserva_1_ejercicio_1_opcion_a.png,
asignatura_desconocida,2007,Reserva 1,Ejercicio 1.Opción B.,Funciones,M ATEMÁTICAS II. 2007. RESERVA 1. EJERCICIO 1.OPCIÓN B.,"T enemos que fabricar dos chapas cuadradas con dos materiales distintos. El precio de cada uno
d e estos materiales es 2 y 3 euros por centímetro cuadrado, respectivamente. Por otra parte, la
s uma de los perímetros de los dos cuadrados tiene que ser 1 metro. ¿Cómo hemos de elegir los",2007 - Funciones.pdf,enunciados_PNG/2007 - Funciones_png/2007_reserva_1_ejercicio_1_opcion_b.png,
asignatura_desconocida,2007,Reserva 2,Ejercicio 1.Opción A.,Funciones,M ATEMÁTICAS II. 2007. RESERVA 2. EJERCICIO 1.OPCIÓN A.,"D e entre todos los rectángulos situados en el primer cuadrante que tienen dos de sus lados sobre
x
los ejes coordenados y un vértice en la recta r de ecuación  y 1 (ver figura), determina el
2",2007 - Funciones.pdf,enunciados_PNG/2007 - Funciones_png/2007_reserva_2_ejercicio_1_opcion_a.png,
asignatura_desconocida,2007,Reserva 2,Ejercicio 1. Opción B.,Funciones,M ATEMÁTICAS II. 2007. RESERVA 2. EJERCICIO 1. OPCIÓN B.,"S ea f :  la función definida por f(x) x2ex .
a ) Determina los extremos relativos de f (puntos donde se obtienen y valores que se alcanzan).",2007 - Funciones.pdf,enunciados_PNG/2007 - Funciones_png/2007_reserva_2_ejercicio_1_opcion_b.png,
asignatura_desconocida,2007,Reserva 3,Ejercicio 1. Opción A.,Funciones,M ATEMÁTICAS II. 2007. RESERVA 3. EJERCICIO 1. OPCIÓN A.,"S ea f :  la función definida por f(x)(x3)ex.
a ) Calcula los extremos relativos de f (puntos donde se obtienen y valores que se alcanzan).",2007 - Funciones.pdf,enunciados_PNG/2007 - Funciones_png/2007_reserva_3_ejercicio_1_opcion_a.png,
asignatura_desconocida,2007,Reserva 3,Ejercicio 1. Opción B.,Funciones,M ATEMÁTICAS II. 2007. RESERVA 3. EJERCICIO 1. OPCIÓN B.,"x2 3
Sea f la función definida, para x2 y x  2, por f(x)
x2 4
a ) Determina las asíntotas de la gráfica de f.
b ) Determina los intervalos de crecimiento y de decrecimiento y los extremos relativos de f
( puntos donde se obtienen y valores que se alcanzan).",2007 - Funciones.pdf,enunciados_PNG/2007 - Funciones_png/2007_reserva_3_ejercicio_1_opcion_b.png,
Matemáticas II,2007,Reserva 4,Ejercicio 1. Opción A.,Funciones,MATEMÁTICAS II. 2007. RESERVA 4. EJERCICIO 1. OPCIÓN A.,D etermina la función f :  sabiendo que f ''(x) x2 1 y que la recta tangente a la,2007 - Funciones.pdf,enunciados_PNG/2007 - Funciones_png/2007_reserva_4_ejercicio_1_opcion_a.png,
asignatura_desconocida,2007,Reserva 4,Ejercicio 1. Opción B.,Funciones,M ATEMÁTICAS II. 2007. RESERVA 4. EJERCICIO 1. OPCIÓN B.,"S e quiere construir un depósito en forma de prisma de base cuadrada sin tapadera que tenga
u na capacidad de 500 m3. ¿Qué dimensiones ha de tener el depósito para que su superficie sea",2007 - Funciones.pdf,enunciados_PNG/2007 - Funciones_png/2007_reserva_4_ejercicio_1_opcion_b.png,
Matemáticas II,2007,Septiembre,Ejercicio 1. Opción A.,Funciones,MATEMÁTICAS II. 2007. SEPTIEMBRE. EJERCICIO 1. OPCIÓN A.,"3x1
Sea f :(0,) la función definida por f(x)
x
a) Determina los intervalos de crecimiento y de decrecimiento y los extremos relativos de f
(puntos donde se obtienen y valores que se alcanzan).",2007 - Funciones.pdf,enunciados_PNG/2007 - Funciones_png/2007_septiembre_ejercicio_1_opcion_a.png,
asignatura_desconocida,2007,Septiembre,Ejercicio 1. Opción B.,Funciones,M ATEMÁTICAS II. 2007. SEPTIEMBRE. EJERCICIO 1. OPCIÓN B.,"D etermina una función f :  sabiendo que su derivada viene dada por f '(x) x2  x6
y que el valor que alcanza f en su punto máximo (relativo) es el triple del valor que alcanza en su",2007 - Funciones.pdf,enunciados_PNG/2007 - Funciones_png/2007_septiembre_ejercicio_1_opcion_b.png,
Matemáticas II,2008,Junio,Ejercicio 1. Opción A,Funciones,MATEMÁTICAS II. 2008. JUNIO. EJERCICIO 1. OPCIÓN A,1,2008 - Funciones.pdf,enunciados_PNG/2008 - Funciones_png/2008_junio_ejercicio_1_opcion_a.png,
Matemáticas II,2008,Junio,Ejercicio 1. Opción B,Funciones,MATEMÁTICAS II. 2008. JUNIO. EJERCICIO 1. OPCIÓN B,"De entre todos los rectángulos de perímetro 8 cm, determina las dimensiones del que tiene",2008 - Funciones.pdf,enunciados_PNG/2008 - Funciones_png/2008_junio_ejercicio_1_opcion_b.png,
asignatura_desconocida,2008,Reserva 1,Ejercicio 1.Opción A.,Funciones,M ATEMÁTICAS II. 2008. RESERVA 1. EJERCICIO 1.OPCIÓN A.,"Sean f :  y g:  las funciones definidas por
f(x) x2 axb y g(x)ce(x1)
S e sabe que las gráficas de f y g se cortan en el punto (1,2) y tienen en ese punto la misma recta
t angente.
a ) Calcula los valores de a, b y c.",2008 - Funciones.pdf,enunciados_PNG/2008 - Funciones_png/2008_reserva_1_ejercicio_1_opcion_a.png,
Matemáticas II,2008,Reserva 2,Ejercicio 1. Opción A.,Funciones,MATEMÁTICAS II. 2008. RESERVA 2. EJERCICIO 1. OPCIÓN A.,"x1
Dada la función f :  definida por f(x) , determina la ecuación de la recta
ex",2008 - Funciones.pdf,enunciados_PNG/2008 - Funciones_png/2008_reserva_2_ejercicio_1_opcion_a.png,
Matemáticas II,2008,Reserva 2,Ejercicio 1. Opción B.,Funciones,MATEMÁTICAS II. 2008. RESERVA 2. EJERCICIO 1. OPCIÓN B.,"x2 axb si 0 x  2
Sea la función f :0,4 definida por f(x)  .
 cx1 si 2 x4
a) Determina a, b y c sabiendo que f es continua en el intervalo cerrado0,4, derivable en el
i ntervalo abierto (0,4) y que f(0) f(4).",2008 - Funciones.pdf,enunciados_PNG/2008 - Funciones_png/2008_reserva_2_ejercicio_1_opcion_b.png,
Matemáticas II,2008,Reserva 3,Ejercicio 1. Opción A.,Funciones,MATEMÁTICAS II. 2008. RESERVA 3. EJERCICIO 1. OPCIÓN A.,"S ea f :0,2 la función definida por f(x)ex(senxcosx).
a) Determina los intervalos de crecimiento y de decrecimiento de f.",2008 - Funciones.pdf,enunciados_PNG/2008 - Funciones_png/2008_reserva_3_ejercicio_1_opcion_a.png,
asignatura_desconocida,2008,Reserva 4,Ejercicio 1. Opción A.,Funciones,M ATEMÁTICAS II. 2008. RESERVA 4. EJERCICIO 1. OPCIÓN A.,"S ea f :  la función definida por f(x)(3x2x2)ex
a ) Determina los intervalos de crecimiento y de decrecimiento de f.",2008 - Funciones.pdf,enunciados_PNG/2008 - Funciones_png/2008_reserva_4_ejercicio_1_opcion_a.png,
Matemáticas II,2008,Reserva 4,Ejercicio 1. Opción B.,Funciones,MATEMÁTICAS II. 2008. RESERVA 4. EJERCICIO 1. OPCIÓN B.,"ex 1
Dada la función f definida, para x0, por f(x) determina las asíntotas de su gráfica.",2008 - Funciones.pdf,enunciados_PNG/2008 - Funciones_png/2008_reserva_4_ejercicio_1_opcion_b.png,
Matemáticas II,2008,Septiembre,Ejercicio 1. Opción A.,Funciones,MATEMÁTICAS II. 2008. SEPTIEMBRE. EJERCICIO 1. OPCIÓN A.," ax2 3x si x  2
Considera la función f :  , definida por f(x) 
x2 bx4 si x 2
a) Halla a y b sabiendo que f es derivable en .",2008 - Funciones.pdf,enunciados_PNG/2008 - Funciones_png/2008_septiembre_ejercicio_1_opcion_a.png,
asignatura_desconocida,2008,Septiembre,Ejercicio 1. Opción B.,Funciones,M ATEMÁTICAS II. 2008. SEPTIEMBRE. EJERCICIO 1. OPCIÓN B.,"D e entre todas las rectas del plano que pasan por el punto (1,2), encuentra aquella que forma
c on las partes positivas de los ejes coordenados un triángulo de área mínima. Halla el área de",2008 - Funciones.pdf,enunciados_PNG/2008 - Funciones_png/2008_septiembre_ejercicio_1_opcion_b.png,
Matemáticas II,2009,Junio,Ejercicio 1. Opción A.,Funciones,MATEMÁTICAS II. 2009. JUNIO. EJERCICIO 1. OPCIÓN A.," 1 2 
Calcula lim    siendo ln la función logaritmo neperiano.",2009 - Funciones.pdf,enunciados_PNG/2009 - Funciones_png/2009_junio_ejercicio_1_opcion_a.png,
Matemáticas II,2009,Junio,Ejercicio 1. Opción B.,Funciones,MATEMÁTICAS II. 2009. JUNIO. EJERCICIO 1. OPCIÓN B.," 1
 si x0
Sea la función f :  definida por f(x)  x1
 x2 3x1 si x 0
a ) Estudia su continuidad y derivabilidad.
b ) Determina sus asíntotas y sus extremos relativos.",2009 - Funciones.pdf,enunciados_PNG/2009 - Funciones_png/2009_junio_ejercicio_1_opcion_b.png,
asignatura_desconocida,2009,Reserva 1,Ejercicio 1. Opción A.,Funciones,M ATEMÁTICAS II. 2009. RESERVA 1. EJERCICIO 1. OPCIÓN A.,"S ea f :  la función definida por f(x)ax3 bx2 cxd. Calcula los valores de a, b, c y
d sabiendo que f verifica:
- El punto (0,1) es un punto de inflexión de la gráfica de f.
- f tiene un mínimo local en el punto de abscisa x1.",2009 - Funciones.pdf,enunciados_PNG/2009 - Funciones_png/2009_reserva_1_ejercicio_1_opcion_a.png,
Matemáticas II,2009,Reserva 1,Ejercicio 1. Opción B.,Funciones,MATEMÁTICAS II. 2009. RESERVA 1. EJERCICIO 1. OPCIÓN B.,"Se divide el segmento de longitud L 20 cm en dos trozos. Con uno de los trozos se forma un
cuadrado y con el otro un rectángulo en el que la base es el doble de la altura. Calcula la
longitud de cada uno de los trozos para que la suma de las áreas del cuadrado y del rectángulo",2009 - Funciones.pdf,enunciados_PNG/2009 - Funciones_png/2009_reserva_1_ejercicio_1_opcion_b.png,
asignatura_desconocida,2009,Reserva 2,Ejercicio 1. Opción A.,Funciones,M ATEMÁTICAS II. 2009. RESERVA 2. EJERCICIO 1. OPCIÓN A.,"S ea f :  la función definida por f(x) x2 x3 .
a ) Estudia la continuidad y derivabilidad de f.
b ) Estudia el crecimiento y decrecimiento de f. Calcula sus extremos relativos (abscisas donde se",2009 - Funciones.pdf,enunciados_PNG/2009 - Funciones_png/2009_reserva_2_ejercicio_1_opcion_a.png,
Matemáticas II,2009,Reserva 2,Ejercicio 1. Opción B.,Funciones,MATEMÁTICAS II. 2009. RESERVA 2. EJERCICIO 1. OPCIÓN B.,"x(Lnx)2
 si x 1
Sea f :(0,) la función dada por f(x) (x1)2

 a si x 1
a) Sabiendo que f es continua, calcula a.
b) Estudia la existencia de asíntota horizontal para la gráfica de esta función. En caso de que",2009 - Funciones.pdf,enunciados_PNG/2009 - Funciones_png/2009_reserva_2_ejercicio_1_opcion_b.png,
Matemáticas II,2009,Reserva 3,Ejercicio 1. Opción A.,Funciones,MATEMÁTICAS II. 2009. RESERVA 3. EJERCICIO 1. OPCIÓN A.," x2 bx1 si x1
S e sabe que la función f :  definida como f(x)  .
ax2 5x2a si x1",2009 - Funciones.pdf,enunciados_PNG/2009 - Funciones_png/2009_reserva_3_ejercicio_1_opcion_a.png,
Matemáticas II,2009,Reserva 3,Ejercicio 1. Opción B.,Funciones,MATEMÁTICAS II. 2009. RESERVA 3. EJERCICIO 1. OPCIÓN B.,"S e sabe que la función f :  definida por
f(x)ax3 bx2 cxd",2009 - Funciones.pdf,enunciados_PNG/2009 - Funciones_png/2009_reserva_3_ejercicio_1_opcion_b.png,
asignatura_desconocida,2009,Reserva 4,Ejercicio 1. Opción A.,Funciones,M ATEMÁTICAS II. 2009. RESERVA 4. EJERCICIO 1. OPCIÓN A.,"S ea f :  la función definida por f(x) xex.
a ) Determina los intervalos de crecimiento y de decrecimiento de f, así como los extremos
r elativos o locales de f.
b ) Determina las asíntotas de la gráfica de f.",2009 - Funciones.pdf,enunciados_PNG/2009 - Funciones_png/2009_reserva_4_ejercicio_1_opcion_a.png,
asignatura_desconocida,2009,Reserva 4,Ejercicio 1. Opción B.,Funciones,M ATEMÁTICAS II. 2009. RESERVA 4. EJERCICIO 1. OPCIÓN B.,,2009 - Funciones.pdf,enunciados_PNG/2009 - Funciones_png/2009_reserva_4_ejercicio_1_opcion_b.png,
Matemáticas II,2009,Septiembre,Eje Rcicio 1. Opción A,Funciones,MATEMÁTICAS II. 2009. SEPTIEMBRE. EJE RCICIO 1. OPCIÓN A,"Se considera la función f :1, definida por f(x) x2  x  x.",2009 - Funciones.pdf,enunciados_PNG/2009 - Funciones_png/2009_septiembre_eje_rcicio_1_opcion_a.png,
Matemáticas II,2009,Septiembre,Ejercicio 1. Opción B,Funciones,MATEMÁTICAS II. 2009. SEPTIEMBRE. EJERCICIO 1. OPCIÓN B,"De entre todos los rectángulos cuya área mide 16 cm2, determina las dimensiones del que tiene",2009 - Funciones.pdf,enunciados_PNG/2009 - Funciones_png/2009_septiembre_ejercicio_1_opcion_b.png,
Matemáticas II,2010,Junio,Ejercicio 1. Opción A.,Funciones,MATEMÁTICAS II. 2010. JUNIO. EJERCICIO 1. OPCIÓN A.,"ax2 b
Sea f la función definida como f(x) para xa.
a x
a) Calcula a y b para que la gráfica de f pase por el punto (2,3) y tenga una asíntota oblicua
con pendiente 4.
b) Para el caso de a2, b3, obtén la ecuación de la recta tangente a la gráfica de f en el",2010 - Funciones.pdf,enunciados_PNG/2010 - Funciones_png/2010_junio_ejercicio_1_opcion_a.png,
Matemáticas II,2010,Junio,Ejercicio 1. Opción B.,Funciones,MATEMÁTICAS II. 2010. JUNIO. EJERCICIO 1. OPCIÓN B.,"ex e senx
Calcula lim
x0",2010 - Funciones.pdf,enunciados_PNG/2010 - Funciones_png/2010_junio_ejercicio_1_opcion_b.png,
Matemáticas II,2010,Reserva 1,Ejercicio 1. Opción A,Funciones,MATEMÁTICAS II. 2010. RESERVA 1. EJERCICIO 1. OPCIÓN A,"La hipotenusa de un triángulo rectángulo mide 90 cm. Si se hace girar alrededor de uno de sus
catetos, el triángulo engendra un cono. ¿Qué medidas han de tener los catetos del triángulo para
que el volumen del cono engendrado sea máximo?. (Recuerda que el volumen del cono es
1
V  r2h).",2010 - Funciones.pdf,enunciados_PNG/2010 - Funciones_png/2010_reserva_1_ejercicio_1_opcion_a.png,
Matemáticas II,2010,Reserva 1,Ejercicio 1. Opción B,Funciones,MATEMÁTICAS II. 2010. RESERVA 1. EJERCICIO 1. OPCIÓN B,"x3
Sea f la función definida como f(x) pa ra x 1.
x2 1
a) Estudia y halla las asíntotas a la gráfica de f.
b) Determina los intervalos de crecimiento y de decrecimiento de f.",2010 - Funciones.pdf,enunciados_PNG/2010 - Funciones_png/2010_reserva_1_ejercicio_1_opcion_b.png,
Matemáticas II,2010,Reserva 2,Ejercicio 1. Opción A,Funciones,MATEMÁTICAS II. 2010. RESERVA 2. EJERCICIO 1. OPCIÓN A,"Entre todos los triángulos rectángulos de 5 metros de hipotenusa, determina los catetos del de",2010 - Funciones.pdf,enunciados_PNG/2010 - Funciones_png/2010_reserva_2_ejercicio_1_opcion_a.png,
Matemáticas II,2010,Reserva 2,Ejer Cicio 1. Opción B,Funciones,MATEMÁTICAS II. 2010. RESERVA 2. EJER CICIO 1. OPCIÓN B,"Sea f :(0,) la función definida por f(x)ln(x2 3x), donde ln denota el logaritmo
neperiano.
a) Determina, si existen, los puntos de la gráfica de f en los que la recta tangente a la gráfica es
paralela a la recta de ecuación x2y10.
b) Halla la ecuación de la recta tangente y de la r ecta normal a la gráfica de f en el punto de abscisa",2010 - Funciones.pdf,enunciados_PNG/2010 - Funciones_png/2010_reserva_2_ejer_cicio_1_opcion_b.png,
asignatura_desconocida,2010,Reserva 3,Ejercicio 1. Opción A.,Funciones,M ATEMÁTICAS II. 2010. RESERVA 3. EJERCICIO 1. OPCIÓN A.,"e x(x2 ax) si x 0

S ea la función f :  dada por f(x)  bx2 c .
 si x 0
 x1
Calcula las constantes a, b y c sabiendo que f es derivable y que la recta tangente a la gráfica de f",2010 - Funciones.pdf,enunciados_PNG/2010 - Funciones_png/2010_reserva_3_ejercicio_1_opcion_a.png,
Matemáticas II,2010,Reserva 3,Ejercicio 1. Opción B.,Funciones,MATEMÁTICAS II. 2010. RESERVA 3. EJERCICIO 1. OPCIÓN B.,"S ea f :  la función definida como f(x)(x1)3 3 x . Halla las ecuaciones de la recta
tangente y de la recta normal a la gráfica de f en el puno de abscisa x  5 y en el punto de",2010 - Funciones.pdf,enunciados_PNG/2010 - Funciones_png/2010_reserva_3_ejercicio_1_opcion_b.png,
Matemáticas II,2010,Reserva 4,Ejercicio 1. Opción A.,Funciones,MATEMÁTICAS II. 2010. RESERVA 4. EJERCICIO 1. OPCIÓN A.,"D ada la función f :  definida como f(x)asenxbx2 cxd , determina los valores de
l as constantes a, b, c y d sabiendo que la gráfica de f tiene tangente horizontal en el punto (0,4) y",2010 - Funciones.pdf,enunciados_PNG/2010 - Funciones_png/2010_reserva_4_ejercicio_1_opcion_a.png,
asignatura_desconocida,2010,Reserva 4,Ejercicio 1. Opción B.,Funciones,M ATEMÁTICAS II. 2010. RESERVA 4. EJERCICIO 1. OPCIÓN B.,"
 e x si x 0

C onsidera la función f :  definida por f(x) 1 x2 si 0 x 1.

2
 si 1 x
x1",2010 - Funciones.pdf,enunciados_PNG/2010 - Funciones_png/2010_reserva_4_ejercicio_1_opcion_b.png,
Matemáticas II,2010,Septiembre,Ejercicio 1. Opción A,Funciones,MATEMÁTICAS II. 2010. SEPTIEMBRE. EJERCICIO 1. OPCIÓN A,"Una hoja de papel tiene que contener 18 cm2 de texto. Los márgenes superior e inferior han de
tener 2 cm cada uno y los laterales 1 cm. Calcula las dimensiones de la hoja para que el gasto",2010 - Funciones.pdf,enunciados_PNG/2010 - Funciones_png/2010_septiembre_ejercicio_1_opcion_a.png,
Matemáticas II,2010,Septiembre,Ejercicio 1. Opción B.,Funciones,MATEMÁTICAS II. 2010. SEPTIEMBRE. EJERCICIO 1. OPCIÓN B.,"x2 axb si 0 x 2
Considera la función f :0,4 definida por f(x) 
 cx si 2 x4
a) Sabiendo que f es derivable en todo el dominio y que verifica f(0) f(4), determina los
valores de a, b y c.
b) Para a  3 , b4 y c 1 halla los extremos absolutos de f (abscisas donde se obtienen y",2010 - Funciones.pdf,enunciados_PNG/2010 - Funciones_png/2010_septiembre_ejercicio_1_opcion_b.png,
Matemáticas II,2011,Junio,Ejercicio 1. Opción A.,Funciones,MATEMÁTICAS II. 2011. JUNIO. EJERCICIO 1. OPCIÓN A.,Se desea construir un depósito cilíndrico cerrado de área total a 54 m2. Determina el radio de,2011 - Funciones.pdf,enunciados_PNG/2011 - Funciones_png/2011_junio_ejercicio_1_opcion_a.png,
Matemáticas II,2011,Junio,Ejercicio 1. Opción B,Funciones,MATEMÁTICAS II. 2011. JUNIO. EJERCICIO 1. OPCIÓN B,"Sea f :1, la función definida por f(x) x1. Determina el punto P de la gráfica",2011 - Funciones.pdf,enunciados_PNG/2011 - Funciones_png/2011_junio_ejercicio_1_opcion_b.png,
Matemáticas II,2011,Reserva 1,Ejercicio 1. Opción A.,Funciones,MATEMÁTICAS II. 2011. RESERVA 1. EJERCICIO 1. OPCIÓN A.,"Un alambre de longitud 100 metros se divide en dos trozos. Con uno de los trozos se construye
un cuadrado y con el otro un rectángulo cuya base es doble que su altura. Calcula las
longitudes de cada uno de los trozos con la condición de que la suma de las áreas de estas dos",2011 - Funciones.pdf,enunciados_PNG/2011 - Funciones_png/2011_reserva_1_ejercicio_1_opcion_a.png,
Matemáticas II,2011,Reserva 1,Ejer Cicio 1. Opción B,Funciones,MATEMÁTICAS II. 2011. RESERVA 1. EJER CICIO 1. OPCIÓN B,"Sea f :  la función definida por f(x)4 x2
a) Halla la ecuación de la recta normal a la gráfica de f en el punto de abscisa x2.
b) Determina el punto de la gráfica en el que la recta tangente es perpendicular a la recta",2011 - Funciones.pdf,enunciados_PNG/2011 - Funciones_png/2011_reserva_1_ejer_cicio_1_opcion_b.png,
Matemáticas II,2011,Reserva 2,Ejercicio 1. Opción A.,Funciones,MATEMÁTICAS II. 2011. RESERVA 2. EJERCICIO 1. OPCIÓN A.,"Una ventana normanda consiste en un rectángulo coronado con un semicírculo.
De entre todas las ventanas normandas de perímetro 10 m, halla las dimensiones del marco de",2011 - Funciones.pdf,enunciados_PNG/2011 - Funciones_png/2011_reserva_2_ejercicio_1_opcion_a.png,
Matemáticas II,2011,Reserva 2,Ejercicio 1. Opción B.,Funciones,MATEMÁTICAS II. 2011. RESERVA 2. EJERCICIO 1. OPCIÓN B.," 1
1  xln(x)a si  x  2
S ea f :  ,4   la función definida por f(x)  e
e  
bx1ln(2) si 2 x4
Donde ln denota la función logaritmo neperiano.
1 
a) Calcula los valores de a y b para que f sea derivable en el intervalo ,4 .
 
e 
1
b) Para a0 y b halla los extremos absolutos de f (abscisas donde se obtienen y valores que
2",2011 - Funciones.pdf,enunciados_PNG/2011 - Funciones_png/2011_reserva_2_ejercicio_1_opcion_b.png,
Matemáticas II,2011,Reserva 3,Ejercicio 1. Opción A.,Funciones,MATEMÁTICAS II. 2011. RESERVA 3. EJERCICIO 1. OPCIÓN A.,"D ada la función f :  definida por f(x)ax3 bx2 cx, determina a, b y c sabiendo que
s u gráfica tiene un punto de inflexión en (1,0), y que la recta tangente en ese punto tiene por",2011 - Funciones.pdf,enunciados_PNG/2011 - Funciones_png/2011_reserva_3_ejercicio_1_opcion_a.png,
Matemáticas II,2011,Reserva 3,Ejercicio 1. Opción B.,Funciones,MATEMÁTICAS II. 2011. RESERVA 3. EJERCICIO 1. OPCIÓN B.,"En el primer cuadrante representamos un rectángulo de tal manera que tiene un vértice en el
origen de coordenadas y el vértice opuesto en la parábola y  x2 3. Determina las",2011 - Funciones.pdf,enunciados_PNG/2011 - Funciones_png/2011_reserva_3_ejercicio_1_opcion_b.png,
Matemáticas II,2011,Reserva 4,Ejercicio 1. Opción A.,Funciones,MATEMÁTICAS II. 2011. RESERVA 4. EJERCICIO 1. OPCIÓN A.,"Queremos hacer junto a la carretera un cercado rectangular para unos caballos en una zona
llana. Cada metro del lado del cercado que está junto a la carretera nos cuesta 100 euros,
mientras que para el resto del cercado nos cuesta 10 euros el metro. ¿Cuáles son las",2011 - Funciones.pdf,enunciados_PNG/2011 - Funciones_png/2011_reserva_4_ejercicio_1_opcion_a.png,
Matemáticas II,2011,Reserva 4,Ejercicio 1. Opción B.,Funciones,MATEMÁTICAS II. 2011. RESERVA 4. EJERCICIO 1. OPCIÓN B.,"En una empresa los ingresos (en euros) dependen de la edad. Si la edad, x, es de 18 a 50 años,
los ingresos vienen dados por la fórmula x2 70x, mientras que para edades iguales o
400x
superiores a 50 años los ingresos están determinados por la expresión .
x30",2011 - Funciones.pdf,enunciados_PNG/2011 - Funciones_png/2011_reserva_4_ejercicio_1_opcion_b.png,
Matemáticas II,2011,Septiembre,Ejercicio 1. Opción A,Funciones,MATEMÁTICAS II. 2011. SEPTIEMBRE. EJERCICIO 1. OPCIÓN A,,2011 - Funciones.pdf,enunciados_PNG/2011 - Funciones_png/2011_septiembre_ejercicio_1_opcion_a.png,
Matemáticas II,2011,Septiembre,Ejercicio 1. Opción B,Funciones,MATEMÁTICAS II. 2011. SEPTIEMBRE. EJERCICIO 1. OPCIÓN B,"3x4 1
Sea f la función definida por f(x) para x0.
x3
a) Estudia las asíntotas de la gráfica de la función.
b) Halla los intervalos de crecimiento y de decrecimiento, y los extremos relativos (abscisas",2011 - Funciones.pdf,enunciados_PNG/2011 - Funciones_png/2011_septiembre_ejercicio_1_opcion_b.png,
asignatura_desconocida,2012,Junio,Ejercicio 1. Opción A.,Funciones,M ATEMÁTICAS II. 2012. JUNIO. EJERCICIO 1. OPCIÓN A.,"S ea la función f :  definida por f(x)ex(x2).
a ) Calcula las asíntotas de f.
b ) Halla los extremos relativos (abscisas donde se obtienen y los valores que se alcanzan) y los
i ntervalos de crecimiento y de decrecimiento de f.",2012 - Funciones.pdf,enunciados_PNG/2012 - Funciones_png/2012_junio_ejercicio_1_opcion_a.png,
Matemáticas II,2012,Junio,Ejercicio 1. Opción B.,Funciones,MATEMÁTICAS II. 2012. JUNIO. EJERCICIO 1. OPCIÓN B.,"asenx xex
Sabiendo que lim es finito, calcula el valor de a y el de dicho limite.
x0",2012 - Funciones.pdf,enunciados_PNG/2012 - Funciones_png/2012_junio_ejercicio_1_opcion_b.png,
Matemáticas II,2012,Reserva 1,Ejercicio 1. Opción A,Funciones,MATEMÁTICAS II. 2012. RESERVA 1. EJERCICIO 1. OPCIÓN A,"1
Sea la función f :(0,) definida po r f(x) lnx, donde ln denota la función
x
logaritmo neperiano.
a) Halla los extremos absolutos de f (abscisas donde se obtienen y valores que se alcanzan) en el
1 
intervalo , e .
 
e ",2012 - Funciones.pdf,enunciados_PNG/2012 - Funciones_png/2012_reserva_1_ejercicio_1_opcion_a.png,
Matemáticas II,2012,Reserva 1,Ejer Cicio 1. Opción B,Funciones,MATEMÁTICAS II. 2012. RESERVA 1. EJER CICIO 1. OPCIÓN B,"2x2
Sea f la función definida por f(x) para x  1 y x2
(x1)(x2)
a) Estudia y calcula las asíntotas de la gráfica de f
b) Determina los intervalos de crecimiento y de d ecrecimiento de f",2012 - Funciones.pdf,enunciados_PNG/2012 - Funciones_png/2012_reserva_1_ejer_cicio_1_opcion_b.png,
Matemáticas II,2012,Reserva 2,Ejercicio 1. Opción A,Funciones,MATEMÁTICAS II. 2012. RESERVA 2. EJERCICIO 1. OPCIÓN A,"S ea la función f :1,e definida por: f(x) x2 8ln(x) donde ln denota la función
logaritmo neperiano.
a) Halla los intervalos de crecimiento y de decrecimiento de f.
b) Calcula los extremos absolutos y relativos de la función f (abscisas donde se obtienen y valores
que se alcanzan).",2012 - Funciones.pdf,enunciados_PNG/2012 - Funciones_png/2012_reserva_2_ejercicio_1_opcion_a.png,
asignatura_desconocida,2012,Reserva 2,Ejercicio 1. Opción B,Funciones,M ATEMÁTICAS II. 2012. RESERVA 2. EJERCICIO 1. OPCIÓN B,"S ea la función f :  definida por: f(x)ex(x2  x1).
a ) Calcula: lim f(x) y lim f(x)
x x
b ) Halla los extremos relativos de f (abscisas donde se obtienen y los valores que se alcanzan,
d eterminando si son máximos o mínimos).",2012 - Funciones.pdf,enunciados_PNG/2012 - Funciones_png/2012_reserva_2_ejercicio_1_opcion_b.png,
Matemáticas II,2012,Reserva 3,Ejercicio 1. Opción A.,Funciones,MATEMÁTICAS II. 2012. RESERVA 3. EJERCICIO 1. OPCIÓN A.,"Un alambre de longitud 2 metros se divide en dos trozos. Con el primero se forma un
rectángulo cuya base es el doble de la altura y con el segundo trozo se forma un cuadrado.
Calcula las longitudes de dichos trozos para que la suma de las áreas del rectángulo y el",2012 - Funciones.pdf,enunciados_PNG/2012 - Funciones_png/2012_reserva_3_ejercicio_1_opcion_a.png,
Matemáticas II,2012,Reserva 3,Ejercicio 1. Opción B,Funciones,MATEMÁTICAS II. 2012. RESERVA 3. EJERCICIO 1. OPCIÓN B,"S ea la función f :  definida por: f(x)ln(x2 3x3) xdonde ln denota la función
l ogaritmo neperiano.
a ) Halla los intervalos de crecimiento y de decrecimiento y los extremos relativos de f (abscisas
d onde se obtienen y valores que se alcanzan).",2012 - Funciones.pdf,enunciados_PNG/2012 - Funciones_png/2012_reserva_3_ejercicio_1_opcion_b.png,
asignatura_desconocida,2012,Reserva 4,Ejercicio 1. Opción A.,Funciones,M ATEMÁTICAS II. 2012. RESERVA 4. EJERCICIO 1. OPCIÓN A.," a
1 si x1

 x2
S e considera la función derivable f :  definida por f(x) 
b
a si x 1
 x
",2012 - Funciones.pdf,enunciados_PNG/2012 - Funciones_png/2012_reserva_4_ejercicio_1_opcion_a.png,
Matemáticas II,2012,Reserva 4,Ejercicio 1. Opción B.,Funciones,MATEMÁTICAS II. 2012. RESERVA 4. EJERCICIO 1. OPCIÓN B.,"De entre todos los triángulos rectángulos de hipotenusa 10 unidades, determina las dimensiones",2012 - Funciones.pdf,enunciados_PNG/2012 - Funciones_png/2012_reserva_4_ejercicio_1_opcion_b.png,
asignatura_desconocida,2012,Septiembre,Ejercicio 1. Opción A.,Funciones,M ATEMÁTICAS II. 2012. SEPTIEMBRE. EJERCICIO 1. OPCIÓN A.," xk si x  0

S ea la función continua f :  definida por f(x) ex2
1
.
 si x  0
 x2
a) Calcula el valor de k.",2012 - Funciones.pdf,enunciados_PNG/2012 - Funciones_png/2012_septiembre_ejercicio_1_opcion_a.png,
Matemáticas II,2012,Septiembre,Ejercicio 1. Opción B.,Funciones,MATEMÁTICAS II. 2012. SEPTIEMBRE. EJERCICIO 1. OPCIÓN B.,"ex
Sea la función f definida por f(x) para x 1.
1 x
a) Estudia las asíntotas de la gráfica de la función f.
b) Halla los extremos relativos (abscisas donde se obtienen y los valores que alcanzan) y los",2012 - Funciones.pdf,enunciados_PNG/2012 - Funciones_png/2012_septiembre_ejercicio_1_opcion_b.png,
Matemáticas II,2013,Junio,Ejercicio 1. Opción A.,Funciones,MATEMÁTICAS II. 2013. JUNIO. EJERCICIO 1. OPCIÓN A.,"xcos(x)bsen(x)
Sabiendo que lim es finito, calcula b y el valor del límite.
x0",2013 - Funciones.pdf,enunciados_PNG/2013 - Funciones_png/2013_junio_ejercicio_1_opcion_a.png,
asignatura_desconocida,2013,Junio,Ejercicio 1. Opción B.,Funciones,M ATEMÁTICAS II. 2013. JUNIO. EJERCICIO 1. OPCIÓN B.," x2ex si x0
S ea f :(,1) la función definida por f(x) 
 a b x si 0 x1
a ) Determina a y b sabiendo que f es derivable en todo su dominio.
b ) Halla la ecuación de la recta tangente y de la recta normal a la gráfica de f en el punto de",2013 - Funciones.pdf,enunciados_PNG/2013 - Funciones_png/2013_junio_ejercicio_1_opcion_b.png,
Matemáticas II,2013,Reserva 1,Ejercicio 1. Opción A.,Funciones,MATEMÁTICAS II. 2013. RESERVA 1. EJERCICIO 1. OPCIÓN A.,"mx3
Sea g la función definida por g(x) para xn.
(xn)2
a) Halla m y n sabiendo que la recta y  2x4 es una asíntota de la gráfica de g.",2013 - Funciones.pdf,enunciados_PNG/2013 - Funciones_png/2013_reserva_1_ejercicio_1_opcion_a.png,
Matemáticas II,2013,Reserva 1,Ejercicio 1. Opción B.,Funciones,MATEMÁTICAS II. 2013. RESERVA 1. EJERCICIO 1. OPCIÓN B.,"S ea f :  la función definida por f(x) x3 ax2 bxc. Se sabe que un punto de
i nflexión de la gráfica de f tiene de abscisa x1 y que f tiene un mínimo relativo en x2 de",2013 - Funciones.pdf,enunciados_PNG/2013 - Funciones_png/2013_reserva_1_ejercicio_1_opcion_b.png,
Matemáticas II,2013,Reserva 2,Ejercicio 1. Opción A,Funciones,MATEMÁTICAS II. 2013. RESERVA 2. EJERCICIO 1. OPCIÓN A,"Un rectángulo está inscrito en un semicírculo de 5 cm. de radio, de forma que uno de sus
lados está contenido en el diámetro del semicírculo y el lado opuesto tiene sus vértices sobre la
semicircunferencia. Calcula las dimensiones del rectángulo sabiendo que es el de mayor",2013 - Funciones.pdf,enunciados_PNG/2013 - Funciones_png/2013_reserva_2_ejercicio_1_opcion_a.png,
Matemáticas II,2013,Reserva 2,Ejercicio 1. Opción B,Funciones,MATEMÁTICAS II. 2013. RESERVA 2. EJERCICIO 1. OPCIÓN B,"Considera la función f :  dada por f(x) x3 ax2 bxc. Determina a, b y c
sabiendo que la recta normal a la gráfica de f en el punto de abscisa x0 es y x  3 y que",2013 - Funciones.pdf,enunciados_PNG/2013 - Funciones_png/2013_reserva_2_ejercicio_1_opcion_b.png,
Matemáticas II,2013,Reserva 3,Ejercicio 1. Opción A,Funciones,MATEMÁTICAS II. 2013. RESERVA 3. EJERCICIO 1. OPCIÓN A,"x
Sea f la función definida por f(x) para x 0,x 1 (donde ln denota el logaritmo
ln(x)
neperiano).
a) Estudia y determina las asíntotas de la gráfica de f.
b) Calcula la ecuación de la recta tangente y de la recta normal a la gráfica de f en el punto de",2013 - Funciones.pdf,enunciados_PNG/2013 - Funciones_png/2013_reserva_3_ejercicio_1_opcion_a.png,
Matemáticas II,2013,Reserva 3,Ejercicio 1. Opción B,Funciones,MATEMÁTICAS II. 2013. RESERVA 3. EJERCICIO 1. OPCIÓN B,"k 1
Sea f la función definida por f(x) para xa y x .
(xa)(2x1) 2
a) Halla a y k sabiendo que la gráfica de f pasa por el punto (0,2) y que la recta x2 es una
asíntota de dicha gráfica.
b) Para k 4 y a2, halla los extremos relativos de f (abscisas donde se obtienen y valores",2013 - Funciones.pdf,enunciados_PNG/2013 - Funciones_png/2013_reserva_3_ejercicio_1_opcion_b.png,
Matemáticas II,2013,Reserva 4,Ejercicio 1. Opción A,Funciones,MATEMÁTICAS II. 2013. RESERVA 4. EJERCICIO 1. OPCIÓN A,Halla las dimensiones del rectángulo de área máxima inscrito en un triángulo isósceles de 6,2013 - Funciones.pdf,enunciados_PNG/2013 - Funciones_png/2013_reserva_4_ejercicio_1_opcion_a.png,
Matemáticas II,2013,Reserva 4,Ejercicio 1. Opción B,Funciones,MATEMÁTICAS II. 2013. RESERVA 4. EJERCICIO 1. OPCIÓN B,"1
Sea f la función definida por f(x) xex para x 1,x 0
a) Calcula los límites laterales de f en x0.",2013 - Funciones.pdf,enunciados_PNG/2013 - Funciones_png/2013_reserva_4_ejercicio_1_opcion_b.png,
asignatura_desconocida,2013,Septiembre,Ejercicio 1. Opción A.,Funciones,M ATEMÁTICAS II. 2013. SEPTIEMBRE. EJERCICIO 1. OPCIÓN A.,"U n alambre de 10 metros de longitud se divide en dos trozos. Con uno de ellos se forma un
t riángulo equilátero y con el otro un cuadrado. Halla la longitud de dichos trozos para que la",2013 - Funciones.pdf,enunciados_PNG/2013 - Funciones_png/2013_septiembre_ejercicio_1_opcion_a.png,
Matemáticas II,2013,Septiembre,Ejercicio 1. Opción B.,Funciones,MATEMÁTICAS II. 2013. SEPTIEMBRE. EJERCICIO 1. OPCIÓN B.,"2ln(x)
Sea f :(0,) la función f definida por f(x) (donde ln denota el logaritmo
x2
neperiano).
a) Determina los intervalos de crecimiento y de decrecimiento y los extremos relativos de f
(abscisas donde se obtienen y valores que se alcanzan).",2013 - Funciones.pdf,enunciados_PNG/2013 - Funciones_png/2013_septiembre_ejercicio_1_opcion_b.png,
Matemáticas II,2014,Junio,Ejercicio 1. Opción A.,Funciones,MATEMÁTICAS II. 2014. JUNIO. EJERCICIO 1. OPCIÓN A.,"S ea f :  definida por f(x) x3 ax2 bxc
1
a) Halla a, b y c para que la gráfica de f tenga un punto de inflexión de abscisa x y que la
2
r ecta tangente en el punto de abscisa x0 tenga por ecuación y  56x.
b) Para a3, b 9 y c8, calcula los extremos relativos de f (abscisas donde se obtienen y",2014 - Funciones.pdf,enunciados_PNG/2014 - Funciones_png/2014_junio_ejercicio_1_opcion_a.png,
Matemáticas II,2014,Junio,Ejercicio 1. Opción B.,Funciones,MATEMÁTICAS II. 2014. JUNIO. EJERCICIO 1. OPCIÓN B.,"Se desea construir un depósito en forma de cilindro recto, con base circular y sin tapadera, que
tenga una capacidad de 125 m3. Halla el radio de la base y la altura que debe tener el depósito",2014 - Funciones.pdf,enunciados_PNG/2014 - Funciones_png/2014_junio_ejercicio_1_opcion_b.png,
Matemáticas II,2014,Reserva 1,Ejercicio 1. Opción A.,Funciones,MATEMÁTICAS II. 2014. RESERVA 1. EJERCICIO 1. OPCIÓN A.," x a 
Sabiendo que lim    es finito, calcula a y el valor del límite (ln denota el logaritmo
x1  x1 lnx",2014 - Funciones.pdf,enunciados_PNG/2014 - Funciones_png/2014_reserva_1_ejercicio_1_opcion_a.png,
Matemáticas II,2014,Reserva 1,Ejercicio 1. Opción B.,Funciones,MATEMÁTICAS II. 2014. RESERVA 1. EJERCICIO 1. OPCIÓN B.,"ex ex
 si x0
Considera la función derivable f :  definida por f (x)  2x

 axb si x0
a) Calcula a y b.",2014 - Funciones.pdf,enunciados_PNG/2014 - Funciones_png/2014_reserva_1_ejercicio_1_opcion_b.png,
Matemáticas II,2014,Reserva 2,Ejercicio 1. Opción A.,Funciones,MATEMÁTICAS II. 2014. RESERVA 2. EJERCICIO 1. OPCIÓN A.,"1
Sea f la función definida por f(x) lnx para x0
2x
a) Determina el punto de la gráfica de f en el que la pendiente de la recta tangente es máxima",2014 - Funciones.pdf,enunciados_PNG/2014 - Funciones_png/2014_reserva_2_ejercicio_1_opcion_a.png,
Matemáticas II,2014,Reserva 2,Ejercicio 1. Opción B.,Funciones,MATEMÁTICAS II. 2014. RESERVA 2. EJERCICIO 1. OPCIÓN B.,"Sea f :  la función definida por f(x) x3 bx2 cxd . Halla b, c y d sabiendo que f
f(x)
tiene un máximo relativo en x   1 y que lim 4",2014 - Funciones.pdf,enunciados_PNG/2014 - Funciones_png/2014_reserva_2_ejercicio_1_opcion_b.png,
Matemáticas II,2014,Reserva 3,Ejercicio 1. Opción A.,Funciones,MATEMÁTICAS II. 2014. RESERVA 3. EJERCICIO 1. OPCIÓN A.,"tan xsenx
Calcula lim",2014 - Funciones.pdf,enunciados_PNG/2014 - Funciones_png/2014_reserva_3_ejercicio_1_opcion_a.png,
Matemáticas II,2014,Reserva 3,Ejercicio 1. Opción B.,Funciones,MATEMÁTICAS II. 2014. RESERVA 3. EJERCICIO 1. OPCIÓN B.,"Considera la función f :  definida por f(x) x2ex2
a) Estudia y determina las asíntotas de la gráfica de f.
b) Halla los intervalos de crecimiento y de decrecimiento y los extremos relativos (abscisas
donde se obtienen y valores que se alcanzan).",2014 - Funciones.pdf,enunciados_PNG/2014 - Funciones_png/2014_reserva_3_ejercicio_1_opcion_b.png,
Matemáticas II,2014,Reserva 4,Ejercicio 1. Opción A.,Funciones,MATEMÁTICAS II. 2014. RESERVA 4. EJERCICIO 1. OPCIÓN A.,"De entre todos los triángulos rectángulos de área 8 cm 2, determina las dimensiones del que",2014 - Funciones.pdf,enunciados_PNG/2014 - Funciones_png/2014_reserva_4_ejercicio_1_opcion_a.png,
Matemáticas II,2014,Reserva 4,Ejercicio 1. Opción B.,Funciones,MATEMÁTICAS II. 2014. RESERVA 4. EJERCICIO 1. OPCIÓN B.," a x si x 1

Sea f :  la función derivable definida por: f(x) b donde ln denota
lnx si x 1

x
el logaritmo neperiano
a) Calcula a y b.
b) Para a3 y b2 calcula los extremos absolutos de f en el intervalo 0,e (abscisas donde",2014 - Funciones.pdf,enunciados_PNG/2014 - Funciones_png/2014_reserva_4_ejercicio_1_opcion_b.png,
asignatura_desconocida,2014,Septiembre,Ejercicio 1. Opción A.,Funciones,M ATEMÁTICAS II. 2014. SEPTIEMBRE. EJERCICIO 1. OPCIÓN A.,"cos(3x)e x ax
Sabiendo que lim es finito, calcula a y el valor del límite.",2014 - Funciones.pdf,enunciados_PNG/2014 - Funciones_png/2014_septiembre_ejercicio_1_opcion_a.png,
Matemáticas II,2014,Septiembre,Ejercicio 1. Opción B.,Funciones,MATEMÁTICAS II. 2014. SEPTIEMBRE. EJERCICIO 1. OPCIÓN B.,"De entre todos los números reales positivos, determina el que sumado con su inverso da suma",2014 - Funciones.pdf,enunciados_PNG/2014 - Funciones_png/2014_septiembre_ejercicio_1_opcion_b.png,
Matemáticas II,2015,Junio,Ejercicio 1. Opción A.,Funciones,MATEMÁTICAS II. 2015. JUNIO. EJERCICIO 1. OPCIÓN A.,"Se quiere construir un depósito abierto de base cuadrada y paredes verticales con capacidad
para 13’5 metros cúbicos. Para ello se dispone de una chapa de acero de grosor uniforme.",2015 - Funciones.pdf,enunciados_PNG/2015 - Funciones_png/2015_junio_ejercicio_1_opcion_a.png,
Matemáticas II,2015,Junio,Ejercicio 1. Opción B.,Funciones,MATEMÁTICAS II. 2015. JUNIO. EJERCICIO 1. OPCIÓN B.,"ax2 bx1cos(x)
Sabiendo que lim es finito e igual a 1, calcula los valores de a y b.
x0",2015 - Funciones.pdf,enunciados_PNG/2015 - Funciones_png/2015_junio_ejercicio_1_opcion_b.png,
Matemáticas II,2015,Reserva 1,Ejercicio 1. Opción A.,Funciones,MATEMÁTICAS II. 2015. RESERVA 1. EJERCICIO 1. OPCIÓN A.,"Se quiere vallar un campo rectangular que está junto a un camino. Si la valla del lado del camino
cuesta 80 euros/metro y la de los otros lados 10 euros/metro, halla las dimensiones del campo de",2015 - Funciones.pdf,enunciados_PNG/2015 - Funciones_png/2015_reserva_1_ejercicio_1_opcion_a.png,
Matemáticas II,2015,Reserva 1,Ejercicio 1. Opción B.,Funciones,MATEMÁTICAS II. 2015. RESERVA 1. EJERCICIO 1. OPCIÓN B.,"Determina a y b sabiendo que b0 y que la función f :  definida como
 acos(x)2x si x 0

f(x)  b
a2ln(x1) si x0

 x1",2015 - Funciones.pdf,enunciados_PNG/2015 - Funciones_png/2015_reserva_1_ejercicio_1_opcion_b.png,
Matemáticas II,2015,Reserva 2,Ejercicio 1. Opción A.,Funciones,MATEMÁTICAS II. 2015. RESERVA 2. EJERCICIO 1. OPCIÓN A.,"Halla a y b sabiendo que es continua la función f :  definida como
 xcos(x)ae x
 si x 0
f(x)  x 2
",2015 - Funciones.pdf,enunciados_PNG/2015 - Funciones_png/2015_reserva_2_ejercicio_1_opcion_a.png,
Matemáticas II,2015,Reserva 2,Ejercicio 1. Opción B.,Funciones,MATEMÁTICAS II. 2015. RESERVA 2. EJERCICIO 1. OPCIÓN B.,"Sea f :  la función definida por f(x)(x2 3x1)ex.
a) Estudia y calcula las asíntotas de la gráfica de f.
b) Halla los puntos de la gráfica de f cuya recta tangente es horizontal.",2015 - Funciones.pdf,enunciados_PNG/2015 - Funciones_png/2015_reserva_2_ejercicio_1_opcion_b.png,
Matemáticas II,2015,Reserva 3,Ejercicio 1. Opción A.,Funciones,MATEMÁTICAS II. 2015. RESERVA 3. EJERCICIO 1. OPCIÓN A.,"e x
Sea f la función definida por f(x) para x1.
x1
a) Estudia y calcula las asíntotas de la gráfica de f.
b) Halla los intervalos de crecimiento y de decrecimiento y los extremos relativos (abscisas donde",2015 - Funciones.pdf,enunciados_PNG/2015 - Funciones_png/2015_reserva_3_ejercicio_1_opcion_a.png,
Matemáticas II,2015,Reserva 3,Ejercicio 1. Opción B.,Funciones,MATEMÁTICAS II. 2015. RESERVA 3. EJERCICIO 1. OPCIÓN B.,"Queremos fabricar una caja con base cuadrada, de tal manera que la altura de la caja más el
perímetro de la base sumen 60 cm. Determina sus dimensiones para que contenga el mayor",2015 - Funciones.pdf,enunciados_PNG/2015 - Funciones_png/2015_reserva_3_ejercicio_1_opcion_b.png,
Matemáticas II,2015,Reserva 4,Ejercicio 1. Opción A.,Funciones,MATEMÁTICAS II. 2015. RESERVA 4. EJERCICIO 1. OPCIÓN A.,"Sea f :  la función dada por f(x)ax 3 bx 2 cxd . Halla los coeficientes a, b, c y d
sabiendo que f presenta un extremo local en el punto de abscisa x0, que (1,0) es punto de",2015 - Funciones.pdf,enunciados_PNG/2015 - Funciones_png/2015_reserva_4_ejercicio_1_opcion_a.png,
Matemáticas II,2015,Reserva 4,Ejercicio 1. Opción B.,Funciones,MATEMÁTICAS II. 2015. RESERVA 4. EJERCICIO 1. OPCIÓN B.,"Sea f :  la función definida por f(x) x2  x .
a) Estudia la derivabilidad de f.
b) Determina los intervalos de crecimiento y de decrecimiento de f.",2015 - Funciones.pdf,enunciados_PNG/2015 - Funciones_png/2015_reserva_4_ejercicio_1_opcion_b.png,
Matemáticas II,2015,Septiembre,Ejercicio 1. Opción A.,Funciones,MATEMÁTICAS II. 2015. SEPTIEMBRE. EJERCICIO 1. OPCIÓN A.,"ax2 b
Halla los valores de a, b y c sabiendo que la gráfica de la función f(x) tiene una
xc
asíntota vertical en x1, una asíntota oblicua de pendiente 2, y un extremo local de abscisa",2015 - Funciones.pdf,enunciados_PNG/2015 - Funciones_png/2015_septiembre_ejercicio_1_opcion_a.png,
Matemáticas II,2015,Septiembre,Ejercicio 1. Opción B.,Funciones,MATEMÁTICAS II. 2015. SEPTIEMBRE. EJERCICIO 1. OPCIÓN B.,"Un granjero desea vallar un terreno rectangular de pasto adyacente a un río. El terreno debe
tener 180.000 m2 para producir suficiente pasto para su ganado. ¿Qué dimensiones tendrá el
terreno rectangular de modo que utilice la mínima cantidad de valla, si el lado que da al rio no",2015 - Funciones.pdf,enunciados_PNG/2015 - Funciones_png/2015_septiembre_ejercicio_1_opcion_b.png,
Matemáticas II,2016,Junio,Ejercicio 1. Opción A.,Funciones,MATEMÁTICAS II. 2016. JUNIO. EJERCICIO 1. OPCIÓN A.,"ln(x1)asenx xcos(3x)
Sabiendo que lim es finito, calcula a y el valor del límite.
x0",2016 - Funciones.pdf,enunciados_PNG/2016 - Funciones_png/2016_junio_ejercicio_1_opcion_a.png,
Matemáticas II,2016,Junio,Ejercicio 1. Opción B.,Funciones,MATEMÁTICAS II. 2016. JUNIO. EJERCICIO 1. OPCIÓN B.,"x
Sea f :  la función definida por f(x) .
x2 1
a) Estudia y determina las asíntotas de la gráfica de f. Calcula los puntos de corte de dichas
asíntotas con la gráfica de f.
b) Halla los intervalos de crecimiento y de decrecimiento f y los extremos relativos de f
(abscisas donde se obtienen y valores que se alcanzan).",2016 - Funciones.pdf,enunciados_PNG/2016 - Funciones_png/2016_junio_ejercicio_1_opcion_b.png,
Matemáticas II,2016,Reserva 1,Ejercicio 1. Opción A.,Funciones,MATEMÁTICAS II. 2016. RESERVA 1. EJERCICIO 1. OPCIÓN A.,"cos(x)(1acos(x))
Sabiendo que lim es finito, calcula a y el valor del límite.
x0",2016 - Funciones.pdf,enunciados_PNG/2016 - Funciones_png/2016_reserva_1_ejercicio_1_opcion_a.png,
Matemáticas II,2016,Reserva 1,Ejercicio 1. Opción B.,Funciones,MATEMÁTICAS II. 2016. RESERVA 1. EJERCICIO 1. OPCIÓN B.,"Se dispone de un cartón cuadrado de 50 cm de lado para construir una caja sin tapadera a
partir del cartón. Para ello, se corta un cuadrado de x cm de lado en cada una de las esquinas.",2016 - Funciones.pdf,enunciados_PNG/2016 - Funciones_png/2016_reserva_1_ejercicio_1_opcion_b.png,
Matemáticas II,2016,Reserva 2,Ejercicio 1. Opción A.,Funciones,MATEMÁTICAS II. 2016. RESERVA 2. EJERCICIO 1. OPCIÓN A.,"lnx
Sea la función f :(0,) definida por f(x) , donde ln denota logaritmo
x
neperiano.
a) Estudia y determina las asíntotas de la gráfica de f.
b) Halla los extremos relativos (abscisas donde se obtienen y valores que se alcanzan) y los",2016 - Funciones.pdf,enunciados_PNG/2016 - Funciones_png/2016_reserva_2_ejercicio_1_opcion_a.png,
Matemáticas II,2016,Reserva 2,Ejercicio 1. Opción B.,Funciones,MATEMÁTICAS II. 2016. RESERVA 2. EJERCICIO 1. OPCIÓN B.,"Sea f :  la función definida por f(x) x3 ax 2 bxc. Determina a, b, c sabiendo
que la gráfica de f tiene tangente horizontal en el punto de abscisa x1 y un punto de
inflexión en (1,5).",2016 - Funciones.pdf,enunciados_PNG/2016 - Funciones_png/2016_reserva_2_ejercicio_1_opcion_b.png,
Matemáticas II,2016,Reserva 3,Ejercicio 1. Opción A.,Funciones,MATEMÁTICAS II. 2016. RESERVA 3. EJERCICIO 1. OPCIÓN A.,"Sea f :  la función definida por f(x)(eax b)x, con a0. Calcula a y b sabiendo
que f tiene un extremo relativo en x0 y su gráfica, un punto de inflexión en el punto cuya",2016 - Funciones.pdf,enunciados_PNG/2016 - Funciones_png/2016_reserva_3_ejercicio_1_opcion_a.png,
Matemáticas II,2016,Reserva 3,Ejercicio 1. Opción B.,Funciones,MATEMÁTICAS II. 2016. RESERVA 3. EJERCICIO 1. OPCIÓN B.,"De un terreno se desea vender un solar rectangular de 12.800 m 2dividido en tres parcelas
iguales como las que aparecen en el dibujo. Si se quieren vallar las lindes de las tres parcelas
(los bordes y las separaciones de las parcelas), determina las dimensiones del solar para que la",2016 - Funciones.pdf,enunciados_PNG/2016 - Funciones_png/2016_reserva_3_ejercicio_1_opcion_b.png,
Matemáticas II,2016,Reserva 4,Ejercicio 1. Opción A.,Funciones,MATEMÁTICAS II. 2016. RESERVA 4. EJERCICIO 1. OPCIÓN A.,"Se quiere construir un bote de conservas cilíndrico, con tapa, de un litro de capacidad. Calcula
las dimensiones del bote para que en su construcción se utilice la menor cantidad posible de",2016 - Funciones.pdf,enunciados_PNG/2016 - Funciones_png/2016_reserva_4_ejercicio_1_opcion_a.png,
Matemáticas II,2016,Reserva 4,Ejercicio 1. Opción B.,Funciones,MATEMÁTICAS II. 2016. RESERVA 4. EJERCICIO 1. OPCIÓN B.,"Sea f :  la función definida por f(x) x2 4 .
a) Determina los intervalos de crecimiento y de decrecimiento de f y calcula sus extremos
relativos (abscisas donde se obtienen y valores que se alcanzan).
b) Calcula la ecuación de la recta tangente y de la recta normal a la gráfica de f en el punto de",2016 - Funciones.pdf,enunciados_PNG/2016 - Funciones_png/2016_reserva_4_ejercicio_1_opcion_b.png,
Matemáticas II,2016,Septiembre,Ejercicio 1. Opción A.,Funciones,MATEMÁTICAS II. 2016. SEPTIEMBRE. EJERCICIO 1. OPCIÓN A.," 1 m 
Sabiendo que lim



es finito, calcula m y el valor del límite.",2016 - Funciones.pdf,enunciados_PNG/2016 - Funciones_png/2016_septiembre_ejercicio_1_opcion_a.png,
Matemáticas II,2016,Septiembre,Ejercicio 1. Opción B.,Funciones,MATEMÁTICAS II. 2016. SEPTIEMBRE. EJERCICIO 1. OPCIÓN B.,"Sea f :  la función definida por f(x) x2ex2
a) Estudia y determina las asíntotas de la gráfica de f.
b) Determina los intervalos de crecimiento y de decrecimiento de f y calcula sus extremos
relativos (abscisas donde se obtienen y valores que se alcanzan).",2016 - Funciones.pdf,enunciados_PNG/2016 - Funciones_png/2016_septiembre_ejercicio_1_opcion_b.png,
Matemáticas II,2017,Junio,Ejercicio 1. Opción A.,Funciones,MATEMÁTICAS II. 2017. JUNIO. EJERCICIO 1. OPCIÓN A.,"Se quiere hacer una puerta rectangular coronada por un semicírculo como el de la figura. El
hueco de la puerta tiene que tener 16 metros cuadrados. Si es posible, determina la base x para
que el perímetro sea mínimo.
h",2017 - Funciones.pdf,enunciados_PNG/2017 - Funciones_png/2017_junio_ejercicio_1_opcion_a.png,
Matemáticas II,2017,Junio,Ejercicio 1. Opción B.,Funciones,MATEMÁTICAS II. 2017. JUNIO. EJERCICIO 1. OPCIÓN B.,"x2
C onsidera la función f definida por f(x) para x1
x1
a) Estudia y determina las asíntotas de la gráfica de f.
b) Estudia y determina los intervalos de crecimiento y los intervalos de decrecimiento de f.",2017 - Funciones.pdf,enunciados_PNG/2017 - Funciones_png/2017_junio_ejercicio_1_opcion_b.png,
Matemáticas II,2017,Reserva 1,Ejercicio 1. Opción A.,Funciones,MATEMÁTICAS II. 2017. RESERVA 1. EJERCICIO 1. OPCIÓN A.,"Se sabe que la función f :  dada por
3x2 si x0

f(x) x 2 2acos(x) si 0 x  

ax 2 b si x  
es continua.
a) Determina a y b.",2017 - Funciones.pdf,enunciados_PNG/2017 - Funciones_png/2017_reserva_1_ejercicio_1_opcion_a.png,
Matemáticas II,2017,Reserva 1,Ejercicio 1. Opción B.,Funciones,MATEMÁTICAS II. 2017. RESERVA 1. EJERCICIO 1. OPCIÓN B.," 1 cosx 
Calcula lim   ",2017 - Funciones.pdf,enunciados_PNG/2017 - Funciones_png/2017_reserva_1_ejercicio_1_opcion_b.png,
Matemáticas II,2017,Reserva 2,Ejercicio 1. Opción A.,Funciones,MATEMÁTICAS II. 2017. RESERVA 2. EJERCICIO 1. OPCIÓN A.,"3x2 2
Se considera la función f dada por f(x) para x1.
x1
a) Estudia y calcula las asíntotas de la gráfica de f.",2017 - Funciones.pdf,enunciados_PNG/2017 - Funciones_png/2017_reserva_2_ejercicio_1_opcion_a.png,
Matemáticas II,2017,Reserva 2,Ejercicio 1. Opción B.,Funciones,MATEMÁTICAS II. 2017. RESERVA 2. EJERCICIO 1. OPCIÓN B.,"Una cuerda de un metro de longitud se divide en dos trozos con los que se construyen un
cuadrado y una circunferencia respectivamente.",2017 - Funciones.pdf,enunciados_PNG/2017 - Funciones_png/2017_reserva_2_ejercicio_1_opcion_b.png,
Matemáticas II,2017,Reserva 3,Ejercicio 1. Opción A.,Funciones,MATEMÁTICAS II. 2017. RESERVA 3. EJERCICIO 1. OPCIÓN A.,"Se necesita construir un depósito cilíndrico, con tapas inferior y superior, con capacidad de
20 m 3. El material para las tapas cuesta 10 euros cada m 2 y el material para el resto del
cilindro 8 euros cada m 2. Calcula, si existe, el radio de las tapas y la altura del cilindro que",2017 - Funciones.pdf,enunciados_PNG/2017 - Funciones_png/2017_reserva_3_ejercicio_1_opcion_a.png,
Matemáticas II,2017,Reserva 3,Ejercicio 1. Opción B.,Funciones,MATEMÁTICAS II. 2017. RESERVA 3. EJERCICIO 1. OPCIÓN B.,Considera la función f :  dada por f(x)ax3 bx2 cxd . Calcula a; b; c y d,2017 - Funciones.pdf,enunciados_PNG/2017 - Funciones_png/2017_reserva_3_ejercicio_1_opcion_b.png,
Matemáticas II,2017,Reserva 4,Ejercicio 1. Opción A.,Funciones,MATEMÁTICAS II. 2017. RESERVA 4. EJERCICIO 1. OPCIÓN A.,"Calcula la función polinómica, de grado 3, de la que se sabe que tiene un extremo relativo en el",2017 - Funciones.pdf,enunciados_PNG/2017 - Funciones_png/2017_reserva_4_ejercicio_1_opcion_a.png,
Matemáticas II,2017,Reserva 4,Ejercicio 1. Opción B.,Funciones,MATEMÁTICAS II. 2017. RESERVA 4. EJERCICIO 1. OPCIÓN B.,"4
Considera la función definida por f(x)x para x0.
x2
a) Estudia y determina las asíntotas de la gráfica de f.
b) Determina los intervalos de crecimiento y de decrecimiento de f y calcula sus extremos
relativos (abscisas donde se obtienen y valores que se alcanzan).",2017 - Funciones.pdf,enunciados_PNG/2017 - Funciones_png/2017_reserva_4_ejercicio_1_opcion_b.png,
Matemáticas II,2017,Septiembre,Ejercicio 1. Opción A.,Funciones,MATEMÁTICAS II. 2017. SEPTIEMBRE. EJERCICIO 1. OPCIÓN A.,"Una imprenta recibe un encargo para realizar una tarjeta rectangular con las siguientes
características: la superficie rectangular que debe ocupar la zona impresa debe ser de 100 cm2
, el margen superior tiene que ser de 2 cm, el inferior de 3 cm y los laterales de 5 cm cada uno.
Calcula, si es posible, las dimensiones que debe tener la tarjeta de forma que se utilice la menor",2017 - Funciones.pdf,enunciados_PNG/2017 - Funciones_png/2017_septiembre_ejercicio_1_opcion_a.png,
Matemáticas II,2017,Septiembre,Ejercicio 1. Opción B.,Funciones,MATEMÁTICAS II. 2017. SEPTIEMBRE. EJERCICIO 1. OPCIÓN B.,"e x ex
Considera la función f :  definida por f(x)
2
a) Estudia y determina los intervalos de crecimiento y de decrecimiento de f. Calcula los
extremos relativos de f (abscisas donde se obtienen y valores que se alcanzan).",2017 - Funciones.pdf,enunciados_PNG/2017 - Funciones_png/2017_septiembre_ejercicio_1_opcion_b.png,
Matemáticas II,2018,Junio,Ejercicio 1. Opción A.,Funciones,MATEMÁTICAS II. 2018. JUNIO. EJERCICIO 1. OPCIÓN A.,"Halla los coeficientes a, b y c sabiendo que la función f :  definida por
f(x) x3 ax2 bxc tiene en x1 un punto de derivada nula que no es extremo relativo y",2018 - Funciones.pdf,enunciados_PNG/2018 - Funciones_png/2018_junio_ejercicio_1_opcion_a.png,
Matemáticas II,2018,Junio,Ejercicio 1. Opción B.,Funciones,MATEMÁTICAS II. 2018. JUNIO. EJERCICIO 1. OPCIÓN B.,"Determina k 0 sabiendo que la función f :  definida por
3kx 2 si x 1

f(x)  2
 si x 1
 kx",2018 - Funciones.pdf,enunciados_PNG/2018 - Funciones_png/2018_junio_ejercicio_1_opcion_b.png,
Matemáticas II,2018,Reserva 1,Eje Rcicio 1. Opción A.,Funciones,MATEMÁTICAS II. 2018. RESERVA 1. EJE RCICIO 1. OPCIÓN A.,"Se desea construir un rectángulo, como el de la figura, de área máxima. La base está situada
sobre el eje OX, un vértice está en la recta y x y el otro, en la recta y 4 x . Se pide:
a) Halla la altura del rectángulo en función de a (ver figura).
b) Halla la base del rectángulo en función de a.",2018 - Funciones.pdf,enunciados_PNG/2018 - Funciones_png/2018_reserva_1_eje_rcicio_1_opcion_a.png,
Matemáticas II,2018,Reserva 1,Ejercicio 1. Opción B.,Funciones,MATEMÁTICAS II. 2018. RESERVA 1. EJERCICIO 1. OPCIÓN B.,"Considera la función f :  dada por
xe x1 si x 0

f(x)  xe x1 si 0 x 1

xe1x si 1 x

a) Estudia la derivabilidad de f en x0 y en x1.",2018 - Funciones.pdf,enunciados_PNG/2018 - Funciones_png/2018_reserva_1_ejercicio_1_opcion_b.png,
Matemáticas II,2018,Reserva 2,Eje Rcicio 1. Opción A.,Funciones,MATEMÁTICAS II. 2018. RESERVA 2. EJE RCICIO 1. OPCIÓN A.,"Se desea construir una canaleta, para la recogida de agua, cuya sección es como la de la figura.
La base y los costados deben medir 10 cm y se trata de darle la inclinación adecuada a los
costados para obtener una sección de área máxima. Se pide:
a) Halla la altura de la canaleta en función de x (ver la figura).
b) Halla el área de la sección de la canaleta en función de x.",2018 - Funciones.pdf,enunciados_PNG/2018 - Funciones_png/2018_reserva_2_eje_rcicio_1_opcion_a.png,
Matemáticas II,2018,Reserva 2,Ejercicio 1. Opción B.,Funciones,MATEMÁTICAS II. 2018. RESERVA 2. EJERCICIO 1. OPCIÓN B.,"ex
Sea f la función definida por f(x) para x1.
x1
a) Estudia y determina las asíntotas de la gráfica de f.
b) Determina los intervalos de crecimiento y de decrecimiento de f y halla sus máximos y
mínimos relativos (puntos en los que se obtienen y valores que alcanza la función).",2018 - Funciones.pdf,enunciados_PNG/2018 - Funciones_png/2018_reserva_2_ejercicio_1_opcion_b.png,
Matemáticas II,2018,Reserva 3,Eje Rcicio 1. Opción A.,Funciones,MATEMÁTICAS II. 2018. RESERVA 3. EJE RCICIO 1. OPCIÓN A.,"Considera un triángulo isósceles en el que el lado desigual mide 8 cm y la altura
correspondiente mide 5 cm. Calcula las dimensiones del rectángulo de área máxima que se",2018 - Funciones.pdf,enunciados_PNG/2018 - Funciones_png/2018_reserva_3_eje_rcicio_1_opcion_a.png,
Matemáticas II,2018,Reserva 3,Ejercicio 1. Opción B.,Funciones,MATEMÁTICAS II. 2018. RESERVA 3. EJERCICIO 1. OPCIÓN B.,"Sea f :  función definida por f(x) x xex
a) Calcula la ecuación de la recta tangente a la gráfica de f que es paralela a la recta
x y1 0.",2018 - Funciones.pdf,enunciados_PNG/2018 - Funciones_png/2018_reserva_3_ejercicio_1_opcion_b.png,
Matemáticas II,2018,Reserva 4,Ejercicio 1. Opción A.,Funciones,MATEMÁTICAS II. 2018. RESERVA 4. EJERCICIO 1. OPCIÓN A.,"tg(x) x
Calcula lim",2018 - Funciones.pdf,enunciados_PNG/2018 - Funciones_png/2018_reserva_4_ejercicio_1_opcion_a.png,
Matemáticas II,2018,Reserva 4,Ejercicio 1. Opción B.,Funciones,MATEMÁTICAS II. 2018. RESERVA 4. EJERCICIO 1. OPCIÓN B.,"Se desea construir una caja sin tapadera de base cuadrada. El precio del material es de 18
euros/m2 para los laterales y de 24 euros/m2 para la base. Halla las dimensiones de la caja de",2018 - Funciones.pdf,enunciados_PNG/2018 - Funciones_png/2018_reserva_4_ejercicio_1_opcion_b.png,
Matemáticas II,2018,Septiembre,Ejercicio 1. Opción A.,Funciones,MATEMÁTICAS II. 2018. SEPTIEMBRE. EJERCICIO 1. OPCIÓN A.," ax 2 bxc si x  0

Considera la función f :  definida por f(x) e x e x 2x .
si x 0

 xsen(x)
Determina a, b y c sabiendo que f es continua, alcanza su máximo relativo en x  1 y la recta",2018 - Funciones.pdf,enunciados_PNG/2018 - Funciones_png/2018_septiembre_ejercicio_1_opcion_a.png,
Matemáticas II,2018,Septiembre,Ejercicio 1. Opción B.,Funciones,MATEMÁTICAS II. 2018. SEPTIEMBRE. EJERCICIO 1. OPCIÓN B.,"Considera la función f definida por f(x)aln(x)bx2  x para x0, donde ln denota la
función logaritmo neperiano.
a) Halla a y b sabiendo que f tiene extremos relativos en x1 y en x2.",2018 - Funciones.pdf,enunciados_PNG/2018 - Funciones_png/2018_septiembre_ejercicio_1_opcion_b.png,
Matemáticas II,2019,Junio,Ejercicio 1. Opción A.,Funciones,MATEMÁTICAS II. 2019. JUNIO. EJERCICIO 1. OPCIÓN A.,"x2 3x4
Considera la función f definida por f(x) para x  1
2x2
a) Estudia y halla las asíntotas de la gráfica de f.",2019 - Funciones.pdf,enunciados_PNG/2019 - Funciones_png/2019_junio_ejercicio_1_opcion_a.png,
Matemáticas II,2019,Junio,Ejercicio 1. Opción B.,Funciones,MATEMÁTICAS II. 2019. JUNIO. EJERCICIO 1. OPCIÓN B.,"Considera la función f :  definida por f(x)(xa)ex.
a) Determina a sabiendo que la función tiene un punto crítico en x0.",2019 - Funciones.pdf,enunciados_PNG/2019 - Funciones_png/2019_junio_ejercicio_1_opcion_b.png,
Matemáticas II,2019,Reserva 1,Ejercicio 1. Opción A.,Funciones,MATEMÁTICAS II. 2019. RESERVA 1. EJERCICIO 1. OPCIÓN A.,"cos(x)e2x 2x
C alcula lim .
x0",2019 - Funciones.pdf,enunciados_PNG/2019 - Funciones_png/2019_reserva_1_ejercicio_1_opcion_a.png,
Matemáticas II,2019,Reserva 1,Ejercicio 1. Opción B.,Funciones,MATEMÁTICAS II. 2019. RESERVA 1. EJERCICIO 1. OPCIÓN B.,"x 2 ax2b si x0

Se sabe que la función f :  , dada por: f(x)  ln(x1)
 si x0
 x",2019 - Funciones.pdf,enunciados_PNG/2019 - Funciones_png/2019_reserva_1_ejercicio_1_opcion_b.png,
Matemáticas II,2019,Reserva 2,Ejercicio 1. Opción A,Funciones,MATEMÁTICAS II. 2019. RESERVA 2. EJERCICIO 1. OPCIÓN A,"cos(x)
S e considera la función f :(2,2) definida por f(x)
2cos(x)
a) Calcula sus intervalos de crecimiento y de decrecimiento.
b) Halla sus máximos y mínimos relativos (abscisas en los que se obtienen y valores que se",2019 - Funciones.pdf,enunciados_PNG/2019 - Funciones_png/2019_reserva_2_ejercicio_1_opcion_a.png,
Matemáticas II,2019,Reserva 2,Ejercicio 1. Opción B,Funciones,MATEMÁTICAS II. 2019. RESERVA 2. EJERCICIO 1. OPCIÓN B,"Se sabe que la gráfica de la función f :  , dada por f(x)2x3 ax2 bxc
tiene un punto de inflexión para x1 y que la ecuación de la recta tangente a dicha gráfica en",2019 - Funciones.pdf,enunciados_PNG/2019 - Funciones_png/2019_reserva_2_ejercicio_1_opcion_b.png,
Matemáticas II,2019,Reserva 3,Ejercicio 1. Opción A,Funciones,MATEMÁTICAS II. 2019. RESERVA 3. EJERCICIO 1. OPCIÓN A,"Según un determinado modelo, la concentración en sangre de cierto medicamento viene dada
t

por la función C(t) te 2 mg/ml , siendo t el tiempo en horas transcurridas desde que se le
administra el medicamento al enfermo.
a) Determina, si existe, el valor máximo absoluto de la función y en qué momento se alcanza.
b) Sabiendo que la máxima concentración sin peligro para el paciente es 1 mg/ml, señala si en",2019 - Funciones.pdf,enunciados_PNG/2019 - Funciones_png/2019_reserva_3_ejercicio_1_opcion_a.png,
Matemáticas II,2019,Reserva 3,Ejercicio 1. Opción B,Funciones,MATEMÁTICAS II. 2019. RESERVA 3. EJERCICIO 1. OPCIÓN B,"1
Dada f :(1,e) la función definida por f(x) ln(x) (ln denota la función logaritmo
x",2019 - Funciones.pdf,enunciados_PNG/2019 - Funciones_png/2019_reserva_3_ejercicio_1_opcion_b.png,
Matemáticas II,2019,Reserva 4,Ejercicio 1. Opción A,Funciones,MATEMÁTICAS II. 2019. RESERVA 4. EJERCICIO 1. OPCIÓN A,"Dada la función f :0,2 , definida por f(x) sen(x)cos(x), calcula sus máximos y
mínimos relativos y los puntos de inflexión de la gráfica de f (abscisas en los que se obtienen y",2019 - Funciones.pdf,enunciados_PNG/2019 - Funciones_png/2019_reserva_4_ejercicio_1_opcion_a.png,
Matemáticas II,2019,Reserva 4,Ejercicio 1. Opción B,Funciones,MATEMÁTICAS II. 2019. RESERVA 4. EJERCICIO 1. OPCIÓN B,"axb
Considera la función f definida por f(x) para cx10
cx1
Determina a, b y c sabiendo que la recta x  1 es una asíntota vertical a la gráfica de f y que",2019 - Funciones.pdf,enunciados_PNG/2019 - Funciones_png/2019_reserva_4_ejercicio_1_opcion_b.png,
Matemáticas II,2019,Septiembre,Ejercicio 1. Opción A.,Funciones,MATEMÁTICAS II. 2019. SEPTIEMBRE. EJERCICIO 1. OPCIÓN A.,"1
Dada la función f :  definida por f(x)6 x2, calcula las dimensiones del
6
rectángulo de área máxima, de lados paralelos a los ejes, inscrito en el recinto comprendido",2019 - Funciones.pdf,enunciados_PNG/2019 - Funciones_png/2019_septiembre_ejercicio_1_opcion_a.png,
Matemáticas II,2019,Septiembre,Ejercicio 1. Opción B.,Funciones,MATEMÁTICAS II. 2019. SEPTIEMBRE. EJERCICIO 1. OPCIÓN B.,"Se sabe que la función f :  , dada por
sen(x)axb si x0

f(x)  ln(x1)
si x0

 x",2019 - Funciones.pdf,enunciados_PNG/2019 - Funciones_png/2019_septiembre_ejercicio_1_opcion_b.png,
Matemáticas II,2020,Junio,Ejercicio 1,Funciones,MATEMÁTICAS II. 2020. JUNIO. EJERCICIO 1,"x2 2x3
Considera la función f definida por f(x) para x 1, 1
x2 1
a) (1’25 puntos) Estudia y halla las asíntotas de la gráfica de f.",2020 - Funciones.pdf,enunciados_PNG/2020 - Funciones_png/2020_junio_ejercicio_1.png,
Matemáticas II,2020,Junio,Ejercicio 5,Funciones,MATEMÁTICAS II. 2020. JUNIO. EJERCICIO 5,"sen(x)
S ea f :0,2 la función definida por f(x)
2cos(x)
a) (2 puntos) Halla los extremos absolutos de f (abscisas donde de obtienen y valores que se
alcanzan).
b) (0’5 puntos) Determina la ecuación de la recta tangente y de la recta normal a la gráfica de f

e n el punto de abscisas x  .",2020 - Funciones.pdf,enunciados_PNG/2020 - Funciones_png/2020_junio_ejercicio_5.png,
Matemáticas II,2020,Reserva 1,Ejercicio 1,Funciones,MATEMÁTICAS II. 2020. RESERVA 1. EJERCICIO 1," 1 ax1 7
(2’5 puntos) Calcula a sabiendo que lim    (ln denota la función
x0 ln(1 x) x  2",2020 - Funciones.pdf,enunciados_PNG/2020 - Funciones_png/2020_reserva_1_ejercicio_1.png,
Matemáticas II,2020,Reserva 1,Ejercicio 5,Funciones,MATEMÁTICAS II. 2020. RESERVA 1. EJERCICIO 5,"(2’5 puntos) Una familia desea acotas una zona rectangular en el jardín de su casa para dedicarla
al cultivo ecológico. Para ello dispone de 96 metros de valla, pero necesita una abertura de 4
metros en uno de los laterales para instalar una puerta. Determina las dimensiones de la zona",2020 - Funciones.pdf,enunciados_PNG/2020 - Funciones_png/2020_reserva_1_ejercicio_5.png,
Matemáticas II,2020,Reserva 2,Ejercicio 1,Funciones,MATEMÁTICAS II. 2020. RESERVA 2. EJERCICIO 1,"xex ln(1 x)(a1)x
(2’5 puntos) Sabiendo que lim es finito, calcula a y el valor del límite
x0
x2",2020 - Funciones.pdf,enunciados_PNG/2020 - Funciones_png/2020_reserva_2_ejercicio_1.png,
Matemáticas II,2020,Reserva 2,Ejercicio 5,Funciones,MATEMÁTICAS II. 2020. RESERVA 2. EJERCICIO 5,"x
Sea f la función definida por f(x) para x2.
2 x
a) (1’25 Puntos). Estudia la derivabilidad de f.",2020 - Funciones.pdf,enunciados_PNG/2020 - Funciones_png/2020_reserva_2_ejercicio_5.png,
Matemáticas II,2020,Reserva 3,Ejercicio 1,Funciones,MATEMÁTICAS II. 2020. RESERVA 3. EJERCICIO 1,"x3
Considera la función f definida por f(x) para x 1,1.
x2 1
a) (1’25 Puntos). Estudia y halla las asíntotas a la gráfica de f.",2020 - Funciones.pdf,enunciados_PNG/2020 - Funciones_png/2020_reserva_3_ejercicio_1.png,
Matemáticas II,2020,Reserva 3,Ejercicio 5,Funciones,MATEMÁTICAS II. 2020. RESERVA 3. EJERCICIO 5,"(2’5 Puntos). Se sabe que la función f :  dada por f(x)ax3 bx2 cxd tiene un
punto crítico en x0, que su gráfica pasa por (0,3) y que la recta y  2x2 es tangente a",2020 - Funciones.pdf,enunciados_PNG/2020 - Funciones_png/2020_reserva_3_ejercicio_5.png,
Matemáticas II,2020,Reserva 4,Ejercicio 1,Funciones,MATEMÁTICAS II. 2020. RESERVA 4. EJERCICIO 1,(2’5 Puntos). Sea f :  la función definida por f(x)(5 x)e x4. Determina los,2020 - Funciones.pdf,enunciados_PNG/2020 - Funciones_png/2020_reserva_4_ejercicio_1.png,
Matemáticas II,2020,Reserva 4,Ejercicio 5,Funciones,MATEMÁTICAS II. 2020. RESERVA 4. EJERCICIO 5,"(2’5 Puntos). Se sabe que la función f :  , dada por f(x)ax3 bx2 cx1 tiene un
punto crítico en x2 y que la recta normal a su gráfica en el punto de abscisa x1 es
1 3
y  x . Calcula a, b y c.",2020 - Funciones.pdf,enunciados_PNG/2020 - Funciones_png/2020_reserva_4_ejercicio_5.png,
Matemáticas II,2020,Septiembre,Ejercicio 1,Funciones,MATEMÁTICAS II. 2020. SEPTIEMBRE. EJERCICIO 1,(2’5 puntos) Considera la función f :  dada por: f(x)ex(x2 5x6). Determina los,2020 - Funciones.pdf,enunciados_PNG/2020 - Funciones_png/2020_septiembre_ejercicio_1.png,
Matemáticas II,2020,Septiembre,Ejercicio 5.,Funciones,MATEMÁTICAS II. 2020. SEPTIEMBRE. EJERCICIO 5.," e2ax4b si x1
Sea la función derivable f :  definida por f (x) 
1 xlnx si x1
(ln denota la función logaritmo neperiano)
a) (1’75 puntos) Determina los valores de a y b.
b) (0’75 puntos) Halla la ecuación de la recta tangente a la gráfica de f en el punto de abscisa",2020 - Funciones.pdf,enunciados_PNG/2020 - Funciones_png/2020_septiembre_ejercicio_5.png,
Matemáticas II,2021,Junio,Ejercicio 1,Funciones,MATEMÁTICAS II. 2021. JUNIO. EJERCICIO 1,"ax2 bx2
Se sabe que la gráfica de la función f definida por f(x) (para x1) tiene una
x1",2021 - Funciones.pdf,enunciados_PNG/2021 - Funciones_png/2021_junio_ejercicio_1.png,
asignatura_desconocida,2021,Junio,Ejercicio 2,Funciones,M ATEMÁTICAS II. 2021. JUNIO. EJERCICIO 2," (3x6)e x si x0

Considera la función continua f :  definida por f(x) 36(sen(x)ax) .
 si x0
 x3
a) Calcula a.",2021 - Funciones.pdf,enunciados_PNG/2021 - Funciones_png/2021_junio_ejercicio_2.png,
Matemáticas II,2021,Reserva 1,Ejercicio 1,Funciones,MATEMÁTICAS II. 2021. RESERVA 1. EJERCICIO 1,"Calcula a, b, c y d sabiendo que la gráfica de la función f :  definida por
f(x)ax 3 bx 2 cxd tiene un punto de inflexión en (0,4) y su recta normal en el punto",2021 - Funciones.pdf,enunciados_PNG/2021 - Funciones_png/2021_reserva_1_ejercicio_1.png,
Matemáticas II,2021,Reserva 1,Ejercicio 2,Funciones,MATEMÁTICAS II. 2021. RESERVA 1. EJERCICIO 2,"x2 10
Considera la función f definida por f(x) para (x  3 , x 1)
x2 2x3
a) Estudia y halla las asíntotas de la gráfica de f.",2021 - Funciones.pdf,enunciados_PNG/2021 - Funciones_png/2021_reserva_1_ejercicio_2.png,
Matemáticas II,2021,Reserva 2,Ejercicio 1,Funciones,MATEMÁTICAS II. 2021. RESERVA 2. EJERCICIO 1," x1 a 
Sabiendo que lim    es finito, calcula a y el valor del límite (ln denota el logaritmo
x0 ln(x1) x",2021 - Funciones.pdf,enunciados_PNG/2021 - Funciones_png/2021_reserva_2_ejercicio_1.png,
Matemáticas II,2021,Reserva 2,Ejercicio 2,Funciones,MATEMÁTICAS II. 2021. RESERVA 2. EJERCICIO 2,"ax2 b
Sea f la función definida por f(x) (para xa).
a x
a) Halla a y b sabiendo que la gráfica de f pasa por el punto (2,3) y tiene una asíntota oblicua
cuya pendiente vale 4.
b) Para a2 y b3, calcula las ecuaciones de las rectas tangente y normal a la gráfica de f en",2021 - Funciones.pdf,enunciados_PNG/2021 - Funciones_png/2021_reserva_2_ejercicio_2.png,
Matemáticas II,2021,Reserva 3,Ejercicio 1.,Funciones,MATEMÁTICAS II. 2021. RESERVA 3. EJERCICIO 1.," axb
 si x 0
Sea la función derivable f :  definida por f (x)  x1

ln(1 x) si x 0
(ln denota la función logaritmo neperiano)
a) Determina a y b.
b) Halla las ecuaciones de las rectas tangente y normal a la gráfica de f en el punto de abscisa",2021 - Funciones.pdf,enunciados_PNG/2021 - Funciones_png/2021_reserva_3_ejercicio_1.png,
Matemáticas II,2021,Reserva 3,Ejercicio 2,Funciones,MATEMÁTICAS II. 2021. RESERVA 3. EJERCICIO 2,"Halla a, b y c sabiendo que la función f :  dada por f(x)absen(x)csen(2x)
1
tiene un punto crítico en el punto de abscisa x   y la recta y x3 es normal a la
2",2021 - Funciones.pdf,enunciados_PNG/2021 - Funciones_png/2021_reserva_3_ejercicio_2.png,
asignatura_desconocida,2021,Reserva 4,Ejercicio 1,Funciones,M ATEMÁTICAS II. 2021. RESERVA 4. EJERCICIO 1,"ln(e x  x 3)
si x0

x


S ea la función continua f :  definida por f(x)  4x2 a si 0 x1.

bsen(x) si 1 x

",2021 - Funciones.pdf,enunciados_PNG/2021 - Funciones_png/2021_reserva_4_ejercicio_1.png,
Matemáticas II,2021,Reserva 4,Ejercicio 2,Funciones,MATEMÁTICAS II. 2021. RESERVA 4. EJERCICIO 2,"e2x 1
S ea f :  la función definida por f(x)
e2x 1
a) Estudia y halla las asíntotas de la gráfica de f.",2021 - Funciones.pdf,enunciados_PNG/2021 - Funciones_png/2021_reserva_4_ejercicio_2.png,
Matemáticas II,2021,Julio,Ejercicio 1,Funciones,MATEMÁTICAS II. 2021. JULIO. EJERCICIO 1,"a1cos(x)bsen(x)2  e x 1 
Calcula a y b sabiendo que lim 7
x0",2021 - Funciones.pdf,enunciados_PNG/2021 - Funciones_png/2021_julio_ejercicio_1.png,
asignatura_desconocida,2021,Julio,Ejercicio 2,Funciones,M ATEMÁTICAS II. 2021. JULIO. EJERCICIO 2,"bx2
Halla a0 y b0 sabiendo que la gráfica de la función f :  dada por f(x)
1ax4",2021 - Funciones.pdf,enunciados_PNG/2021 - Funciones_png/2021_julio_ejercicio_2.png,
Matemáticas II,2022,Junio,Ejercicio 1,Funciones,MATEMÁTICAS II. 2022. JUNIO. EJERCICIO 1,"Considera la función continua f definida por
 1
si x  1

x

f(x) axb si 1 x 1

x2
 si x 1
 x1
a) Calcula a y b.",2022 - Funciones.pdf,enunciados_PNG/2022 - Funciones_png/2022_junio_ejercicio_1.png,
Matemáticas II,2022,Junio,Ejercicio 2,Funciones,MATEMÁTICAS II. 2022. JUNIO. EJERCICIO 2,"De entre todos los rectángulos con lados paralelos a los ejes de coordenadas, determina las
dimensiones de aquel de área máxima que puede inscribirse en la región limitada por las
x2 x2
gráficas de las funciones f,g:  , definidas por f(x)4 y g(x) 2",2022 - Funciones.pdf,enunciados_PNG/2022 - Funciones_png/2022_junio_ejercicio_2.png,
Matemáticas II,2022,Reserva 1,Ejercicio 1,Funciones,MATEMÁTICAS II. 2022. RESERVA 1. EJERCICIO 1," x2 1
si x 0

 x1
Sea f la función continua definida por f(x)  .
axb

si x 0
 (x1)2
a) Determina a y b sabiendo que f tiene un extremo relativo en el punto de abscisa x2.",2022 - Funciones.pdf,enunciados_PNG/2022 - Funciones_png/2022_reserva_1_ejercicio_1.png,
Matemáticas II,2022,Reserva 1,Ejercicio 2,Funciones,MATEMÁTICAS II. 2022. RESERVA 1. EJERCICIO 2,"Se quiere cercar un trozo de terreno como el de la figura, de modo que el área del recinto
200
central rectangular sea de metros cuadrados. Sabiendo que el coste de la cerca que se

puede poner en los tramos rectos es de 10 euros por metro lineal, y en los tramos circulares de
20 euros por metro lineal, calcula las dimensiones a y b del terreno para las que se minimiza el",2022 - Funciones.pdf,enunciados_PNG/2022 - Funciones_png/2022_reserva_1_ejercicio_2.png,
Matemáticas II,2022,Reserva 2,Ejercicio 1,Funciones,MATEMÁTICAS II. 2022. RESERVA 2. EJERCICIO 1,"

x2 2 si x  0


Sea f la función continua definida por f (x)  axb si 0 x  2

x 3
  si 2 x
2 2 2

a) Calcula a y b.
b) Para a  1 y b4, estudia si existe la derivada de f en x2. En caso afirmativo, calcula",2022 - Funciones.pdf,enunciados_PNG/2022 - Funciones_png/2022_reserva_2_ejercicio_1.png,
Matemáticas II,2022,Reserva 2,Ejercicio 2,Funciones,MATEMÁTICAS II. 2022. RESERVA 2. EJERCICIO 2,"Considera la función f :  definida por f(x)ln(x2 1) (donde ln denota la función
logaritmo neperiano).
a) Determina los intervalos de crecimiento y decrecimiento de f.
b) Determina los intervalos de convexidad y de concavidad de f y los puntos de inflexión de su",2022 - Funciones.pdf,enunciados_PNG/2022 - Funciones_png/2022_reserva_2_ejercicio_2.png,
Matemáticas II,2022,Reserva 3,Ejercicio 1,Funciones,MATEMÁTICAS II. 2022. RESERVA 3. EJERCICIO 1,"asen(x) xln(x1)bx2
Calcula a y b sabiendo que lim  2 (donde ln denota la función
x0 x3  x2",2022 - Funciones.pdf,enunciados_PNG/2022 - Funciones_png/2022_reserva_3_ejercicio_1.png,
Matemáticas II,2022,Reserva 3,Ejercicio 2,Funciones,MATEMÁTICAS II. 2022. RESERVA 3. EJERCICIO 2,"Sea f :0,2 , la función definida por f(x)e xcos(x)sen(x)
a) Halla los extremos absolutos de f (abscisas donde se obtienen y valores que se alcanzan)
b) Determina la ecuación de la recta tangente y la ecuación de la recta normal a la gráfica de f
3
en el punto de abscisa x ",2022 - Funciones.pdf,enunciados_PNG/2022 - Funciones_png/2022_reserva_3_ejercicio_2.png,
Matemáticas II,2022,Reserva 4,Ejercicio 1,Funciones,MATEMÁTICAS II. 2022. RESERVA 4. EJERCICIO 1,"ex e x  x
 si x 0
S ea f la función continua definida por f(x)  x2 .

  si x 0
a ) Calcula  y .
b) Para  2, calcula la ecuación de la recta tangente a la gráfica de f en el punto de abscisa",2022 - Funciones.pdf,enunciados_PNG/2022 - Funciones_png/2022_reserva_4_ejercicio_1.png,
asignatura_desconocida,2022,Reserva 4,Ejercicio 2,Funciones,M ATEMÁTICAS II. 2022. RESERVA 4. EJERCICIO 2,"x4 3x2 2
Considera la función f definida por f(x) , para x  2
(x2)3
a ) Estudia y halla las asíntotas de la gráfica de f.",2022 - Funciones.pdf,enunciados_PNG/2022 - Funciones_png/2022_reserva_4_ejercicio_2.png,
Matemáticas II,2022,Julio,Ejercicio 1,Funciones,MATEMÁTICAS II. 2022. JULIO. EJERCICIO 1,"ax
Calcula a sabiendo que lim 1
xln(x)3
2x",2022 - Funciones.pdf,enunciados_PNG/2022 - Funciones_png/2022_julio_ejercicio_1.png,
Matemáticas II,2022,Julio,Ejercicio 2,Funciones,MATEMÁTICAS II. 2022. JULIO. EJERCICIO 2,"Calcula los vértices y el área del rectángulo de área máxima inscrito en el recinto limitado por
la gráfica de la función f :  definida por f(x) x2 12 y el eje de abscisas, y que",2022 - Funciones.pdf,enunciados_PNG/2022 - Funciones_png/2022_julio_ejercicio_2.png,
Matemáticas II,2023,Junio,Ejercicio 1,Funciones,MATEMÁTICAS II. 2023. JUNIO. EJERCICIO 1,"1
Considera la función f :  definida por f(x)
ex ex
a) Estudia y halla los máximos y mínimos absolutos de f (abscisas donde se obtienen y valores
que se alcanzan).
b) Calcula lim  x2f(x)  .",2023 - Funciones.pdf,enunciados_PNG/2023 - Funciones_png/2023_junio_ejercicio_1.png,
Matemáticas II,2023,Junio,Ejercicio 2,Funciones,MATEMÁTICAS II. 2023. JUNIO. EJERCICIO 2,"Sea la función f :2,2 definida por f(x) x3 2x5
a) Determina las abscisas de los puntos, si existen, en los que la pendiente de la recta tangente
coincide con la pendiente de la recta que pasa por los puntos 2, f(2) y 2, f(2)
b) Determina la ecuación de la recta tangente y l a ecuación de la recta normal a la gráfica de f en el",2023 - Funciones.pdf,enunciados_PNG/2023 - Funciones_png/2023_junio_ejercicio_2.png,
Matemáticas II,2023,Reserva 1,Ejercicio 1,Funciones,MATEMÁTICAS II. 2023. RESERVA 1. EJERCICIO 1,Determina las longitudes de los lados de un rectángulo de área máxima que está inscrito en una,2023 - Funciones.pdf,enunciados_PNG/2023 - Funciones_png/2023_reserva_1_ejercicio_1.png,
Matemáticas II,2023,Reserva 1,Ejercicio 2,Funciones,MATEMÁTICAS II. 2023. RESERVA 1. EJERCICIO 2,"sen(x)ln(1 x) 1
Sabiendo que lim   , calcula a (ln denota la función logaritmo
x0ax2  xex cos(2x) 7",2023 - Funciones.pdf,enunciados_PNG/2023 - Funciones_png/2023_reserva_1_ejercicio_2.png,
Matemáticas II,2023,Reserva 2,Ejercicio 1,Funciones,MATEMÁTICAS II. 2023. RESERVA 2. EJERCICIO 1,"Halla dos números mayores o iguales que 0, cuya suma sea 1, y el producto de uno de ellos por la",2023 - Funciones.pdf,enunciados_PNG/2023 - Funciones_png/2023_reserva_2_ejercicio_1.png,
Matemáticas II,2023,Reserva 2,Ejercicio 2,Funciones,MATEMÁTICAS II. 2023. RESERVA 2. EJERCICIO 2,"x2 a
Considera la función f(x) , para xb.
xb
a) Calcula a y b para que la gráfica de f pase por el punto (1,2) y tenga a la recta y  x4
como asíntota oblicua..
b) En el caso de a5 y b4, calcula la ecuación de la recta normal a la gráfica de f que pasa",2023 - Funciones.pdf,enunciados_PNG/2023 - Funciones_png/2023_reserva_2_ejercicio_2.png,
Matemáticas II,2023,Reserva 3,Ejercicio 1,Funciones,MATEMÁTICAS II. 2023. RESERVA 3. EJERCICIO 1,"De entre todos los rectángulos de diagonal 10 cm (cada una), calcula las dimensiones del que",2023 - Funciones.pdf,enunciados_PNG/2023 - Funciones_png/2023_reserva_3_ejercicio_1.png,
Matemáticas II,2023,Reserva 3,Ejercicio 2,Funciones,MATEMÁTICAS II. 2023. RESERVA 3. EJERCICIO 2,"1
Considera la función f(x) , para x  0.
x x
a) Calcula los intervalos de concavidad y de convexidad de f , así como los puntos de inflexión
de su gráfica, si existen.",2023 - Funciones.pdf,enunciados_PNG/2023 - Funciones_png/2023_reserva_3_ejercicio_2.png,
Matemáticas II,2023,Reserva 4,Ejercicio 1,Funciones,MATEMÁTICAS II. 2023. RESERVA 4. EJERCICIO 1,"ln(x1)a
Sea f :(1,) la función definida por f(x) (ln denota la función
3x4
logaritmo neperiano).
a) Determina a sabiendo que la pendiente de la recta tangente a la gráfica de la función f en el
punto de abscisa x0 es 1.",2023 - Funciones.pdf,enunciados_PNG/2023 - Funciones_png/2023_reserva_4_ejercicio_1.png,
Matemáticas II,2023,Reserva 4,Ejercicio 2,Funciones,MATEMÁTICAS II. 2023. RESERVA 4. EJERCICIO 2,"En una fábrica de pinturas, las latas que se utilizan para envasar la pintura tienen forma
cilíndrica y una capacidad de 20 litros. Halla las dimensiones del cilindro, con tapas, para que",2023 - Funciones.pdf,enunciados_PNG/2023 - Funciones_png/2023_reserva_4_ejercicio_2.png,
Matemáticas II,2023,Julio,Ejercicio 1,Funciones,MATEMÁTICAS II. 2023. JULIO. EJERCICIO 1," 5x1 si 2 x0
Sea la función f :2,2 , definida por: f(x) 
excos(x) si 0 x 2
a) Halla los extremos relativos y absolutos de f (abscisas donde se obtienen y valores que se
alcanzan).

b ) Determina la ecuación de la recta tangente a la gráfica de f en el punto de abscisa x  .",2023 - Funciones.pdf,enunciados_PNG/2023 - Funciones_png/2023_julio_ejercicio_1.png,
Matemáticas II,2023,Julio,Ejercicio 2,Funciones,MATEMÁTICAS II. 2023. JULIO. EJERCICIO 2,"S ea f :0, la función definida por: f(x) xln(x)2 (ln denota la función logaritmo
neperiano).
a) Calcula, si existen, sus extremos relativos (abscisas donde se obtienen y valores que se
alcanzan).
b) Calcula, si existen, sus extremos absolutos (abscisas donde se obtienen y valores que se",2023 - Funciones.pdf,enunciados_PNG/2023 - Funciones_png/2023_julio_ejercicio_2.png,
Matemáticas II,2024,Junio,Ejercicio 1,Funciones,MATEMÁTICAS II. 2024. JUNIO. EJERCICIO 1,"Sea la función f : ( 0 , +  ) → definida por f ( x ) = l n ( x ) , donde ln denota el logaritmo
neperiano, y los puntos de su gráfica A ( 1 , 0 ) y B ( e , 1 ) .
a) Determina, si existen, los puntos de la gráfica de f en los que la recta tangente a la gráfica es
paralela a la recta que pasa por los puntos A y B.",2024 - Funciones.pdf,enunciados_PNG/2024 - Funciones_png/2024_junio_ejercicio_1.png,
Matemáticas II,2024,Junio,Ejercicio 2,Funciones,MATEMÁTICAS II. 2024. JUNIO. EJERCICIO 2,"Considera la función continua f definida por: f ( x ) =
 x  c o
b
s

(
c
x
o
) −
x
s ( x
a
3
)

−
s e
1
n ( x )
s
s
i
i
x
x


0
0",2024 - Funciones.pdf,enunciados_PNG/2024 - Funciones_png/2024_junio_ejercicio_2.png,
Matemáticas II,2024,Reserva 1,Ejercicio 1,Funciones,MATEMÁTICAS II. 2024. RESERVA 1. EJERCICIO 1,"ax3 +bx2 + x−1
Sea f la función definida por f(x)= , para
x2 −1
x   1 . Sabiendo que su gráfica
tiene una asíntota oblicua que pasa por el punto (0,1) y es paralela a la recta y = 2x, calcula la",2024 - Funciones.pdf,enunciados_PNG/2024 - Funciones_png/2024_reserva_1_ejercicio_1.png,
Matemáticas II,2024,Reserva 1,Ejercicio 2,Funciones,MATEMÁTICAS II. 2024. RESERVA 1. EJERCICIO 2,"Considera la función f : → definida por: f ( x ) = a r c t g ( x +  ) , donde arctg denota la
función arcotangente.
a) Calcula los intervalos de concavidad y de convexidad de f. Estudia y halla, si existen, los
puntos de inflexión de f (abscisas donde se obtienen y valores que alcanzan).
b) Calcula
x
l i→ m
− 
a r c t
s
g
e
(
n
x
( x
+
)
 )",2024 - Funciones.pdf,enunciados_PNG/2024 - Funciones_png/2024_reserva_1_ejercicio_2.png,
asignatura_desconocida,2024,Julio,Ejercicio 1,Funciones,MATEMATCAS II. 2024. JULIO. EJERCICIO 1,"Sea f : → la función definida por: f ( x ) = a + b c o s ( x ) + c s e n ( x )

Halla a, b y c sabiendo que su gráfica tiene en el punto de abscisa x = a la recta
2
y = 1 como",2024 - Funciones.pdf,enunciados_PNG/2024 - Funciones_png/2024_julio_ejercicio_1.png,
Matemáticas II,2024,Julio,Ejercicio 2,Funciones,MATEMÁTICAS II. 2024. JULIO. EJERCICIO 2,"Sea la función f : → dada por f ( x ) =

x −
1
2

 e − x 2
a) Determina los intervalos de crecimiento y de decrecimiento de f .",2024 - Funciones.pdf,enunciados_PNG/2024 - Funciones_png/2024_julio_ejercicio_2.png,
Matemáticas II,2025,Junio,Ejercicio 2,Funciones,MATEMÁTICAS II. 2025. JUNIO. EJERCICIO 2,"Sabiendo que lx i m→
0
s e n ( x
e
)
x
−
−
a
x
x
c
+
o s
2
(
−
x
2
) −
c o
1
s ( x )",2025 - Funciones.pdf,enunciados_PNG/2025 - Funciones_png/2025_junio_ejercicio_2.png,
Matemáticas II,2025,Junio,Ejercicio 3,Funciones,MATEMÁTICAS II. 2025. JUNIO. EJERCICIO 3,"S ea la función f : ( 0 , +  ) → definida por f ( x ) = a +
l n
x
( x
2
)
a) Calcula a para que y = 1 sea una asíntota horizontal de la gráfica de f.
b) Para a = 0 , calcula los intervalos de crecimiento y de decrecimiento f. Estudia y halla los",2025 - Funciones.pdf,enunciados_PNG/2025 - Funciones_png/2025_junio_ejercicio_3.png,
Matemáticas II,2025,Reserva 1,Ejercicio 1,Funciones,MATEMÁTICAS II. 2025. RESERVA 1. EJERCICIO 1,"C onsidera la función f : → definida por f ( x ) = ( x − 1 )  e x .
a) Determina la ecuación de la recta tangente y la ecuación de la recta normal a la gráfica de f en
el punto de inflexión.",2025 - Funciones.pdf,enunciados_PNG/2025 - Funciones_png/2025_reserva_1_ejercicio_1.png,
Matemáticas II,2025,Reserva 2,Ejercicio 1,Funciones,MATEMÁTICAS II. 2025. RESERVA 2. EJERCICIO 1,"Sea f :0,2→ la función definida por: f ( x ) =

2 x
1
−
−
1
e
−
x
e
s
s
i
i
0
1


x
x


1
2
a) Estudia la derivabilidad de f.",2025 - Funciones.pdf,enunciados_PNG/2025 - Funciones_png/2025_reserva_2_ejercicio_1.png,
Matemáticas II,2025,Reserva 3,Ejercicio 2,Funciones,MATEMÁTICAS II. 2025. RESERVA 3. EJERCICIO 2,"Considera la función f : ( − 1 , 1 ) →
1
definida por f(x)= .
( )2
1− x
a) Estudia la continuidad y derivabilidad de la función f.",2025 - Funciones.pdf,enunciados_PNG/2025 - Funciones_png/2025_reserva_3_ejercicio_2.png,
Matemáticas II,2025,Reserva 3,Ejercicio 3,Funciones,MATEMÁTICAS II. 2025. RESERVA 3. EJERCICIO 3,"Sean las funciones f : ( − 1 , 0 )  ( 0 , 1 ) → y g : → , definidas por f ( x ) = l n
 x
e
2 
y
g(x)= x 3 +2.
a) Calcula a  0 de forma que en el punto ( a , f ( a ) ) la recta normal a la gráfica de la función f sea
paralela a la recta tangente a la gráfica de g en el punto ( a , g ( a ) ) .",2025 - Funciones.pdf,enunciados_PNG/2025 - Funciones_png/2025_reserva_3_ejercicio_3.png,
Matemáticas II,2025,Reserva 4,Ejercicio 2,Funciones,MATEMÁTICAS II. 2025. RESERVA 4. EJERCICIO 2,"U n náufrago se encuentra en una isla situada en el punto de coordenadas ( 2 , 0 ) de un plano. Se
sabe que un ferry navega en el mismo plano siempre en la trayectoria dada por la gráfica de la
función f ( x ) = x + 1 . ¿Hacia qué punto de la trayectoria debe nadar el náufrago para recorrer",2025 - Funciones.pdf,enunciados_PNG/2025 - Funciones_png/2025_reserva_4_ejercicio_2.png,
Matemáticas II,2025,Reserva 4,Ejercicio 3,Funciones,MATEMÁTICAS II. 2025. RESERVA 4. EJERCICIO 3,"Sea la función f : ( − 1 , 1 ) → definida por f ( x ) =
1
1
+
−
x
x
.
a) Estudia la derivabilidad de f.",2025 - Funciones.pdf,enunciados_PNG/2025 - Funciones_png/2025_reserva_4_ejercicio_3.png,
Matemáticas II,2025,Julio,Ejercicio 6,Funciones,MATEMÁTICAS II. 2025. JULIO. EJERCICIO 6,"Calcula a y b sabiendo que lx i m→
0
x s e n (
b
x
x
) +
2 +
a (
x
e
−
x −
s e
1
n
)
(
+
x
s
)
e n ( x )
= 1 (donde ln denota la función",2025 - Funciones.pdf,enunciados_PNG/2025 - Funciones_png/2025_julio_ejercicio_6.png,
Matemáticas II,2026,Junio,Ejercicio 1,Funciones,MATEMÁTICAS II. 2026. JUNIO. EJERCICIO 1,"Una ventana tiene forma de rectángulo y está coronada por un semicírculo. Sabiendo que el
perímetro de la ventana mide 8 metros, halla las dimensiones de la ventana que permitan la",2026 - Funciones.pdf,enunciados_PNG/2026 - Funciones_png/2026_junio_ejercicio_1.png,
Matemáticas II,2026,Reserva 1,Ejercicio 1,Funciones,MATEMÁTICAS II. 2026. RESERVA 1. EJERCICIO 1,"La potencia de perdida P ( t ) (en vatios) en una máquina, debido a la fricción, depende del tiempo
de uso t (en años) según la función P ( t ) =
1
4
+
t
t 2
siendo t  0 .
a) Calcula en qué momento la potencia de perdida es máxima.
b) La energía total perdida en los t primeros años viene dada por la expresión E ( t ) =

0
t
P ( x ) d x",2026 - Funciones.pdf,enunciados_PNG/2026 - Funciones_png/2026_reserva_1_ejercicio_1.png,
Matemáticas II,2026,Reserva 1,Ejercicio 4.1,Funciones,MATEMÁTICAS II. 2026. RESERVA 1. EJERCICIO 4.1,"e−ax −(1−ax)cos(2x)
Determina para que valores de a el límite lim vale 6.
x→0",2026 - Funciones.pdf,enunciados_PNG/2026 - Funciones_png/2026_reserva_1_ejercicio_4_1.png,
Matemáticas II,2026,Reserva 2,Ejercicio 1,Funciones,MATEMÁTICAS II. 2026. RESERVA 2. EJERCICIO 1,"L a producción de gas en una refinería, medida en metros cúbicos, viene dada por la función
f(t)=7+e−(t−4)2 , donde t representa el tiempo medido en segundos.
a) Razona que la producción de gas varia siempre entre 7 y 8 metros cúbicos. ¿Se producen 7
metros cúbicos de gas en algún momento concreto?",2026 - Funciones.pdf,enunciados_PNG/2026 - Funciones_png/2026_reserva_2_ejercicio_1.png,
Matemáticas II,2026,Reserva 2,Ejercicio 3.1,Funciones,MATEMÁTICAS II. 2026. RESERVA 2. EJERCICIO 3.1,"Se sabe que la función f : → dada por f ( x ) =

2
a x
x
2
2
+
−
b
1
x
s i
s i
x
x


1
2
1
2
es derivable en x =
1
2",2026 - Funciones.pdf,enunciados_PNG/2026 - Funciones_png/2026_reserva_2_ejercicio_3_1.png,
Matemáticas II,2026,Julio,Ejercicio 2,Funciones,MATEMÁTICAS II. 2026. JULIO. EJERCICIO 2,"S e sabe que la función f : → definida por f ( x ) = x 3 + a x 2 + b x + c , verifica que: f ( 1 ) = 0 ,
x = 0 es un punto crítico de la función y la recta tangente a su gráfica en x = − 1 , es paralela a la",2026 - Funciones.pdf,enunciados_PNG/2026 - Funciones_png/2026_julio_ejercicio_2.png,
