subject,topic,year,exam,exercise,statement
MATES_II,Sistemas De Ecuaciones Lineales,2000.0,Junio,Ejercicio 4 Opción B,"Considera la matriz A=| A 1 0
01A
a) Halla los valores de A para los que la matriz A no tiene inversa.
x
10
b) Tomando A= 1, resuelve el sistema escrito en forma matricial A-| y [=| O
10
z
MATEMÁTICAS Il. 2000. JUNIO. EJERCICIO 4. OPCIÓN B."
MATES_II,Sistemas De Ecuaciones Lineales,2000.0,Reserva 1,Ejercicio 4 Opción B,"Ax+2y =
Considera el sistema de ecuaciones: ¿—-x+ 2Az= —1
3x-y-Tz=hA4+1
a) Halla todos los valores del parámetroA para los que el sistema correspondiente tiene
infinitas soluciones.
b) Resuelve el sistema para los valores de A en el apartado anterior.
c) Discute el sistema para los restantes valores de A.
MATEMÁTICAS Il. 2000. RESERVA 1. EJERCICIO 4. OPCIÓN B."
MATES_II,Sistemas De Ecuaciones Lineales,2000.0,Reserva 2,Ejercicio 4 Opción A,"3x+2y-5z=1
Considera el sistema de ecuaciones: ¿4x+ y-—2z=3
2x-3y+az=b
a) Determina a y b sabiendo que el sistema tiene infinitas soluciones.
b) Resuelve el sistema resultante.
MATEMÁTICAS Il. 2000. RESERVA 2. EJERCICIO 4. OPCIÓN A."
MATES_II,Sistemas De Ecuaciones Lineales,2000.0,Reserva 3,Ejercicio 3 Opción A,"x+2y+z=0
Discute y resuelve el siguiente sistema según los valores de 4: ¿Ax+y+z=0
x+y+4z=0
MATEMÁTICAS Il. 2000. RESERVA 3. EJERCICIO 3. OPCIÓN A."
MATES_II,Sistemas De Ecuaciones Lineales,2000.0,Reserva 4,Ejercicio 4 Opción A,"Considera el sistema de ecuaciones escrito en forma matricial:
a) Discute el sistema según los valores del parámetro b.
b) Resuelve el sistema cuando sea compatible indeterminado.
MATEMÁTICAS Il. 2000. RESERVA 4. EJERCICIO 4. OPCIÓN A."
MATES_II,Sistemas De Ecuaciones Lineales,2000.0,Reserva 4,Ejercicio 4 Opcion B,"Un mayorista de café dispone de tres tipos base, Moka, Brasil y Colombia, para preparar tres
tipos de mezcla, A, B y C, que envasa en sacos de 60 Kg. Con los siguientes contenidos en Kilos y
precio del Kilo en euros:
Mezcla A Mezcla B | Mezcla C
15 30 12
30 10 18
15 20 30
45 47
Moka
Brasil
Colombia
Precio (cada Kg.) 4
Suponiendo que el preparado de las mezclas no supone coste alguno, ¿cuál es el precio de cada
uno de los tipos base de café?.
MATEMÁTICAS II. 2000. RESERVA 4. EJERCICIO 4. OPCION B."
MATES_II,Sistemas De Ecuaciones Lineales,2000.0,Septiembre,Ejercicio 4 Opción B,"x+Ay+(A-l)z= 1
Considera el sistema de ecuaciones: y+z= 1
2x+ y-z=-3
a) Halla todos los posibles valores del parámetro A para los que el sistema correspondiente tiene
al menos dos soluciones distintas.
b) Resuelve el sistema para los valores de A obtenidos en el apartado anterior.
c) Discute el sistema para los restantes valores de A.
MATEMÁTICAS Il. 2000. SEPTIEMBRE. EJERCICIO 4. OPCIÓN B."
MATES_II,Sistemas De Ecuaciones Lineales,2001.0,Reserva 1,Ejercicio 3 Opcion B,"12 -=3 x
Considera: A=|0 a 2 y B= X=] y
Z
a -1 a-2 1
a) Determina el rango de A en función del parámetro a.
b) Discute en función de a el sistema, dado en forma matricial A: X=B
c) Resuelve A- X= B en los casos en que sea compatible indeterminado.
MATEMÁTICAS II. 2001. RESERVA 1. EJERCICIO 3. OPCION B."
MATES_II,Sistemas De Ecuaciones Lineales,2001.0,Reserva 2,Ejercicio 3 Opción B,"mx+y=z=1
Considera el sistema de ecuaciones: x-my+Zz=4
x+y+mz=m
a) Discútelo según los valores de m.
b) ¿Cuál es, según los valores de m, la posición relativa de los planos cuyas ecuaciones respectivas
son las tres que forman el sistema.
MATEMÁTICAS Il. 2001. RESERVA 2. EJERCICIO 3. OPCIÓN B."
MATES_II,Sistemas De Ecuaciones Lineales,2001.0,Reserva 4,Ejercicio 3 Opción A,"Resuelve el sistema de ecuaciones, dado en forma matricial, AX = —A-X + B, siendo:
10.2 1 x
A=|-1 1 1|¡B=|4|¡X=| y
1 VA
314
MATEMÁTICAS Il. 2001. RESERVA 4. EJERCICIO 3. OPCIÓN A."
MATES_II,Sistemas De Ecuaciones Lineales,2001.0,Septiembre,Ejercicio 3 Opción B,"2x+my=0
a) Clasifica el siguiente sistema según los valores del parámetrom: —x+mz=m
x+y+3z= 1
b) Resuelve el sistema para m=6
MATEMÁTICAS Il. 2001. SEPTIEMBRE. EJERCICIO 3. OPCIÓN B."
MATES_II,Sistemas De Ecuaciones Lineales,2002.0,Reserva 1,Ejercicio 3 Opción A,"En el sector de las aceitunas sin hueso, tres empresas A, B y C, se encuentran en competencia.
Calcula el precio por unidad dado por cada empresa sabiendo que verifican las siguientes
relaciones:
- El precio de la empresa A es 0% € menos que la media de los precios establecidos por B y C.
- El precio dado por B es la media de los precios de A y C.
2 1
- El precio de la empresa C es igual a 2 € mas 5 del precio dado por A más 3 del precio dado por
B.
MATEMÁTICAS HI. 2002. RESERVA 1. EJERCICIO 3. OPCIÓN A."
MATES_II,Sistemas De Ecuaciones Lineales,2002.0,Reserva 2,Ejercicio 4 Opción A,"a 1 1 a—1 1 2 x
Sean: A=| —1 3 2|;B=| 1 1. 2]; ; S|;X=| y
2 l-a 3 0 -a 0 0 YA
Determina a, si es posible, para que los sistemas de ecuaciones (dados en forma matricial)
AX=b , BX=c
Tengan infinitas soluciones (cada uno de ellos).
MATEMÁTICAS Il. 2002. RESERVA 2. EJERCICIO 4. OPCIÓN A."
MATES_II,Sistemas De Ecuaciones Lineales,2002.0,Reserva 3,Ejercicio 3 Opción A,"x—my+ z= 1
Considera el sistema de ecuaciones: x+ y+ z=m>+2
xX+ y+mz= 4
a) Clasifícalo según los valores del parámetro m.
b) Resuélvelo cuando sea compatible indeterminado.
MATEMÁTICAS HI. 2002. RESERVA 3. EJERCICIO 3. OPCIÓN A."
MATES_II,Sistemas De Ecuaciones Lineales,2002.0,Reserva 4,Ejercicio 3 Opción A,"m -—1l 1 X
Considera: A=| 2 1 m|;X y|; C
3.22 Z 1
a) ¿Para qué valores de m tiene inversa la matriz A?.
b) Resuelve, para m =2, el sistema de ecuaciones A-X =C.
MATEMÁTICAS Il. 2002. RESERVA 4. EJERCICIO 3. OPCIÓN A."
MATES_II,Sistemas De Ecuaciones Lineales,2002.0,Septiembre,Ejercicio 3 Opción B,"x+3y+ z=3
Considera el siguiente sistema de ecuaciones: 2x+my+ z=m
3x+5y+mz=5
a) Determina, si es posible, un valor de m para que el correspondiente sistema tenga una y sólo una
solución.
b) Determina, si es posible, un valor de m para que el correspondiente sistema tenga al menos dos
soluciones.
c) Determina, si es posible, un valor de m para que el correspondiente sistema no tenga solución.
MATEMÁTICAS Il. 2002. SEPTIEMBRE. EJERCICIO 3. OPCIÓN B."
MATES_II,Sistemas De Ecuaciones Lineales,2003.0,Reserva 1,Ejercicio 3 Opción A,"1.0 -—1 1
Considera las matrices A=|0 m , B=|-1
4 1 —n 3
a) ¿Para qué valores de m existe A7?.
b) Siendo m = 2, calcula A” y resuelve el sistema A-X=B.
c) Resuelve el sistema A:X=B para m= 1.
MATEMÁTICAS HI. 2003. RESERVA 1. EJERCICIO 3. OPCIÓN A."
MATES_II,Sistemas De Ecuaciones Lineales,2003.0,Reserva 3,Ejercicio 3 Opcion A,"Determina razonadamente los valores de m para los que el sistema de ecuaciones
2x+ y+ z=mx
x+2y+ z=my
x+2y+4z=mz
tiene más de una solución.
MATEMÁTICAS II. 2003. RESERVA 3. EJERCICIO 3. OPCION A."
MATES_II,Sistemas De Ecuaciones Lineales,2003.0,Reserva 4,Ejercicio 3 Opción A,"x+my-Z=-24+2my
Considera el sistema de ecuaciones: mx — y+4z=53+2z
6x-10y—-z=-1
a) Discute las soluciones del sistema según los valores de m.
b) Resuelve el sistema cuando sea compatible indeterminado.
MATEMÁTICAS Il. 2003. RESERVA 4. EJERCICIO 3. OPCIÓN A."
MATES_II,Sistemas De Ecuaciones Lineales,2003.0,Septiembre,Ejercicio 3 Opción B,"2-2 1 x
Considera las matrices: A 2 1 -2| y X=|y
1-2 -2 z
a) Siendo I la matriz identidad de orden 3, calcula los valores de A para los que la matriz A+A 1 no
tiene inversa.
b) Resuelve el sistema A-X =3 X e interpreta geométricamente el conjunto de todas sus soluciones.
MATEMÁTICAS Il. 2003. SEPTIEMBRE. EJERCICIO 3. OPCIÓN B."
MATES_II,Sistemas De Ecuaciones Lineales,2004.0,Junio,Ejercicio 3 Opción A,". . . mx=y= 1
Considera el sistema de ecuaciones:
x—-my=2m-1
a) Clasifica el sistema según los valores de m.
b) Calcula los valores de m para los que el sistema tiene una solución en la que x = 3.
MATEMÁTICAS Il. 2004. JUNIO. EJERCICIO 3. OPCIÓN A."
MATES_II,Sistemas De Ecuaciones Lineales,2004.0,Reserva 1,Ejercicio 3 Opción A,"Xx+d4y= A
Considera el sistema de ecuaciones: Ax+ y+(A—l)z= 1
Ax+y=2+2
a) Clasifica el sistema según los valores del parámetro A.
b) Resuelve el sistema cuando sea compatible indeterminado.
MATEMÁTICAS Il. 2004. RESERVA 1. EJERCICIO 3. OPCIÓN A."
MATES_II,Sistemas De Ecuaciones Lineales,2004.0,Reserva 1,Ejercicio 3 Opción B,"Un tendero dispone de tres tipos de zumo en botellas que llamaremos A, B y C. El mencionado
tendero observa que si vende a 1 € las botellas del tipo A, a 3 € las del tipo B y a 4 € las del tipo C,
entonces obtiene un total de 20 €. Pero si vende a 1 € las del tipo A, a 3 € las del B y a 6 € las del
C, entonces obtiene un total de 25 €.
a) Plantea el sistema de ecuaciones que relaciona el número de botellas de cada tipo que posee el
tendero.
b) Resuelve dicho sistema.
c) ¿Puede determinarse el número de botellas de cada tipo de que dispone el tendero?. (Ten en
cuenta que el número de botellas debe ser entero y positivo).
MATEMÁTICAS Il. 2004. RESERVA 1. EJERCICIO 3. OPCIÓN B."
MATES_II,Sistemas De Ecuaciones Lineales,2004.0,Reserva 2,Ejercicio 3 Opción B,"mx+2y+z=2
Considera el sistema de ecuaciones: x+my=m
2x+mz=0
a) Determina los valores de m para los que x=0,y=1 y z=0 es solución del sistema.
b) Determina los valores de m para los que el sistema es incompatible.
c) Determina los valores de m para los que el sistema tiene infinitas soluciones.
MATEMÁTICAS Il. 2004. RESERVA 2. EJERCICIO 3. OPCIÓN B."
MATES_II,Sistemas De Ecuaciones Lineales,2004.0,Reserva 3,Ejercicio 3 Opción A,"x+3y+z=0
Considera el sistema de ecuaciones: 2x-13y+2z=0
(a+2)x-12y+12z=0
Determina el valor a para que tenga soluciones distintas de la solución trivial y resuélvelo para
dicho valor de a.
MATEMÁTICAS Il. 2004. RESERVA 3. EJERCICIO 3. OPCIÓN A."
MATES_II,Sistemas De Ecuaciones Lineales,2004.0,Reserva 4,Ejercicio 3 Opción A,"x+ay=1
Se sabe que el sistema de ecuaciones: x+az=1 y tiene una única solución.
y+Z=0
a) Prueba que axO.
b) Halla la solución del sistema.
MATEMÁTICAS II. 2004. RESERVA 4. EJERCICIO 3. OPCIÓN A."
MATES_II,Sistemas De Ecuaciones Lineales,2004.0,Septiembre,Ejercicio 3 Opción A,"x+3y+ z= 1
Determina a y b sabiendo que el sistema de ecuaciones —x+ y+2z=-l
tiene al menos dos
ax+by+ z= 4
soluciones distintas.
MATEMÁTICAS Il. 2004. SEPTIEMBRE. EJERCICIO 3. OPCIÓN A."
MATES_II,Sistemas De Ecuaciones Lineales,2004.0,Septiembre,Ejercicio 3 Opción B,"a) Sabiendo que la matriz A= -2
tiene rango 2, ¿cuál es el valor de a?.
b) Resuelve el sistema de ecuaciones
x
“y
Z
-1
MATEMÁTICAS Il. 2004. SEPTIEMBRE. EJERCICIO 3. OPCIÓN B."
MATES_II,Sistemas De Ecuaciones Lineales,2005.0,Junio,Ejercicio 3 Opción B,"X+y+z=-2
Considera el sistema de ecuaciones: -Ax+3y+z=-7
x+2y+(4+2)2=-5
a) Clasifica el sistema según los valores del parámetro A.
b) Resuelve el sistema cuando sea compatible indeterminado.
MATEMÁTICAS Il. 2005. JUNIO. EJERCICIO 3. OPCIÓN B."
MATES_II,Sistemas De Ecuaciones Lineales,2005.0,Reserva 1,Ejercicio 3 Opcion A,"x+3y+z=5
Considera el sistema de ecuaciones mx+2z=0
my-z=m
a) Determina los valores de m para los que el sistema tiene una única solución. Calcula dicha
solución param=l.
b) Determina los valores de m para los que el sistema tiene infinitas soluciones. Calcula dichas
soluciones.
c) ¿Hay algún valor de m para el que el sistema no tiene solución ?
MATEMÁTICAS II. 2005. RESERVA 1. EJERCICIO 3. OPCION A."
MATES_II,Sistemas De Ecuaciones Lineales,2005.0,Reserva 2,Ejercicio 3 Opción A,"(b+1)x+y+z= 2
Considera el sistema de ecuaciones: x+(b+1)y+z= 2
x+ y+(b+1)z=-4
a) Clasifica el sistema según los valores del parámetro b.
b) Resuelve el sistema cuando sea compatible indeterminado.
MATEMÁTICAS HI. 2005. RESERVA 2. EJERCICIO 3. OPCIÓN A."
MATES_II,Sistemas De Ecuaciones Lineales,2005.0,Reserva 3,Ejercicio 3 Opción A,"Álvaro, Marta y Guillermo son tres hermanos. Álvaro dice a Marta: si te doy la quinta parte del
dinero que tengo, los tres hermanos tendremos la misma cantidad. Calcula lo que tiene cada uno
si entre los tres juntan 84 euros.
MATEMÁTICAS HI. 2005. RESERVA 3. EJERCICIO 3. OPCIÓN A."
MATES_II,Sistemas De Ecuaciones Lineales,2005.0,Reserva 3,Ejercicio 3 Opcion B,"x+my+ z=0
Considera el sistema de ecuaciones: x+ y+mz=2
MX+ y+ z=m
a) ¿Para qué valor de m el sistema tiene al menos dos soluciones?.
b) ¿Para qué valores de m el sistema admite solución en la quex =1?.
MATEMÁTICAS II. 2005. RESERVA 3. EJERCICIO 3. OPCION B."
MATES_II,Sistemas De Ecuaciones Lineales,2005.0,Reserva 4,Ejercicio 3 Opcion B,"5x+2y-z=0
Considera el sistema de ecuaciones: x+ y +(m+4)z = my
2x-3y+z=0
a) Determina los valores del parámetro m para los que el sistema tiene una única solución.
b) Resuelve el sistema cuando tenga infinitas soluciones y da una solución en la que z= 19.
MATEMÁTICAS II. 2005. RESERVA 4. EJERCICIO 3. OPCION B."
MATES_II,Sistemas De Ecuaciones Lineales,2005.0,Septiembre,Ejercicio 3 Opción A,"En una excavación arqueológica se han encontrado sortijas, monedas y pendientes. Una sortija, una
moneda y un pendiente pesan conjuntamente 30 gramos. Además, 4 sortijas, 3 monedas y 2
pendientes han dado un peso total de 90 gramos. El peso de un objeto deformado e irreconocible es
de 18 gramos. Determina si el mencionado objeto es una sortija, una moneda o un pendiente,
sabiendo que los objetos que son del mismo tipo pesan lo mismo.
MATEMÁTICAS II. 2005. SEPTIEMBRE. EJERCICIO 3. OPCIÓN A."
MATES_II,Sistemas De Ecuaciones Lineales,2006.0,Junio,Ejercicio 3 Opción B,"x -2
Resuelve | 1 | yi+| 2
-1 VA 3
MATEMÁTICAS II. 2006. JUNIO. EJERCICIO 3. OPCIÓN B."
MATES_II,Sistemas De Ecuaciones Lineales,2006.0,Reserva 1,Ejercicio 3 Opción B,"Ax+y=z=1
Considera el sistema de ecuaciones lineales x+1y+z=2
x+y+4z=2*
a) Clasifica el sistema según los valores del parámetroA..
b) Resuélvelo para 1=2.
MATEMÁTICAS 11. 2006. RESERVA 1. EJERCICIO 3. OPCIÓN B."
MATES_II,Sistemas De Ecuaciones Lineales,2006.0,Reserva 2,Ejercicio 3 Opción A,"1 1 -1
Sea A=| 0 m-3 3
m+1 2 0
a) Determina los valores de m e IR para los que la matriz A tiene inversa.
b) Para m=0 y siendo X =(x y z) ,resuelve X - A=(3 1 1) .
MATEMÁTICAS HI. 2006. RESERVA 2. EJERCICIO 3. OPCIÓN A."
MATES_II,Sistemas De Ecuaciones Lineales,2006.0,Reserva 3,Ejercicio 3 Opción A,"x=y+z= 2
Considera el sistema de ecuaciones lineales x+Ay+z= 8
Ax+y+4z= 10
a) Clasifica el sistema según los valores del parámetroA..
b) Resuelve el sistema para A=2
MATEMÁTICAS HI. 2006. RESERVA 3. EJERCICIO 3. OPCIÓN A."
MATES_II,Sistemas De Ecuaciones Lineales,2006.0,Reserva 3,Ejercicio 3 Opción B,"Considera las matrices: A=| 2 1 1
m-4 1 l-m
a) Halla el valor de m e R para el que la matriz A no tiene inversa.
b) Resuelve A-X=0 para m=3.
MATEMÁTICAS I1. 2006. RESERVA 3. EJERCICIO 3. OPCIÓN B."
MATES_II,Sistemas De Ecuaciones Lineales,2006.0,Reserva 4,Ejercicio 3 Opción B,"x+y=z= -4
Considera el sistema de ecuaciones lineales 3x+2Ay+z=2A-—1l
2x+1y=-2
a) Clasifica el sistema según los valores del parámetroA..
b) Resuelve el sistema para A=1.
MATEMÁTICAS Il. 2006. RESERVA 4. EJERCICIO 3. OPCIÓN B."
MATES_II,Sistemas De Ecuaciones Lineales,2006.0,Septiembre,Ejercicio 3 Opción A,"Ax—-y=z=-1
Considera el sistema de ecuaciones: x+2Ay+z= 4
X+y+z=4+2
a) Clasifica el sistema según los valores del parámetro.
b) Resuelve el sistema para 1=2.
MATEMÁTICAS Il. 2006. SEPTIEMBRE. EJERCICIO 3. OPCIÓN A."
MATES_II,Sistemas De Ecuaciones Lineales,2007.0,Junio,Ejercicio 3 Opción B,"0
a) Calcula la matriz inversa de A=| 0 1
1.01
b) Escribe en forma matricial el siguiente sistema y resuélvelo usando la matriz A”' hallada en el
x+y= 1
apartado anterior, y+z=-2
x+z= 3
MATEMÁTICAS Il. 2007. JUNIO. EJERCICIO 3. OPCIÓN B"
MATES_II,Sistemas De Ecuaciones Lineales,2007.0,Reserva 1,Ejercicio 3Opción B,"x+y+z= 0
Considera el sistema de ecuaciones: 2x+Ay+z= 2
x+y+4z=14-1l
a) Determina el valor de A para que el sistema sea incompatible.
b) Resuelve el sistema paraA=1.
MATEMÁTICAS Il. 2007. RESERVA 1. EJERCICIO 3.OPCIÓN B."
MATES_II,Sistemas De Ecuaciones Lineales,2007.0,Reserva 2,Ejercicio 3 Opción A,"Clasifica y resuelve el siguiente sistema según los valores de a,
x+y+z= 0
(a+1)y+2z= y
x-2y+(2-a)z=2z
MATEMÁTICAS II. 2007. RESERVA 2. EJERCICIO 3. OPCIÓN A."
MATES_II,Sistemas De Ecuaciones Lineales,2007.0,Reserva 2,Ejercicio 3 Opción B,"Ax + y+(A+1)2=4+2
Se sabe que el sistema de ecuaciones lineales: x+y+z= O ptiene más de una
(1-A)x-Ay= 0
solución.
a) Calcula, en dicho caso, el valor de la constante A.
b) Halla todas las soluciones del sistema.
MATEMÁTICAS II. 2007. RESERVA 2. EJERCICIO 3. OPCIÓN B."
MATES_II,Sistemas De Ecuaciones Lineales,2007.0,Reserva 3,Ejercicio 3 Opción B,"Resuelve el siguiente sistema de ecuaciones para los valores de m que lo hacen compatible:
x+my=m
mx+y=m
mx+my=1
MATEMÁTICAS Il. 2007. RESERVA 3. EJERCICIO 3. OPCIÓN B."
MATES_II,Sistemas De Ecuaciones Lineales,2007.0,Reserva 4,Ejercicio 3 Opción B,"x+y+mz= 1
Considera el sistema de ecuaciones my-z=-1
x+2my
a) Clasifica el sistema según los valores de m.
b) Resuelve el sistema cuando sea compatible indeterminado.
MATEMÁTICAS Il. 2007. RESERVA 4. EJERCICIO 3. OPCIÓN B."
MATES_II,Sistemas De Ecuaciones Lineales,2007.0,Septiembre,Ejercicio 3 Opción B,"ax+y+z= 4
Considera el sistema de ecuaciones x—ay+z= 1
x+y+z=a+2
a) Resuélvelo para el valor de a que lo haga compatible indeterminado.
b) Resuelve el sistema que se obtiene para a =-2.
MATEMÁTICAS Il. 2007. SEPTIEMBRE. EJERCICIO 3. OPCIÓN B."
MATES_II,Sistemas De Ecuaciones Lineales,2008.0,Junio,Ejercicio 3 Opción A,"Un cajero automático contiene sólo billetes de 10, 20 y 50 euros. En total hay 130 billetes con un
importe de 3000 euros.
a) ¿Es posible que en el cajero haya el triple número de billetes de 10 que de 507.
b) Suponiendo que el número de billetes de 10 es el doble que el número de billetes de 50, calcula
cuantos billetes hay de cada tipo.
MATEMÁTICAS Il. 2008. JUNIO. EJERCICIO 3. OPCIÓN A"
MATES_II,Sistemas De Ecuaciones Lineales,2008.0,Junio,Ejercicio 3 Opción B,"Considera la matriz A=|m m? m?
m m m?
a) Halla los valores del parámetro m para los que el rango de A es menor que 3.
x 1
b) Estudia si el sistema A-| y |=| 1 | tiene solución para cada uno de los valores de m obtenidos
z 1
en el apartado anterior.
MATEMÁTICAS II. 2008. JUNIO. EJERCICIO 3. OPCIÓN B"
MATES_II,Sistemas De Ecuaciones Lineales,2008.0,Reserva 1,Ejercicio 3Opción A,"Xx+A4y-=z= 0
Dado el sistema de ecuaciones lineales: 2x+ y+1z= 0
x+5y-Az=14+1
a) Clasifícalo según los valores del parámetro A.
b) Resuelve el sistema parad=-=1.
MATEMÁTICAS Il. 2008. RESERVA 1. EJERCICIO 3.OPCIÓN A."
MATES_II,Sistemas De Ecuaciones Lineales,2008.0,Reserva 2,Ejercicio 3 Opcion A,"Dado el siguiente sistema de ecuaciones
x+y= 1
ky+z= 0
x+(k+1)y+kz=k>+1
a) Determina el valor del parámetro k para que sea incompatible.
b) Halla el valor del parámetro k para que la solución del sistema tenga z=2.
MATEMÁTICAS II. 2008. RESERVA 2. EJERCICIO 3. OPCION A."
MATES_II,Sistemas De Ecuaciones Lineales,2008.0,Reserva 2,Ejercicio 3 Opción B,"Halla los valores del parámetro m que hacen compatible el sistema de ecuaciones:
=x+2y-2z=2
2x+ y+z=m
x+3y-z=m?
MATEMÁTICAS Il. 2008. RESERVA 2. EJERCICIO 3. OPCIÓN B."
MATES_II,Sistemas De Ecuaciones Lineales,2008.0,Reserva 4,Ejercicio 3Opcion A,"a) Determina razonadamente los valores del parámetro m para los que el siguiente sistema de
ecuaciones tiene más de una solución:
2x+ y+Z=mx
x+2y+z=my
x+2y+4z=mz
b) Resuelve el sistema anterior para el caso m=0 y para el caso m=1.
MATEMÁTICAS II. 2008. RESERVA 4. EJERCICIO 3.OPCION A."
MATES_II,Sistemas De Ecuaciones Lineales,2008.0,Septiembre,Ejercicio 3Opción A,"x+y+z=a-1
Considera el siguiente sistema de ecuaciones: 2x+ y+az= a
x+ay+z= 1
a) Discútelo según los valores del parámetro a.
b) Resuélvelo en el caso a=2.
MATEMÁTICAS Il. 2008. SEPTIEMBRE. EJERCICIO 3.OPCIÓN A."
MATES_II,Sistemas De Ecuaciones Lineales,2008.0,Septiembre,Ejercicio 3Opción B,". . 2x-y+3z=1
Sabemos que el sistema de ecuaciones:
x+2y-z=2
tiene las mismas soluciones que el que resulta al añadirle la ecuación ax+ y+7z=7
a) Determina el valor de a.
b) Calcula la solución del sistema inicial de dos ecuaciones, de manera que la suma de los
valores de las incógnitas sea igual a la unidad.
MATEMÁTICAS Il. 2008. SEPTIEMBRE. EJERCICIO 3.OPCIÓN B."
MATES_II,Sistemas De Ecuaciones Lineales,2009.0,Junio,Ejercicio 3 Opción B,"Una empresa envasadora ha comprado un total de 1500 cajas de pescado en tres mercados
diferentes, a un precio por caja de 30, 20 y 40 euros, respectivamente. El coste total de la operación
ha sido 40.500 euros. Calcula cuánto ha pagado la empresa en cada mercado, sabiendo que en el
primero de ellos se ha comprado el 30% de las cajas.
MATEMÁTICAS Il. 2009. JUNIO. EJERCICIO 3. OPCIÓN B"
MATES_II,Sistemas De Ecuaciones Lineales,2009.0,Reserva 1,Ejercicio 3 Opción A,"Tratamos de adivinar, mediante ciertas pistas, los precios de tres productos A, B y C.
Pista 1: Si compramos una unidad de A, dos de B y una de C gastamos 118 €.
Pista 2: Si compramos n unidades de A, n+3 unidades de B y 3 de C gastamos 390 €.
a) ¿Hay algún valor de n para el que estas dos pistas sean incompatibles?.
b) Sabiendo que n = 4 y que el producto C cuesta el triple que el producto A, calcula el precio de
cada producto.
MATEMÁTICAS HI. 2009. RESERVA 1. EJERCICIO 3. OPCIÓN A."
MATES_II,Sistemas De Ecuaciones Lineales,2009.0,Reserva 2,Ejercicio 3Opción B,"X+Ay+z=4
Dado el sistema de ecuaciones lineales: x+3y+Z=5
Ax+y+z=4
a) Discútelo según los valores del parámetroA..
b) Resuélvelo en el caso A=1.
MATEMÁTICAS Il. 2009. RESERVA 2. EJERCICIO 3.OPCIÓN B."
MATES_II,Sistemas De Ecuaciones Lineales,2009.0,Reserva 3,Ejercicio 3Opción A,"x + z=2
a) Resuelve el sistema de ecuaciones: -x+ y+2z=0
=x+2y+5z=2
b) Calcula A sabiendo que el siguiente sistema tiene alguna solución común con el del
X+ y+ z= 1
apartado (a) —-x+ y+3z= 1
x+2y+14z=-3
MATEMÁTICAS Il. 2009. RESERVA 3. EJERCICIO 3.OPCIÓN A."
MATES_II,Sistemas De Ecuaciones Lineales,2009.0,Reserva 3,Ejercicio 3 Opción B,"2-2 1
Considera las matrices A=|-2 1 -2| y X
1-2 -2
a) Calcula, si existe, A”.
b) Resuelve el sistema AX=3X e interpreta geométricamente el conjunto de sus soluciones.
MATEMÁTICAS Il. 2009. RESERVA 3. EJERCICIO 3. OPCIÓN B."
MATES_II,Sistemas De Ecuaciones Lineales,2009.0,Reserva 4,Ejercicio 3Opción B,"x+y=m+l
Sea el sistema de ecuaciones lineales: x+my+z= 1
MmxX+y-z= m
a) Determina los valores de m para los que el sistema es compatible.
b) Resuelve el sistema en el caso m=-1.
MATEMÁTICAS Il. 2009. RESERVA 4. EJERCICIO 3.OPCIÓN B."
MATES_II,Sistemas De Ecuaciones Lineales,2009.0,Septiembre,Ejercicio 3 Opción A,"3x+4y =0
a) Discute según los valores del parámetro A el siguiente sistema x  +2Az=2
X+y+3z=1
b) Resuélvelo para A=0.
MATEMÁTICAS II. 2009. SEPTIEMBRE. EJERCICIO 3. OPCIÓN A."
MATES_II,Sistemas De Ecuaciones Lineales,2010.0,Junio,Ejercicio 3 Opción B,"Sea el siguiente sistema de ecuaciones
Ax+y+z=24+2
2x-Ay+z= 2
x-y+iz= 4
a) Discútelo según los valores de A. ¿Tiene siempre solución?
b) Resuelve el sistema parad=-=1.
MATEMÁTICAS Il. 2010. JUNIO. EJERCICIO 3. OPCIÓN B."
MATES_II,Sistemas De Ecuaciones Lineales,2010.0,Reserva 1,Ejercicio 3 Opción B,"(m+2)x-y=z= 1
Considera el siguiente sistema de ecuaciones: =x-y+z=-1
x+my-z= m
a) Discútelo según los valores de m.
b) Resuélvelo para el caso m=1.
MATEMÁTICAS Il. 2010. RESERVA 1. EJERCICIO 3. OPCIÓN B."
MATES_II,Sistemas De Ecuaciones Lineales,2010.0,Reserva 2,Ejercicio 3 Opción A,". . 3x-2y+z= 5
Considera el sistema:
x-3y+z=-4
a) Calcula razonadamente un valor de A para que el sistema resultante al añadirle la
ecuación x+y+21z=9 sea compatible indeterminado.
b) ¿Existe algún valor de A para el cual el sistema resultante no tiene solución?.
MATEMÁTICAS Il. 2010. RESERVA 2. EJERCICIO 3. OPCIÓN A."
MATES_II,Sistemas De Ecuaciones Lineales,2010.0,Reserva 2,Ejercicio 3 Opción B,"1.23 -2
Sean las matrices A=| a. 1 3|yB=]| 3
02 auU 4
a) Determina los valores de a. para los que A tiene inversa.
b) Calcula la inversa de Apara a=1
c) Resuelve, para a.=1, el sistema de ecuaciones AX =B.
MATEMÁTICAS Il. 2010. RESERVA 2. EJERCICIO 3. OPCIÓN B."
MATES_II,Sistemas De Ecuaciones Lineales,2010.0,Reserva 4,Ejercicio 3 Opción A,"Ax+2y+6z= 0
Considera el sistema de ecuaciones: 2x+4y+4z= 2
2x+4y+6z=2-2
a) Discútelo según los valores del parámetro A.
b) Resuélvelo para A=2.
MATEMÁTICAS Il. 2010. RESERVA 4. EJERCICIO 3. OPCIÓN A."
MATES_II,Sistemas De Ecuaciones Lineales,2010.0,Septiembre,Ejercicio 3 Opción A,"a) Discute según los valores del parámetroA ,, el siguiente sistema de ecuaciones
—x+Ay+ z= A
Ax+2y+(4+2)z= 4
x+3y+ 2z=6-%
b) Resuelve el sistema anterior parad=0.
MATEMÁTICAS Il. 2010. SEPTIEMBRE. EJERCICIO 3. OPCIÓN A"
MATES_II,Sistemas De Ecuaciones Lineales,2011.0,Junio,Ejercicio 3 Opción A,"=Ax+ y+z=1
Dado el sistema de ecuaciones lineales: x+1y+z=2
Ax+ y+z=1
a) Clasifica el sistema según los valores del parámetro.
b) Resuelve el sistema para 1=0.
MATEMÁTICAS Il. 2011. JUNIO. EJERCICIO 3. OPCIÓN A."
MATES_II,Sistemas De Ecuaciones Lineales,2011.0,Reserva 2,Ejercicio 3 Opción B,"1 1 0
Considera las matrices A= 2.  t+l t-1|yX=
-2t-1 0. t+3
a) Calcula el rango de A según los diferentes valores de t.
b) Razona para qué valores de t el sistema homogéneo A- X=0 tiene más de una solución.
MATEMÁTICAS Il. 2011. RESERVA 2. EJERCICIO 3. OPCIÓN B."
MATES_II,Sistemas De Ecuaciones Lineales,2011.0,Reserva 4,Ejercicio 3 Opción A,"2x-2y+4z= 4
Considera el sistema de ecuaciones: 2x + Zz= a
-3x-3y+3z=-3
a) Discútelo según los valores del parámetro a.
b) Resuélvelo cuando sea posible.
MATEMÁTICAS Il. 2011. RESERVA 4. EJERCICIO 3. OPCIÓN A."
MATES_II,Sistemas De Ecuaciones Lineales,2012.0,Junio,Ejercicio 3Opción B,"x+ y + z= A+l
Considera el sistema de ecuaciones: 3 y +2z=21+3
3x+(M-ly+z= A
a) Resuelve el sistema para2=1.
b) Halla los valores de A para los que el sistema tiene una única solución.
c) ¿Existe algún valor de A para el que el sistema admite la solución (5 0 3) ?.
MATEMÁTICAS Il. 2012. JUNIO. EJERCICIO 3.OPCIÓN B."
MATES_II,Sistemas De Ecuaciones Lineales,2012.0,Reserva 1,Ejercicio 3 Opción B,"kx+2y= 3
Dado el sistema de ecuaciones: —x  +2kz=-—1
3x-y-7z=k+1
a) Estudia el sistema para los distintos valores del parámetro k.
b) Resuélvelo para k=1.
MATEMÁTICAS Il. 2012. RESERVA 1. EJERCICIO 3. OPCIÓN B."
MATES_II,Sistemas De Ecuaciones Lineales,2012.0,Reserva 2,Ejercicio 3 Opción A,"x+(k+1)y+2z=-1
Considera el sistema de ecuaciones: kx+ y + z= 2
x= 2y -— z=k+l
a) Clasifícalo según los distintos valores de k.
b) Resuélvelo para k=2.
MATEMÁTICAS Il. 2012. RESERVA 2. EJERCICIO 3. OPCIÓN A"
MATES_II,Sistemas De Ecuaciones Lineales,2012.0,Reserva 3,Ejercicio 3 Opción A,"XxX  +ky+2z=k+1
Considera el sistema de ecuaciones: Xx  +2y+kz= 3
(Kk+1)x+ y+ z=k+2
a) Determina los valores de k para los que el sistema tiene más de una solución.
b) ¿Existe algún valor de k para el cual el sistema no tiene solución?.
c) Resuelve el sistema para k=0
MATEMÁTICAS Il. 2012. RESERVA 3. EJERCICIO 3. OPCIÓN A."
MATES_II,Sistemas De Ecuaciones Lineales,2012.0,Reserva 4,Ejercicio 3 Opción A,"Un estudiante ha gastado 57 euros en una papelería por la compra de un libro, una calculadora
y un estuche. Sabemos que el libro cuesta el doble que el total de la calculadora y el estuche
juntos.
a) ¿Es posible determinar de forma única el precio del libro?. ¿ Y el de la calculadora?. Razona
las respuestas.
b) Si el precio del libro, la calculadora y el estuche hubieran sufrido un 50% , un 20% y un 25%
de descuento respectivamente, el estudiante habría pagado un total de 34 euros. Calcula el
precio de cada artículo.
MATEMÁTICAS Il. 2012. RESERVA 4. EJERCICIO 3. OPCIÓN A."
MATES_II,Sistemas De Ecuaciones Lineales,2012.0,Reserva 4,Ejercicio 3 Opción B,"x+ y+kz=1
Considera el sistema de ecuaciones: 2x +ky =1
y+2z=k
a) Clasifica el sistema según los valores del parámetro k.
b) Resuélvelo para k=1.
c) Resuélvelo para k=—1.
MATEMÁTICAS Il. 2012. RESERVA 4. EJERCICIO 3. OPCIÓN B."
MATES_II,Sistemas De Ecuaciones Lineales,2012.0,Septiembre,Ejercicio 3 Opción A,"kx+2y= 2
Considera el siguiente sistema de ecuaciones con dos incógnitas 2x+ky= k
x= y=-1l
a) Prueba que el sistema es compatible para cualquier valor del parámetro k.
b) Especifica para qué valores del parámetro k es determinado y para cuáles indeterminado.
c) Halla las soluciones en cada caso.
MATEMÁTICAS Il. 2012. SEPTIEMBRE. EJERCICIO 3. OPCIÓN A"
MATES_II,Sistemas De Ecuaciones Lineales,2012.0,Septiembre,Ejercicio 3 Opción B,"XxX -—y =1
Considera el siguiente sistema de ecuaciones con tres incógnitas 24y+1z=24
—=x—y+hiz =0
a) Clasifícalo según los distintos valores del parámetro.
b) Resuélvelo para A=0 y A=-1.
MATEMÁTICAS Il. 2012. SEPTIEMBRE. EJERCICIO 3. OPCIÓN B"
MATES_II,Sistemas De Ecuaciones Lineales,2013.0,Reserva 2,Ejercicio 3 Opcion A,". o . . . xX- y+z=0
Considera el siguiente sistema de ecuaciones lineales
2x4+3y-z=3
a) Determina el valor de m para el que al añadir la ecuación x+my+4z=-—3 al sistema
anterior se obtenga un sistema con las mismas soluciones.
b) Calcula la solución del sistema para la que la suma de los valores de las incógnitas sea 6.
MATEMÁTICAS II. 2013. RESERVA 2. EJERCICIO 3. OPCION A"
MATES_II,Sistemas De Ecuaciones Lineales,2013.0,Reserva 3,Ejercicio 3 Opción A,"Sean A=| -—-1 m m-2|,
m 0 2
a) Determina el rango de A según los valores del parámetro m.
b) Discute el sistema AX =B según los valores del parámetro m.
c) Resuelve el sistema AX =B para m=1.
MATEMÁTICAS HI. 2013. RESERVA 3. EJERCICIO 3. OPCIÓN A"
MATES_II,Sistemas De Ecuaciones Lineales,2013.0,Reserva 4,Ejercicio 3 Opción A,"x+2y+z= 0
Considera el siguiente sistema de ecuaciones lineales: x—y+mz=m-2
mx + y+ 3z=m-2
a) Discute el sistema según los valores del parámetro m.
b) Resuélvelo, si es posible, para m=2.
MATEMÁTICAS Il. 2013. RESERVA 4. EJERCICIO 3. OPCIÓN A"
MATES_II,Sistemas De Ecuaciones Lineales,2013.0,Septiembre,Ejercicio 3 Opción B,"2x-4y+ 6z= 6
Considera el siguiente sistema de ecuaciones lineales my+ 2z=m+1
-3x+6y-3mz= -9
a) Discute el sistema según los valores del parámetro m.
b) Resuélvelo para m=3. Para dicho valor de m, calcula, si es posible, una solución en la que
y=0.
MATEMÁTICAS II. 2013. SEPTIEMBRE. EJERCICIO 3. OPCIÓN B"
MATES_II,Sistemas De Ecuaciones Lineales,2014.0,Junio,Ejercicio 3 Opción A,"Considera el siguiente sistema de ecuaciones lineales
x+2y-3z=3
2x4+3y+ z=5
a) Calcula a de manera que al añadir una tercera ecuación de la forma ax+y-=7z=1 el
sistema resultante tenga las mismas soluciones que el original.
b) Calcula las soluciones del sistema dado tales que la suma de los valores de las incógnitas sea
4.
MATEMÁTICAS Il. 2014. JUNIO. EJERCICIO 3. OPCIÓN A"
MATES_II,Sistemas De Ecuaciones Lineales,2014.0,Reserva 2,Ejercicio 3 Opción A,"Considera el siguiente sistema de ecuaciones lineales MxX+ y+z=
(1-m)x+2y+z=-m-1l
a) Discute el sistema según los valores del parámetro m.
b) Resuélvelo para m=2. Para dicho valor de m, calcula, si es posible, una solución en la que
z=2.
MATEMÁTICAS II. 2014. RESERVA 2. EJERCICIO 3. OPCIÓN A"
MATES_II,Sistemas De Ecuaciones Lineales,2014.0,Reserva 3,Ejercicio 3 Opción A,"Ay+(A+1)z=2
Considera el siguiente sistema de ecuaciones lineales, Ax+z=2
x+z=2
a) Discute el sistema según los valores del parámetro A.
b) Resuelve el sistema para A»=1.
c) Para A=0, si es posible, da tres soluciones distintas.
MATEMÁTICAS Il. 2014. RESERVA 3. EJERCICIO 3. OPCIÓN A."
MATES_II,Sistemas De Ecuaciones Lineales,2014.0,Reserva 4,Ejercicio 3Opción B,"mx-2y + z= 1
Considera el siguiente sistema de ecuaciones lineales: x-2my+ z=-2
x-2y +mz= 1
a) Discute el sistema según los valores del parámetro m.
b) Si es posible, resuelve el sistema para m=-2.
MATEMÁTICAS Il. 2014. RESERVA 4. EJERCICIO 3.OPCIÓN B."
MATES_II,Sistemas De Ecuaciones Lineales,2014.0,Septiembre,Ejercicio 3 Opción A,"x—- y +mz=0
Considera el siguiente sistema de ecuaciones mx +2y + z =0
=x+ y +2mz=0
a) Halla los valores del parámetro m para los que el sistema tiene una única solución.
b) Halla los valores del parámetro m para los que el sistema tiene alguna solución distinta de
la solución nula.
c) Resuelve el sistema para m=-2.
MATEMÁTICAS Il. 2014. SEPTIEMBRE. EJERCICIO 3. OPCIÓN A"
MATES_II,Sistemas De Ecuaciones Lineales,2015.0,Junio,Ejercicio 3 Opción A,"Ax+y -z=-1
Considera el siguiente sistema de ecuaciones Ax  +2Az= A
x+y-4z= 0
a) Discute el sistema según los valores de A.
b) Resuelve el sistema para 1=0.
MATEMÁTICAS II. 2015. JUNIO. EJERCICIO 3. OPCIÓN A"
MATES_II,Sistemas De Ecuaciones Lineales,2015.0,Reserva 1,Ejercicio 3 Opción B,"Ax+Ay+Az=0
Considera el siguiente sistema de ecuaciones: ¿1x+2y+2z=0
Ax+2y+z=0
a) Discute el sistema según los valores de A
b) Determina, si existen, los valores de A para los que el sistema tiene alguna solución en la que
ZA0.
MATEMÁTICAS Il. 2015. RESERVA 1. EJERCICIO 3. OPCIÓN B."
MATES_II,Sistemas De Ecuaciones Lineales,2015.0,Reserva 2,Ejercicio 3 Opción B,"Considera el siguiente sistema de ecuaciones: 2x+ay =0+4
3x+y+(a+4)z= 7
a) Discute el sistema según los valores de a
b) Resuelve el sistema para a=2.
MATEMÁTICAS Il. 2015. RESERVA 2. EJERCICIO 3. OPCIÓN B."
MATES_II,Sistemas De Ecuaciones Lineales,2015.0,Reserva 3,Ejercicio 3 Opción A,"ax+y+3z= 4
Considera el siguiente sistema de ecuaciones: x+ y-2z=-2
-=x+2y+(3+0)2=4+0
a) Determina, si existen,los valores de ar para los que el sistema dado tiene solución única.
b) Determina, si existen, los valores de a para los que el sistema dado tiene al menos dos
soluciones. Halla todas las soluciones en dichos casos
MATEMÁTICAS II. 2015. RESERVA 3. EJERCICIO 3. OPCIÓN A."
MATES_II,Sistemas De Ecuaciones Lineales,2015.0,Reserva 4,Ejercicio 3 Opción A,"Considera el sistema dado por A-X=B
a 2 -1
A=|0 1 2
34 Qu
a) Determina, si existen, los valores de a. para los que el sistema tiene solución única.
b) Determina, si existen, los valores de a para los que el sistema no tiene solución.
c) Determina, si existen, los valores de a. para los que el sistema tiene al menos dos soluciones.
Halla todas las soluciones en dichos casos.
MATEMÁTICAS II. 2015. RESERVA 4. EJERCICIO 3. OPCIÓN A."
MATES_II,Sistemas De Ecuaciones Lineales,2015.0,Septiembre,Ejercicio 3 Opción B,"2x+ y+(a-1)z= a-—1
Considera el siguiente sistema de ecuaciones lineales x—-ay-3z= 1
x+ y+2z=20.-2
a) Resuelve el sistema para a.=1.
b) Determina, si existe, el valor de a. para el que (x, y,z) =(1,-3,a) es la única solución del
sistema dado.
MATEMÁTICAS Il. 2015. SEPTIEMBRE. EJERCICIO 3. OPCIÓN B"
MATES_II,Sistemas De Ecuaciones Lineales,2016.0,Junio,Ejercicio 3 Opción B,"Ba—-1)x+2y=5-a
Se considera el sistema de ecuaciones lineales ax+ y= 2
3ax+3y=a+5
a) Discútelo según los valores del parámetro a.
b) Resuélvelo para a=1 y determina en dicho caso, si existe, alguna solución donde x=4.
MATEMÁTICAS HI. 2016. JUNIO. EJERCICIO 3. OPCIÓN B"
MATES_II,Sistemas De Ecuaciones Lineales,2016.0,Reserva 1,Ejercicio 3 Opción B,"x+idy+z=24
Se considera el siguiente sistema de ecuaciones lineales: ¿Ax+y+z=1
x+y+z=1
a) Determina, si existen, los valores de A para los que el sistema tiene infinitas soluciones
b) Resuelve el sistema para 1=-2.
MATEMÁTICAS Il. 2016. RESERVA 1. EJERCICIO 3. OPCIÓN B."
MATES_II,Sistemas De Ecuaciones Lineales,2016.0,Reserva 2,Ejercicio 3 Opción A,"Sea la matriz A=|0 1 -—1
02 4
a) Estudia, según los valores de 2.,el rango de la matriz A—AI , siendo I la matriz identidad de
orden tres.
x 0
b) Resuelve el sistema dado por (A—21)| y |=|0
Z 0
MATEMÁTICAS Il. 2016. RESERVA 2. EJERCICIO 3. OPCIÓN A."
MATES_II,Sistemas De Ecuaciones Lineales,2016.0,Reserva 2,Ejercicio 3 Opción B,"x+(+ly+z=1
Considera el siguiente sistema de ecuaciones lineales Ay+z=0
Ay+iz=2
a) Discútelo según los valores de A. b) Resuélvelo para A=0. c) Determina, si existe, el valor
de A para el que hay una solución en la que z=2. Calcula esa solución.
MATEMÁTICAS II. 2016. RESERVA 2. EJERCICIO 3. OPCIÓN B."
MATES_II,Sistemas De Ecuaciones Lineales,2016.0,Reserva 3,Ejercicio 3 Opción A,"1 1 2 l-m x
A=|-1 m+2 m B=| m X=| y
1 1 m+2 7 YA
a) Discute el sistema según los valores de m.
b) Resuelve el sistema para m=-3 y determina en dicho caso, si existe, una solución en la que
x=2.
MATEMÁTICAS II. 2016. RESERVA 3. EJERCICIO 3. OPCIÓN A."
MATES_II,Sistemas De Ecuaciones Lineales,2016.0,Reserva 3,Ejercicio 3 Opción B,"De los datos recabados en un informe sobre los beneficios obtenidos por las empresas A, B y C
el pasado año, se desprende lo siguiente:
+ la empresa B obtiene el mismo beneficio que las empresas A y C juntas.
+ el beneficio de la empresa A es la media aritmética del de las otras dos.
a) Determina si se puede hallar el beneficio de cada empresa sabiendo que A ha obtenido el
doble que C.
b) Calcula el beneficio de cada empresa sabiendo que entre las tres han obtenido 210 millones
de euros.
MATEMÁTICAS Il. 2016. RESERVA 3. EJERCICIO 3. OPCIÓN B."
MATES_II,Sistemas De Ecuaciones Lineales,2016.0,Septiembre,Ejercicio 3 Opción A,"SELECTIVIDAD
2x-4y+2z =1
Considera el siguiente sistema de ecuaciones lineales: 5x-11y+9z=1A
x-3y+5z =2
a) Discute el sistema según los valores de A
b) Resuélvelo, si es posible, para 1A=4.
MATEMÁTICAS Il. 2016. SEPTIEMBRE. EJERCICIO 3. OPCIÓN A."
MATES_II,Sistemas De Ecuaciones Lineales,2017.0,Junio,Ejercicio 3 Opción A,"-2
Considera las matrices A=| —2
0
a) Determina los valores de A para los que la matriz A+AI no tiene inversa (1 es la matriz
identidad).
b) Resuelve AX =-3X . Determina, si existe, alguna solución con x=1.
MATEMÁTICAS II. 2017. JUNIO. EJERCICIO 3. OPCIÓN A."
MATES_II,Sistemas De Ecuaciones Lineales,2017.0,Junio,Ejercicio 3 Opción B,"Sabemos que el coste de 3 lápices, 1 rotulador y 2 carpetas es de 15 euros, mientras que el de 2
lápices, 4 rotuladores y 1 carpeta es de 20 euros.
a) Sabiendo que 1 lápiz y 7 rotuladores cuestan 25 euros ¿podemos deducir el precio de cada
uno de los artículos?. Razona la respuesta.
b) Si por el precio de una carpeta se pueden comprar 10 lápices ¿cuánto cuesta cada uno de los
artículos?.
MATEMÁTICAS Il. 2017. JUNIO. EJERCICIO 3. OPCIÓN B."
MATES_II,Sistemas De Ecuaciones Lineales,2017.0,Reserva 4,Ejercicio 3 Opcion A,"Considera el sistema de ecuaciones lineales dado por AX =B siendo
1 -1 1 x 1
A=|1 m m| , X=|y| y B=|1
m 1.3 VA m
a) Discute el sistema según los valores de m.
b) Para m=2, si es posible, resuelve el sistema dado.
MATEMÁTICAS II. 2017. RESERVA 4. EJERCICIO 3. OPCION A."
MATES_II,Sistemas De Ecuaciones Lineales,2017.0,Septiembre,Ejercicio 3 Opción A,"Considera el sistema de ecuaciones lineales dado por AX =B siendo:
1 1 1 m
A=|2 0 3 B=|2m+1
13 m-2 m-1
a) Discute el sistema según los valores de m.
b) Para m=2, calcula, si es posible, una solución del sistema anterior para la que z=17.
MATEMÁTICAS Il. 2017. SEPTIEMBRE. EJERCICIO 3. OPCIÓN A."
MATES_II,Sistemas De Ecuaciones Lineales,2018.0,Junio,Ejercicio 3 Opción A,"x+2y+(m+3)z= 3
Considera el siguiente sistema de ecuaciones x+y+z=3m
2x+4y+3(m+1l)z= 8
a) Discútelo según los valores del parámetro m.
b) Resuelve el sistema para m=-2.
MATEMÁTICAS Il. 2018. JUNIO. EJERCICIO 3. OPCIÓN A"
MATES_II,Sistemas De Ecuaciones Lineales,2018.0,Junio,Ejercicio 3 Opción B,"a) Justifica que es posible hacer un pago de 3450 euros cumpliendo las siguientes restricciones:
utilizando únicamente monedas de 50 céntimos de euro, de | euro y de 2 euros
se tienen que utilizar exactamente un total de 30 monedas
tiene que haber igual número de monedas de 1 euro como de 50 céntimos y 2 euros
juntas.
¿De cuántas maneras y con cuántas monedas de cada tipo se puede hacer el pago?
b) Si se redondea la cantidad a pagar a 35 euros, justifica si es posible o no seguir haciendo el
pago bajo las mismas condiciones que en el apartado anterior.
MATEMÁTICAS Il. 2018. JUNIO. EJERCICIO 3. OPCIÓN B."
MATES_II,Sistemas De Ecuaciones Lineales,2018.0,Reserva 1,Ejercicio 3 Opción A,"Considera las matrices
2 -14A
A=| 2 -—A 1 B=
24 -1 1
a) Discute el rango de A según los valores del parámetro A.
b) Para A=-2, estudia y resuelve el sistema dado por AX=B.
MATEMÁTICAS Il. 2018. RESERVA 1. EJERCICIO 3. OPCIÓN A."
MATES_II,Sistemas De Ecuaciones Lineales,2018.0,Reserva 2,Ejercicio 3 Opción B,"x+y+mz =1
Considera el siguiente sistema de ecuaciones lineales ¿x+myw+z =1.
x+2y+4z=m
a) Discute el sistema en función del parámetro m.
b) Si es posible, resuelve el sistema para m=1.
MATEMÁTICAS Il. 2018. RESERVA 2. EJERCICIO 3. OPCIÓN B."
MATES_II,Sistemas De Ecuaciones Lineales,2018.0,Reserva 3,Ejercicio 3 Opción A,"Considera las matrices: A=
a) Discute el sistema dado por AX =mX según los valores del parámetro m.
b) Da la solución del sistema en los casos en que es compatible determinado.
c) Para m=3 resuelve el sistema y halla, si es posible, una solución en la que x+ y+z=3.
MATEMÁTICAS Il. 2018. RESERVA 3. EJERCICIO 3. OPCIÓN A."
MATES_II,Sistemas De Ecuaciones Lineales,2018.0,Reserva 3,Ejercicio 3 Opción B,"Considera el siguiente sistema de ecuaciones my+3z =1
4x+ y-mz=5
a) Discútelo según los valores del parámetro m.
b) Para m=1 resuelve el sistema y encuentra, si es posible, una solución para la que sea x=.
MATEMÁTICAS Il. 2018. RESERVA 3. EJERCICIO 3. OPCIÓN B."
MATES_II,Sistemas De Ecuaciones Lineales,2018.0,Septiembre,Ejercicio 3 Opción B,"x+y+mz=m?
Considera el siguiente sistema de ecuaciones lineales y—-z=m
x+my+z=m
a) Discute el sistema según los valores del parámetro m.
b) Resuélvelo para m=1.Para dicho valor de m, calcula, si es posible, una solución en la que
z=2.
MATEMÁTICAS Il. 2018. SEPTIEMBRE. EJERCICIO 3. OPCIÓN B."
MATES_II,Sistemas De Ecuaciones Lineales,2019.0,Junio,Ejercicio 3 Opción B,"Dadas las matrices A= m
1
Considera el sistema de ecuaciones lineales dado por X'A=B""', donde X', B' denotan las
traspuestas. Discútelo según los valores de m.
MATEMÁTICAS II. 2019. JUNIO. EJERCICIO 3. OPCIÓN B."
MATES_II,Sistemas De Ecuaciones Lineales,2019.0,Reserva 1,Ejercicio 3 Opción B,"mx- y+13z=0
Dado el sistema de ecuaciones lineales: 42x —my+ 4z=0
x+ y+7z=0
a) Encuentra los valores de m para los que el sistema tiene infinitas soluciones.
b) Resuelve el sistema para m=3. En este caso, ¿hay alguna solución en la que x=107? Razona
tu respuesta.
MATEMÁTICAS Il. 2019. RESERVA 1. EJERCICIO 3. OPCIÓN B."
MATES_II,Sistemas De Ecuaciones Lineales,2019.0,Reserva 2,Ejercicio 3 Opción B,"Dadas las matrices A=
a) Encuentra los valores de a para los que el sistema dado por AX=2X tiene infinitas
soluciones.
b) Para a=0,si es posible, resuelve AX=2X.
MATEMÁTICAS II. 2019. RESERVA 2. EJERCICIO 3. OPCIÓN B"
MATES_II,Sistemas De Ecuaciones Lineales,2019.0,Reserva 3,Ejercicio 3 Opción B,"Considera el siguiente sistema de ecuaciones lineales ¿—Ax+y+z= 1
X+y+z=24+3
a) Discute el sistema según los valores de A.
b) Resuelve el sistema, si es posible, para A=1
MATEMÁTICAS II. 2019. RESERVA 3. EJERCICIO 3. OPCIÓN B"
MATES_II,Sistemas De Ecuaciones Lineales,2019.0,Reserva 4,Ejercicio 3 Opción A,"1 m 1 0 x
Dadas las matrices A=|m-1 m 0|,B=|1| y X=| y
k Z
1 1 1
a) Estudia el rango de A según los valores de m.
b) Sabiendo que para m=1 el sistema dado por AX=B tiene solución, encuentra k y
resuélvelo.
MATEMÁTICAS Il. 2019. RESERVA 4. EJERCICIO 3. OPCIÓN A"
MATES_II,Sistemas De Ecuaciones Lineales,2019.0,Reserva 4,Ejercicio 3 Opción B,"mx+(m+1)z=m
Considera el siguiente sistema de ecuaciones lineales my+z=m
y+mz=m
a) Discute el sistema según los valores de m.
b) Resuélvelo, si es posible, para m=1.
MATEMÁTICAS Il. 2019. RESERVA 4. EJERCICIO 3. OPCIÓN B"
MATES_II,Sistemas De Ecuaciones Lineales,2019.0,Septiembre,Ejercicio 3 Opción A,"x+y+2z=0
Considera el siguiente sistema de ecuaciones lineales 4 (m+2)x+y=z=m.
3x+(m+2)y+z=m
a) Discute el sistema según los valores de m.
b) Resuelve el sistema, si es posible, para m=0.
MATEMÁTICAS Il. 2019. SEPTIEMBRE. EJERCICIO 3. OPCIÓN A."
MATES_II,Sistemas De Ecuaciones Lineales,2019.0,Septiembre,Ejercicio 3 Opción B,"Calcula, en grados, los tres ángulos de un triángulo sabiendo que el menor de ellos es la mitad
del ángulo mayor y que la suma del ángulo menor y el ángulo mayor es el doble del otro
ángulo.
MATEMÁTICAS Il. 2019. SEPTIEMBRE. EJERCICIO 3. OPCIÓN B."
MATES_II,Sistemas De Ecuaciones Lineales,2020.0,Junio,Ejercicio 7,"Considera A=|1 0 1|; B=|2a
4 14 3a
a) (125 puntos) Discute el sistema dado por AX =B , según los valores de a.
b) (125 puntos) Para a=0, resuelve el sistema dado por AX =B . Calcula, si es posible, , un
solución en la que y+z=4.
MATEMÁTICAS II. 2020. JUNIO. EJERCICIO 7."
MATES_II,Sistemas De Ecuaciones Lineales,2020.0,Reserva 1,Ejercicio 7,"x+4y=2
dos incógnitas 2x+4y=1
Ax+y=2%4
Discútelo según los valores deA y resuélvelo cuando sea posible.
MATEMÁTICAS I1. 2020. RESERVA 1. EJERCICIO 7"
MATES_II,Sistemas De Ecuaciones Lineales,2020.0,Reserva 2,Ejercicio 3,"SELECTIVIDAD
ax+y+z=1
Considera el sistema de ecuaciones Xx+ay+z=a
x+y+az=a?
a) (1775 Puntos). Discútelo según los valores de a.
b) (075 Puntos). Resuelve, si es posible, el sistema para a=1 y a=-2.
MATEMÁTICAS HI. 2020. RESERVA 2. EJERCICIO 3"
MATES_II,Sistemas De Ecuaciones Lineales,2020.0,Reserva 3,Ejercicio 3,". 2 11
Considera A= , B=|-1 m
Ú 0 , 11
a) (075 Puntos) Determina los valores de m para los que A-B no tiene inversa.
b) (075 Puntos) Determina los valores de m para los que B-A no tiene inversa.
b) (1 Punto) Para m=0, resuelve, si es posible, el sistema dado por B-A-X =C y halla una
solución en la que x+ y+z=0.
MATEMÁTICAS HI. 2020. RESERVA 3. EJERCICIO 3"
MATES_II,Sistemas De Ecuaciones Lineales,2020.0,Reserva 4,Ejercicio 3,"Considera el sistema de ecuaciones 4 5x+2y+mz= 0
my+(m-3)z=-3
a) (125 Puntos). Discute el sistema en función de m.
b) (1?25 Puntos). Para m=0, resuelve el sistema. Calcula, si es posible, una solución en la que
y=5.
MATEMÁTICAS II. 2020. RESERVA 4. EJERCICIO 3"
MATES_II,Sistemas De Ecuaciones Lineales,2020.0,Septiembre,Ejercicio 3,"1. -2 1
A=|m 4 -2 X=
0 m+2 -3 z
a) (15 puntos) Discute el sistema según los valores de m.
b) (1 punto) Para m=-2, ¿existe alguna solución con z=0?.En caso afirmativo, calcúlala. En
caso negativo, justifica la respuesta.
MATEMÁTICAS Il. 2020. SEPTIEMBRE. EJERCICIO 3."
MATES_II,Sistemas De Ecuaciones Lineales,2020.0,Septiembre,Ejercicio 7,"1.23
Considera A=|0 0 2| y X=
0 1 1 z
a) (125 puntos) Halla los valores de A tales que ¡A-A1|=0, donde I es la matriz identidad de
orden 3.
b) (1725 puntos) Para 1 =1, resuelve el sistema dado por (A-M1)X =0. ¿Existe alguna solución
tal que z=1?.En caso afirmativo, calcúlala. En caso negativo, justifica la respuesta.
MATEMÁTICAS II. 2020. SEPTIEMBRE. EJERCICIO 7"
MATES_II,Sistemas De Ecuaciones Lineales,2021.0,Junio,Ejercicio 5,"mx+2y=z= 1
Considera el siguiente sistema de ecuaciones lineales ¿5x-4y+2z= 0
2
x+3my=m+<
a) Discute el sistema según los valores de m.
b) Resuelve el sistema para m=0. ¿Hay alguna solución en la que x =07.En caso afirmativo,
calcúlala. En caso negativo, justifica la respuesta.
MATEMÁTICAS Il. 2021. JUNIO. EJERCICIO 5"
MATES_II,Sistemas De Ecuaciones Lineales,2021.0,Junio,Ejercicio 6,"como materia prima 10 kg de polietileno cada hora. Se sabe que para fabricar cada botella se
necesitan 50 gramos, para cada garrafa 100 gramos y 1 kg para cada bidón.
El gerente también nos dice que se debe producir el doble de botellas que de garrafas. Por último, se
sabe que por motivos de capacidad de trabajo, en las máquinas se producen en total 52 productos
cada hora.
¿Cuántas botellas, garrafas y bidones se producen cada hora?.
MATEMÁTICAS Il. 2021. JUNIO. EJERCICIO 6"
MATES_II,Sistemas De Ecuaciones Lineales,2021.0,Reserva 1,Ejercicio 6,"x+ my+ mz=1
Considera el siguiente sistema de ecuaciones lineales x+2my+(m+1)z=1 .
2x+ my+ mz=2
a) Discute el sistema según los valores de m.
b) Resuelve el sistema, si es posible, para m=1.
MATEMÁTICAS II. 2021. RESERVA 1. EJERCICIO 6"
MATES_II,Sistemas De Ecuaciones Lineales,2021.0,Reserva 2,Ejercicio 6,"En una cafetería, tres cafés, una tostada y dos zumos de naranja cuestan 750 €. Cuatro cafés,
una tostada y un zumo de naranja cuestan 720 €.
a) Calcula, de forma razonada, el precio total de dos cafés, una tostada y tres zamos de naranja.
b) ¿El precio de un zumo de naranja podría ser de 2 €?. Razona la respuesta.
MATEMÁTICAS II. 2021. RESERVA 2. EJERCICIO 6"
MATES_II,Sistemas De Ecuaciones Lineales,2021.0,Reserva 3,Ejercicio 5,"x+ y+2z=0
Considera el sistema de ecuaciones: 4 3x— y—-2z=0
-=x+2y+mz=0
a) Calcula m para que el sistema tenga infinitas soluciones y hállalas.
b) Para m=2, ¿existe alguna solución tal que z=17. En caso afirmativo, calcúlala. En caso
negativo, justifica la respuesta.
MATEMÁTICAS Il. 2021. RESERVA 3. EJERCICIO 5"
MATES_II,Sistemas De Ecuaciones Lineales,2021.0,Reserva 4,Ejercicio 5,"Considera la matriz A=|-—1 2 1
0.14
a) Estudia, según los valores de 2.,el rango de la matriz A—AI , siendo I la matriz identidad de
orden tres.
x 0
b) Resuelve el sistema (A—I)| y |=| 0 | y halla, si existe, una solución en la que x=2
Z 0
MATEMÁTICAS Il. 2021. RESERVA 4. EJERCICIO 5"
MATES_II,Sistemas De Ecuaciones Lineales,2021.0,Julio,Ejercicio 6,"Una empresa de mensajería opera en tres rutas distintas A, B y C. Semanalmente hace un total
de 70 viajes, y el número de viajes por la ruta B es igual a la suma de los viajes por las rutas A y
C.
a) Si sabemos que el doble de la suma de los viajes por las rutas A y C es 70, ¿podemos deducir
el número de viajes por cada ruta?. Razona la respuesta.
b) Si el doble de viajes por la ruta C es igual al número de viajes por la ruta B menos 5, ¿cuántos
viajes hace por cada ruta?.
MATEMÁTICAS Il. 2021. JULIO. EJERCICIO 6"
MATES_II,Sistemas De Ecuaciones Lineales,2022.0,Junio,Ejercicio 5,"X- y+mz=-3
Considera el sistema: ¿—mx+3y-= z= 1
x—-4y+mz =-6
a) Discute el sistema según los valores de m.
b) Para m=2 resuelve el sistema, si es posible.
MATEMÁTICAS II. 2022. JUNIO. EJERCICIO 5"
MATES_II,Sistemas De Ecuaciones Lineales,2022.0,Reserva 1,Ejercicio 6,"En un estudio del ciclo del sueño se monitoriza la fase NO-REM (es el momento del sueño que el
cuerpo utiliza para descansar físicamente). Esta fase se divide a su vez en tres momentos: Fase 1
(adormecimiento), Fase II (sueño ligero) y Fase III (sueño profundo). Una persona dedica el 75%
de su sueño a la fase NO-REM. Además, el tiempo que dedica a la fase II es el doble que el de la
fase 1 y III juntas. Por otro lado, a la fase III se dedica el cuádruple que a la fase I. Si una persona
ha dormido 8 horas, ¿cuántos minutos dedica a las fases I, IT, y TI del ciclo del sueño?.
MATEMÁTICAS II. 2022. RESERVA 1. EJERCICIO 6"
MATES_II,Sistemas De Ecuaciones Lineales,2022.0,Reserva 2,Ejercicio 5,"Considera el sistema 4 x+my- z=-1
3x+ y-3z=-m
a) Discute el sistema según los valores de m.
b) Para m=-2 encuentra, si es posible, y, para que la solución del sistema sea
3
x=2; y=Y52=4=7
MATEMÁTICAS Il. 2022. RESERVA 2. EJERCICIO 5"
MATES_II,Sistemas De Ecuaciones Lineales,2022.0,Reserva 3,Ejercicio 5,"La suma de los seguidores en una determinada red social de Alberto, Begoña y Carlos es de
13.000 personas. Aunque Carlos perdiera una tercera parte de sus seguidores, todavía seguiría
teniendo el doble de seguidores que tiene Alberto. Por otro lado, los seguidores de Alberto más la
quinta parte de los seguidores de Begoña, son tantos como la mitad de los de Carlos. Calcula
cuántos seguidores tiene cada uno.
MATEMÁTICAS II. 2022. RESERVA 3. EJERCICIO 5"
MATES_II,Sistemas De Ecuaciones Lineales,2022.0,Reserva 4,Ejercicio 5,"(0 1 1 x 0
Considera el sistema de ecuaciones lineales: | a. —1 y |[=|0
z 0
1
a 0a
a) Discute el sistema según los valores de a.
b) Para a.=1 resuelve el sistema y da una solución del mismo diferente de la solución trivial, si
es posible.
MATEMÁTICAS II. 2022. RESERVA 4. EJERCICIO 5"
MATES_II,Sistemas De Ecuaciones Lineales,2022.0,Reserva 4,Ejercicio 6,"Considera el sistema: x+ y+ z=2m
x+2y+mz =3m
a) Discute el sistema según los valores de m.
b) Para m=1 resuelve el sistema, si es posible.
MATEMÁTICAS II. 2022. RESERVA 4. EJERCICIO 6"
MATES_II,Sistemas De Ecuaciones Lineales,2023.0,Junio,Ejercicio 5,"SELECTIVIDAD
Una marca de vehículos ha vendido este mes coches de tres colores: blancos, negros y rojos. El 60%
de los coches blancos más el 50% de los coches negros representan el 30% de los coches vendidos. El
20% de los coches blancos junto con el 60% de los coches negros y el 60% de los coches rojos
representan la mitad de los coches vendidos. Se han vendido 100 coches negros más que blancos.
Determina el número de coches vendidos de cada color.
MATEMÁTICAS Il. 2023. JUNIO. EJERCICIO 5"
MATES_II,Sistemas De Ecuaciones Lineales,2023.0,Reserva 1,Ejercicio 5,"Una fábrica dispone de tres líquidos L,,L, yL,, en los que se encuentran disueltas dos
sustancias: sodio y magnesio. Cada litro del líquido L, contiene 120 mg de sodio y 90 mg de
magnesio, cada litro del líquido L, contiene 100 mg de sodio y 90 mg de magnesio y cada litro
del líquido L, contiene 60 mg de sodio y 180 mg de magnesio. ¿Es posible obtener un litro de
un liquido mezclando distintas cantidades de L, ,L, yL, en el que la cantidad de sodio y de
magnesio sea de 100 mg cada una ¿. En caso afirmativo, calcula dichas cantidades.
MATEMÁTICAS II. 2023. RESERVA 1. EJERCICIO 5"
MATES_II,Sistemas De Ecuaciones Lineales,2023.0,Reserva 2,Ejercicio 6,"110 0.0 1
Dadas las matrices A=|1 0 1|yB=|0 1 0|,se define la matriz M = A+(A—1)B
1 1
0 10.0
a) Halla los valores de 2 para los que la matriz M tiene rango menor que 3.
b) Para A =-—1,resuelve el sistema lineal homogéneo cuya matriz de coeficientes es M.
MATEMÁTICAS Il. 2023. RESERVA 2. EJERCICIO 6"
MATES_II,Sistemas De Ecuaciones Lineales,2023.0,Reserva 3,Ejercicio 6,"y
x
x
Considera las matrices: A=| y
Z
z
a) Discute el sistema B.-A=C según los valores de a.
b) Resuelve el sistema, si es posible, para a=0 y para a=1.
MATEMÁTICAS Il. 2023. RESERVA 3. EJERCICIO 6."
MATES_II,Sistemas De Ecuaciones Lineales,2023.0,Reserva 4,Ejercicio 6,"Una plataforma de streaming se especializa en series de tres géneros: animación, ciencia ficción y
comedia. Se sabe que el 30% de las series de animación más el 50% de las de ciencia ficción
coincide con el 20% de total de series. El 25% de las series de animación más el 50% de las de
ciencia ficción más el 60% de las de comedia representan la mitad del total de series. Hay 100
series menos de animación que de ciencia ficción. Halla el número de series de cada género.
MATEMÁTICAS Il. 2023. RESERVA 4. EJERCICIO 6"
MATES_II,Sistemas De Ecuaciones Lineales,2023.0,Julio,Ejercicio 6,"SELECTIVIDAD
El dueño de un bar ha comprado refrescos, cerveza y vino por un importe de 500 euros sin incluir
impuestos. El gasto en vino es de 60 euros menos que los gastos en refrescos y cerveza
conjuntamente, sin incluir impuestos. Teniendo en cuenta que los impuestos de los refrescos, la
cerveza y el vino son el 6%, el 12% y el 30%, respectivamente, entonces el importe total de la
factura incluyendo impuestos ha ascendido a 592”4 euros. Calcula el importe, incluyendo impuestos,
invertido en cada una de las bebidas.
MATEMÁTICAS Il. 2023. JULIO. EJERCICIO 6"
MATES_II,Sistemas De Ecuaciones Lineales,2024.0,Junio,Ejercicio 6,"y+z=1
Considera el sistema <(k—1)x + y+z=k
x+(k-l)y+z=0
a) Discute el sistema según los valores de k.
b) Para k=1 resuelve el sistema, si es posible. ¿Hay alguna solución en la que y=0?. En caso
afirmativo, calcúlala. En caso negativo, justifica la respuesta.
MATEMÁTICAS II. 2024. JUNIO. EJERCICIO 6"
MATES_II,Sistemas De Ecuaciones Lineales,2024.0,Reserva 1,Ejercicio 6,"Determina un número natural de tres cifras sabiendo que la suma de sus dígitos es 9, que la
diferencia de dicho número con el que se obtiene al intercambiar la cifra de las centenas por las
de las unidades es 198, y que si consideramos la suma entre ambos números, es decir, entre el
número a determinar y el que se obtiene al intercambiar sus cifras, el resultado es 828.
MATEMÁTICAS II. 2024. RESERVA 1. EJERCICIO 6"
MATES_II,Sistemas De Ecuaciones Lineales,2024.0,Reserva 2,Ejercicio 5,"ax+ y+ z=l+a
Considera el sistema de ecuaciones lineales 4 x+ 2y- z=l-a
x+(l+a)y-az= 0
a) Calcula a para que el sistema sea compatible indeterminado.
b) Resuelve el sistema, si es posible, para a =0.
MATEMÁTICAS II. 2024. RESERVA 2. EJERCICIO 5"
MATES_II,Sistemas De Ecuaciones Lineales,2024.0,Reserva 3,Ejercicio 6,"5 -2
Xx Xx
Considera el sistema | 2 «| y|=m| y
z
3-2 -1
a) Determina los valores de m para los que el sistema es compatible indeterminado.
b) Para m=2 resuelve el sistema, si es posible
MATEMÁTICAS II. 2024. RESERVA 3. EJERCICIO 6"
MATES_II,Sistemas De Ecuaciones Lineales,2024.0,Reserva 4,Ejercicio 6,"Considera la matriz A=| 2 0 a
5 3a-1 0
a) Calcula el rango de A según los valores de a.
1 x
b)Si B=|2|, X =| y | y a=2 resuelve, si es posible, el sistema AX =B.
4 VA
MATEMÁTICAS II. 2024. RESERVA 4. EJERCICIO 6"
MATES_II,Sistemas De Ecuaciones Lineales,2024.0,Julio,Ejercicio 6,"Un proveedor de perfumerías vende a sus comerciantes tres tipos de perfumes A, B y C. En un
primer pedido una tienda ha encargado 20 perfumes de tipo A, 30 de tipo B y 15 de tipo C, por
un importe de 2200 euros. En un segundo pedido ha comprado 15 perfumes de tipo A, 10 de tipo
B y 10 de tipo C, por un importe de 1250 euros.
a) ¿Cuánto tendremos que pagar por un pedido de 25 perfumes de tipo A, 10 perfumes de tipo B
y 16 de tipo C?.
b) Si añadimos que el precio de un perfume de tipo C es : del precio de una unidad de tipo A,
¿cuál es el precio de cada tipo de perfume?.
MATEMÁTICAS II. 2024. JULIO. EJERCICIO 6"
MATES_II,Sistemas De Ecuaciones Lineales,2024.0,Modelo,Ejercicio 5,"Dadas las matrices A=|1 0 1|yB=|0 1 0|,se define la matriz M= A+(A-I)B.
0 1 1 100
a) Halla los valores de 4 para los que la matriz M tiene rango menor que 3.
b)Para A =-—1, resuelve el sistema lineal homogéneo cuya matriz de coeficientes es M.
MATEMÁTICAS Il. 2024. MODELO. EJERCICIO 5"
MATES_II,Sistemas De Ecuaciones Lineales,2025.0,Junio,Ejercicio 1,"Juan ha gastado 80 € por la compra de un jersey, una camisa y un pantalón. Sabemos que el precio
del jersey es un tercio del precio de la camisa y el pantalón juntos.
a) ¿Es posible determinar de forma única el precio del jersey?. ¿Y el de la camisa?. Razona la
respuesta.
b) Si Juan hubiera esperado a las rebajas se habría gastado 57 €, pues el jersey, la camisa y el
pantalón tenían un descuento del 30%, del 40% y del 20% respectivamente. Calcula el precio de
cada prenda antes de las rebajas.
MATEMÁTICAS Il. 2025. JUNIO. EJERCICIO 1."
MATES_II,Sistemas De Ecuaciones Lineales,2025.0,Julio,Ejercicio 1,"Se sabe que la suma de tres números naturales es 22 y que la suma de cuatro veces el primero más
el triple del segundo más el doble del tercero es 61. ¿Puede ser 15 uno de los tres números?. En
caso afirmativo, calcula los restantes. ¿Existen otras opciones?.
MATEMÁTICAS II. 2025. JULIO. EJERCICIO 1."
MATES_II,Sistemas De Ecuaciones Lineales,2026.0,Junio,Ejercicio 31,"Considera el sistema (l-a)y +2z= 0
4y+(3-a)z=a-5
a) Calcula a para que el sistema sea compatible indeterminado.
b) Resuelve el sistema, si es posible, para a =0.
MATEMÁTICAS II. 2026. JUNIO. EJERCICIO 3.1"
MATES_II,Probabilidad,2024.0,Ponencia,Ejercicio 1,"Sean A y B dos sucesos independientes tales que la probabilidad de que ocurran ambos
simultáneamente es 3 y la de que no ocurra ninguno de ellos es Ñ . Calcula P(A) y P(B).
MATEMÁTICAS Il. 2024 PONENCIA. EJERCICIO 1"
MATES_II,Probabilidad,2024.0,Ponencia,Ejercicio 2,"Dados dos sucesos, A y B, de un experimento aleatorio, con probabilidades tales que P(A)= 7>
1 13
P(B)=- y P(AUB)=— ,se pide:
(B) 7 Y ( ) 15 P
a) Comprobar si los sucesos A y B son independientes o no.
b) Calcular P (a/ B) donde A denota el suceso complementario de A.
MATEMÁTICAS Il. 2024 PONENCIA. EJERCICIO 2"
MATES_II,Probabilidad,2024.0,Ponencia,Ejercicio 3,"Un dado con las caras numeradas del 1 al 6 está trucado de modo que la probabilidad de
obtener un número es directamente proporcional a dicho número. Tiramos el dado una vez.
a) Halla la probabilidad de que salga 3 si se sabe que salió un número impar.
b) Calcula la probabilidad de que salga un número par si se sabe que salió un número mayor
que3.
MATEMÁTICAS II. 2024 PONENCIA. EJERCICIO 3"
MATES_II,Probabilidad,2024.0,Ponencia,Ejercicio 4,"En un club deportivo, el 55 % de los socios practica natación, el 65 % practica tenis, y el 10 %
no practica ni natación ni tenis.
a) Si el club tiene 1200 socios, ¿cuántos practicarían ambos deportes?.
b) Tomando al azar una persona de este club que practique natación, calcula la probabilidad
de que no juegue al tenis.
MATEMÁTICAS II. 2024 PONENCIA. EJERCICIO 4"
MATES_II,Probabilidad,2024.0,Ponencia,Ejercicio 5,"De una urna que contiene cuatro bolas rojas y dos azules, extraemos una bola y, sin devolverla
a la urna, extraemos otra a continuación.
a) ¿Cuáles la probabilidad de que sean de distinto color?
b) ¿Cuál es la probabilidad de que la segunda bola sea azul?
c) Si la segunda bola es azul, ¿cuál es la probabilidad de que la primera sea roja?
MATEMÁTICAS II. 2024 PONENCIA. EJERCICIO 5"
MATES_II,Probabilidad,2024.0,Ponencia,Ejercicio 6,"Se tienen dos urnas A y B con bolas de colores con la siguiente composición: la urna A contiene
3 bolas verdes, 4 negras y 3 rojas; mientras que la urna B contiene 6 bolas verdes y 4 bolas
negras. Además, se tiene un dado con 2 caras marcadas con la letra A y 4 caras marcadas con
la letra B. Se lanza el dado y se saca una bola al azar de la urna que ha indicado el dado.
a) ¿Cuáles la probabilidad de que la bola sea verde?
b) ¿Cuál es la probabilidad de que la bola sea roja?
c) Si la bola extraída es verde, ¿cuál es la probabilidad de que ésta proceda de la urna B?
MATEMÁTICAS I1. 2024 PONENCIA. EJERCICIO 6"
MATES_II,Probabilidad,2024.0,Ponencia,Ejercicio 7,"Python y JavaScript se encuentran entre los lenguajes de programación más estudiados por los
programadores, con un 20 % y un 18 % de desarrolladores que se especializan únicamente en
cada uno de ellos. El resto de desarrolladores se especializan entre una decena de lenguajes
(HTML-CSS, Java, C,...). La probabilidad de que un desarrollador que se ha especializado en
Python obtenga empleo es 0,85, mientras que la de que lo obtenga uno que se ha especializado
en JavaScript es 0,9. También se sabe que la probabilidad de que un desarrollador esté
desempleado es del 0,15.
a) Calcula la probabilidad de que un desarrollador esté empleado si no ha estudiado Python ni
JavaScript.
b) Calcula la probabilidad de que un desarrollador que está desempleado se haya especializado
en Python o JavaScript.
MATEMÁTICAS Il. 2024 PONENCIA. EJERCICIO 7"
MATES_II,Probabilidad,2024.0,Ponencia,Ejercicio 8,"En el enfermero de la doctora Martínez no se puede confiar, pues durante la ausencia del
médico la probabilidad de que no le inyecte un suero a un enfermo es de 0, 6. Se sabe que si a
un enfermo grave se le inyecta el suero tiene igual probabilidad de mejorar que de empeorar,
pero si no se le inyecta entonces la probabilidad de que mejore es de 0, 25. A su regreso, la Dra.
Martínez se encuentra con que un enfermo ha empeorado. Calcula la probabilidad de que el
enfermero olvidara inyectar el suero a este paciente.
MATEMÁTICAS II. 2024 PONENCIA. EJERCICIO 8"
MATES_II,Probabilidad,2024.0,Ponencia,Ejercicio 9,"Se estima que solo un 20 % de los que compran acciones en bolsa tienen conocimientos
bursátiles. De ellos, el 80 % obtiene beneficios. De los que compran acciones sin conocimientos
bursátiles, solo un 10 % obtiene beneficios.
a) Calcula el porcentaje de los que obtienen beneficios comprando acciones en bolsa.
b) Eligiendo una persona al azar, calcula la probabilidad de que no tenga conocimientos
bursátiles y que no tenga beneficios al invertir en bolsa.
MATEMÁTICAS II. 2024 PONENCIA. EJERCICIO 9"
MATES_II,Probabilidad,2024.0,Ponencia,Ejercicio 10,"Una enfermedad puede estar producida por tres virus A, B y C. En el laboratorio hay tres
tubos de ensayo con el virus A, 2 tubos de ensayo con el virus B y 5 tubos de ensayo con el virus
C. La probabilidad de que el virus A produzca la enfermedad en un animal es de => que la
produzca el virus B es de 5 y que la produzca el virus C es de > .
a) Si elegimos al azar un tubo de ensayo e inoculamos el virus a un animal, calcula la
probabilidad de que contraiga la enfermedad.
b) Si se inocula el virus a un animal y contrae la enfermedad, calcula la probabilidad de que el
virus que se ha inoculado sea del tipo C.
MATEMÁTICAS Il. 2024 PONENCIA. EJERCICIO 10"
MATES_II,Probabilidad,2024.0,Ponencia,Ejercicio 11,"Un ayuntamiento estima que el 60 % de los árboles de su localidad son de hoja caduca, y de
ellos un 20 % son autóctonos del área geográfica. Sin embargo, de los árboles de hoja perenne
(no caduca) los autóctonos ascienden al 70 % . Elegido al azar un árbol de esta localidad:
a) ¿Cuáles la probabilidad de que sea de hoja caduca y no sea autóctono?
b) ¿Qué probabilidad hay de que el árbol sea autóctono?
c) Sabiendo que el árbol es autóctono, ¿cuál es la probabilidad de que sea de hoja caduca?
MATEMÁTICAS II. 2024 PONENCIA. EJERCICIO 11"
MATES_II,Probabilidad,2024.0,Ponencia,Ejercicio 12,"Se tiene una prueba diagnóstica para una enfermedad con las siguientes propiedades:
- La probabilidad de que el test dé positivo teniendo la enfermedad es 0,95.
- La probabilidad de que el test dé negativo no teniendo la enfermedad es 0,95.
- La probabilidad de que una persona tenga la enfermedad es 0.05.
Realizada la prueba a una persona al azar, calcular:
a) La probabilidad de que el test dé positivo.
b) La probabilidad de tener la enfermedad cuando el test ha dado positivo.
MATEMÁTICAS Il. 2024 PONENCIA. EJERCICIO 12"
MATES_II,Probabilidad,2024.0,Ponencia,Ejercicio 13,"Una empresa automovilística fabrica sus coches en cuatro factorías: F,, F,, F, y F,. El
porcentaje de producción total de coches que se fabrica en cada factoría es del 40 %,30%,
20 % y 10 %, respectivamente, y además el porcentaje de pintado defectuoso en cada factoría
es del 1 %,2%,7% y 4 %,respectivamente. Tomamos un coche al azar. Se pide:
a) ¿Cuál es la probabilidad de que el coche haya sido fabricado en la factoría F, y esté
perfecto? b) ¿Cuál es la probabilidad de que la pintura del coche presente algún desperfecto?
MATEMÁTICAS II. 2024 PONENCIA. EJERCICIO 13"
MATES_II,Probabilidad,2024.0,Ponencia,Ejercicio 14,"El 60 % de los coches de una marca se fabrican en su factoría de Valencia, el 25 % en Madrid y
el resto en Lisboa. El 1 % de los coches fabricados en Valencia tiene algún defecto de
fabricación, mientras que para los coches fabricados en Madrid y en Lisboa estos porcentajes
son del 0,5 % y del 2 %, respectivamente.
a) Elegido al azar un coche de esa marca, calcule la probabilidad de que no sea defectuoso.
b) Si un coche de esa marca resulta ser defectuoso, ¿cuál es la probabilidad de que haya sido
fabricado en Madrid?
MATEMÁTICAS Il. 2024 PONENCIA. EJERCICIO 14"
MATES_II,Probabilidad,2024.0,Ponencia,Ejercicio 15,"De una baraja española (40 cartas) Carlos y Paula extraen 8 cartas: los cuatro ases y los cuatro
reyes. Con esas 8 cartas, Paula da dos cartas a Carlos y posteriormente una para ella. Calcula:
a) La probabilidad de que Carlos tenga dos ases
b) La probabilidad de que Carlos tenga un as y un rey.
c) La probabilidad de que Paula tenga un as y Carlos no tenga dos reyes.
MATEMÁTICAS II. 2024 PONENCIA. EJERCICIO 15"
MATES_II,Probabilidad,2024.0,Ponencia,Ejercicio 16,"Se estudia una prueba diagnóstica para detectar una enfermedad en un grupo de 200000
personas a las que se ha sometido a dicha prueba y de los que el 0,5 % están enfermos. Se ha
observado que de los enfermos ha dado negativo a 50 personas y, de las sanas, le ha dado
positivo a 19900. Si se escoge al azar una de estas personas sometidas a la prueba diagnóstica:
a) Calcula la probabilidad de que la prueba dé resultado positivo. ¿Cuál sería la probabilidad
de que el resultado de la prueba sea erróneo?
b) Calcula la probabilidad de que la persona padezca la enfermedad, si el resultado de la
prueba es negativo.
MATEMÁTICAS Il. 2024 PONENCIA. EJERCICIO 16"
MATES_II,Probabilidad,2025.0,Junio,Ejercicio 7,"En la tabla siguiente se recoge el número de coches y motos que se presentaron a la ITV en el
año 2023.
Coches Motos
Aptos 116.383 160.667
No Aptos 2.679 3.447
Se elige un vehículo al azar de entre los coches y motos que se presentaron a dicha inspección.
a) ¿Cuáles la probabilidad de que el vehículo elegido sea una moto o haya resultado apto?
b) Si el vehículo elegido es un coche, ¿cuál es la probabilidad de que haya resultado no apto?
MATEMÁTICAS Il. 2025 JUNIO. EJERCICIO 7"
MATES_II,Probabilidad,2025.0,Reserva 3,Ejercicio 7,"Una empresa fabrica bolígrafos en tres provincias: Almería, Barcelona y Cáceres. El porcentaje
de producción total de bolígrafos que se fabrica en cada provincia es, respectivamente, del 20% ,
50% y 30%. Además, el porcentaje de bolígrafos defectuosos en cada una de ellas es del 7% , 6%
y 2%, respectivamente.
a) ¿Cuáles la probabilidad de que un bolígrafo, tomado al azar, sea defectuoso?
b) Si se ha escogido un bolígrafo no defectuoso, ¿cuál es la probabilidad de que provenga de
Almería?
MATEMÁTICAS Il. 2025. RESERVA 3. EJERCICIO 7"
MATES_II,Probabilidad,2026.0,Junio,Ejercicio 42,"Disponemos de dos bolsas con monedas de oro y monedas de plata. En la primera hay 2 monedas
de oro y 3 monedas de plata. En la segunda hay 6 monedas de oro y 3 de plata. Sin mirar,
extraemos una moneda al azar de la primera bolsa y la depositamos en la segunda bolsa. Luego
extraemos una moneda de la segunda bolsa.
a) Calcula la probabilidad de que la segunda moneda sea de oro, sabiendo que la moneda que se
extrajo de la primera bolsa era de plata.
b) Calcula la probabilidad de que la moneda que se extrajo de la primera bolsa fuera de plata,
sabiendo que la segunda moneda es de oro.
MATEMÁTICAS Il. 2026 JUNIO. EJERCICIO 4.2"
MATES_II,Probabilidad,2026.0,Reserva 2,Ejercicio 42,"Los 120 estudiantes de segundo de Bachillerato de un centro se distribuyen por clases como se
indica en la tabla:
Cursan inglés
Cursan francés
N? de estudiantes
Clase A
30
10
40
Clase B
15
20
35
Clase €
20
S
25
Clase D
20
0
20
Se elige un estudiante al azar y se pide:
a) ¿Cuáles la probabilidad de que el estudiante elegido este en la clase A o haya cursado francés?
b) Si el estudiante elegido cursaba inglés, ¿cuál es la probabilidad de que este en la clase C?
MATEMÁTICAS HI. 2026 RESERVA 2. EJERCICIO 4.2"
MATES_II,Probabilidad,2026.0,Julio,Ejercicio 42,"Tres máquinas A, B y C, producen el 45% , 30% y 25%, respectivamente del total de los coches
que se producen en una fábrica. Los porcentajes de producción defectuosa de estas máquinas son
del 3% ,4% y 5%, respectivamente.
a) Seleccionamos un coche al azar. Calcula la probabilidad de que sea defectuoso.
b) Tomamos, al azar, un coche y resulta ser defectuoso. ¿Qué máquina tiene la mayor probabilidad
de haber producido ese coche?
MATEMÁTICAS Il. 2026. JULIO. EJERCICIO 4.2"
MATES_II,Funciones,2000.0,Junio,Ejercicio 2 Opción A,"Un objeto se lanza verticalmente hacia arriba desde un determinado punto. La altura en
metros alcanzada al cabo de t segundos, viene dada por h(t)=5-5t-5e*.
a) Calcula el tiempo transcurrido hasta alcanzar la altura máxima y el valor de ésta.
b) Teniendo en cuenta que la velocidad es v(t)=h' (t), halla la velocidad al cabo de 2
segundos.
MATEMÁTICAS Il. 2000. JUNIO. EJERCICIO 2. OPCIÓN A."
MATES_II,Funciones,2000.0,Junio,Ejercicio 2 Opción B,"Determina a,b, c, para que la curva f(x) =———— sea la siguiente:
x“+bx+c
MATEMÁTICAS Il. 2000. JUNIO. EJERCICIO 2. OPCIÓN B."
MATES_II,Funciones,2000.0,Reserva 1,Ejercicio 1 Opción B,"De entre todos los rectángulos de 40 kilómetros de perímetro, calcula las dimensiones del que
tiene área máxima.
MATEMÁTICAS I1. 2000. RESERVA 1. EJERCICIO 1. OPCIÓN B."
MATES_II,Funciones,2000.0,Reserva 1,Ejercicio 2 Opción A,"ax+5x? six<2
Calcula a y b sabiendo que la función f:R—>R definida por: f(x)=
2 bx si x>2
x
derivable.
MATEMÁTICAS Il. 2000. RESERVA 1. EJERCICIO 2. OPCIÓN A."
MATES_II,Funciones,2000.0,Reserva 2,Ejercicio 1 Opción B,"Determina el valor de las constantes a, b y c sabiendo que la gráfica de la función f:R—>R
definida por f(x)=x-(ax?+bx+c) tiene un punto de inflexión en (-2,12) y que en dicho
punto la recta tangente tiene por ecuación 10x+ y+8=0.
MATEMÁTICAS Il. 2000. RESERVA 2. EJERCICIO 1. OPCIÓN B."
MATES_II,Funciones,2000.0,Reserva 2,Ejercicio 2 Opción A,"x sen X
Calcula lim 3
x>0 tg x
MATEMÁTICAS Il. 2000. RESERVA 2. EJERCICIO 2. OPCIÓN A."
MATES_II,Funciones,2000.0,Reserva 3,Ejercicio 1 Opcion B,"Se ha observado que en una carretera de salida de una gran ciudad la velocidad de los coches
entre las 2 h. y las 6 h. de la tarde viene dada por:
v(t)=t*-15t*+72t+8 para te[2,6]
a) ¿A qué hora circulan los coches con mayor velocidad?. Justifica la respuesta.
b) ¿A qué hora circulan los coches con menor velocidad?. Justifica la respuesta.
MATEMÁTICAS II. 2000. RESERVA 3. EJERCICIO 1. OPCION B."
MATES_II,Funciones,2000.0,Reserva 3,Ejercicio 2 Opción A,"2
Sea f la función definida x*-2 por f(x)=
x+2
a) Halla las asíntotas de la gráfica de f.
b) Determina los intervalos de crecimiento y de decrecimiento, y los extremos locales de f.
c) Teniendo en cuenta los resultados de los apartados anteriores, haz un esbozo de la gráfica de
f
MATEMÁTICAS Il. 2000. RESERVA 3. EJERCICIO 2. OPCIÓN A."
MATES_II,Funciones,2000.0,Reserva 4,Ejercicio 1 Opción B,"1 2.
—xox+t si x<-2
Sea f: R> R la función definida de la forma: f(x)= 0 si -2<xSsl
1
Lo-zx42 si l<x
3 3
Estudia la derivabilidad de f.
MATEMÁTICAS II. 2000. RESERVA 4. EJERCICIO 1. OPCIÓN B."
MATES_II,Funciones,2000.0,Reserva 4,Ejercicio 2 Opcion A,"Una empresa quiere fabricar vasos de cristal de forma cilíndrica con una capacidad de 250
centímetros cúbicos. Para utilizar la mínima cantidad posible de cristal, se estudian las medidas
apropiadas para que la superficie total del vaso sea mínima. ¿Cuáles deben ser dichas
dimensiones?. Justifica la respuesta.
MATEMÁTICAS II. 2000. RESERVA 4. EJERCICIO 2. OPCION A."
MATES_II,Funciones,2000.0,Septiembre,Ejercicio 1 Opción A,"T sixx*0
Considera la función f: R—>R definida por f(x)= l+ex
0 si x=0
a) Calcula los límites laterales de fen x =0.¿Es f continua en x =07.
b) Calcula el valor de la derivada de fen x=1.
MATEMÁTICAS 11. 2000. SEPTIEMBRE. EJERCICIO 1. OPCIÓN A."
MATES_II,Funciones,2000.0,Septiembre,Ejercicio 1 Opción B,"Determina una función polinómica de grado 3 sabiendo que verifica que alcanza un máximo en
x=1, que su gráfica pasa por el punto (1,1) y que la recta de ecuación y=x es tangente a su
gráfica en el punto de abscisa x =0.
MATEMÁTICAS HI. 2000. SEPTIEMBRE. EJERCICIO 1. OPCIÓN B."
MATES_II,Funciones,2001.0,Junio,Ejercicio 1 Opción A,"Sea f: R > Rla función dada por: fG09=|8-x?
a) Esboza la gráfica y halla los extremos relativos de f (dónde se alcanzan y cuáles son sus
respectivos valores).
b) Calcula los puntos de corte de la gráfica de f con la recta tangente a la misma en el punto de
abscisa x=-2.
MATEMÁTICAS 11. 2001. JUNIO. EJERCICIO 1. OPCIÓN A."
MATES_II,Funciones,2001.0,Junio,Ejercicio 1 Opción B,"De la función f:R—>R se sabe que f'(x)=x""+2x+2 y que su gráfica tiene tangente
horizontal en el punto P (1,2). Halla la expresión de f.
MATEMÁTICAS Il. 2001. JUNIO. EJERCICIO 1. OPCIÓN B."
MATES_II,Funciones,2001.0,Reserva 1,Ejercicio 2 Opción A,"Sea f la función definida para xx%1 por f(x)= 2x
x=
a) Determina las asíntotas de la gráfica de f.
b) Determina los intervalos de crecimiento y de decrecimiento y los extremos relativos de f.
c) Esboza la gráfica de f.
MATEMÁTICAS Il. 2001. RESERVA 1. EJERCICIO 2. OPCIÓN A."
MATES_II,Funciones,2001.0,Reserva 1,Ejercicio 2 Opción B,"x-1
MATEMÁTICAS II. 2001. RESERVA 1. EJERCICIO 2. OPCIÓN B"
MATES_II,Funciones,2001.0,Reserva 2,Ejercicio 1 Opción A,"(e* —1)sen x
3 2
XxX —X
MATEMÁTICAS HI. 2001. RESERVA 2. EJERCICIO 1. OPCIÓN A."
MATES_II,Funciones,2001.0,Reserva 2,Ejercicio 2 Opción B,"Determina la función f : IR —>I|R sabiendo que su derivada segunda es constante e igual a 3 y
que la recta tangente a su gráfica en el punto de abscisa x=1 es 5x- y-3=0.
MATEMÁTICAS I1. 2001. RESERVA 2. EJERCICIO 2. OPCIÓN B."
MATES_II,Funciones,2001.0,Reserva 3,Ejercicio 1 Opción A,"a) Determina el valor de las constantes a y b sabiendo que la gráfica de la función f:R—>R
o. e* si x<0 .
definida por f(x)= : admite recta tangente en el punto(0,1).
ax+b si x>0
b) ¿Existen constantes c y d para las cuales la gráfica de la función g:R—>R definida por
cx+d si x>0
MATEMÁTICAS II. 2001. RESERVA 3. EJERCICIO 1. OPCIÓN A."
MATES_II,Funciones,2001.0,Reserva 3,Ejercicio 2 Opción A,"1
3x
x>+o
Calcula: a) lim ——— ; b) lim x?-e”?
x>0 xXx
MATEMÁTICAS HI. 2001. RESERVA 3. EJERCICIO 2. OPCIÓN A."
MATES_II,Funciones,2001.0,Reserva 3,Ejercicio 2 Opción B,"Determina las dimensiones de una puerta formada por un rectángulo y un semicírculo (como
en la figura), sabiendo que es la que tiene perímetro mínimo entre las que tienen área igual a 2
2
m.
MATEMÁTICAS I1. 2001. RESERVA 3. EJERCICIO 2. OPCIÓN B."
MATES_II,Funciones,2001.0,Reserva 4,Ejercicio 2 Opción A,"Un hilo de alambre de 1 m. De longitud se corta en dos trozos formando con uno de ellos una
circunferencia y con el otro un cuadrado. Prueba que la suma de las áreas es mínima cuando el
lado del cuadrado es el doble que el radio de la circunferencia.
MATEMÁTICAS Il. 2001. RESERVA 4. EJERCICIO 2. OPCIÓN A."
MATES_II,Funciones,2001.0,Reserva 4,Ejercicio 2 Opción B,"Considera la función f :[0,3] > R definida por f(x)=3x-—2. Calcula el punto de la gráfica
de f más cercano al punto (2,6) y calcula también el más alejado.
MATEMÁTICAS I1. 2001. RESERVA 4. EJERCICIO 2. OPCIÓN B."
MATES_II,Funciones,2001.0,Septiembre,Ejercicio 1 Opción A,"a-=6 si x<2
[x=5| si 2<x<10
a) Determina el valor de a sabiendo que f es continua (y que a>0).
b) Esboza la gráfica de f.
c) Estudia la derivabilidad de f.
MATEMÁTICAS 11. 2001. SEPTIEMBRE. EJERCICIO 1. OPCIÓN A."
MATES_II,Funciones,2001.0,Septiembre,Ejercicio 2 Opción B,"x =x
. . . o. o ee ax . Pos
Determina sabiendo que existe y es finito el límite lim ——————. Calcula dicho límite.
x>20  x-—senX
MATEMÁTICAS Il. 2001. SEPTIEMBRE. EJERCICIO 2. OPCIÓN B."
MATES_II,Funciones,2002.0,Junio,Ejercicio 1 Opción A,"2x
Considera la función f :|R-—>R definida por f(x)=e*'+*!
a) Calcula las asíntotas de la gráfica de f.
b) Determina los intervalos de crecimiento y de decrecimiento, y los extremos relativos de f
(puntos donde se obtienen y valor que alcanzan).
MATEMÁTICAS Il. 2002. JUNIO. EJERCICIO 1. OPCIÓN A."
MATES_II,Funciones,2002.0,Junio,Ejercicio 1 Opción B,"27) para x%0 y x%2.
Sea f la función definida por f(x)=
x
a) Calcula las asíntotas de la gráfica de f.
b) Determina los intervalos de crecimiento y de decrecimiento de f.
c) Con los datos obtenidos, esboza la gráfica de f.
MATEMÁTICAS Il. 2002. JUNIO. EJERCICIO 1. OPCIÓN B."
MATES_II,Funciones,2002.0,Reserva 1,Ejercicio 1 Opción B,"Determina el valor de las constantes c y d sabiendo que la gráfica de la función f:R—>R
definida por f(x)=x*+3x?+cx+d tiene como recta tangente en su punto de inflexión a la
recta y=3x+4.
MATEMÁTICAS I1. 2002. RESERVA 1. EJERCICIO 1. OPCIÓN B."
MATES_II,Funciones,2002.0,Reserva 1,Ejercicio 2 Opcion A,"Sea f: [-1,4] > R R una función cuya derivada tiene por gráfica la de la figura.
(2,2)
(-1,-2) 41
a) Estudia el crecimiento y el decrecimiento de f y determina los valores donde alcanza sus
extremos relativos.
b) Estudia la concavidad y convexidad de f.¿ Tiene puntos de inflexión la gráfica de £?.
MATEMÁTICAS II. 2002. RESERVA 1. EJERCICIO 2. OPCION A."
MATES_II,Funciones,2002.0,Reserva 2,Ejercicio 1 Opción B,"Considera el recinto limitado por la curva y= 3 x? y la recta
De entre los rectángulos situados como el de la figura, determina el que tiene área máxima.
MATEMÁTICAS I1. 2002. RESERVA 2. EJERCICIO 1. OPCIÓN B."
MATES_II,Funciones,2002.0,Reserva 3,Ejercicio 1 Opción A,"De entre todas las rectas que pasan por el origen de coordenadas, determina las que son
tangentes a la curva de ecuación y= HA. Calcula los puntos de tangencia
correspondientes.
MATEMÁTICAS Il. 2002. RESERVA 3. EJERCICIO 1. OPCIÓN A."
MATES_II,Funciones,2002.0,Reserva 3,Ejercicio 1 Opción B,"sen X
si x>0
Estudia la derivabilidad de la función f : R>R definida por: f(x)=
1 si xs0
MATEMÁTICAS Il. 2002. RESERVA 3. EJERCICIO 1. OPCIÓN B"
MATES_II,Funciones,2002.0,Reserva 3,Ejercicio 2 Opción A,"Considera la función f : R—>R definida por: f(x)=x?-e?.
a) Calcula: lim f(x) y lim f(x)
x>-0 x>+00
b) Calcula los intervalos de monotonía y los extremos locales de f (puntos donde se obtienen y
valor que alcanzan).
MATEMÁTICAS Il. 2002. RESERVA 3. EJERCICIO 2. OPCIÓN A"
MATES_II,Funciones,2002.0,Reserva 4,Ejercicio 1 Opcion B,"Sea f:R=>R la función definida por: f(x)=x""-5x""+5x+3 y sea r la recta de ecuación
2x+y=6.
a) Determina, si es posible, un punto de la gráfica de f en el que la recta tangente sea r.
b) ¿Hay algún punto de la gráfica de f en el que la recta normal a la gráfica sea r?. Justifica la
respuesta.
MATEMÁTICAS II. 2002. RESERVA 4. EJERCICIO 1. OPCION B."
MATES_II,Funciones,2002.0,Reserva 4,Ejercicio 2 Opción A,"3ax+b si x<0
¿*axeo) . Determina a y b
Considera la función f:|R—>R definida por: £00=)
si x>0
sabiendo que fes derivable.
MATEMÁTICAS Il. 2002. RESERVA 4. EJERCICIO 2. OPCIÓN A."
MATES_II,Funciones,2002.0,Reserva 4,Ejercicio 2 Opcion B,"Considera la curva de ecuación y=
a) Determina sus asíntotas.
b) ¿Corta la curva a alguna de sus asíntotas en algún punto?. Justifica la respuesta.
MATEMÁTICAS II. 2002. RESERVA 4. EJERCICIO 2. OPCION B."
MATES_II,Funciones,2002.0,Septiembre,Ejercicio 1 Opción B,"Estudia la derivabilidad de la función f :(0,+0) >R definida por:
V3+x?=x si 0<x<l
Calcula la función derivada.
MATEMÁTICAS II. 2002. SEPTIEMBRE. EJERCICIO 1. OPCIÓN B."
MATES_II,Funciones,2002.0,Septiembre,Ejercicio 2 Opción A,"Considera la función f definida por f(x)= GS para xxl.
x=
a) Calcula las asíntotas de la gráfica de f.
b) Estudia la posición de la gráfica de f respecto de sus asíntotas.
MATEMÁTICAS Il. 2002. SEPTIEMBRE. EJERCICIO 2. OPCIÓN A."
MATES_II,Funciones,2002.0,Septiembre,Ejercicio 3 Opción A,"Considera la matriz A=|t 2 1 |. Calcula los valores de t para los que el determinante de A
3.01
es positivo y halla el mayor valor que alcanza dicho determinante.
MATEMÁTICAS 11. 2002. SEPTIEMBRE. EJERCICIO 3. OPCIÓN A."
MATES_II,Funciones,2003.0,Junio,Ejercicio 2 Opción B,"x
Considera la función f : R —>|R definida por: f(x)=(x+3)-e *.
a) Halla las asíntotas de la gráfica de f.
b) Determina los extremos relativos de f y los puntos de inflexión de su gráfica.
c) Esboza la gráfica de f.
MATEMÁTICAS Il. 2003. JUNIO. EJERCICIO 2. OPCIÓN B."
MATES_II,Funciones,2003.0,Reserva 1,Ejercicio 1 Opción B,"De entre todos los rectángulos que tienen uno de sus vértices en el origen de coordenadas, el
2
hnst Xx : eos
opuesto de este vértice en la curva == (x > 1), uno de sus lados situado sobre el semieje
x2-
positivo de abscisas y el otro sobre el semieje positivo de ordenadas, halla el que tiene área
mínima.
MATEMÁTICAS I1. 2003. RESERVA 1. EJERCICIO 1. OPCIÓN B."
MATES_II,Funciones,2003.0,Reserva 1,Ejercicio 2 Opción A,"3
Xx
(1+x)?
Dada la función f definida para x*-—1 por f(x)=
a) Halla las asíntotas de la gráfica de f.
b) Halla los puntos de corte, si existen, de dicha gráfica con sus asíntotas.
MATEMÁTICAS Il. 2003. RESERVA 1. EJERCICIO 2. OPCIÓN A."
MATES_II,Funciones,2003.0,Reserva 2,Ejercicio 1 Opción A,"Se sabe que la función f:R=>R definida por f(x)=x""+ax""+bx+c tiene un punto de
derivada nula en x=1 que no es extremo relativo y que f(1)=1. Calcula a, b, y c.
MATEMÁTICAS Il. 2003. RESERVA 2. EJERCICIO 1. OPCIÓN A."
MATES_II,Funciones,2003.0,Reserva 2,Ejercicio 2 Opción B,"|2—x| si x<a
donde a es un
x2-5x+7 sixza
Sea f:R=>R la función continua definida por 009]
número real.
a) Determina a.
b) Halla la función derivada de f.
MATEMÁTICAS II. 2003. RESERVA 2. EJERCICIO 2. OPCIÓN B."
MATES_II,Funciones,2003.0,Reserva 3,Ejercicio 1 Opción A,"En la figura adjunta puedes ver representada parte de la gráfica de una función f que está
definida en el intervalo (- 3,3) y que es simétrica respecto al origen de coordenadas.
y
a) Razona cuál debe ser el valor de f (0).
b) Completa la gráfica de f.
c) Halla f'(x) para los x e(-3,3) en los que dicha derivada exista.
MATEMÁTICAS II. 2003. RESERVA 3. EJERCICIO 1. OPCIÓN A."
MATES_II,Funciones,2003.0,Reserva 3,Ejercicio 1 Opción B,"Se sabe que la función f : R —>R definida por f(x)=ax*+bx?+cx+d es tal que f(0)=4 y
que su gráfica tiene un punto de inflexión en (1,2). Conociendo además que la recta tangente a
la gráfica de f en el punto de abscisa x = 0 es horizontal, calcula a, b, c y d.
MATEMÁTICAS Il. 2003. RESERVA 3. EJERCICIO 1. OPCIÓN B."
MATES_II,Funciones,2003.0,Reserva 4,Ejercicio 1 Opción A,"x2+3 si x<l
Sea la función f : R—>R definida por f(x) -|
2-x? si x>1
a) Calcula, si es posible, las derivadas laterales de fen x=1.
b) Halla los intervalos de crecimiento y de decrecimiento de la función f.
MATEMÁTICAS Il. 2003. RESERVA 4. EJERCICIO 1. OPCIÓN A."
MATES_II,Funciones,2003.0,Reserva 4,Ejercicio 2 Opción B,"2x?+2
Considera la función f definida para x*-—2 por f(x)= 2
x+
a) Halla las asíntotas de la gráfica de f.
b) Estudia la posición relativa de la gráfica de f respecto de sus asíntotas.
MATEMÁTICAS Il. 2003. RESERVA 4. EJERCICIO 2. OPCIÓN B."
MATES_II,Funciones,2003.0,Septiembre,Ejercicio 1 Opción A,"Calcula tim 220 + senx
x>0 X - senx
MATEMÁTICAS I1. 2003. SEPTIEMBRE. EJERCICIO 1. OPCIÓN A."
MATES_II,Funciones,2003.0,Septiembre,Ejercicio 2 Opción B,"Estudia la derivabilidad de la función f : |R—>R definida por:
si xx*-l y xxl
__
f69=31-[x|
0 si x=-16 x=1
MATEMÁTICAS II. 2003. SEPTIEMBRE. EJERCICIO 2. OPCIÓN B."
MATES_II,Funciones,2004.0,Junio,Ejercicio 1 Opción B,"x2-4x+3 si -1<x<0
Se sabe que la función f :(-1,+0)> ¡KR definida por f(x)= x2+a
x+1
continua en (-1,+00) .
a) Halla el valor de a. ¿Es f derivable en x=0?
b) Determina los intervalos de crecimiento y de decrecimiento de f.
MATEMÁTICAS Il. 2004. JUNIO. EJERCICIO 1. OPCIÓN B."
MATES_II,Funciones,2004.0,Junio,Ejercicio 2 Opción A,"Considera la función f :R > |R definida por f(x) =(x+1)(x— 1)(x—2).
a) Halla las ecuaciones de las rectas tangente y normal a la gráfica de f en el punto de abscisa
x=1l.
b) Determina los intervalos de concavidad y de convexidad de f. ¿Tiene puntos de inflexión la
gráfica de f?.
MATEMÁTICAS Il. 2004. JUNIO. EJERCICIO 2. OPCIÓN A."
MATES_II,Funciones,2004.0,Reserva 1,Ejercicio 1 Opción B,"Sea f :[0,21]> KR la función definida por f(x)=e*(cos x + senx).
a) Determina los intervalos de crecimiento y de decrecimiento de f.
b) Halla los extremos relativos (locales) y absolutos (globales) de f.
MATEMÁTICAS II. 2004. RESERVA 1. EJERCICIO 1. OPCIÓN B."
MATES_II,Funciones,2004.0,Reserva 1,Ejercicio 2 Opción A,"Se sabe que la función f :(-1,1) >R definida por:
1
2x0 AO si —1<x<0
f(x)=
yYl—x si 0O<x<l
es derivable en el intervalo (-1,1).
a) Determina el valor de la constante c.
b) Calcula la función derivada f”.
c) Halla las ecuaciones de las rectas tangentes a la gráfica de f que son paralelas a la recta de
ecuación y =—X.
MATEMÁTICAS Il. 2004. RESERVA 1. EJERCICIO 2. OPCIÓN A."
MATES_II,Funciones,2004.0,Reserva 2,Ejercicio 1 Opción A,"a) Halla la ecuación de la recta tangente a la parábola y=x? que es paralela a la recta
4x4 y+3=0.
b) Halla las ecuaciones de las rectas tangentes a la parábola y=x? que pasan por el punto
2,0).
MATEMÁTICAS I1. 2004. RESERVA 2. EJERCICIO 1. OPCIÓN A."
MATES_II,Funciones,2004.0,Reserva 2,Ejercicio 2 Opción B,"Se quiere fabricar una caja abierta de chapa con base cuadrada y con 32 litros de capacidad.
Halla las dimensiones de la caja que precisa la menor cantidad de chapa.
MATEMÁTICAS Il. 2004. RESERVA 2. EJERCICIO 2. OPCIÓN B."
MATES_II,Funciones,2004.0,Reserva 3,Ejercicio 1 Opción A,"Sea f: R=—>R la función definida por f(x)=2-= xIx].
a) Esboza la gráfica de f.
b) Estudia la derivabilidad de fen x=0.
c) Halla la ecuación de la recta tangente a la gráfica de f en el punto de abscisa x=2.
MATEMÁTICAS Il. 2004. RESERVA 3. EJERCICIO 1. OPCIÓN A."
MATES_II,Funciones,2004.0,Reserva 3,Ejercicio 1 Opción B,"Mel 2x
MATEMÁTICAS Il. 2004. RESERVA 3. EJERCICIO 1. OPCIÓN B."
MATES_II,Funciones,2004.0,Reserva 4,Ejercicio 1 Opción A,"x?
Sea f : |R=>R la función definida por f(x)=x?+e7
a) Halla las asíntotas de la gráfica de f.
b) Determina los intervalos de crecimiento y de decrecimiento de f y calcula sus extremos
relativos o locales (puntos en los que se obtienen y valores que alcanza la función).
c) Esboza la gráfica de f.
MATEMÁTICAS Il. 2004. RESERVA 4. EJERCICIO 1. OPCIÓN A."
MATES_II,Funciones,2004.0,Reserva 4,Ejercicio 1 Opción B,"Halla una función f : |¡R > R tal que su gráfica pase por el punto M (0,1), que la tangente en
el punto M sea paralela a la recta 2x— y+3=0 y que f""(1)=3x”.
MATEMÁTICAS Il. 2004. RESERVA 4. EJERCICIO 1. OPCIÓN B."
MATES_II,Funciones,2004.0,Septiembre,Ejercicio 1 Opción A,"Se desea construir una caja cerrada de base cuadrada con una capacidad de 80 cm?. Para la
tapa y la superficie lateral se usa un material que cuesta 1€/cm? y para la base se emplea un
material un 50% más caro. Halla las dimensiones de la caja para que su coste sea mínimo.
MATEMÁTICAS Il. 2004. SEPTIEMBRE. EJERCICIO 1. OPCIÓN A."
MATES_II,Funciones,2004.0,Septiembre,Ejercicio 1 Opción B,"De una función f :[0,4] > IR se sabe que f(1)=3 y que la gráfica de su función derivada es la
que aparece en el dibujo.
A 1 3 3 A
a) Halla la recta tangente a la gráfica de f en el punto de abscisa x=1.
b) Determina los intervalos de crecimiento y de decrecimiento de f. ¿En qué punto alcanza la
función su máximo absoluto.
c) Estudia la concavidad y convexidad de f.
MATEMÁTICAS Il. 2004. SEPTIEMBRE. EJERCICIO 1. OPCIÓN B."
MATES_II,Funciones,2005.0,Junio,Ejercicio 1 Opción A,"De la función f: R—>R definida por f(x)=ax""+bx”+cx+d se sabe que tiene un máximo
en x=-1, y que su gráfica corta al eje OX en el punto de abscisa x=-—2 y tiene un punto de
inflexión en el punto de abscisa x=0. Calcula a, b, c y d sabiendo, además, que la recta
tangente a la gráfica de f en el punto de abscisa x=2 tiene pendiente 9.
MATEMÁTICAS Il. 2005. JUNIO. EJERCICIO 1. OPCIÓN A."
MATES_II,Funciones,2005.0,Junio,Ejercicio 1 Opción B,"x +1
Sea f la función definida para x%0 por f(x)=
a) Estudia y determina las asíntotas de la gráfica de f.
b) Determina los intervalos de crecimiento y de decrecimiento de f y calcula sus extremos
relativos o locales (puntos en los que se obtiene y los valores que alcanza la función).
c) Esboza la gráfica de f.
MATEMÁTICAS Il. 2005. JUNIO. EJERCICIO 1. OPCIÓN B."
MATES_II,Funciones,2005.0,Reserva 1,Ejercicio 1 Opción A,"Sea fla función definida para x+*1 por f(x)= e
a) Halla las asíntotas de la gráfica de f.
b) Determina los intervalos de crecimiento y de decrecimiento de f.
c) Determina los intervalos de concavidad y de convexidad de f.
d) Esboza la gráfica de f.
MATEMÁTICAS Il. 2005. RESERVA 1. EJERCICIO 1. OPCIÓN A."
MATES_II,Funciones,2005.0,Reserva 1,Ejercicio 1 Opción B,"Determina los puntos de la parábola de ecuación y=3—x? que están más próximos al origen
de coordenadas. Calcula la distancia entre los puntos obtenidos y el origen de coordenadas.
MATEMÁTICAS I1. 2005. RESERVA 1. EJERCICIO 1. OPCIÓN B."
MATES_II,Funciones,2005.0,Reserva 2,Ejercicio 1 Opción A,". K—OQLSENX o. . o
Se sabe que lim ——=— es finito. Determina el valor de a. y calcula el límite.
x
x>0
MATEMÁTICAS HI. 2005. RESERVA 2. EJERCICIO 1. OPCIÓN A."
MATES_II,Funciones,2005.0,Reserva 2,Ejercicio 1 Opción B,"Considera las tres funciones cuyas expresiones respectivas vienen dadas, para x%0, por
2
1 l
109== g(x)=e* y h(x) = Ln |x|
siendo Ln la función logaritmo neperiano.
a) Halla las ecuaciones de las asíntotas de las gráficas de f, g y h.
b) Identifica, entre las que siguen, la gráfica de cada función, justificando la respuesta.
L
Gráfica 1 Gráfica 2 Gráfica 3 Gráfica 4
MATEMÁTICAS II. 2005. RESERVA 2. EJERCICIO 1. OPCIÓN B."
MATES_II,Funciones,2005.0,Reserva 3,Ejercicio 1 Opción B,"2
b
De la función f :(0,+0)>R definida por f(x)= a+ se sabe que la recta tangente a su
x
gráfica en el punto de abscisa x=1 viene dada por y=-2.
a) Calcula a y b.
b) Determina los intervalos de crecimiento y de decrecimiento de f.
MATEMÁTICAS I1. 2005. RESERVA 3. EJERCICIO 1. OPCIÓN B."
MATES_II,Funciones,2005.0,Reserva 3,Ejercicio 2 Opción A,"2
Sea f la función definida para x+%2 por f(x)= X
a) Estudia y determina las asíntotas de la gráfica de f.
b) Determina los intervalos de crecimiento y de decrecimiento de f.
c) Calcula, si existen, el máximo y el mínimo absolutos de f en el intervalo [0; 2) (puntos en los
que se obtienen y valores que alcanza la función).
MATEMÁTICAS HI. 2005. RESERVA 3. EJERCICIO 2. OPCIÓN A."
MATES_II,Funciones,2005.0,Reserva 4,Ejercicio 1 Opción A,"5x +8
X+x+l
a) Calcula los puntos de corte de la gráfica de f con los ejes coordenados.
b) Halla las asíntotas de la gráfica de f.
Sea f : R—>R la función definida por f(x)=
c) Determina los intervalos de crecimiento y de decrecimiento de f y calcula sus extremos
relativos o locales (puntos en los que se obtienen y valores que alcanza la función).
d) Esboza la gráfica de f.
MATEMÁTICAS HI. 2005. RESERVA 4. EJERCICIO 1. OPCIÓN A."
MATES_II,Funciones,2005.0,Reserva 4,Ejercicio 1 Opción B,"De un terreno se desea vender un solar rectangular de 12.800 m? dividido en tres parcelas
iguales como las que aparecen en el dibujo. Si se quieren vallar las lindes de las tres parcelas
(los bordes y las separaciones de las parcelas), determina las dimensiones del solar para que la
longitud de la valla utilizada sea mínima.
MATEMÁTICAS I1. 2005. RESERVA 4. EJERCICIO 1. OPCIÓN B."
MATES_II,Funciones,2005.0,Septiembre,Ejercicio 2 Opción A,"Sea f : |R=>R la función definida por f(x)=(x-1)%e""*
a) Halla las asíntotas de la gráfica de f.
b) Determina los intervalos de crecimiento y de decrecimiento de f y calcula, si existen, sus
extremos relativos o locales y sus extremos absolutos o globales (puntos en los que se obtienen y
valores que alcanza la función).
c) Esboza la gráfica de f.
MATEMÁTICAS Il. 2005. SEPTIEMBRE. EJERCICIO 2. OPCIÓN A."
MATES_II,Funciones,2005.0,Septiembre,Ejercicio 1 Opción B,"De una función f : [0,5] >R se sabe que £(3)=6 y que su función derivada está dada por:
5x-2 si O<x<l
f0)=
x2-6x+8 si 1<x<5
a) Calcula la ecuación de la recta tangente a la gráfica de f en el punto de abscisa x=3.
b) Determina los intervalos de crecimiento y de decrecimiento de f y calcula sus extremos
relativos o locales (puntos en los que se obtienen y valores que alcanza la función).
MATEMÁTICAS Il. 2005. SEPTIEMBRE. EJERCICIO 1. OPCIÓN B."
MATES_II,Funciones,2006.0,Junio,Ejercicio 1 Opción A,"Ñ
Determina un punto de la curva de ecuación y=x-e *
tangente sea máxima.
en el que la pendiente de la recta
MATEMÁTICAS Il. 2006. JUNIO. EJERCICIO 1. OPCIÓN A."
MATES_II,Funciones,2006.0,Junio,Ejercicio 1 Opción B,"3
Sea f la función definida por f(x)= x+ ,para xX%0.
x
a) Halla, si existen, los puntos de corte con los ejes y las asíntotas de la gráfica de f.
b) Calcula los intervalos de crecimiento y de decrecimiento y los extremos relativos de f.
c) Determina los intervalos de concavidad y de convexidad de f.
d) Esboza la gráfica de f.
MATEMÁTICAS Il. 2006. JUNIO. EJERCICIO 1. OPCIÓN B."
MATES_II,Funciones,2006.0,Reserva 1,Ejercicio 1 Opción A,"Sea f:R>R la función definida por f(x)=Ln(x?+1), siendo Ln la función logaritmo
neperiano.
a) Determina los intervalos de crecimiento y decrecimiento y los extremos relativos de la
función f (puntos donde se alcanzan y valor de la función).
b) Calcula la ecuación de la recta tangente a la gráfica de f en el punto de inflexión de abscisa
negativa.
MATEMÁTICAS HI. 2006. RESERVA 1. EJERCICIO 1. OPCIÓN A."
MATES_II,Funciones,2006.0,Reserva 1,Ejercicio 1 Opción B,"x>l
Inx x-
Calcula lim ( rn ) siendo Ln la función logaritmo neperiano.
MATEMÁTICAS 11. 2006. RESERVA 1. EJERCICIO 1. OPCIÓN B."
MATES_II,Funciones,2006.0,Reserva 2,Ejercicio 1 Opción B,"2
Sea f:R—>R la función definida por f(x)= +!
x+x+l
a) Estudia si existen y calcula, cuando sea posible, las asíntotas de la gráfica de f.
b) Determina los intervalos de crecimiento y decrecimiento, los extremos relativos y los valores
que alcanza en ellos la función f.
c) Esboza la gráfica de f.
MATEMÁTICAS Il. 2006. RESERVA 2 EJERCICIO 1. OPCIÓN B."
MATES_II,Funciones,2006.0,Reserva 3,Ejercicio 1 Opción A,"2
Sea f:(l,+0)>R la función dada por 0 , Siendo Ln la función logaritmo
x-1Y
neperiano. Estudia la existencia de asíntota horizontal para la gráfica de esta función.
En caso de que exista, hállala.
MATEMÁTICAS II. 2006. RESERVA 3. EJERCICIO 1. OPCIÓN A."
MATES_II,Funciones,2006.0,Reserva 3,Ejercicio 1 Opción B,"ax+bx? si 0<x<2
=4+.x-1 si 2<x<5
Se sabe que la función f :[0,5] > IR definida por f(x) -(
es derivable en el intervalo (0,5).
a) Calcula las constantes a y b.
b) Halla la ecuación de la recta tangente a la gráfica de f en el punto de abscisa x =2.
MATEMÁTICAS 11. 2006. RESERVA 3. EJERCICIO 1. OPCIÓN B."
MATES_II,Funciones,2006.0,Reserva 4,Ejercicio 1 Opción A,"Sea f: R=>R la función definida por f(x)=x*+ax*+bx+1
a) Determina a,b e R sabiendo que la gráfica de f pasa por el punto (2,2) y tiene un punto de
inflexión de abscisa x =0.
b) Calcula las ecuaciones de las rectas tangente y normal a la gráfica de f en el punto de
inflexión.
MATEMÁTICAS Il. 2006. RESERVA 4. EJERCICIO 1. OPCIÓN A."
MATES_II,Funciones,2006.0,Reserva 4,Ejercicio 1 Opción B,"Se desea construir una lata de conserva en forma de cilindro circular recto que tenga una
superficie total de 200 cm?. Determina el radio de la base y la altura de la lata para que el
volumen sea máximo.
MATEMÁTICAS II. 2006. RESERVA 4. EJERCICIO 1. OPCIÓN B."
MATES_II,Funciones,2006.0,Septiembre,Ejercicio 1 Opción A,"Sea f: |R=>R la función definida por f(x)=x? -| x |
a) Estudia la derivabilidad de f.
b) Determina los intervalos de crecimiento y de decrecimiento de f.
c) Calcula los extremos relativos de f (puntos donde se alcanzan y valor de la función).
MATEMÁTICAS Il. 2006. SEPTIEMBRE. EJERCICIO 1. OPCIÓN A."
MATES_II,Funciones,2006.0,Septiembre,Ejercicio 1 Opción B,"Un alambre de longitud 1 metro se divide en dos trozos, con uno se forma un cuadrado y con el
otro una circunferencia. Calcula las longitudes de los dos trozos para que la suma de las áreas
de ambos recintos sea mínima.
MATEMÁTICAS II. 2006. SEPTIEMBRE. EJERCICIO 1. OPCIÓN B."
MATES_II,Funciones,2006.0,Septiembre,Ejercicio 2 Opción B,"Halla la función f:R —>R sabiendo que f''(x)=12x-—6 y que la recta tangente a la gráfica
de f en el punto de abscisa x=2 tiene de ecuación 4x— y-7=0.
MATEMÁTICAS Il. 2006. SEPTIEMBRE. EJERCICIO 2. OPCIÓN B."
MATES_II,Funciones,2007.0,Junio,Ejercicio 1 Opción A,"Determina dos números reales positivos sabiendo que su suma es 10 y que el producto de sus
cuadrados es máximo.
MATEMÁTICAS Il. 2007. JUNIO. EJERCICIO 1. OPCIÓN A"
MATES_II,Funciones,2007.0,Junio,Ejercicio 1 Opción B,"Sea f:R=>R la función definida por f(x)=2x*+12x?+ax+b . Determina a y b sabiendo que
la recta tangente a la gráfica de fen su punto de inflexión es la recta y =2x+3.
MATEMÁTICAS Il. 2007. JUNIO. EJERCICIO 1. OPCIÓN B"
MATES_II,Funciones,2007.0,Reserva 1,Ejercicio 1Opción A,"Sea f:(0,+00)>I¡R la función definida por f(x)=x*Ln(x) (Ln denota la función logaritmo
neperiano).
a) Determina los intervalos de crecimiento y de decrecimiento y los extremos relativos de f
(puntos donde se obtienen y valores que se alcanzan).
b) Calcula la ecuación de la recta tangente a la gráfica de f en el punto de abscisa x = Je .
MATEMÁTICAS Il. 2007. RESERVA 1. EJERCICIO 1.OPCIÓN A."
MATES_II,Funciones,2007.0,Reserva 1,Ejercicio 1Opción B,"Tenemos que fabricar dos chapas cuadradas con dos materiales distintos. El precio de cada uno
de estos materiales es 2 y 3 euros por centímetro cuadrado, respectivamente. Por otra parte, la
suma de los perímetros de los dos cuadrados tiene que ser 1 metro. ¿Cómo hemos de elegir los
lados de los cuadrados si queremos que el coste total sea mínimo?
MATEMÁTICAS Il. 2007. RESERVA 1. EJERCICIO 1.OPCIÓN B."
MATES_II,Funciones,2007.0,Reserva 2,Ejercicio 1Opción A,"De entre todos los rectángulos situados en el primer cuadrante que tienen dos de sus lados sobre
. d+ RS . Ñ
los ejes coordenados y un vértice en la recta r de ecuación —+y=1 (ver figura), determina el
que tiene mayor área.
MATEMÁTICAS Il. 2007. RESERVA 2. EJERCICIO 1.OPCIÓN A."
MATES_II,Funciones,2007.0,Reserva 2,Ejercicio 1 Opción B,"x
Sea f :|R=>R la función definida por f(x)=x*-e*.
a) Determina los extremos relativos de f (puntos donde se obtienen y valores que se alcanzan).
b) Estudia y determina las asíntotas de la gráfica de f.
MATEMÁTICAS Il. 2007. RESERVA 2. EJERCICIO 1. OPCIÓN B."
MATES_II,Funciones,2007.0,Reserva 3,Ejercicio 1 Opción A,"Sea f: R—>R la función definida por f(x)=(x-—3)-e*.
a) Calcula los extremos relativos de f (puntos donde se obtienen y valores que se alcanzan).
b) Determina la ecuación de la recta tangente a la gráfica de f en su punto de inflexión.
MATEMÁTICAS Il. 2007. RESERVA 3. EJERCICIO 1. OPCIÓN A."
MATES_II,Funciones,2007.0,Reserva 3,Ejercicio 1 Opción B,"2
Sea f la función definida, para x*%2 y x*-2,por f(x)= - =
x?-=
a) Determina las asíntotas de la gráfica de f.
b) Determina los intervalos de crecimiento y de decrecimiento y los extremos relativos de f
(puntos donde se obtienen y valores que se alcanzan).
c) Esboza la gráfica de f.
MATEMÁTICAS Il. 2007. RESERVA 3. EJERCICIO 1. OPCIÓN B."
MATES_II,Funciones,2007.0,Reserva 4,Ejercicio 1 Opción A,"Determina la función f:R—>R sabiendo que f''(x)=x”-—1 y que la recta tangente a la
gráfica de f en el punto de abscisa x=0 esla recta y=1.
MATEMÁTICAS Il. 2007. RESERVA 4. EJERCICIO 1. OPCIÓN A."
MATES_II,Funciones,2007.0,Reserva 4,Ejercicio 1 Opción B,"Se quiere construir un depósito en forma de prisma de base cuadrada sin tapadera que tenga
una capacidad de 500 m?”. ¿Qué dimensiones ha de tener el depósito para que su superficie sea
mínima?. o
MATEMÁTICAS IT. 2007. RESERVA 4. EJERCICIO 1. OPCIÓN B."
MATES_II,Funciones,2007.0,Septiembre,Ejercicio 1 Opción A,"3x+1
Sea f :(0,+00) > R la función definida por f(x)= +
y xXx
a) Determina los intervalos de crecimiento y de decrecimiento y los extremos relativos de f
(puntos donde se obtienen y valores que se alcanzan).
b) Calcula el punto de inflexión de la gráfica de f.
MATEMÁTICAS Il. 2007. SEPTIEMBRE. EJERCICIO 1. OPCIÓN A."
MATES_II,Funciones,2007.0,Septiembre,Ejercicio 1 Opción B,"Determina una función f : R—>R sabiendo que su derivada viene dada por f (x)=x*+x-—6
y que el valor que alcanza f en su punto máximo (relativo) es el triple del valor que alcanza en su
punto mínimo (relativo).
MATEMÁTICAS Il. 2007. SEPTIEMBRE. EJERCICIO 1. OPCIÓN B."
MATES_II,Funciones,2008.0,Junio,Ejercicio 1 Opción A,"1
Sea f la función definida, para x 40,por f(x) = xe *. Determina las asíntotas de la gráfica de f.
MATEMÁTICAS Il. 2008. JUNIO. EJERCICIO 1. OPCIÓN A"
MATES_II,Funciones,2008.0,Junio,Ejercicio 1 Opción B,"De entre todos los rectángulos de perímetro 8 cm, determina las dimensiones del que tiene
diagonal de menor longitud.
MATEMÁTICAS Il. 2008. JUNIO. EJERCICIO 1. OPCIÓN B"
MATES_II,Funciones,2008.0,Reserva 1,Ejercicio 1Opción A,"Sean f:R>R y g:R=>R las funciones definidas por
-(x+1)
f(O)=x?*+ax+b y g(x)=ce
Se sabe que las gráficas de f y g se cortan en el punto (—1,2) y tienen en ese punto la misma recta
tangente.
a) Calcula los valores de a, b y c.
b) Halla la ecuación de dicha recta tangente.
MATEMÁTICAS Il. 2008. RESERVA 1. EJERCICIO 1.OPCIÓN A."
MATES_II,Funciones,2008.0,Reserva 2,Ejercicio 1 Opcion A,"1
Dada la función f:R—=>IR definida por fa= 2, determina la ecuación de la recta
e
tangente a la gráfica de fen su punto de inflexión.
MATEMÁTICAS II. 2008. RESERVA 2. EJERCICIO 1. OPCION A."
MATES_II,Funciones,2008.0,Reserva 2,Ejercicio 1 Opción B,"x*+ax+b si 0Sx<2
ex+l si 2<x<4
Sea la función f :[0,4] >R definida por f(x) =
a) Determina a, b y c sabiendo que f es continua en el intervalo cerrado[0,4], derivable en el
intervalo abierto (0,4) y que f(0)= f(4).
b) ¿En qué punto del intervalo se anula la derivada de la función?.
MATEMÁTICAS Il. 2008. RESERVA 2. EJERCICIO 1. OPCIÓN B."
MATES_II,Funciones,2008.0,Reserva 3,Ejercicio 1 Opción A,"Sea f: [0,21,] > R la función definida por f(x)=e*(sen x+c0s Xx).
a) Determina los intervalos de crecimiento y de decrecimiento de f.
b) Calcula los puntos de inflexión de la gráfica de f .
MATEMÁTICAS Il. 2008. RESERVA 3. EJERCICIO 1. OPCIÓN A."
MATES_II,Funciones,2008.0,Reserva 4,Ejercicio 1 Opcion A,"Sea f :|R=>R la función definida por f(x)=(3x-2x?)e*
a) Determina los intervalos de crecimiento y de decrecimiento de f.
b) Calcula los extremos relativos de f (abscisas donde se obtienen y valores que se alcanzan).
MATEMÁTICAS II. 2008. RESERVA 4. EJERCICIO 1. OPCION A."
MATES_II,Funciones,2008.0,Reserva 4,Ejercicio 1 Opción B,"e*+1
x
Dada la función f definida, para x*0,por f(x)= determina las asíntotas de su gráfica.
MATEMÁTICAS Il. 2008. RESERVA 4. EJERCICIO 1. OPCIÓN B."
MATES_II,Funciones,2008.0,Septiembre,Ejercicio 1 Opción A,"ax?+3x si x<S2
x?-bx-4 si x>2
Considera la función f : R > R , definida por f(x) -|
a) Halla a y b sabiendo que fes derivable en R.
b) Determina la recta tangente y la recta normal a la gráfica de f en el punto de abscisa x=3.
MATEMÁTICAS Il. 2008. SEPTIEMBRE. EJERCICIO 1. OPCIÓN A."
MATES_II,Funciones,2008.0,Septiembre,Ejercicio 1 Opción B,"De entre todas las rectas del plano que pasan por el punto (1,2), encuentra aquella que forma
con las partes positivas de los ejes coordenados un triángulo de área mínima. Halla el área de
dicho triángulo.
MATEMÁTICAS II. 2008. SEPTIEMBRE. EJERCICIO 1. OPCIÓN B."
MATES_II,Funciones,2009.0,Junio,Ejercicio 1 Opción A,"Inx x?-1
MATEMÁTICAS Il. 2009. JUNIO. EJERCICIO 1. OPCIÓN A."
MATES_II,Funciones,2009.0,Junio,Ejercicio 1 Opción B,"1
Sea la función f: R—>R definida por f(x)= x—1
x?-3x-1 si x>0
si x<0
a) Estudia su continuidad y derivabilidad.
b) Determina sus asíntotas y sus extremos relativos.
c) Esboza la gráfica de f.
MATEMÁTICAS Il. 2009. JUNIO. EJERCICIO 1. OPCIÓN B."
MATES_II,Funciones,2009.0,Reserva 1,Ejercicio 1 Opción A,"Sea f: R=>R la función definida por f(x)=ax*+bx?+cx+d . Calcula los valores de a, b, c y
d sabiendo que f verifica:
- El punto (0,1) es un punto de inflexión de la gráfica de f.
- f tiene un mínimo local en el punto de abscisa x=1.
- La recta tangente a la gráfica de f en el punto de abscisa x=2 tiene de pendiente 1.
MATEMÁTICAS Il. 2009. RESERVA 1. EJERCICIO 1. OPCIÓN A."
MATES_II,Funciones,2009.0,Reserva 1,Ejercicio 1 Opción B,"cuadrado y con el otro un rectángulo en el que la base es el doble de la altura. Calcula la
longitud de cada uno de los trozos para que la suma de las áreas del cuadrado y del rectángulo
sea mínima.
MATEMÁTICAS I1. 2009. RESERVA 1. EJERCICIO 1. OPCIÓN B."
MATES_II,Funciones,2009.0,Reserva 2,Ejercicio 1 Opción A,"Sea f : R>—>I¡R la función definida por f(x)= x?| x-3 |.
a) Estudia la continuidad y derivabilidad de f.
b) Estudia el crecimiento y decrecimiento de f. Calcula sus extremos relativos (abscisas donde se
obtienen y valores que se alcanzan).
MATEMÁTICAS Il. 2009. RESERVA 2. EJERCICIO 1. OPCIÓN A."
MATES_II,Funciones,2009.0,Reserva 2,Ejercicio 1 Opción B,"x(Ln x)?
Sea f :(0,+0)>R la función dada por f(x)=% (x-—1)?
a
a) Sabiendo que f es continua, calcula a.
b) Estudia la existencia de asíntota horizontal para la gráfica de esta función. En caso de que
exista, determina su ecuación.
MATEMÁTICAS Il. 2009. RESERVA 2. EJERCICIO 1. OPCIÓN B."
MATES_II,Funciones,2009.0,Reserva 3,Ejercicio 1 Opción A,"=x?+bx+1 si x<l
Se sabe que la función f :|R => R definida como f(x) -|
ax?-5x+2a si x>l
Es derivable. Determina los valores de a y b.
MATEMÁTICAS Il. 2009. RESERVA 3. EJERCICIO 1. OPCIÓN A."
MATES_II,Funciones,2009.0,Reserva 3,Ejercicio 1 Opción B,"Se sabe que la función f : |R > IR definida por
f(o9=ax +bx*+cx+d
tiene extremos relativos en (0,0) y en (2,2). Calcula a, b, c y d.
MATEMÁTICAS II. 2009. RESERVA 3. EJERCICIO 1. OPCIÓN B."
MATES_II,Funciones,2009.0,Reserva 4,Ejercicio 1 Opción A,"x
Sea f : R=>-I¡R la función definida por f(x)=x+e""*.
a) Determina los intervalos de crecimiento y de decrecimiento de f, así como los extremos
relativos o locales de f.
b) Determina las asíntotas de la gráfica de f.
c) Esboza la gráfica de f.
MATEMÁTICAS Il. 2009. RESERVA 4. EJERCICIO 1. OPCIÓN A."
MATES_II,Funciones,2009.0,Reserva 4,Ejercicio 1 Opción B,"De todos los triángulos cuya base y altura suman 20 cm ¿qué base tiene el de área máxima?.
MATEMÁTICAS Il. 2009. RESERVA 4. EJERCICIO 1. OPCIÓN B."
MATES_II,Funciones,2009.0,Septiembre,Ejercicio 1 Opción A,"Se considera la función f : [1,+00) >R definida por f(x)=Vx?*-—x+x.
Determina la asíntota de la gráfica de f.
MATEMÁTICAS Il. 2009. SEPTIEMBRE. EJERCICIO 1. OPCIÓN A"
MATES_II,Funciones,2009.0,Septiembre,Ejercicio 1 Opción B,"De entre todos los rectángulos cuya área mide 16 cm?, determina las dimensiones del que tiene
diagonal de menor longitud.
MATEMÁTICAS Il. 2009. SEPTIEMBRE. EJERCICIO 1. OPCIÓN B"
MATES_II,Funciones,2010.0,Junio,Ejercicio 1 Opción A,"b
Sea f la función definida como f(x)= a+ para xxXa.
a) Calcula a y b para que la gráfica de f pase por el punto (2,3) y tenga una asíntota oblicua
con pendiente —4.
b) Para el caso de a=2, b=3, obtén la ecuación de la recta tangente a la gráfica de f en el
punto de abscisa x=1
MATEMÁTICAS Il. 2010. JUNIO. EJERCICIO 1. OPCIÓN A."
MATES_II,Funciones,2010.0,Junio,Ejercicio 1 Opción B,"Calcula lim 2
MATEMÁTICAS HI. 2010. JUNIO. EJERCICIO 1. OPCIÓN B."
MATES_II,Funciones,2010.0,Reserva 1,Ejercicio 1 Opción A,"La hipotenusa de un triángulo rectángulo mide 90 cm. Si se hace girar alrededor de uno de sus
catetos, el triángulo engendra un cono. ¿Qué medidas han de tener los catetos del triángulo para
que el volumen del cono engendrado sea máximo?. (Recuerda que el volumen del cono es
vV =* mr 7h).
3
MATEMÁTICAS Il. 2010. RESERVA 1. EJERCICIO 1. OPCIÓN A"
MATES_II,Funciones,2010.0,Reserva 1,Ejercicio 1 Opción B,"3
Sea f la función definida como f(x) => para xx*ztl.
x?-
a) Estudia y halla las asíntotas a la gráfica de f.
b) Determina los intervalos de crecimiento y de decrecimiento de f.
c) Esboza la gráfica de f.
MATEMÁTICAS Il. 2010. RESERVA 1. EJERCICIO 1. OPCIÓN B"
MATES_II,Funciones,2010.0,Reserva 2,Ejercicio 1 Opción A,"Entre todos los triángulos rectángulos de 5 metros de hipotenusa, determina los catetos del de
área máxima.
MATEMÁTICAS Il. 2010. RESERVA 2. EJERCICIO 1. OPCIÓN A"
MATES_II,Funciones,2010.0,Reserva 2,Ejercicio 1 Opción B,"Sea f:(0,+0)>R la función definida por f(x)=In(x?+3x), donde In denota el logaritmo
neperiano.
a) Determina, si existen, los puntos de la gráfica de f en los que la recta tangente a la gráfica es
paralela a la recta de ecuación x-2y+1=0.
b) Halla la ecuación de la recta tangente y de la recta normal a la gráfica de f en el punto de abscisa
x=3.
MATEMÁTICAS Il. 2010. RESERVA 2. EJERCICIO 1. OPCIÓN B"
MATES_II,Funciones,2010.0,Reserva 3,Ejercicio 1 Opción A,"e*“(x?+ax) si
Sea la función f:¡R—> R dada por f(x)=4 bx?+4c
x>0.
x+1
Calcula las constantes a, b y c sabiendo que f es derivable y que la recta tangente a la gráfica de f
en el punto de abscisa x=1 tiene de pendiente 3.
MATEMÁTICAS Il. 2010. RESERVA 3. EJERCICIO 1. OPCIÓN A."
MATES_II,Funciones,2010.0,Reserva 3,Ejercicio 1 Opción B,"Sea f:R>R la función definida como f(x)=(x+1)3/3—x . Halla las ecuaciones de la recta
tangente y de la recta normal a la gráfica de f en el puno de abscisa x=-5 y en el punto de
abscisa x=2.
MATEMÁTICAS II. 2010. RESERVA 3. EJERCICIO 1. OPCIÓN B."
MATES_II,Funciones,2010.0,Reserva 4,Ejercicio 1 Opción A,"Dada la función f : R >R definida como f(x)=a senx +bx?+cx+d , determina los valores de
las constantes a,b, c y d sabiendo que la gráfica de f tiene tangente horizontal en el punto (0,4) y
que la segunda derivada defes f''(x)=3senx—10.
MATEMÁTICAS Il. 2010. RESERVA 4. EJERCICIO 1. OPCIÓN A."
MATES_II,Funciones,2010.0,Reserva 4,Ejercicio 1 Opción B,"=x
e si x<0
Considera la función f :|R-—>R definida por f(x)=<1-=x? si 0<x<l.
x+1l
Estudia su continuidad y derivabilidad. Determina la función derivada de f.
MATEMÁTICAS Il. 2010. RESERVA 4. EJERCICIO 1. OPCIÓN B."
MATES_II,Funciones,2010.0,Septiembre,Ejercicio 1 Opción A,"Una hoja de papel tiene que contener 18 cm? de texto. Los márgenes superior e inferior han de
tener 2 cm cada uno y los laterales 1 cm. Calcula las dimensiones de la hoja para que el gasto
de papel sea mínimo.
MATEMÁTICAS II. 2010. SEPTIEMBRE. EJERCICIO 1. OPCIÓN A"
MATES_II,Funciones,2010.0,Septiembre,Ejercicio 1 Opción B,"x?+ax+b si 0<x<2
CX si 2<x<4
a) Sabiendo que f es derivable en todo el dominio y que verifica f(0)= f (4), determina los
valores de a,b y c.
b) Para a=-3,b=4 yc=1 halla los extremos absolutos de f (abscisas donde se obtienen y
Considera la función f : [0,4] > R definida por f(x) =|
valores que se alcanzan).
MATEMÁTICAS Il. 2010. SEPTIEMBRE. EJERCICIO 1. OPCIÓN B."
MATES_II,Funciones,2011.0,Junio,Ejercicio 1 Opción A,"Se desea construir un depósito cilíndrico cerrado de área total a 54 m?. Determina el radio de
la base y la altura del cilindro para que éste tenga volumen máximo.
MATEMÁTICAS 11. 2011. JUNIO. EJERCICIO 1. OPCIÓN A."
MATES_II,Funciones,2011.0,Reserva 1,Ejercicio 1 Opcion A,"Un alambre de longitud 100 metros se divide en dos trozos. Con uno de los trozos se construye
un cuadrado y con el otro un rectángulo cuya base es doble que su altura. Calcula las
longitudes de cada uno de los trozos con la condición de que la suma de las áreas de estas dos
figuras sea mínima.
MATEMÁTICAS 11. 2011. RESERVA 1. EJERCICIO 1. OPCION A."
MATES_II,Funciones,2011.0,Reserva 1,Ejercicio 1 Opción B,"Sea f: R=>R la función definida por f(x)=4=x?
a) Halla la ecuación de la recta normal a la gráfica de fen el punto de abscisa x=2.
b) Determina el punto de la gráfica en el que la recta tangente es perpendicular a la recta
x+2y-2=0.
MATEMÁTICAS Il. 2011. RESERVA 1. EJERCICIO 1. OPCIÓN B"
MATES_II,Funciones,2011.0,Reserva 2,Ejercicio 1 Opción B,"1 o, o. x—-In(x)+a si Lox<z
Sea f :|—,4|>R la función definida por f(x)= e
e
bx+1=In(2) si 2<x<4
Donde In denota la función logaritmo neperiano.
1
a) Calcula los valores de a y b para que f sea derivable en el intervalo E 4) .
e
1
b) Para a=0 y b= 2 halla los extremos absolutos de f (abscisas donde se obtienen y valores que
se alcanzan).
MATEMÁTICAS II. 2011. RESERVA 2. EJERCICIO 1. OPCIÓN B."
MATES_II,Funciones,2011.0,Reserva 3,Ejercicio 1 Opción A,"Dada la función f: R—>R definida por f(x)=ax*+bx*+cx, determina a, b y c sabiendo que
su gráfica tiene un punto de inflexión en (1.0), y que la recta tangente en ese punto tiene por
ecuación y=-3x+3.
MATEMÁTICAS Il. 2011. RESERVA 3. EJERCICIO 1. OPCIÓN A."
MATES_II,Funciones,2011.0,Reserva 3,Ejercicio 1 Opción B,"En el primer cuadrante representamos un rectángulo de tal manera que tiene un vértice en el
origen de coordenadas y el vértice opuesto en la parábola y=-=x?+3. Determina las
dimensiones del rectángulo para que su área sea máxima.
MATEMÁTICAS Il. 2011. RESERVA 3. EJERCICIO 1. OPCIÓN B."
MATES_II,Funciones,2011.0,Reserva 4,Ejercicio 1 Opcion A,"Queremos hacer junto a la carretera un cercado rectangular para unos caballos en una zona
llana. Cada metro del lado del cercado que está junto a la carretera nos cuesta 100 euros,
mientras que para el resto del cercado nos cuesta 10 euros el metro. ¿Cuáles son las
dimensiones del prado de área máxima que podemos cercar con 3000 euros?.
MATEMÁTICAS II. 2011. RESERVA 4. EJERCICIO 1. OPCION A."
MATES_II,Funciones,2011.0,Reserva 4,Ejercicio 1 Opción B,"En una empresa los ingresos (en euros) dependen de la edad. Si la edad, x, es de 18 a 50 años,
los ingresos vienen dados por la fórmula —x?+70x , mientras que para edades iguales o
. - . , . o 00x
superiores a 50 años los ingresos están determinados por la expresión 30
x-
Calcula cuál es el máximo de los ingresos y a que edad se alcanza.
MATEMÁTICAS 11. 2011. RESERVA 4. EJERCICIO 1. OPCIÓN B."
MATES_II,Funciones,2012.0,Junio,Ejercicio 1 Opción A,"Sea la función f: R > R definida por f(x)=e*-(x-—2).
a) Calcula las asíntotas de f.
b) Halla los extremos relativos (abscisas donde se obtienen y los valores que se alcanzan) y los
intervalos de crecimiento y de decrecimiento de f.
c) Determina, si existen, los puntos de inflexión de f.
MATEMÁTICAS II. 2012. JUNIO. EJERCICIO 1. OPCIÓN A."
MATES_II,Funciones,2012.0,Junio,Ejercicio 1 Opción B,". . aA*Ssenx—=x“e* o. . os
Sabiendo que lim ———— €s finito, calcula el valor de a y el de dicho limite.
x>
x
MATEMÁTICAS HI. 2012. JUNIO. EJERCICIO 1. OPCIÓN B."
MATES_II,Funciones,2012.0,Reserva 1,Ejercicio 1 Opción A,"1
Sea la función f:(0,+0)>IR definida por f(x)=—+Inx, donde ln denota la función
x
logaritmo neperiano.
a) Halla los extremos absolutos de f (abscisas donde se obtienen y valores que se alcanzan) en el
intervalo |—,e|.
e
b) Determina la ecuación de la recta tangente a la gráfica de fen el punto de abscisa x=€.
MATEMÁTICAS Il. 2012. RESERVA 1. EJERCICIO 1. OPCIÓN A"
MATES_II,Funciones,2012.0,Reserva 1,Ejercicio 1 Opcion B,"2
Y
(x+1)(x -2)
a) Estudia y calcula las asíntotas de la gráfica de f
Sea f la función definida por f(x)= para x*-l y xx2
b) Determina los intervalos de crecimiento y de decrecimiento de f
c) Calcula, si existe, algún punto de la gráfica de f donde ésta corta a la asíntota horizontal.
MATEMÁTICAS II. 2012. RESERVA 1. EJERCICIO 1. OPCION B"
MATES_II,Funciones,2012.0,Reserva 2,Ejercicio 1 Opción A,"Sea la función f:[Le] >R definida por: f(x)=x”-8In(x) donde In denota la función
logaritmo neperiano.
a) Halla los inter valos de crecimiento y de decrecimiento de f.
b) Calcula los extremos absolutos y relativos de la función f (abscisas donde se obtienen y valores
que se alcanzan).
c) Estudia los intervalos de concavidad y convexidad.
MATEMÁTICAS Il. 2012. RESERVA 2. EJERCICIO 1. OPCIÓN A"
MATES_II,Funciones,2012.0,Reserva 2,Ejercicio 1 Opción B,"Sea la función f :|R-—>R definida por: f(x)=e*(x?-x+1).
a) Calcula: lim f(x) y lim f(x)
x>-00 x>3+o0
b) Halla los extremos relativos de f (abscisas donde se obtienen y los valores que se alcanzan,
determinando si son máximos o mínimos).
c) Determina las abscisas de los puntos de inflexión de la gráfica de f.
MATEMÁTICAS Il. 2012. RESERVA 2. EJERCICIO 1. OPCIÓN B"
MATES_II,Funciones,2012.0,Reserva 3,Ejercicio 1 Opcion A,"Un alambre de longitud 2 metros se divide en dos trozos. Con el primero se forma un
rectángulo cuya base es el doble de la altura y con el segundo trozo se forma un cuadrado.
Calcula las longitudes de dichos trozos para que la suma de las áreas del rectángulo y el
cuadrado resultante sea mínima.
MATEMÁTICAS II. 2012. RESERVA 3. EJERCICIO 1. OPCION A."
MATES_II,Funciones,2012.0,Reserva 3,Ejercicio 1 Opción B,"Sea la función f:R=>R definida por: f(x)=In(x?*+3x+3)-—xdonde In denota la función
logaritmo neperiano.
a) Halla los intervalos de crecimiento y de decrecimiento y los extremos relativos de f (abscisas
donde se obtienen y valores que se alcanzan).
b) Determina la ecuación de la recta normal a la gráfica de f en el punto de abscisa x=-—2.
MATEMÁTICAS Il. 2012. RESERVA 3. EJERCICIO 1. OPCIÓN B"
MATES_II,Funciones,2012.0,Reserva 4,Ejercicio 1 Opción A,"Se considera la función derivable f : R > R definida por f(x)=
Calcula los valores de a y b.
MATEMÁTICAS Il. 2012. RESERVA 4. EJERCICIO 1. OPCIÓN A."
MATES_II,Funciones,2012.0,Reserva 4,Ejercicio 1 Opción B,"De entre todos los triángulos rectángulos de hipotenusa 10 unidades, determina las dimensiones
del de área máxima.
MATEMÁTICAS Il. 2012. RESERVA 4. EJERCICIO 1. OPCIÓN B."
MATES_II,Funciones,2012.0,Septiembre,Ejercicio 1 Opción A,"x+k si x<0
Sea la función continua f :|R > |R definida por f(x)=3 €**
si x>0
a) Calcula el valor de k.
b) Halla la ecuación de la recta tangente a la gráfica de la función f en el punto de abscisa x=1.
MATEMÁTICAS Il. 2012. SEPTIEMBRE. EJERCICIO 1. OPCIÓN A."
MATES_II,Funciones,2012.0,Septiembre,Ejercicio 1 Opción B,"-=x
Sea la función f definida por f(x)= - para xxl.
=x
a) Estudia las asíntotas de la gráfica de la función f.
b) Halla los extremos relativos (abscisas donde se obtienen y los valores que alcanzan) y los
intervalos de crecimiento y de decrecimiento de f.
MATEMÁTICAS Il. 2012. SEPTIEMBRE. EJERCICIO 1. OPCIÓN B."
MATES_II,Funciones,2013.0,Junio,Ejercicio 1 Opción A,"Sabiendo que lim es finito, calcula b y el valor del límite.
x>30 x
MATEMÁTICAS 11. 2013. JUNIO. EJERCICIO 1. OPCIÓN A."
MATES_II,Funciones,2013.0,Junio,Ejercicio 1 Opción B,"x+2e""* si x<0
ayb=x si O<x<l
a) Determina a y b sabiendo que f es derivable en todo su dominio.
b) Halla la ecuación de la recta tangente y de la recta normal a la gráfica de f en el punto de
abscisa x=0
MATEMÁTICAS Il. 2013. JUNIO. EJERCICIO 1. OPCIÓN B."
MATES_II,Funciones,2013.0,Reserva 1,Ejercicio 1 Opcion A,"3
Sea g la función definida por g(x)=
7 para xn.
mx
(xn)
a) Halla m y n sabiendo que la recta y =2x-—4 es una asíntota de la gráfica de g.
b) Determina si la gráfica de g es simétrica respecto al origen.
MATEMÁTICAS II. 2013. RESERVA 1. EJERCICIO 1. OPCION A."
MATES_II,Funciones,2013.0,Reserva 1,Ejercicio 1 Opción B,"Sea f:R>R la función definida por f(x)=x*+ax*+bx+c. Se sabe que un punto de
inflexión de la gráfica de f tiene de abscisa x=1 y que f tiene un mínimo relativo en x=2 de
valor —9. Calcula a, b y c.
MATEMÁTICAS Il. 2013. RESERVA 1. EJERCICIO 1. OPCIÓN B."
MATES_II,Funciones,2013.0,Reserva 2,Ejercicio 1 Opción A,"Un rectángulo está inscrito en un semicírculo de ./5 cm. de radio, de forma que uno de sus
lados está contenido en el diámetro del semicírculo y el lado opuesto tiene sus vértices sobre la
semicircunferencia. Calcula las dimensiones del rectángulo sabiendo que es el de mayor
perímetro posible.
MATEMÁTICAS Il. 2013. RESERVA 2. EJERCICIO 1. OPCIÓN A"
MATES_II,Funciones,2013.0,Reserva 2,Ejercicio 1 Opción B,"Considera la función f:R=>R dada por f(x)=x'""+ax*+bx+c. Determina a, b y c
sabiendo que la recta normal a la gráfica de f en el punto de abscisa x=0 es y+x=-3 y que
el punto de inflexión tiene abscisa x=1.
MATEMÁTICAS 11. 2013. RESERVA 2. EJERCICIO 1. OPCIÓN B"
MATES_II,Funciones,2013.0,Reserva 3,Ejercicio 1 Opción A,"Sea f la función definida por o para x>0,xx<1 (donde In denota el logaritmo
n(x
neperiano).
a) Estudia y determina las asíntotas de la gráfica de f.
b) Calcula la ecuación de la recta tangente y de la recta normal a la gráfica de f en el punto de
abscisa x=8.
MATEMÁTICAS HI. 2013. RESERVA 3. EJERCICIO 1. OPCIÓN A"
MATES_II,Funciones,2013.0,Reserva 3,Ejercicio 1 Opción B,"k 1
Sea f la función definida por f(x) =-————==—— para xxX%a y XX%—.
(x-aJQx=1) 2
a) Halla a y k sabiendo que la gráfica de f pasa por el punto (0,2) y que la recta x=2 es una
asíntota de dicha gráfica.
b) Para k=4 y a=2, halla los extremos relativos de f (abscisas donde se obtienen y valores
que se alcanzan) y sus intervalos de crecimiento y de decrecimiento.
MATEMÁTICAS I1. 2013. RESERVA 3. EJERCICIO 1. OPCIÓN B"
MATES_II,Funciones,2013.0,Reserva 4,Ejercicio 1 Opción A,"Halla las dimensiones del rectángulo de área máxima inscrito en un triángulo isósceles de 6
metros de base (el lado desigual) y 4 metros de alto.
MATEMÁTICAS Il. 2013. RESERVA 4. EJERCICIO 1. OPCIÓN A"
MATES_II,Funciones,2013.0,Reserva 4,Ejercicio 1 Opción B,"1
Sea f la función definida por f(x)=xe* para x>-1,xx%0
a) Calcula los límites laterales de fen x=0.
b) Estudia y determina las asíntotas de la gráfica de f.
MATEMÁTICAS Il. 2013. RESERVA 4. EJERCICIO 1. OPCIÓN B"
MATES_II,Funciones,2013.0,Septiembre,Ejercicio 1 Opción A,"Un alambre de 10 metros de longitud se divide en dos trozos. Con uno de ellos se forma un
triángulo equilátero y con el otro un cuadrado. Halla la longitud de dichos trozos para que la
suma de las áreas sea mínima.
MATEMÁTICAS Il. 2013. SEPTIEMBRE. EJERCICIO 1. OPCIÓN A."
MATES_II,Funciones,2013.0,Septiembre,Ejercicio 1 Opción B,"21
Sea f:(0,+0)> IR la función f definida por f(x)= nQ) (donde ln denota el logaritmo
x
neperiano).
a) Determina los intervalos de crecimiento y de decrecimiento y los extremos relativos de f
(abscisas donde se obtienen y valores que se alcanzan).
b) Estudia y determina las asíntotas de la gráfica de f.
MATEMÁTICAS Il. 2013. SEPTIEMBRE. EJERCICIO 1. OPCIÓN B."
MATES_II,Funciones,2014.0,Junio,Ejercicio 1 Opción A,"Sea f:R=>R definida por f(x)=x*+ax?*+bx+c
1
a) Halla a, b y c para que la gráfica de f tenga un punto de inflexión de abscisa x => y que la
recta tangente en el punto de abscisa x=0 tenga por ecuación y=5-—6x.
b) Para a=3,b=-9 y c=8, calcula los extremos relativos de f (abscisas donde se obtienen y
valores que se alcanzan).
MATEMÁTICAS II. 2014. JUNIO. EJERCICIO 1. OPCIÓN A."
MATES_II,Funciones,2014.0,Junto,Ejercicio 1 Opción B,"Se desea construir un depósito en forma de cilindro recto, con base circular y sin tapadera, que
tenga una capacidad de 125 m*. Halla el radio de la base y la altura que debe tener el depósito
para que la superficie sea mínima.
MATEMÁTICAS IT. 2014. JUNTO. EJERCICIO 1. OPCIÓN B."
MATES_II,Funciones,2014.0,Reserva 1,Ejercicio 1 Opción A,"171 ) es finito, calcula a y el valor del límite (In denota el logaritmo
x= nx
Sabiendo que lim (
neperiano).
MATEMÁTICAS Il. 2014. RESERVA 1. EJERCICIO 1. OPCIÓN A."
MATES_II,Funciones,2014.0,Reserva 1,Ejercicio 1 Opción B,"x
e*—e”
Considera la función derivable f :|R > R definida por f (x)= 2x
si x<0
ax+b si x>0
a) Calcula a y b.
b) Halla la ecuación de la recta tangente a la gráfica de f en el punto de abscisa x=-—1.
MATEMÁTICAS Il. 2014. RESERVA 1. EJERCICIO 1. OPCIÓN B."
MATES_II,Funciones,2014.0,Reserva 2,Ejercicio 1 Opción A,"1
Sea f la función definida por f(x)= yy + x para x>0
x
a) Determina el punto de la gráfica de f en el que la pendiente de la recta tangente es máxima
b) Halla la ecuación de la recta normal a la gráfica de f en el punto de abscisa x=1.
MATEMÁTICAS Il. 2014. RESERVA 2. EJERCICIO 1. OPCIÓN A."
MATES_II,Funciones,2014.0,Reserva 2,Ejercicio 1 Opción B,"Sea f: R=>R la función definida por f(x)=x*+bx*+cx+d . Halla b, e y d sabiendo que f
f(x)
tiene un máximo relativo en x=-— 1 y que im 4
xl x—
MATEMÁTICAS Il. 2014. RESERVA 2. EJERCICIO 1. OPCIÓN B."
MATES_II,Funciones,2014.0,Reserva 3,Ejercicio 1 Opción A,"tan x—sen Xx
Calcula lim
x30  Xx-—SenxX
MATEMÁTICAS Il. 2014. RESERVA 3. EJERCICIO 1. OPCIÓN A."
MATES_II,Funciones,2014.0,Reserva 3,Ejercicio 1 Opción B,"Considera la función f : R—>R definida por f(x)=x?-+e e
a) Estudia y determina las asíntotas de la gráfica de f.
b) Halla los intervalos de crecimiento y de decrecimiento y los extremos relativos (abscisas
donde se obtienen y valores que se alcanzan).
c) Esboza la gráfica de f.
MATEMÁTICAS Il. 2014. RESERVA 3. EJERCICIO 1. OPCIÓN B."
MATES_II,Funciones,2014.0,Reserva 4,Ejercicio 1 Opción A,"De entre todos los triángulos rectángulos de área 8 cm ?, determina las dimensiones del que
tiene la hipotenusa de menor longitud.
MATEMÁTICAS Il. 2014. RESERVA 4. EJERCICIO 1. OPCIÓN A."
MATES_II,Funciones,2014.0,Reserva 4,Ejercicio 1 Opción B,"a—=x six<l
Sea f:R=>R la función derivable definida por: f(x)=3b . donde In denota
—+Inx si x>l
x
el logaritmo neperiano
a) Calcula a y b.
b) Para a=3 y b=2 calcula los extremos absolutos de f en el intervalo [0,e] (abscisas donde
se obtienen y valores que se alcanzan)
MATEMÁTICAS Il. 2014. RESERVA 4. EJERCICIO 1. OPCIÓN B."
MATES_II,Funciones,2014.0,Septiembre,Ejercicio 1 Opción A,"s(3x)=e *
Sabiendo que lim cos(Bx)-e""+ax es finito, calcula a y el valor del límite.
x>0 x sen(x)
MATEMÁTICAS Il. 2014. SEPTIEMBRE. EJERCICIO 1. OPCIÓN A."
MATES_II,Funciones,2014.0,Septiembre,Ejercicio 1 Opción B,"De entre todos los números reales positivos, determina el que sumado con su inverso da suma
mínima.
MATEMÁTICAS Il. 2014. SEPTIEMBRE. EJERCICIO 1. OPCIÓN B."
MATES_II,Funciones,2015.0,Junio,Ejercicio 1 Opción A,"Se quiere construir un depósito abierto de base cuadrada y paredes verticales con capacidad
para 135 metros cúbicos. Para ello se dispone de una chapa de acero de grosor uniforme.
Calcula las dimensiones del depósito para que el gasto en chapa sea el mínimo posible
MATEMÁTICAS Il. 2015. JUNIO. EJERCICIO 1. OPCIÓN A."
MATES_II,Funciones,2015.0,Junio,Ejercicio 1 Opción B,"ax?*+bx+1-cos(x)
Sabiendo que lim 5
x>0 sen(x*)
MATEMÁTICAS HI. 2015. JUNIO. EJERCICIO 1. OPCIÓN B."
MATES_II,Funciones,2015.0,Reserva 1,Ejercicio 1 Opción A,"Se quiere vallar un campo rectangular que está junto a un camino. Si la valla del lado del camino
cuesta 80 euros/metro y la de los otros lados 10 euros/metro, halla las dimensiones del campo de
área máxima que puede vallarse con 28.800 euros.
MATEMÁTICAS HI. 2015. RESERVA 1. EJERCICIO 1. OPCIÓN A."
MATES_II,Funciones,2015.0,Reserva 1,Ejercicio 1 Opción B,"Determina a y b sabiendo que b>0 y que la función f : |R—> R definida como
acos(x)+2x si x<0
fO0)=
anar) si x>0
x+1
es derivable. (In denota la función logaritmo neperiano).
MATEMÁTICAS Il. 2015. RESERVA 1. EJERCICIO 1. OPCIÓN B."
MATES_II,Funciones,2015.0,Reserva 2,Ejercicio 1 Opción A,"Halla a y b sabiendo que es continua la función f :|R > KR definida como
x +cos(x)-—ae *
f()= si xx%0
b si x=0
MATEMÁTICAS II. 2015. RESERVA 2. EJERCICIO 1. OPCIÓN A."
MATES_II,Funciones,2015.0,Reserva 2,Ejercicio 1 Opción B,"x
Sea f : IR=>R la función definida por f(x)=(x?+3x+1)-e""*.
a) Estudia y calcula las asíntotas de la gráfica de f.
b) Halla los puntos de la gráfica de f cuya recta tangente es horizontal.
c) Determina la ecuación de la recta tangente a la gráfica de f en el punto de abscisa x=0.
MATEMÁTICAS Il. 2015. RESERVA 2. EJERCICIO 1. OPCIÓN B."
MATES_II,Funciones,2015.0,Reserva 3,Ejercicio 1 Opción A,"Sea f la función definida por f(x)= 2 : para xxl.
a) Estudia y calcula las asíntotas de la gráfica de f.
b) Halla los intervalos de crecimiento y de decrecimiento y los extremos relativos (abscisas donde
se obtienen y valores que se alcanzan) de f.
MATEMÁTICAS HI. 2015. RESERVA 3. EJERCICIO 1. OPCIÓN A."
MATES_II,Funciones,2015.0,Reserva 3,Ejercicio 1 Opción B,"Queremos fabricar una caja con base cuadrada, de tal manera que la altura de la caja más el
perímetro de la base sumen 60 cm. Determina sus dimensiones para que contenga el mayor
volumen posible.
MATEMÁTICAS Il. 2015. RESERVA 3. EJERCICIO 1. OPCIÓN B."
MATES_II,Funciones,2015.0,Reserva 4,Ejercicio 1 Opción A,"Sea f:R>=>R la función dada por f(x)=ax*+bx ”*+cx+d . Halla los coeficientes a, b, c y d
sabiendo que f presenta un extremo local en el punto de abscisa x=0, que (1,0) es punto de
inflexión de la gráfica de f y que la pendiente de la recta tangente en dicho punto es —-3.
MATEMÁTICAS HI. 2015. RESERVA 4. EJERCICIO 1. OPCIÓN A."
MATES_II,Funciones,2015.0,Reserva 4,Ejercicio 1 Opción B,"Sea f : R=>R la función definida por f(x)=x? -| x | .
a) Estudia la derivabilidad de f.
b) Determina los intervalos de crecimiento y de decrecimiento de f.
c) Calcula los extremos relativos de f (abscisas donde se obtienen y valores que se alcanzan).
MATEMÁTICAS II. 2015. RESERVA 4. EJERCICIO 1. OPCIÓN B."
MATES_II,Funciones,2015.0,Septiembre,Ejercicio 1 Opción A,"2
a
b
Halla los valores de a, b y c sabiendo que la gráfica de la función f(x)= + tiene una
x+c
asíntota vertical en x=1, una asíntota oblicua de pendiente 2, y un extremo local de abscisa
x=3.
MATEMÁTICAS 11. 2015. SEPTIEMBRE. EJERCICIO 1. OPCIÓN A."
MATES_II,Funciones,2015.0,Septiembre,Ejercicio 1 Opción B,"Un granjero desea vallar un terreno rectangular de pasto adyacente a un río. El terreno debe
tener 180.000 m? para producir suficiente pasto para su ganado. ¿Qué dimensiones tendrá el
terreno rectangular de modo que utilice la mínima cantidad de valla, si el lado que da al rio no
necesita vallado?.
MATEMÁTICAS II. 2015. SEPTIEMBRE. EJERCICIO 1. OPCIÓN B."
MATES_II,Funciones,2016.0,Junio,Ejercicio 1 Opción A,"In(x+1)—a sen x + xcos(3x)
Sabiendo que lim 3 es finito, calcula a y el valor del límite.
x>0 Xx
MATEMÁTICAS 11. 2016. JUNIO. EJERCICIO 1. OPCIÓN A."
MATES_II,Funciones,2016.0,Junio,Ejercicio 1 Opción B,"x
x+ 1
a) Estudia y determina las asíntotas de la gráfica de f. Calcula los puntos de corte de dichas
asíntotas con la gráfica de f.
Sea f: R=>R la función definida por f(x)=
b) Halla los intervalos de crecimiento y de decrecimiento f y los extremos relativos de f
(abscisas donde se obtienen y valores que se alcanzan).
c) Esboza la gráfica de f.
MATEMÁTICAS Il. 2016. JUNIO. EJERCICIO 1. OPCIÓN B."
MATES_II,Funciones,2016.0,Reserva 1,Ejercicio 1 Opción A,"cos(rrx)- (1 + a cos(rrx ))
sen(x?)
Sabiendo que lim es finito, calcula a y el valor del límite.
x>
MATEMÁTICAS HI. 2016. RESERVA 1. EJERCICIO 1. OPCIÓN A."
MATES_II,Funciones,2016.0,Reserva 1,Ejercicio 1 Opción B,"Se dispone de un cartón cuadrado de 50 cm de lado para construir una caja sin tapadera a
partir del cartón. Para ello, se corta un cuadrado de x cm de lado en cada una de las esquinas.
Halla el valor de x para que el volumen de la caja sea máximo y calcula dicho volumen.
MATEMÁTICAS I1. 2016. RESERVA 1. EJERCICIO 1. OPCIÓN B."
MATES_II,Funciones,2016.0,Reserva 2,Ejercicio 1 Opción A,"1
Sea la función f:(0,+0)>R definida por fuo=, donde In denota logaritmo
x
neperiano.
a) Estudia y determina las asíntotas de la gráfica de f.
b) Halla los extremos relativos (abscisas donde se obtienen y valores que se alcanzan) y los
intervalos de crecimiento y de decrecimiento de f.
MATEMÁTICAS Il. 2016. RESERVA 2. EJERCICIO 1. OPCIÓN A."
MATES_II,Funciones,2016.0,Reserva 2,Ejercicio 1 Opción B,"Sea f:R=>R la función definida por f(x)=x*+ax*+bx+c. Determina a, b, c sabiendo
que la gráfica de f tiene tangente horizontal en el punto de abscisa x=1 y un punto de
inflexión en (-1,5).
MATEMÁTICAS II. 2016. RESERVA 2. EJERCICIO 1. OPCIÓN B."
MATES_II,Funciones,2016.0,Reserva 3,Ejercicio 1 Opción A,"Sea f:R>R la función definida por f(x)=(e*+b)x, con ax0. Calcula a y b sabiendo
que f tiene un extremo relativo en x=0 y su gráfica, un punto de inflexión en el punto cuya
abscisa es x=1.
MATEMÁTICAS II. 2016. RESERVA 3. EJERCICIO 1. OPCIÓN A."
MATES_II,Funciones,2016.0,Reserva 3,Ejercicio 1 Opción B,"De un terreno se desea vender un solar rectangular de 12.800 m?dividido en tres parcelas
iguales como las que aparecen en el dibujo. Si se quieren vallar las lindes de las tres parcelas
(los bordes y las separaciones de las parcelas), determina las dimensiones del solar para que la
longitud de la valla utilizada sea mínima.
MATEMÁTICAS Il. 2016. RESERVA 3. EJERCICIO 1. OPCIÓN B."
MATES_II,Funciones,2016.0,Reserva 4,Ejercicio 1 Opción A,"Se quiere construir un bote de conservas cilíndrico, con tapa, de un litro de capacidad. Calcula
las dimensiones del bote para que en su construcción se utilice la menor cantidad posible de
hojalata.
MATEMÁTICAS Il. 2016. RESERVA 4. EJERCICIO 1. OPCIÓN A."
MATES_II,Funciones,2016.0,Reserva 4,Ejercicio 1 Opción B,"Sea f: R=>R la función definida por f69=| x? -4]| .
a) Determina los intervalos de crecimiento y de decrecimiento de f y calcula sus extremos
relativos (abscisas donde se obtienen y valores que se alcanzan).
b) Calcula la ecuación de la recta tangente y de la recta normal a la gráfica de f en el punto de
abscisa x=-1.
MATEMÁTICAS Il. 2016. RESERVA 4. EJERCICIO 1. OPCIÓN B."
MATES_II,Funciones,2016.0,Septiembre,Ejercicio 1 Opción A,"1
Sabiendo que lim ( 7) es finito, calcula m y el valor del límite.
>0le*-1 2x
MATEMÁTICAS Il. 2016. SEPTIEMBRE. EJERCICIO 1. OPCIÓN A."
MATES_II,Funciones,2016.0,Septiembre,Ejercicio 1 Opción B,"Sea f:R=>R la función definida por f(x)=x?-+e a
a) Estudia y determina las asíntotas de la gráfica de f.
b) Determina los intervalos de crecimiento y de decrecimiento de f y calcula sus extremos
relativos (abscisas donde se obtienen y valores que se alcanzan).
c) Esboza la gráfica de f.
MATEMÁTICAS Il. 2016. SEPTIEMBRE. EJERCICIO 1. OPCIÓN B."
MATES_II,Funciones,2017.0,Junio,Ejercicio 1 Opción A,"Se quiere hacer una puerta rectangular coronada por un semicírculo como el de la figura. El
hueco de la puerta tiene que tener 16 metros cuadrados. Si es posible, determina la base x para
que el perímetro sea mínimo.
MATEMÁTICAS 11. 2017. JUNIO. EJERCICIO 1. OPCIÓN A."
MATES_II,Funciones,2017.0,Junio,Ejercicio 1 Opción B,"2
Xx
Considera la función f definida por f(x)= 7 para xxl
a) Estudia y determina las asíntotas de la gráfica de f.
b) Estudia y determina los intervalos de crecimiento y los intervalos de decrecimiento de f.
Calcula los extremos relativos de f (abscisas donde se obtienen y valores que se alcanzan)
MATEMÁTICAS Il. 2017. JUNIO. EJERCICIO 1. OPCIÓN B."
MATES_II,Funciones,2017.0,Reserva 1,Ejercicio 1 Opción A,"Se sabe que la función f : IR > IR dada por
3x+2 si x<0
f(09)=34x?+2acos(x) si O<x<rT
ax?+b si x>2T
es continua.
a) Determina a y b.
b) Estudia la derivabilidad de f.
MATEMÁTICAS II. 2017. RESERVA 1. EJERCICIO 1. OPCIÓN A."
MATES_II,Funciones,2017.0,Reserva 1,Ejercicio 1 Opción B,"Calcula lim
0
MATEMÁTICAS 11. 2017. RESERVA 1. EJERCICIO 1. OPCIÓN B."
MATES_II,Funciones,2017.0,Reserva 2,Ejercicio 1 Opcion A,"2
Se considera la función f dada por f(x)= a +2 para xxl.
x-1
a) Estudia y calcula las asíntotas de la gráfica de f.
b) Determina los intervalos de crecimiento y de decrecimiento de f.
MATEMÁTICAS II. 2017. RESERVA 2. EJERCICIO 1. OPCION A."
MATES_II,Funciones,2017.0,Reserva 2,Ejercicio 1 Opcion B,"Una cuerda de un metro de longitud se divide en dos trozos con los que se construyen un
cuadrado y una circunferencia respectivamente.
Determina, si es posible, las longitudes de los trozos para que la suma de las áreas sea mínima.
MATEMÁTICAS II. 2017. RESERVA 2. EJERCICIO 1. OPCION B."
MATES_II,Funciones,2017.0,Reserva 3,Ejercicio 1 Opcion A,"Se necesita construir un depósito cilíndrico, con tapas inferior y superior, con capacidad de
207 m*. El material para las tapas cuesta 10 euros cada m? y el material para el resto del
cilindro 8 euros cada m ?. Calcula, si existe, el radio de las tapas y la altura del cilindro que
hace que el coste total sea mínimo.
MATEMÁTICAS II. 2017. RESERVA 3. EJERCICIO 1. OPCION A."
MATES_II,Funciones,2017.0,Reserva 3,Ejercicio 1 Opción B,"Considera la función f:¡R=>IR dada por f(x)=ax""+bx”*+cx+d. Calcula a; b; c y d
sabiendo que f tiene un extremo relativo en (0,1) y su gráfica un punto de inflexión en (1,—1).
MATEMÁTICAS 11. 2017. RESERVA 3. EJERCICIO 1. OPCIÓN B."
MATES_II,Funciones,2017.0,Reserva 4,Ejercicio 1 Opción A,"Calcula la función polinómica, de grado 3, de la que se sabe que tiene un extremo relativo en el
punto (0,2) y que la tangente a su gráfica en el punto de abscisa x=1 es la recta x+y=3.
MATEMÁTICAS HI. 2017. RESERVA 4. EJERCICIO 1. OPCIÓN A."
MATES_II,Funciones,2017.0,Reserva 4,Ejercicio 1 Opción B,"Considera la función definida por f(x)==—x 42 para xx0.
x?
a) Estudia y determina las asíntotas de la gráfica de f.
b) Determina los intervalos de crecimiento y de decrecimiento de f y calcula sus extremos
relativos (abscisas donde se obtienen y valores que se alcanzan).
c) Esboza la gráfica de f.
MATEMÁTICAS 11. 2017. RESERVA 4. EJERCICIO 1. OPCIÓN B."
MATES_II,Funciones,2017.0,Septiembre,Ejercicio 1 Opción A,"Una imprenta recibe un encargo para realizar una tarjeta rectangular con las siguientes
características: la superficie rectangular que debe ocupar la zona impresa debe ser de 100 cm ?
,el margen superior tiene que ser de 2 cm, el inferior de 3 cm y los laterales de 5 cm cada uno.
Calcula, si es posible, las dimensiones que debe tener la tarjeta de forma que se utilice la menor
cantidad de papel posible.
MATEMÁTICAS Il. 2017. SEPTIEMBRE. EJERCICIO 1. OPCIÓN A."
MATES_II,Funciones,2017.0,Septiembre,Ejercicio 1 Opción B,"e*t+e *
Considera la función f : R—>R definida por f(x)= ]
a) Estudia y determina los intervalos de crecimiento y de decrecimiento de f. Calcula los
extremos relativos de f (abscisas donde se obtienen y valores que se alcanzan).
b) Halla la ecuación de la recta normal a la gráfica de f en el punto de abscisa x=0.
MATEMÁTICAS Il. 2017. SEPTIEMBRE. EJERCICIO 1. OPCIÓN B."
MATES_II,Funciones,2018.0,Junio,Ejercicio 1 Opción A,"Halla los coeficientes a, b y c sabiendo que la función f:R=>kR definida por
f09)=x +ax*+bx+c tiene en x=1 un punto de derivada nula que no es extremo relativo y
que la gráfica de f pasa por el punto (1,1)..
MATEMÁTICAS Il. 2018. JUNIO. EJERCICIO 1. OPCIÓN A."
MATES_II,Funciones,2018.0,Junio,Ejercicio 1 Opcion B,"Determina k 0 sabiendo que la función f : R > |R definida por
3-kx? si x<1l
f(x)=
si x>l
es derivable.
MATEMÁTICAS II. 2018. JUNIO. EJERCICIO 1. OPCION B."
MATES_II,Funciones,2018.0,Reserva 1,Ejercicio 1 Opción A,"Se desea construir un rectángulo, como el de la figura, de área máxima. La base está situada
sobre el eje OX, un vértice está en la recta y=x y el otro,en la recta y =4-—x. Se pide:
a) Halla la altura del rectángulo en función de a (ver figura).
b) Halla la base del rectángulo en función de a.
c) Encuentra el valor de a que hace máximo el área del rectángulo.
MATEMÁTICAS Il. 2018. RESERVA 1. EJERCICIO 1. OPCIÓN A."
MATES_II,Funciones,2018.0,Reserva 1,Ejercicio 1 Opción B,"x<0
f(x)=3 xe si O<xsl
l=x
si 1<x
a) Estudia la derivabilidad defen x=0 yen x=1.
b) Estudia la existencia de asíntotas horizontales de la gráfica de f.
MATEMÁTICAS Il. 2018. RESERVA 1. EJERCICIO 1. OPCIÓN B."
MATES_II,Funciones,2018.0,Reserva 2,Ejercicio 1 Opción A,"Se desea construir una canaleta, para la recogida de agua, cuya sección es como la de la figura.
La base y los costados deben medir 10 cm y se trata de darle la inclinación adecuada a los
costados para obtener una sección de área máxima. Se pide:
a) Halla la altura de la canaleta en función de x (ver la figura).
b) Halla el área de la sección de la canaleta en función de x.
c) Encuentra el valor de x que hace máximo dicho área.
MATEMÁTICAS Il. 2018. RESERVA 2. EJERCICIO 1. OPCIÓN A."
MATES_II,Funciones,2018.0,Reserva 2,Ejercicio 1 Opción B,"x
Sea f la función definida por f(x)= 2 : para xxl.
a) Estudia y determina las asíntotas de la gráfica de f.
b) Determina los intervalos de crecimiento y de decrecimiento de f y halla sus máximos y
mínimos relativos (puntos en los que se obtienen y valores que alcanza la función).
c) Esboza la gráfica de findicando sus puntos de corte con los ejes coordenados
MATEMÁTICAS Il. 2018. RESERVA 2. EJERCICIO 1. OPCIÓN B."
MATES_II,Funciones,2018.0,Reserva 3,Ejercicio 1 Opción A,"Considera un triángulo isósceles en el que el lado desigual mide 8 cm y la altura
correspondiente mide 5 cm. Calcula las dimensiones del rectángulo de área máxima que se
puede inscribir en dicho triángulo (ver figura).
MATEMÁTICAS Il. 2018. RESERVA 3. EJERCICIO 1. OPCIÓN A."
MATES_II,Funciones,2018.0,Reserva 3,Ejercicio 1 Opción B,"x
Sea f: R—>R función definida por f(x)=x+xe""
a) Calcula la ecuación de la recta tangente a la gráfica de f que es paralela a la recta
x—y+1=0.
b) Estudia y determina las asíntotas de la gráfica de f.
MATEMÁTICAS Il. 2018. RESERVA 3. EJERCICIO 1. OPCIÓN B."
MATES_II,Funciones,2018.0,Reserva 4,Ejercicio 1 Opción A,"Calcula lim HE09=x
x>0 x—sen(x)
MATEMÁTICAS II. 2018. RESERVA 4. EJERCICIO 1. OPCIÓN A."
MATES_II,Funciones,2018.0,Reserva 4,Ejercicio 1 Opción B,"Se desea construir una caja sin tapadera de base cuadrada. El precio del material es de 18
euros/m? para los laterales y de 24 euros/m? para la base. Halla las dimensiones de la caja de
mayor volumen que se puede construir si disponemos de 50 euros.
MATEMÁTICAS Il. 2018. RESERVA 4. EJERCICIO 1. OPCIÓN B."
MATES_II,Funciones,2018.0,Septiembre,Ejercicio 1 Opción A,"ax?+bx+c si xs0
Considera la función f: R —>R definida por f(x)=+e*-—e”*-2x
si x>0.
x—sen(x)
Determina a, b y c sabiendo que f es continua, alcanza su máximo relativo en x=-—1 y la recta
tangente a la gráfica de fen el punto de abscisa x =—2 tiene pendiente 2.
MATEMÁTICAS Il. 2018. SEPTIEMBRE. EJERCICIO 1. OPCIÓN A."
MATES_II,Funciones,2018.0,Septiembre,Ejercicio 1 Opción B,"SELECTIVIDAD
Considera la función f definida por f(x)=alnGO)+bx*+x para x>0, donde In denota la
función logaritmo neperiano.
a) Halla a y b sabiendo que f tiene extremos relativos en x=1 yen x=2.
b) ¿Qué tipo de extremos tiene fen x=1 yen x=2?
MATEMÁTICAS Il. 2018. SEPTIEMBRE. EJERCICIO 1. OPCIÓN B."
MATES_II,Funciones,2019.0,Junio,Ejercicio 1 Opción A,"Considera la función f definida por f(x)= X para xx*-—1
x+
a) Estudia y halla las asíntotas de la gráfica de f.
b) Determina los intervalos de crecimiento y de decrecimiento de f.
MATEMÁTICAS 11. 2019. JUNIO. EJERCICIO 1. OPCIÓN A."
MATES_II,Funciones,2019.0,Junio,Ejercicio 1 Opción B,"Considera la función f : R>R definida por f(x)=(x-—a)-e*.
a) Determina a sabiendo que la función tiene un punto crítico en x=0.
b) Para a =1, calcula los puntos de inflexión de la gráfica de f.
MATEMÁTICAS Il. 2019. JUNIO. EJERCICIO 1. OPCIÓN B."
MATES_II,Funciones,2019.0,Reserva 1,Ejercicio 1 Opción A,"cos(x)=e 7% —2x
Calcula lim 5
x>0 sen “(x)
MATEMÁTICAS Il. 2019. RESERVA 1. EJERCICIO 1. OPCIÓN A."
MATES_II,Funciones,2019.0,Reserva 1,Ejercicio 1 Opción B,"x*-ax+2b si x<0
Se sabe que la función f: R—> |¡R,dada por: f()=3 In(x+1)
si x>0
x
(In denota la función logaritmo neperiano) es derivable. Calcula a y b
MATEMÁTICAS Il. 2019. RESERVA 1. EJERCICIO 1. OPCIÓN B."
MATES_II,Funciones,2019.0,Reserva 2,Ejercicio 1 Opción A,"cos(x)
Se considera la función f :(-21,21) >| definida por f(x) = ———
2+cos(x)
a) Calcula sus intervalos de crecimiento y de decrecimiento.
b) Halla sus máximos y mínimos relativos (abscisas en los que se obtienen y valores que se
alcanzan).
MATEMÁTICAS Il. 2019. RESERVA 2. EJERCICIO 1. OPCIÓN A"
MATES_II,Funciones,2019.0,Reserva 2,Ejercicio 1 Opción B,"Se sabe que la gráfica de la función f : R >R, dada por f(x)=2x*+ax*+bx=+c
tiene un punto de inflexión para x=1 y que la ecuación de la recta tangente a dicha gráfica en
ese puntoes y=-—6x+6. Calcula a, b y c.
MATEMÁTICAS I1. 2019. RESERVA 2. EJERCICIO 1. OPCIÓN B"
MATES_II,Funciones,2019.0,Reserva 3,Ejercicio 1 Opción A,"Según un determinado modelo, la concentración en sangre de cierto medicamento viene dada
t
por la función C(t)=te ? mg/ml, siendo t el tiempo en horas transcurridas desde que se le
administra el medicamento al enfermo.
a) Determina, si existe, el valor máximo absoluto de la función y en qué momento se alcanza.
b) Sabiendo que la máxima concentración sin peligro para el paciente es 1 mg/ml, señala si en
algún momento del tratamiento hay riesgo para el paciente.
MATEMÁTICAS HI. 2019. RESERVA 3. EJERCICIO 1. OPCIÓN A"
MATES_II,Funciones,2019.0,Reserva 3,Ejercicio 1 Opción B,"Dada f:(l,e)>R la función definida por fo9=2+m(x) (In denota la función logaritmo
x
neperiano), determina la recta tangente a la gráfica de f que tiene pendiente máxima.
MATEMÁTICAS Il. 2019. RESERVA 3. EJERCICIO 1. OPCIÓN B"
MATES_II,Funciones,2019.0,Reserva 4,Ejercicio 1 Opción A,"Dada la función f : (0,270) >R, definida por f(x)=sen(x)+cos(x), calcula sus máximos y
mínimos relativos y los puntos de inflexión de la gráfica de f (abscisas en los que se obtienen y
valores que se alcanzan).
MATEMÁTICAS Il. 2019. RESERVA 4. EJERCICIO 1. OPCIÓN A"
MATES_II,Funciones,2019.0,Reserva 4,Ejercicio 1 Opción B,"Considera la función f definida por f(x)= ax _ para cx+1x0
+
Determina a, b y c sabiendo que la recta x=—1 es una asíntota vertical a la gráfica de f y que
y =2x +4 es la recta tangente a la gráfica de f en el punto de abscisa x=1.
MATEMÁTICAS Il. 2019. RESERVA 4. EJERCICIO 1. OPCIÓN B"
MATES_II,Funciones,2019.0,Septiembre,Ejercicio 1 Opción A,"1
Dada la función f:R—=>R definida por 10) =6- 1, calcula las dimensiones del
rectángulo de área máxima, de lados paralelos a los ejes, inscrito en el recinto comprendido
entre la gráfica de f y la recta y=0.
MATEMÁTICAS Il. 2019. SEPTIEMBRE. EJERCICIO 1. OPCIÓN A."
MATES_II,Funciones,2019.0,Septiembre,Ejercicio 1 Opción B,"Se sabe que la función f :|R => R, dada por
sen(x)+ax+b
f09=3  In(x+1)
si
x
(n denota la función logaritmo neperiano) es derivable. Calcula a y b
MATEMÁTICAS Il. 2019. SEPTIEMBRE. EJERCICIO 1. OPCIÓN B."
MATES_II,Funciones,2020.0,Junio,Ejercicio 1,"Considera la función f definida por f(x)= AS para xx*1,-1
a) (125 puntos) Estudia y halla las asíntotas de la gráfica de f.
b) (125 puntos) Determina los inter valos de crecimiento y de decrecimiento de f.
MATEMÁTICAS II. 2020. JUNIO. EJERCICIO 1"
MATES_II,Funciones,2020.0,Junio,Ejercicio 5,"sen (x)
Sea £:[0,27] >R la función definida por f(x)=
2-cos(x)
a) Q puntos) Halla los extremos absolutos de f (abscisas donde de obtienen y valores que se
alcanzan).
b) (05 puntos) Determina la ecuación de la recta tangente y de la recta normal a la gráfica de f
. T
en el punto de abscisas x = 3
MATEMÁTICAS II. 2020. JUNIO. EJERCICIO 5"
MATES_II,Funciones,2020.0,Reserva 1,Ejercicio 1,"x>0
l xl -? (In denota la función
In(1-x) x 2
(25 puntos) Calcula a sabiendo que lim
logaritmo neperiano).
MATEMÁTICAS II. 2020. RESERVA 1. EJERCICIO 1"
MATES_II,Funciones,2020.0,Reserva 1,Ejercicio 5,"(25 puntos) Una familia desea acotas una zona rectangular en el jardín de su casa para dedicarla
al cultivo ecológico. Para ello dispone de 96 metros de valla, pero necesita una abertura de 4
metros en uno de los laterales para instalar una puerta. Determina las dimensiones de la zona
rectangular de área máxima que puede acotarse de esta manera y el valor del área.
MATEMÁTICAS HI. 2020. RESERVA 1. EJERCICIO 5"
MATES_II,Funciones,2020.0,Reserva 2,Ejercicio 1,"¿Ind - 1
(25 puntos) Sabiendo que lim xe nd+ 2) (+Dx es finito, calcula a y el valor del límite
x> xXx
(In denota la función logaritmo neperiano).
MATEMÁTICAS HI. 2020. RESERVA 2. EJERCICIO 1"
MATES_II,Funciones,2020.0,Reserva 2,Ejercicio 5,"Sea f la función definida por f(x)= ] x | para xx%2.
=x
a) (125 Puntos). Estudia la derivabilidad de f.
b) (1?25 Puntos). Determina los intervalos de crecimiento y de decrecimiento de f.
MATEMÁTICAS II. 2020. RESERVA 2. EJERCICIO 5"
MATES_II,Funciones,2020.0,Reserva 3,Ejercicio 1,"3
Considera la función f definida por f(x)= 2 para xX%l,—1.
x?-
a) (125 Puntos). Estudia y halla las asíntotas a la gráfica de f.
b) (125 Puntos). Determina los intervalos de crecimiento y de decrecimiento de f.
MATEMÁTICAS II. 2020. RESERVA 3. EJERCICIO 1"
MATES_II,Funciones,2020.0,Reserva 3,Ejercicio 5,"(2>5 Puntos). Se sabe que la función f: R >R dada por f(x)=ax*+bx*+cx+d tiene un
punto críticoen x=0,que su gráfica pasa por (0,3) y que la recta y =—-2x+2 es tangente a
dicha gráfica en el punto de abscisa x=1. Calcula a,b ,c y d.
MATEMÁTICAS HI. 2020. RESERVA 3. EJERCICIO 5"
MATES_II,Funciones,2020.0,Reserva 4,Ejercicio 1,"(25 Puntos). Sea f:R=>R la función definida por f(x)=(5-x):e*”*. Determina los
puntos de la gráfica de f cuya recta tangente tiene pendiente máxima.
MATEMÁTICAS Il. 2020. RESERVA 4. EJERCICIO 1"
MATES_II,Funciones,2020.0,Reserva 4,Ejercicio 5,"(2>5 Puntos). Se sabe que la función f: R—>R, dada por f(x)=ax*+bx*+cx—1 tiene un
punto crítico en x=2 y que la recta normal a su gráfica en el punto de abscisa x=1 es
1 3
==x+>. Calcula a,b y c.
y 2 > y
MATEMÁTICAS HI. 2020. RESERVA 4. EJERCICIO 5"
MATES_II,Funciones,2020.0,Septiembre,Ejercicio 1,"(25 puntos) Considera la función f:R—>R dada por: f(x)=e*(x?-—5x+6). Determina los
intervalos de concavidad y de convexidad de f y los puntos de inflexión de su gráfica.
MATEMÁTICAS Il. 2020. SEPTIEMBRE. EJERCICIO 1"
MATES_II,Funciones,2020.0,Septiembre,Ejercicio $,"24 sio x<l
l-xInx si x>1
Sea la función derivable f : R—>R definida por f (x) -|
(n denota la función logaritmo neperiano)
a) (1775 puntos) Determina los valores de a y b.
b) (075 puntos) Halla la ecuación de la recta tangente a la gráfica de f en el punto de abscisa
x=2.
MATEMÁTICAS HI. 2020. SEPTIEMBRE. EJERCICIO $."
MATES_II,Funciones,2021.0,Junio,Ejercicio 1,"""+bx+2
Se sabe que la gráfica de la función f definida por f(x)= MAMA (para x*1) tiene una
x
-1
asíntota oblicua que pasa por el punto (1,1) y tiene pendiente 2. Calcula a y b.
MATEMÁTICAS I1. 2021. JUNIO. EJERCICIO 1"
MATES_II,Funciones,2021.0,Junio,Ejercicio 2,"(3x-6)-e *
Considera la función continua f : ¡R > |R definida por f(x)=3 36(sen(x)—ax)
3
Xx
a) Calcula a.
b) Halla la ecuación de la recta tangente a la gráfica de f en el punto de abscisa x=-—1.
MATEMÁTICAS Il. 2021. JUNIO. EJERCICIO 2"
MATES_II,Funciones,2021.0,Reserva 1,Ejercicio 2,"2-10
Considera la función f definida por f(x)= E para (x%-3,xx1)
x*+2x-3
a) Estudia y halla las asíntotas de la gráfica de f.
b) Determina los intervalos de crecimiento y de decrecimiento de f.
MATEMÁTICAS Il. 2021. RESERVA 1. EJERCICIO 2"
MATES_II,Funciones,2021.0,Reserva 2,Ejercicio 1,"x>0
Sabiendo que lim (E 2) es finito, calcula a y el valor del límite (In denota el logaritmo
ma+D x
neperiano).
MATEMÁTICAS Il. 2021. RESERVA 2. EJERCICIO 1"
MATES_II,Funciones,2021.0,Reserva 2,Ejercicio 2,"2
ax
b
Sea f la función definida por f(x)= + (para xxa).
a—x
a) Halla a y b sabiendo que la gráfica de f pasa por el punto (2,3) y tiene una asíntota oblicua
cuya pendiente vale -4.
b)Para a=2 y b=3, calcula las ecuaciones de las rectas tangente y normal a la gráfica de f en
el punto de abscisa x=1
MATEMÁTICAS I1. 2021. RESERVA 2. EJERCICIO 2"
MATES_II,Funciones,2021.0,Reserva 3,Ejercicio 1,"ax+b
Sea la función derivable f : R > IR definida por f (x)= x—1
In(1+x)
(n denota la función logaritmo neperiano)
a) Determina a y b.
b) Halla las ecuaciones de las rectas tangente y normal a la gráfica de f en el punto de abscisa
x=2.
MATEMÁTICAS HI. 2021. RESERVA 3. EJERCICIO 1."
MATES_II,Funciones,2021.0,Reserva 3,Ejercicio 2,"Halla a, b y e sabiendo que la función f:R—=>R dada por f(x)=a+b-sen(x)+c-sen(2x)
tiene un punto crítico en el punto de abscisa x=xTt y la recta y=-=7X+3 es normal a la
gráfica de f en el punto de abscisa x=0.
MATEMÁTICAS I1. 2021. RESERVA 3. EJERCICIO 2"
MATES_II,Funciones,2021.0,Reserva 4,Ejercicio 1,"In(e*+x?)
x
si x<0
Sea la función continua f :|R—>R definida por f(x)=Y 4x”+a si O<x<l.
b+sen(mx) si 1<x
(In denota la función logaritmo neperiano). Determina a y b.
MATEMÁTICAS Il. 2021. RESERVA 4. EJERCICIO 1"
MATES_II,Funciones,2021.0,Reserva 4,Ejercicio 2,"e*+1
a) Estudia y halla las asíntotas de la gráfica de f.
Sea f : R=>¡R la función definida por f(x)=
b) Determina los intervalos de crecimiento y de decrecimiento de f.
MATEMÁTICAS Il. 2021. RESERVA 4. EJERCICIO 2"
MATES_II,Funciones,2021.0,Julio,Ejercicio 1,"a(1—cos(x))+bsen(x)-2(e z -1)
Calcula a y b sabiendo que lim =7
x>
MATEMÁTICAS HI. 2021. JULIO. EJERCICIO 1"
MATES_II,Funciones,2021.0,Julio,Ejercicio 2,"2
Halla a>0 y b>0 sabiendo que la gráfica de la función f:|R—>'|¡R dada por f(x)=
l+ax*
tiene en el punto (1,2) un punto crítico.
MATEMÁTICAS Il. 2021. JULIO. EJERCICIO 2"
MATES_II,Funciones,2022.0,Junio,Ejercicio 1,"Considera la función continua f definida por
1
x
f()=3ax+b
2
x
x+1
a) Calcula a y b.
b) Estudia y halla las asíntotas de la gráfica de f.
MATEMÁTICAS 11. 2022. JUNIO. EJERCICIO 1"
MATES_II,Funciones,2022.0,Junio,Ejercicio 2,"De entre todos los rectángulos con lados paralelos a los ejes de coordenadas, determina las
dimensiones de aquel de área máxima que puede inscribirse en la región limitada por las
2 2
gráficas de las funciones f,g:|R > R, definidas por f(x)= 1-5 y g(x)= 2
MATEMÁTICAS HI. 2022. JUNIO. EJERCICIO 2"
MATES_II,Funciones,2022.0,Reserva 1,Ejercicio 1,"x?+1
x—1
ax+b
(x+1)?
Sea f la función continua definida por f(x)=
si x>0
a) Determina a y b sabiendo que f tiene un extremo relativo en el punto de abscisa x=2.
b)Para a=2 y b=-1, estudia la derivabilidad de f.
MATEMÁTICAS I1. 2022. RESERVA 1. EJERCICIO 1"
MATES_II,Funciones,2022.0,Reserva 1,Ejercicio 2,"Se quiere cercar un trozo de terreno como el de la figura, de modo que el área del recinto
200 .
central rectangular sea de —— metros cuadrados. Sabiendo que el coste de la cerca que se
T
puede poner en los tramos rectos es de 10 euros por metro lineal, y en los tramos circulares de
20 euros por metro lineal, calcula las dimensiones a y b del terreno para las que se minimiza el
coste del cercado.
a
K]_ A—_—_—_————
1D
MATEMÁTICAS I1. 2022. RESERVA 1. EJERCICIO 2"
MATES_II,Funciones,2022.0,Reserva 2,Ejercicio 1,"x?+2 si x<s0
Sea f la función continua definida por f(x)=3 Jax+b si 0<x<2
EEN
NA
si 2<x
a) Calcula a y b.
b) Para a=-—1 y b=4, estudia si existe la derivada de fen x=2.En caso afirmativo, calcula
la ecuación de la recta tangente a la gráfica de fen dicho punto.
MATEMÁTICAS HI. 2022. RESERVA 2. EJERCICIO 1"
MATES_II,Funciones,2022.0,Reserva 2,Ejercicio 2,"Considera la función f:R=>R definida por f(x)=In(x?+1) (donde ln denota la función
logaritmo neperiano).
a) Determina los intervalos de crecimiento y decrecimiento de f.
b) Determina los intervalos de convexidad y de concavidad de f y los puntos de inflexión de su
gráfica.
MATEMÁTICAS Il. 2022. RESERVA 2. EJERCICIO 2"
MATES_II,Funciones,2022.0,Reserva 3,Ejercicio 1,"asen(x)+xIn(x+1)+bx?
Calcula a y b sabiendo que lim,
3 5 =2 (donde In denota la función
XxX +x""
logaritmo neperiano)
MATEMÁTICAS HI. 2022. RESERVA 3. EJERCICIO 1"
MATES_II,Funciones,2022.0,Reserva 3,Ejercicio 2,"Sea f: [0,2r1] > R, la función definida por f(x)=e* (cos(x) + sen(x))
a) Halla los extremos absolutos de f (abscisas donde se obtienen y valores que se alcanzan)
b) Determina la ecuación de la recta tangente y la ecuación de la recta normal a la gráfica de f
. 3
en el punto de abscisa x = >
MATEMÁTICAS I1. 2022. RESERVA 3. EJERCICIO 2"
MATES_II,Funciones,2022.0,Reserva 4,Ejercicio 1,"Sea f la función continua definida por f(x)=
a) Calcula A y H.
b) Para A=2, calcula la ecuación de la recta tangente a la gráfica de f en el punto de abscisa
x=1l.
MATEMÁTICAS Il. 2022. RESERVA 4. EJERCICIO 1"
MATES_II,Funciones,2022.0,Reserva 4,Ejercicio 2,"x*-3x?+2
(x+2)*
Considera la función f definida por f(x)= ,para x%-—2
a) Estudia y halla las asíntotas de la gráfica de f.
b) Calcula la ecuación de la recta normal a la gráfica de f en el punto de abscisa x=0.
MATEMÁTICAS Il. 2022. RESERVA 4. EJERCICIO 2"
MATES_II,Funciones,2022.0,Julio,Ejercicio 1,"ax
Calcula a sabiendo que lim -———=%——=1
> +e (In (2) +2x
(donde ln denota la función logaritmo neperiano)
MATEMÁTICAS HI. 2022. JULIO. EJERCICIO 1"
MATES_II,Funciones,2022.0,Julio,Ejercicio 2,"Calcula los vértices y el área del rectángulo de área máxima inscrito en el recinto limitado por
la gráfica de la función f:R—>R definida por f(x)=-x*+12 y el eje de abscisas, y que
tiene su base sobre dicho eje.
MATEMÁTICAS 11. 2022. JULIO. EJERCICIO 2"
MATES_II,Funciones,2023.0,Junio,Ejercicio 1,"Considera la función f :|R—> RR definida por f(x) =
e*+e
a) Estudia y halla los máximos y mínimos absolutos de f (abscisas donde se obtienen y valores
x
que se alcanzan).
b) Calcula lim ( f 63) .
x>+00
MATEMÁTICAS I1. 2023. JUNIO. EJERCICIO 1"
MATES_II,Funciones,2023.0,Junio,Ejercicio 2,"Sea la función f :[-2,2] >R definida por f(x)=x*-2x+5
a) Determina las abscisas de los puntos, si existen, en los que la pendiente de la recta tangente
coincide con la pendiente de la recta que pasa por los puntos (22, fE 2)) y (2, fQ))
b) Determina la ecuación de la recta tangente y la ecuación de la recta normal a la gráfica de f en el
punto de inflexión.
MATEMÁTICAS Il. 2023. JUNIO. EJERCICIO 2"
MATES_II,Funciones,2023.0,Reserva 1,Ejercicio 1,"Determina las longitudes de los lados de un rectángulo de área máxima que está inscrito en una
semicircunferencia de 6 cm de radio, teniendo uno de sus lados sobre el diámetro de ella.
MATEMÁTICAS II. 2023. RESERVA 1. EJERCICIO 1"
MATES_II,Funciones,2023.0,Reserva 1,Ejercicio 2,"=In(1 1
Sabiendo que lim sen(x)In(1 + x) => calcula a (In denota la función logaritmo
x>09x*—x+e* —cos(2x) y
neperiano)
MATEMÁTICAS II. 2023. RESERVA 1. EJERCICIO 2"
MATES_II,Funciones,2023.0,Reserva 2,Ejercicio 1,"Halla dos números mayores o iguales que O, cuya suma sea 1, y el producto de uno de ellos por la
raíz cuadrada del otro sea máximo.
MATEMÁTICAS Il. 2023. RESERVA 2. EJERCICIO 1"
MATES_II,Funciones,2023.0,Reserva 2,Ejercicio 2,"2
a
Considera la función f(x)= X - ,para xxXb.
x-
a) Calcula a y b para que la gráfica de f pase por el punto (1,—2) y tenga a la recta y=x+4
como asíntota oblicua..
b) En el caso de a=5 y b=4, calcula la ecuación de la recta normal a la gráfica de f que pasa
por el punto de abscisa x=0
MATEMÁTICAS Il. 2023. RESERVA 2. EJERCICIO 2"
MATES_II,Funciones,2023.0,Reserva 3,Ejercicio 1,"tiene mayor área.
MATEMÁTICAS Il. 2023. RESERVA 3. EJERCICIO 1"
MATES_II,Funciones,2023.0,Reserva 3,Ejercicio 2,"1
x-| x
para x]x0.
Considera la función f(x)=
a) Calcula los intervalos de concavidad y de convexidad de f , así como los puntos de inflexión
de su gráfica, si existen.
b) Estudia y calcula las asíntotas de la función. Esboza su gráfica.
MATEMÁTICAS Il. 2023. RESERVA 3. EJERCICIO 2"
MATES_II,Funciones,2023.0,Reserva 4,Ejercicio 1,"In(x+D)+a
(In denota la función
3x+4
Sea f:(-1,+0)>R la función definida por f(x)=
logaritmo neperiano).
a) Determina a sabiendo que la pendiente de la recta tangente a la gráfica de la función f en el
punto de abscisa x=0 es l.
b) Para a=0, estudia y calcula las asíntotas de f.
MATEMÁTICAS Il. 2023. RESERVA 4. EJERCICIO 1"
MATES_II,Funciones,2023.0,Reserva 4,Ejercicio 2,"En una fábrica de pinturas, las latas que se utilizan para envasar la pintura tienen forma
cilíndrica y una capacidad de 20 litros. Halla las dimensiones del cilindro, con tapas, para que
la chapa empleada en su construcción sea mínima.
MATEMÁTICAS Il. 2023. RESERVA 4. EJERCICIO 2"
MATES_II,Funciones,2023.0,Julio,Ejercicio 1,"5x+l si -—2<x<0
Sea la función f : [-2,211] >R, definida por: f(x) =
e*cos(x) si 0<x<2xT
a) Halla los extremos relativos y absolutos de f (abscisas donde se obtienen y valores que se
alcanzan).
b) Determina la ecuación de la recta tangente a la gráfica de f en el punto de abscisa x = 7
MATEMÁTICAS Il. 2023. JULIO. EJERCICIO 1"
MATES_II,Funciones,2023.0,Julio,Ejercicio 2,"Sea f : (0,+00) >R la función definida por: f(x)= x(InGo)' (In denota la función logaritmo
neperiano).
a) Calcula, si existen, sus extremos relativos (abscisas donde se obtienen y valores que se
alcanzan).
b) Calcula, si existen, sus extremos absolutos (abscisas donde se obtienen y valores que se
alcanzan).
MATEMÁTICAS II. 2023. JULIO. EJERCICIO 2"
MATES_II,Funciones,2024.0,Junio,Ejercicio 1,"neperiano, y los puntos de su gráfica A(1,0) y B(e,1).
a) Determina, si existen, los puntos de la gráfica de f en los que la recta tangente a la gráfica es
paralela a la recta que pasa por los puntos A y B.
b) Determina la ecuación de la recta normal a la gráfica de f en el punto A.
MATEMÁTICAS II. 2024. JUNIO. EJERCICIO 1"
MATES_II,Funciones,2024.0,Junio,Ejercicio 2,"x-cos(x)—a «sen(x)
Considera la función continua f definida por: f(x)= x?
b-cos(x)—1
Calcula a y b
MATEMÁTICAS II. 2024. JUNIO. EJERCICIO 2"
MATES_II,Funciones,2024.0,Reserva 1,Ejercicio 1,"ax +bx*+x-1
Sea f la función definida por (9 HA ,para x*<+l. Sabiendo que su gráfica
x
-1
tiene una asíntota oblicua que pasa por el punto (0,1) y es paralela a la recta y=2x, calcula la
asíntota oblicua y los valores de a y b.
MATEMÁTICAS II. 2024. RESERVA 1. EJERCICIO 1"
MATES_II,Funciones,2024.0,Reserva 1,Ejercicio 2,"Considera la función f:R—>R definida por: f(x)=arctg(x+m), donde arctg denota la
función arcotangente.
a) Calcula los intervalos de concavidad y de convexidad de f. Estudia y halla, si existen, los
puntos de inflexión de f (abscisas donde se obtienen y valores que alcanzan).
arctg(x +1)
b) Calcula lim
x>-.  sen(x)
MATEMÁTICAS Il. 2024. RESERVA 1. EJERCICIO 2"
MATES_II,Funciones,2024.0,Julio,Ejercicio 2,"Sea la función f: R—>R dada por 100=[13)e=""
a) Determina los intervalos de crecimiento y de decrecimiento def .
b) Halla los extremos absolutos de f (abscisas donde se obtienen y valores que se alcanzan).
MATEMÁTICAS II. 2024. JULIO. EJERCICIO 2"
MATES_II,Funciones,2025.0,Junio,Ejercicio 2,"sen(x)-ax+2-—2cos(x)
Sabiendo que lim
es finito, calcula a y el valor del límite
x>0 e*—xcos(x)-1
MATEMÁTICAS HI. 2025. JUNIO. EJERCICIO 2"
MATES_II,Funciones,2025.0,Junio,Ejercicio 3,"ln (x)
Sea la función f :(0,+00) >R definida por f(x)=a +5
x
a) Calcula a para que y=1 sea una asíntota horizontal de la gráfica de f.
b) Para a=0, calcula los intervalos de crecimiento y de decrecimiento f. Estudia y halla los
extremos relativos de f (abscisas donde se obtienen y valores que se alcanzan).
MATEMÁTICAS II. 2025. JUNIO. EJERCICIO 3"
MATES_II,Funciones,2025.0,Reserva 1,Ejercicio 1,"Considera la función f : R>R definida por f(x)=(x-1)-e*.
a) Determina la ecuación de la recta tangente y la ecuación de la recta normal a la gráfica de fen
el punto de inflexión.
b) Estudia y calcula las asíntotas de la función.
MATEMÁTICAS II. 2025. RESERVA 1. EJERCICIO 1"
MATES_II,Funciones,2025.0,Reserva 2,Ejercicio 1,"x
-e
2x-1-e
Sea f: [0,2] > R la función definida por: f(x) -|
a) Estudia la derivabilidad de f.
b) Halla los extremos absolutos de f (abscisas donde se obtienen y valores que se alcanzan)
MATEMÁTICAS II. 2025. RESERVA 2. EJERCICIO 1"
MATES_II,Funciones,2025.0,Reserva 3,Ejercicio 2,"Considera la función f:(-1,)>R definida por f(x)=
(xl)
a) Estudia la continuidad y derivabilidad de la función f.
b) Halla, si existen, sus extremos absolutos (abscisas donde se obtienen y valores que se alcanzan).
MATEMÁTICAS II. 2025. RESERVA 3. EJERCICIO 2"
MATES_II,Funciones,2025.0,Reserva 3,Ejercicio 3,"2
Sean las funciones f:(-1,0)U(0,)>R y g:R=>R, definidas por f(x)=lIn (4) y
e
2e)=x*+2.
a) Calcula a 40 de forma que en el punto (a, f(a)) la recta normal a la gráfica de la función f sea
paralela a la recta tangente a la gráfica de g en el punto (a, g(a)) .
b) Determina los intervalos de crecimiento y de decrecimiento de la función f.
MATEMÁTICAS II. 2025. RESERVA 3. EJERCICIO 3"
MATES_II,Funciones,2025.0,Reserva 4,Ejercicio 2,"Un náufrago se encuentra en una isla situada en el punto de coordenadas (2,0) de un plano. Se
sabe que un ferry navega en el mismo plano siempre en la trayectoria dada por la gráfica de la
función f(x)=y/ x+1. ¿Hacia qué punto de la trayectoria debe nadar el náufrago para recorrer
la menor distancia posible? Calcula dicha distancia.
MATEMÁTICAS II. 2025. RESERVA 4. EJERCICIO 2"
MATES_II,Funciones,2025.0,Reserva 4,Ejercicio 3,"1+
Sea la función f :(-1,1)>R definida por 109 => al
=|x
a) Estudia la derivabilidad de f.
b) Halla los intervalos de crecimiento y de decrecimiento de f.
MATEMÁTICAS II. 2025. RESERVA 4. EJERCICIO 3"
MATES_II,Funciones,2025.0,Julio,Ejercicio 6,"Calcula a y b sabiendo que lim xsentd+a(e ""-D+sen(o)
=1 (donde In denota la función
x>0 bx?+x-sen(x)
logaritmo neperiano)
MATEMÁTICAS 11. 2025. JULIO. EJERCICIO 6"
MATES_II,Funciones,2026.0,Junio,Ejercicio 1,"Una ventana tiene forma de rectángulo y está coronada por un semicírculo. Sabiendo que el
perímetro de la ventana mide 8 metros, halla las dimensiones de la ventana que permitan la
mayor entrada de luz.
ÓN
MATEMÁTICAS 11. 2026. JUNIO. EJERCICIO 1"
MATES_II,Distribución normal y binomial,2024.0,Ponencia,Ejercicio 17,"Se sabe que la probabilidad de que un dardo impacte en una diana es 0,4. Si se lanzan 9 dardos,
determina:
a) Qué tipo de distribución sigue la variable aleatoria que cuenta el número de dardos que dan
en la diana.
b) La media y la desviación típica de esta distribución.
c) La probabilidad de que al menos 5 dardos impacten en la diana.
MATEMÁTICAS II. 2024 PONENCIA. EJERCICIO 17"
MATES_II,Distribución normal y binomial,2024.0,Ponencia,Ejercicio 18,"La probabilidad de que un individuo elegido al azar tenga problemas dermatológicos es de
0,15. Dada una muestra de 50 personas,
a) ¿cuál es la probabilidad de que ninguna tenga problemas dermatológicos?
b) ¿cuál es la probabilidad de que al menos cuatro tengan problemas dermatológicos?
MATEMÁTICAS Il. 2024 PONENCIA. EJERCICIO 18"
MATES_II,Distribución normal y binomial,2024.0,Ponencia,Ejercicio 19,"En un laboratorio de análisis clínicos, el 5% de las muestras que llegan no cumplen las
condiciones requeridas para obtener resultados concluyentes en el análisis. Si se eligen 5
muestras, calcula:
a) La probabilidad de que de todas las muestras se puedan obtener resultados concluyentes.
b) La probabilidad de que de al menos dos no se obtengan resultados concluyentes.
c) La media y la desviación típica de la distribución.
MATEMÁTICAS Il. 2024 PONENCIA. EJERCICIO 19"
MATES_II,Distribución normal y binomial,2024.0,Ponencia,Ejercicio 20,"En un centro de fertilidad, cada intento de inseminación in vitro para cualquier pareja tiene un
porcentaje de éxito del 30 % . Esta semana han acudido 10 parejas para realizar el tratamiento.
Nos preguntamos por el número de ellas que consiguen tener hijos.
a) ¿De qué tipo de distribución se trata? Calcular su media y su desviación.
b) ¿Qué probabilidad hay de que ninguna pareja conciba? ¿y de que alguna conciba?.
MATEMÁTICAS II. 2024 PONENCIA. EJERCICIO 20"
MATES_II,Distribución normal y binomial,2024.0,Ponencia,Ejercicio 21,"La variedad de naranjas Navel se suele dedicar a naranja de mesa por su tamaño y aspecto.
Pero aquellas que no cumplen con los estándares de calidad exigidos, son utilizadas para hacer
zumo. En una finca, una de cada tres naranjas de la variedad Navel recolectadas se destina a
hacer zumo. Si se elige un cargamento de 90 naranjas de esa finca, calcula la probabilidad de
que entre ellas haya por lo menos 30 que se destinen a hacer zumo.
MATEMÁTICAS II. 2024 PONENCIA. EJERCICIO 21"
MATES_II,Distribución normal y binomial,2024.0,Ponencia,Ejercicio 22,"La probabilidad de que un pez de una determinada especie sobreviva más de 6 meses es del
20 %. Se pide:
a) Si en un acuario tenemos 15 peces de esta especie nacidos este mes, halla la probabilidad de
que al menos 2 de ellos sigan vivos dentro de 6 meses.
b) Si en un tanque de una piscifactoría hay 300 peces de esta especie nacidos este mismo mes,
halla la probabilidad de que al cabo de 6 meses hayan sobrevivido al menos 50 de ellos.
MATEMÁTICAS Il. 2024 PONENCIA. EJERCICIO 22"
MATES_II,Distribución normal y binomial,2024.0,Ponencia,Ejercicio 23,"Un modelo de avión tiene capacidad para 260 pasajeros. Sin embargo, la compañía aérea a la
que pertenece ha decidido vender más billetes que asientos hay en el avión. La probabilidad de
que un pasajero se presente en el aeropuerto el día del vuelo es del 95 %. Si ese día la compañía
ha vendido 280 billetes, ¿cuál es la probabilidad de que ese día se presenten 270 pasajeros?
MATEMÁTICAS II. 2024 PONENCIA. EJERCICIO 23"
MATES_II,Distribución normal y binomial,2024.0,Ponencia,Ejercicio 24,"Una fábrica de baterías para móviles ha detectado que una de sus máquinas produce un 10 %
de baterías defectuosas. Si se han seleccionado al azar y de forma independiente 6 baterías:
a) Calcula la probabilidad de que exactamente cuatro baterías sean defectuosas. ¿Cuál es la
probabilidad de que como máximo la mitad sean defectuosas?.
b) ¿Qué es más probable que ninguna sea defectuosa o que lo sean las seis?
MATEMÁTICAS II. 2024 PONENCIA. EJERCICIO 24"
MATES_II,Distribución normal y binomial,2024.0,Ponencia,Ejercicio 25,"La altura de los individuos de una población sigue una distribución normal de media 175 cm y
desviación típica 4 cm.
a) Calcula la probabilidad de que un individuo elegido al azar mida más de 170 cm.
b) Calcula qué porcentaje de la población mide entre 170 y 185 cm.
c) Calcula la altura máxima que es superada por el 33 % de la población.
MATEMÁTICAS Il. 2024 PONENCIA. EJERCICIO 25"
MATES_II,Distribución normal y binomial,2024.0,Ponencia,Ejercicio 26,"La edad de los habitantes de cierta ciudad se distribuye normalmente, con una media de 40
años. Se sabe además que el 2,28 % de los habitantes de esa ciudad tiene más de 60 años.
a) Calcula la desviación típica de la distribución.
b) Si la edad de la población siguiera una distribución N(40,10), calcula el porcentaje de
habitantes con menos de 35 años.
MATEMÁTICAS Il. 2024 PONENCIA. EJERCICIO 26"
MATES_II,Distribución normal y binomial,2024.0,Ponencia,Ejercicio 27,"El peso de los estudiantes de determinada localidad sigue una distribución Normal de media 75
kg y varianza 36 kg?.
a) Calcula el porcentaje de alumnado cuyo peso está comprendido entre 68 y 80 kg.
b) Si se sabe que uno de los estudiantes pesa más de 76 kg, ¿cuál es la probabilidad de que pese
más de 80 kg?
MATEMÁTICAS Il. 2024 PONENCIA. EJERCICIO 27"
MATES_II,Distribución normal y binomial,2024.0,Ponencia,Ejercicio 28,"El peso de las lubinas vendidas en una cadena de hipermercados sigue una distribución normal
de media 6706 gramos. Sabiendo que el 20 % de las lubinas pesan más de 7386 gramos, calcula
el porcentaje de lubinas que pesan entre 6 y 8 kg.
MATEMÁTICAS II. 2024 PONENCIA. EJERCICIO 28"
MATES_II,Distribución normal y binomial,2024.0,Ponencia,Ejercicio 29,"El peso de una población de elefantes africanos macho sigue una distribución normal de media
6 toneladas y desviación típica 1500 kg.
a) Calcule la probabilidad de que un individuo elegido al azar pese exactamente 6 toneladas.
b) Calcule qué porcentaje de la población pesa entre 5 y 8 toneladas.
c) Calcule qué peso es superado por el 33 % de la población
MATEMÁTICAS II. 2024 PONENCIA. EJERCICIO 29"
MATES_II,Distribución normal y binomial,2024.0,Modelo,Ejercicio 7,"Estudios realizados en un cierto país demuestran que el consumo de gasolina en autos
compactos está normalmente distribuido, con una media de 6 litros por cada 100 km y una
desviación estándar de 1, 2 litros por cada 100 km.
a) Calcula el porcentaje de autos compactos que gasta 7 o más litros cada 100 km.
b) Calcula el número máximo de litros por cada 100 km que debe consumir un auto compacto
si el fabricante quiere que supere en economía de combustible al 95 % de los que hay
actualmente en el mercado.
Nota: trabaja con cuatro cifras decimales
MATEMÁTICAS Il. 2024. MODELO. EJERCICIO 7"
MATES_II,Distribución normal y binomial,2025.0,Reserva 1,Ejercicio 7,"Los rodamientos de las ruedas de un coche se configuran con unas bolas cuyos diámetros siguen
una distribución normal de media 13mm y desviación típica 0'l mm. Para que el
funcionamiento del rodamiento sea óptimo el diámetro debe estar entre 12'9 mm y 13'15mm
No obstante, la máquina que los elabora es muy sensible a los cambios de temperatura y pierde
eficacia cuando ésta sube considerablemente. El 15 de julio, tras una rotura del sistema de
refrigeración, la máquina configura bolas cuyos diámetros siguen una distribución normal de
media 12'9 mm y desviación típica 0'2 mm.
a) En circunstancias ideales, ¿cuál es la probabilidad de que la máquina elabore piezas con roda-
miento óptimo?
b) ¿Cuál es la probabilidad de que el 15 de julio la máquina elabore piezas con rodamiento
óptimo?
MATEMÁTICAS Il. 2025. RESERVA 1. EJERCICIO 7"
MATES_II,Distribución normal y binomial,2025.0,Reserva 4,Ejercicio 7,"El peso de las manzanas producidas en una granja sigue una distribución normal de media 200
gramos y desviación típica desconocida.
a) Si el 33% de las manzanas pesan más de 230 gramos, calcula la desviación típica del peso de las
manzanas.
b) Si la desviación típica es de 50 gramos, calcula el porcentaje de manzanas que pesan entre 160
y 220 gramos.
MATEMÁTICAS II. 2025. RESERVA 4. EJERCICIO 7"
MATES_II,Distribución normal y binomial,2025.0,Julio,Ejercicio 7,"La velocidad máxima a la que puede circular un vehículo sobre un determinado puente del río
Guadalete es de 70 km/h.
a) En uno de los sentidos de circulación, la velocidad de los vehículos sigue una distribución
normal de media 64 km/h y desviación típica 4 km/h. Si el radar de control salta a partir de 72
km/h, ¿cuál es el porcentaje de vehículos que se sancionan.
b) En el sentido contrario, también sigue una distribución normal de la que sabemos que la
velocidad media es de 636 km/h y que el 505% de todos los vehículos viaja a más de 80 km/h.
En este caso, ¿cuánto vale la desviación típica?
MATEMÁTICAS Il. 2025. JULIO. EJERCICIO 7"
MATES_II,Distribución normal y binomial,2026.0,Reserva 1,Ejercicio 42,"Las tallas de las niñas al nacer se distribuyen según una distribución normal de media 50 cm y
desviación típica 1,8 cm.
a) Halla la probabilidad de que una niña al nacer mida más de 54 cm.
b) Si en un hospital durante un mes han nacido 100 niñas, ¿cuántas tendrán en el momento del
nacimiento una talla entre 48,2 y 51,8 cm?
MATEMÁTICAS II. 2026. RESERVA 1. EJERCICIO 4.2"
MATES_II,Matrices Y Determinantes,2000.0,Junio,Ejercicio 4Opción A,"12
Dada la matriz ax :) calcula (A'-A7))?.A
MATEMÁTICAS Il. 2000. JUNIO. EJERCICIO 4.OPCIÓN A."
MATES_II,Matrices Y Determinantes,2000.0,Reserva 1,Ejercicio 3 Opción A,"ab c
Sabiendo que d e  f |=2; calcula los siguientes determinantes y enuncia las propiedades
g hi
3a 3b 15c a+2b c b
queutilices: a) | d e 5f| ; b)id+2e f e
g h Si g+2h i h
MATEMÁTICAS Il. 2000. RESERVA 1. EJERCICIO 3. OPCIÓN A."
MATES_II,Matrices Y Determinantes,2000.0,Reserva 2,Ejercicio 4 Opción B,"1.0 —1
averiguar para qué valores del parámetro m existe A7' y
Dada la matriz A=|0 m 3
4 1
calcular A7' para m=2.
MATEMÁTICAS Il. 2000. RESERVA 2. EJERCICIO 4. OPCIÓN B."
MATES_II,Matrices Y Determinantes,2000.0,Reserva 3,Ejercicio 3 Opción B,"2 -3
MATEMÁTICAS Il. 2000. RESERVA 3. EJERCICIO 3. OPCIÓN B."
MATES_II,Matrices Y Determinantes,2000.0,Septiembre,Ejercicio 4 Opción A,"32
Considera las matrices: an 2) ; x-(
a) Halla los valores de x e y tales que A-X=U
b) Halla la matriz A”' y calcula A7'-U
] son linealmente
c) Encuentra los posibles valores de m para los que los vectores al ] y
m
m
dependientes.
MATEMÁTICAS Il. 2000. SEPTIEMBRE. EJERCICIO 4. OPCIÓN A."
MATES_II,Matrices Y Determinantes,2001.0,Junio,Ejercicio 3 Opción A,"sen X —COS X 0
Sea A= COS X sen X Ol.
sen X+cCO0SsX senx-—cosx 1
¿Para qué valores de x existe la matriz inversa de A?. Calcula dicha matriz inversa.
MATEMÁTICAS Il. 2001. JUNIO. EJERCICIO 3. OPCIÓN A."
MATES_II,Matrices Y Determinantes,2001.0,Junio,Ejercicio 4Opción B,"0 3
L -4 -5
1.3 4
a) Siendo Í la matriz identidad 3x3 y O la matriz nula 3x3, pr
b) Calcula A!*
Considera la matriz A=
ueba que A?+1=0
MATEMÁTICAS Il. 2001. JUNIO. EJERCICIO 4.OPCIÓN B."
MATES_II,Matrices Y Determinantes,2001.0,Reserva 1,Ejercicio 3 Opción A,"12.3
. 1.2 123 1 1
De las matrices: A= ¡B= ¡C= ¡D=|0 1 2
3.4 4556 3.3
0.0 1
Determina cuáles tienen inversa y en los casos en que exista, calcula el determinante de dichas
inversas.
MATEMÁTICAS Il. 2001. RESERVA 1. EJERCICIO 3. OPCIÓN A."
MATES_II,Matrices Y Determinantes,2001.0,Reserva 2,Ejercicio 3 Opción A,"Se sabe que la matriz A=|0 -—1  0| verifica que det (A) = 1 y sus columnas son vectores
b 0 b
perpendiculares dos a dos.
a) Calcula los valores de a y b.
b) Comprueba que para dichos valores se verifica que A'*' = Al, donde A' denota la matriz
traspuesta de A.
MATEMÁTICAS Il. 2001. RESERVA 2. EJERCICIO 3. OPCIÓN A."
MATES_II,Matrices Y Determinantes,2001.0,Reserva 3,Ejercicio 3 Opción A,"1.0 -1
Determina la matriz X tal que A:-X—3-B =0,siendo: A=|2 3 -7
0 1 -2
MATEMÁTICAS Il. 2001. RESERVA 3. EJERCICIO 3. OPCIÓN A."
MATES_II,Matrices Y Determinantes,2001.0,Reserva 3,Ejercicio 3 Opción B,"102
Considera la matriz A=|1 1 1
11.0
a) Calcula el determinante de las matrices: 2-A; A* y (A*)”.
b) Halla la matriz A”'.
MATEMÁTICAS Il. 2001. RESERVA 3. EJERCICIO 3. OPCIÓN B."
MATES_II,Matrices Y Determinantes,2001.0,Reserva 4,Ejercicio 4 Opción B,"a) Determina para qué valores del parámetro A la matriz A no tiene inversa.
b) Calcula, si es posible, la matriz inversa de A para 1A=-2.
MATEMÁTICAS Il. 2001. RESERVA 4. EJERCICIO 4. OPCIÓN B."
MATES_II,Matrices Y Determinantes,2001.0,Septiembre,Ejercicio 3 Opción A,"-3 1 1
Determina a,b y c sabiendo que la matriz A=| 1 a 2|, verifica:
-1l bc
rango (A) =2.
MATEMÁTICAS Il. 2001. SEPTIEMBRE. EJERCICIO 3. OPCIÓN A."
MATES_II,Matrices Y Determinantes,2002.0,Junio,Ejercicio 3 Opción A,"Determina una matriz A simétrica (A coincide con su traspuesta) sabiendo que:
O O
UNS YA ala
MATEMÁTICAS Il. 2002. JUNIO. EJERCICIO 3. OPCIÓN A."
MATES_II,Matrices Y Determinantes,2002.0,Junio,Ejercicio 3 Opción B,"Determina la matriz X que verifica la ecuación A-X= X—B, siendo:
0.0 1
A=| 0.0.0
-100
MATEMÁTICAS Il. 2002. JUNIO. EJERCICIO 3. OPCIÓN B."
MATES_II,Matrices Y Determinantes,2002.0,Reserva 1,Ejercicio 3 Opción B,"0
Considera las matrices: A=| 0
1
e
a) Calcula la matriz inversa de A.
b) Calcula Al” y A?
c) Determina x e y tal que A-B=B-A.
MATEMÁTICAS Il. 2002. RESERVA 1. EJERCICIO 3. OPCIÓN B."
MATES_II,Matrices Y Determinantes,2002.0,Reserva 2,Ejercicio 4 Opcion B,"Considera la matriz A=|a
2 -
a) Halla los valores de a para los que la matriz 3 A tiene inversa.
b) Calcula, si es posible, la inversa de la matriz a paraa=0.
MATEMÁTICAS II. 2002. RESERVA 2. EJERCICIO 4. OPCION B."
MATES_II,Matrices Y Determinantes,2002.0,Reserva 3,Ejercicio 3 Opción B,"k x l+ax
Sin desarrollarlo, calcula el valor del determinante de la matriz | 2k y 2+ay| y enuncia las
3k z 3+az
propiedades que hayas usado.
MATEMÁTICAS Il. 2002. RESERVA 3. EJERCICIO 3. OPCIÓN B."
MATES_II,Matrices Y Determinantes,2002.0,Reserva 4,Ejercicio 3 Opción B,"Denotamos por M'a la matriz traspuesta de una matriz M. Considera:
a) Calcula (AB)' y (BA)'.
b) Determina una matriz X que verifique la relación: . X+(AB) =C
MATEMÁTICAS Il. 2002. RESERVA 4. EJERCICIO 3. OPCIÓN B."
MATES_II,Matrices Y Determinantes,2003.0,Junio,Ejercicio 3 Opción B,"Sean C¡, C2 y C3 las columnas primera, segunda y tercera, respectivamente, de una matriz
cuadrada A de orden 3 cuyo determinante vale 5. Calcula, indicando las propiedades que
utilices:
a) El determinante de A?.
b) El determinante de A”.
c) El determinante de 2 A.
d) El determinante de una matriz cuadrada cuyas columnas primera, segunda y tercera son,
respectivamente, 3C¡—C3; 2C5 y Ca.
MATEMÁTICAS Il. 2003. JUNIO. EJERCICIO 3. OPCIÓN B."
MATES_II,Matrices Y Determinantes,2003.0,Reserva 2,Ejercicio 3 Opción A,"Dadas las matrices A= 1 | halla la matriz X que cumple
que A-X=(B-A').
MATEMÁTICAS II. 2003. RESERVA 2. EJERCICIO 3. OPCIÓN A."
MATES_II,Matrices Y Determinantes,2003.0,Reserva 2,Ejercicio 3 Opcion B,"1 1 1
Dada la matriz A=| m? 1 1 |,se pide:
m 0 1
a) Determina los valores de m para los que la matriz A tiene inversa.
b) Calcula, si es posible, la matriz inversa de A para m= 2.
MATEMÁTICAS II. 2003. RESERVA 2. EJERCICIO 3. OPCION B."
MATES_II,Matrices Y Determinantes,2003.0,Reserva 3,Ejercicio 3 Opción B,"a) Se sabe que el determinante de una matriz cuadrada A de orden 3 vale —2. ¿Cuánto vale el
determinante de la matriz 4 A ?.
1.2 0
b) Dada la matriz B=|1A 0 1 |. para qué valores de A la matriz 3 B + B? no tiene inversa?.
0.1 2
MATEMÁTICAS Il. 2003. RESERVA 3. EJERCICIO 3. OPCIÓN B."
MATES_II,Matrices Y Determinantes,2003.0,Reserva 4,Ejercicio 3 Opción B,"0
Considera la matriz M(x)= 1 , donde x es un número real.
0.0
1 . .
?.Para los valores de x obtenidos, calcula la matriz
0
x
1
y
a) ¿Para qué valores de x existe (M(x)
-1
(MG).
b) Resuelve, si es posible, la ecuación M(3)-M(x)= M(5)
MATEMÁTICAS II. 2003. RESERVA 4. EJERCICIO 3. OPCIÓN B."
MATES_II,Matrices Y Determinantes,2003.0,Septiembre,Ejercicio 3 Opción A,"10.0
Considera las matrices: A=|1 m 0];
1.1 1
a) ¿Para qué valores de m tiene solución la ecuación matricial A:X+2B = 3C?
b) Resuelve la ecuación matricial dada para m=1.
MATEMÁTICAS II. 2003. SEPTIEMBRE. EJERCICIO 3. OPCIÓN A."
MATES_II,Matrices Y Determinantes,2004.0,Junio,Ejercicio 3 Opción B,"1.0 1
0.12
Considera las matrices: az
a) Calcula A-B;A-C;A'-B' yC'-A', siendo A';B' y C' las matrices transpuestas de A, B y C,
respectivamente.
b) Razona cuáles de las matrices A, B, C y A-B tienen inversa y en los casos en que la respuesta
sea afirmativa, halla la correspondiente matriz inversa.
MATEMÁTICAS Il. 2004. JUNIO. EJERCICIO 3. OPCIÓN B."
MATES_II,Matrices Y Determinantes,2004.0,Reserva 2,Ejercicio 3 Opción A,"Denotamos por M' a la matriz transpuesta de una matriz M.
b
a) Sabiendo que A= (: :) y que det(A) = 4; calcula los siguientes determinantes:
c
det (3A') 2
el —3
Y Lasa 30
b) Sea I la matriz identidad de orden 3 y sea B una matriz cuadrada tal que B?=1I . Calcula
det(B).
c) Sea C una matriz cuadrada tal que C”' =C*'. ¿Puede ser det(C) = 3? Razona la respuesta.
MATEMÁTICAS Il. 2004. RESERVA 2. EJERCICIO 3. OPCIÓN A."
MATES_II,Matrices Y Determinantes,2004.0,Reserva 3,Ejercicio 3 Opción B,"2,
Se sabe que |a,, —2 : Calcula, indicando las
determinantes:
15a
Sa
Sa
3a
a
3a
a
3a
a
3a,,
3a,, 13 21 22 23 21
a ; b) 0) [a —
a
2 23 11 12 13
23 Ey) 33 23 da dy 31
propiedades que utilices, los siguientes
a,
a
Aa
MATEMÁTICAS Il. 2004. RESERVA 3. EJERCICIO 3. OPCIÓN B."
MATES_II,Matrices Y Determinantes,2004.0,Reserva 4,Ejercicio 3 Opción B,"Sabiendo que: —6, calcula, indicando las propiedades que utilices, los siguientes
L2y Xx z x y Z
determinantes: a) v ;b)|2u t vl;c) t u v
3a b c —2b a c 2x-a 2y-b 2z-c
MATEMÁTICAS II. 2004. RESERVA 4. EJERCICIO 3. OPCIÓN B."
MATES_II,Matrices Y Determinantes,2005.0,Junio,Ejercicio 3 Opción A,". 2 1 0 1.0 120
Sean las matrices: A= ,B= y C=
3 -2 3-1 2 -1114
a) ¿Tiene A inversa?. En caso afirmativo, calcúlala.
b) Determina la matriz X que cumple que A-X+C-B'=B-B',siendo B' la matriz transpuesta
deB.
MATEMÁTICAS Il. 2005. JUNIO. EJERCICIO 3. OPCIÓN A."
MATES_II,Matrices Y Determinantes,2005.0,Reserva 1,Ejercicio 3 Opción B,"0.0 3
Halla la matriz X que cumple que: A-X-A-—B -( o) siendo a-( 2
MATEMÁTICAS Il. 2005. RESERVA 1. EJERCICIO 3. OPCIÓN B."
MATES_II,Matrices Y Determinantes,2005.0,Reserva 2,Ejercicio 3 Opción B,"Sea I la matriz identidad de orden 3 y sea A=|-1 1 -1
10 b
a) Determina el valor de b para el que A?-2A+I=0.
b) Para b = 2 halla la matriz X que cumple que A-X-2A'=0, donde A' denota la matriz
transpuesta de A.
MATEMÁTICAS 11. 2005. RESERVA 2. EJERCICIO 3. OPCIÓN B."
MATES_II,Matrices Y Determinantes,2005.0,Reserva 4,Ejercicio 3 Opción A,"2
Sea I la matriz identidad de orden 2 y sea a-(
12
a) Halla los valores de x para los que la matriz A—x+I no tiene inversa.
b) Halla los valores de a y b para los que AP+a- A+b-1=0.
MATEMÁTICAS Il. 2005. RESERVA 4. EJERCICIO 3. OPCIÓN A."
MATES_II,Matrices Y Determinantes,2005.0,Septiembre,Ejercicio 3 Opción B,"10)
Sabiendo que A] = f |=2, calcula, indicando las propiedades que utilices, los siguientes
i
determinantes:
c b a a b a-c
a)|3A| y [AT|[¡b)|f e d|:c)[ld e d-f
2i 2h 2g g h g-i
MATEMÁTICAS II. 2005. SEPTIEMBRE. EJERCICIO 3. OPCIÓN B."
MATES_II,Matrices Y Determinantes,2006.0,Junio,Ejercicio 3 Opción A,". a 1 . ,
Considera A= Ñ ] ,Siendo a un número real.
a
12 —1
a) Calcula el valor de a para que A?— A= .
0 20
b) Calcula, en función de a, los determinantes de 2A y A',siendo A' la transpuesta de A.
c) ¿Existe algún valor de a para el que la matriz A sea simétrica?. Razona la respuesta.
MATEMÁTICAS Il. 2006. JUNIO. EJERCICIO 3. OPCIÓN A."
MATES_II,Matrices Y Determinantes,2006.0,Reserva 2,Ejercicio 3 Opción B,"4 2
Sea az ,) y sea I la matriz identidad de orden dos.
a) Calcula los valores A€elR tales que| A—AI|=0 .
b) Calcula A?—7A+101
MATEMÁTICAS Il. 2006. RESERVA 2. EJERCICIO 3. OPCIÓN B."
MATES_II,Matrices Y Determinantes,2006.0,Reserva 4,Ejercicio 3 Opción A,". . 3 1 2
Considera las matrices A= ; B =(2 1) ¡C=
2 6 6
a) Halla, si existe, la matriz inversa de A-B+C.
b) Calcula, si existen, los números reales x e y que verifican: C () =3 (e)
y y
MATEMÁTICAS Il. 2006. RESERVA 4. EJERCICIO 3. OPCIÓN A."
MATES_II,Matrices Y Determinantes,2006.0,Septiembre,Ejercicio 3 Opción B,"Resuelve A-B'.X =-2C ,siendo B' la matriz traspuesta de B y.
1.0.3 13 0 1.4
A= y B= y C= .
2-10 02 2 0 -—1
MATEMÁTICAS Il. 2006. SEPTIEMBRE. EJERCICIO 3. OPCIÓN B."
MATES_II,Matrices Y Determinantes,2007.0,Junio,Ejercicio 3 Opción A,"1 —1
Considera la matriz A= hi ,)
a) Determina la matriz B= A?*-2A.
b) Determina los valores de A para los que la matriz B tiene inversa.
c) Calcula B”' para A=1.
MATEMÁTICAS Il. 2007. JUNIO. EJERCICIO 3. OPCIÓN A"
MATES_II,Matrices Y Determinantes,2007.0,Reserva 1,Ejercicio 30Pción A,". . a 1 2.0
Considera las matrices A= y B=
2 3 -1 1
a) Determina los valores de a para los que la matriz A tiene inversa.
b) Para a=1,calcula A”' y resuelve la ecuación matricial A-X=B.
MATEMÁTICAS II. 2007. RESERVA 1. EJERCICIO 3.0PCIÓN A."
MATES_II,Matrices Y Determinantes,2007.0,Reserva 3,Ejercicio 3 Opción A,"1.0
a) Calcula el valor de m para el que la matriz a; ) verifica la relación 2A?—A=1 y
m
determina A”' para dicho valor de m.
b) Si Mes una matriz cuadrada que verifica la relación 2M?—M=I , determina la expresión de
M”' en función de M y de I.
MATEMÁTICAS Il. 2007. RESERVA 3. EJERCICIO 3. OPCIÓN A."
MATES_II,Matrices Y Determinantes,2007.0,Reserva 4,Ejercicio 3 Opción A,"Sea Ala matriz | -5 A -—S5| ella matriz identidad de orden 3.
A 0 3
a) Calcula los valores de A para los que el determinante de A—2I es cero.
b) Calcula la matriz inversa de A—2I parad=-2.
MATEMÁTICAS Il. 2007. RESERVA 4. EJERCICIO 3. OPCIÓN A."
MATES_II,Matrices Y Determinantes,2007.0,Septiembre,Ejercicio 3 Opción A,"1
Sean I la matriz identidad de orden 2 y a; 1
a) Encuentra los valores de m para los cuales se cumple que(A—1)?=0 ,donde O es la matriz nula
de orden 2.
b) Para m=2, halla la matriz X tal que AX-2A' =0 ,donde A' denota la matriz traspuesta de A.
MATEMÁTICAS Il. 2007. SEPTIEMBRE. EJERCICIO 3. OPCIÓN A"
MATES_II,Matrices Y Determinantes,2008.0,Reserva 1,Ejercicio 3Opción B,"1 1 1 1 0 2 0-1
Dadas las matrices A=|0 1 0| , B=|0 -1| y C -( )
12.2
1 -1 1
2 1
Calcula la matriz P que verifica A-P-B=C' (C' es la matriz traspuesta de C).
MATEMÁTICAS Il. 2008. RESERVA 1. EJERCICIO 3.OPCIÓN B."
MATES_II,Matrices Y Determinantes,2008.0,Reserva 3,Ejercicio 3Opción A,"0 -1 -2
Sea I la matriz identidad de orden 3yA=|-1 0 -—2|.Calcula, si existe, el valor de k para el
1 1. 3
cual (A—kI)? es la matriz nula.
MATEMÁTICAS Il. 2008. RESERVA 3. EJERCICIO 3.OPCIÓN A."
MATES_II,Matrices Y Determinantes,2008.0,Reserva 3,Ejercicio 3Opción B,"Dadas las matrices A=|1 2 1| y B=
1.1 1
a) Calcula, si existen, la matriz inversa de A y la de B.
b) Resuelve la ecuación matricial A- X+B=A+I, donde I denota la matriz identidad de orden
3.
MATEMÁTICAS II. 2008. RESERVA 3. EJERCICIO 3.OPCIÓN B."
MATES_II,Matrices Y Determinantes,2008.0,Reserva 4,Ejercicio 3Opción B,"1
Dada la matriz A=| k
1
7 k
a) Estudia el rango de A en función de los valores del parámetro k.
b) Para k=0, halla la matriz inversa de A.
MATEMÁTICAS Il. 2008. RESERVA 4. EJERCICIO 3.OPCIÓN B."
MATES_II,Matrices Y Determinantes,2009.0,Junio,Ejercicio 3 Opción A,"Sean F,, F, y F, las filas primera, segunda y tercera, respectivamente, de una matriz B de
orden 3, cuyo determinante vale —2. Calcula, indicando las propiedades que utilices:
a) El determinante de B”'.
b) El determinante de(B')*.(B' es la matriz traspuesta de B).
c) El determinante de 2B.
d) El determinante de una matriz cuadrada cuyas filas primera, segunda y tercera son,
respectivamente, 5F,—F,,3F,,F,.
MATEMÁTICAS Il. 2009. JUNIO. EJERCICIO 3. OPCIÓN A."
MATES_II,Matrices Y Determinantes,2009.0,Reserva 1,Ejercicio 3 Opción B,"Sean A, B,C y X matrices cualesquiera que verifican A-X.-B=C .
a) Si las matrices son cuadradas de orden 3, y se sabe que el determinante de A es 3, el de B es
—1 y el de Ces 6, calcula el determinante de las matrices X y 2X.
. 1 1 1 -2 0 3 .
b) SiA= ,B= yC= , calcula la matriz X.
0 -2 2 -3 4 2
MATEMÁTICAS Il. 2009. RESERVA 1. EJERCICIO 3. OPCIÓN B."
MATES_II,Matrices Y Determinantes,2009.0,Reserva 2,Ejercicio 3 Opción A,". 3 7 1 -3
Dadas las matrices A= y B=
1.2 4 2
a) Calcula, si existe, la matriz inversa de A.
b) Calcula las matrices X e Y que satisfacen las ecuaciones matriciales X.A=A+2B y
A-Y =A+2B.
MATEMÁTICAS Il. 2009. RESERVA 2. EJERCICIO 3. OPCIÓN A."
MATES_II,Matrices Y Determinantes,2009.0,Reserva 4,Ejercicio 3 Opción A,"2 —1
Se consideran las matrices az
-3 1
) yB=A-KI , donde k es una constante e I la matriz
identidad de orden 2.
a) Determina los valores de k para los que B no tiene inversa.
b) Calcular B”' para k=-1.
c) Determina las constantes a. y B para las que se cumple A?*+aA=Pl
MATEMÁTICAS Il. 2009. RESERVA 4. EJERCICIO 3. OPCIÓN A."
MATES_II,Matrices Y Determinantes,2009.0,Septiembre,Ejercicio 3 Opción B,"Sean las matrices A=|-2 —1 1[|,B=
1.0 -1
Determina la matriz X que verifica: A: X-B'=2C.
MATEMÁTICAS Il. 2009. SEPTIEMBRE. EJERCICIO 3. OPCIÓN B."
MATES_II,Matrices Y Determinantes,2010.0,Junio,Ejercicio 3 Opción A,"1.0 0
Sean las matrices A=|0 m 32 y0-[
-3
4 1 —-m -1 1
a) Indica los valores de m para los que A es invertible.
b) Resuelve la ecuación XA—B'=C para m=0.(B' esla matriz traspuesta de B)
MATEMÁTICAS II. 2010. JUNIO. EJERCICIO 3. OPCIÓN A."
MATES_II,Matrices Y Determinantes,2010.0,Reserva 1,Ejercicio 3 Opción A,"5-4 2
Sea la matriz A=| 2 —1 1
-4 4-1
a) Comprueba que se verifica 2A— A? =1
b) Calcula A”'. (Sugerencia: Puedes usar la igualdad del apartado (a)).
MATEMÁTICAS II. 2010. RESERVA 1. EJERCICIO 3. OPCIÓN A."
MATES_II,Matrices Y Determinantes,2010.0,Reserva 3,Ejercicio 3 Opcion A,". o . -1 2 3 0
Considera las siguientes matrices A= o 1 y B= 2 1
a) Calcula A”.
b) Resuelve la ecuación matricial A- X- A'—B=2I,donde I es la matriz identidad de orden 2 y
A' es la matriz traspuesta de A.
MATEMÁTICAS II. 2010. RESERVA 3. EJERCICIO 3. OPCION A."
MATES_II,Matrices Y Determinantes,2010.0,Reserva 3,Ejercicio 3 Opción B,"Obtén un vector no nulo v=(a,b,c), de manera que las matrices siguientes tengan
simultáneamente rango 2.
lila
A=|1 0 b
ltc
MATEMÁTICAS Il. 2010. RESERVA 3. EJERCICIO 3. OPCIÓN B."
MATES_II,Matrices Y Determinantes,2010.0,Reserva 4,Ejercicio 3 Opción B,"a
De la matriz a-(
c
b
:) se sabe que det (A) =4. Se pide:
' 2b
a) Halla det(-3A') y det 3d
a
3 ] . Indica las propiedades que utilizas.
=3c
b) Calcula det(A7'- A!)
c) Si B es una matriz cuadrada tal que B*=1 siendo I la matriz identidad, halla det(B).
MATEMÁTICAS Il. 2010. RESERVA 4. EJERCICIO 3. OPCIÓN B."
MATES_II,Matrices Y Determinantes,2010.0,Septiembre,Ejercicio 3 Opción B,"-=1 1
1.0.0
. 10 3 1 2
Sean las matrices A= »B=|0 -1 -1|y C=
0.1 -2
0. 1.2
Calcula la matriz X que cumpla la ecuación AXB=C
MATEMÁTICAS Il. 2010. SEPTIEMBRE. EJERCICIO 3. OPCIÓN B."
MATES_II,Matrices Y Determinantes,2011.0,Junio,Ejercicio 3 Opción B,"+1 0
Dada la matriz A= [*: y
a) Calcula los valores de A para los que la matriz A*+3A no tiene inversa.
b) Para 1=0, halla la matriz X que verifica la ecuación A-X+A=2I, siendo I la matriz
identidad de orden 2.
MATEMÁTICAS II. 2011. JUNIO. EJERCICIO 3. OPCIÓN B"
MATES_II,Matrices Y Determinantes,2011.0,Reserva 1,Ejercicio 3 Opción A,"1
Sean A y B dos matrices cuadradas de orden 3 cuyos determinantes son lA = ”] y [Bl =-2,Halla:
a) |A?|
b) |a7!]
c) |-2A]
d) AB! ,siendo B' la matriz traspuesta de B.
e) El rango de B.
MATEMÁTICAS Il. 2011. RESERVA 1. EJERCICIO 3. OPCIÓN A."
MATES_II,Matrices Y Determinantes,2011.0,Reserva 1,Ejercicio 3Opción B,"Dada la matriz A=| 1 -4 -—S5
-1 3 4
a) Demuestra que se verifica la igualdad A? =—I, siendo 1 la matriz identidad de orden 3.
b) Justifica que A es invertible y halla su inversa.
e) Calcula razonadamente A'”
MATEMÁTICAS Il. 2011. RESERVA 1. EJERCICIO 3.OPCIÓN B."
MATES_II,Matrices Y Determinantes,2011.0,Reserva 2,Ejercicio 3 Opción A,"1.00 0.0 1
Considera las matrices A=|0 A l1|yB=|1 0 O
0-14 0.1.0
a) ¿Hay algún valor de A para el que A no tiene inversa?.
b) Para A=1,resuelve la ecuación matricial A .X.A=B
MATEMÁTICAS Il. 2011. RESERVA 2. EJERCICIO 3. OPCIÓN A."
MATES_II,Matrices Y Determinantes,2011.0,Reserva 3,Ejercicio 3 Opción A,"Sean A y B dos matrices que verifican:
4 2 2 4
A+B= y A-B=
32 -1 2
a) Halla las matrices (A+BXA—B) y A*-—B?
b) Resuelve la ecuación matricial XA— XB—(A+B)'=21, siendo I la matriz unidad de orden 2 y
(A+B)' la matriz traspuesta de A+B
MATEMÁTICAS II. 2011. RESERVA 3. EJERCICIO 3. OPCIÓN A."
MATES_II,Matrices Y Determinantes,2011.0,Reserva 3,Ejercicio 3 Opción B,"30 A
Sea la matriz A=|-5 A -5
A 0 3
a) Determina los valores de A para los que la matriz A—21 tiene inversa, siendo I la matriz
identidad de orden 3.
b) Para A=-2,resuelve la ecuación matricial AX =2X+I
MATEMÁTICAS Il. 2011. RESERVA 3. EJERCICIO 3. OPCIÓN B."
MATES_II,Matrices Y Determinantes,2011.0,Reserva 4,Ejercicio 3 Opción B,"-1 1
Dada la matriz A=
2 —1
a) Demuestra que A?+2A=1 y que A7'=A+2I, siendo 1 la matriz identidad de orden 2.
b) Calcula la matriz X que verifica la ecuación: A? + XA+5A=4I
MATEMÁTICAS Il. 2011. RESERVA 4. EJERCICIO 3. OPCIÓN B."
MATES_II,Matrices Y Determinantes,2011.0,Septiembre,Ejercicio 3 Opción A,"[04 1 -1
Dadas las matrices A=| 1 a —1| y B=
-1 -1 QU 1
a) Calcula el rango de A dependiendo de los valores a
b) Para a=2, resuelve la ecuación matricial A-X=B.
MATEMÁTICAS II. 2011. SEPTIEMBRE. EJERCICIO 3. OPCIÓN A"
MATES_II,Matrices Y Determinantes,2011.0,Septiembre,Ejercicio 3 Opción B,". a 1
Sean las matrices A= y
-a 3
1.3 1
B=
-114 2
1
a) Calcula los valores de aL para los que la matriz inversa de A es 12 A.
b) Para a=-3, determina la matriz X que verifica la ecuación A'. X =B,siendo A' la matriz
traspuesta de A.
MATEMÁTICAS Il. 2011. SEPTIEMBRE. EJERCICIO 3. OPCIÓN B"
MATES_II,Matrices Y Determinantes,2012.0,Junio,Ejercicio 3 Opción A,"0.0 1
Sea la matriz A=|2 1 2
1 k 1
a) ¿Para qué valores del parámetro k no existe la inversa de la matriz A?. Justifica la respuesta.
b) Para k=0, resuelve la ecuación matricial (X +1)-A= A',, donde I denota la matriz identidad
y A' la matriz traspuesta de A.
MATEMÁTICAS II. 2012. JUNIO. EJERCICIO 3. OPCIÓN A."
MATES_II,Matrices Y Determinantes,2012.0,Reserva 1,Ejercicio 3 Opción A,"Considera las matrices:
1 0
0 1
A=|0 2 B=
1.0
1.2 1
-120
C=
11.2
Determina, si existe, la matriz X que verifica: A-X-B=C',siendo C' la matriz traspuesta de C.
MATEMÁTICAS II. 2012. RESERVA 1. EJERCICIO 3. OPCIÓN A."
MATES_II,Matrices Y Determinantes,2012.0,Reserva 2,Ejercicio 3 Opción B,"Encuentra la matriz X que satisface la ecuación XA+ A*B= A, siendo
0.0 1 2-1 0
A=|0 1 O| y B=| 0 2 -1
100 -1. 0 2
MATEMÁTICAS Il. 2012. RESERVA 2. EJERCICIO 3. OPCIÓN B."
MATES_II,Matrices Y Determinantes,2012.0,Reserva 3,Ejercicio 3 Opción B,"7 3
3 -2 -2 1
Dada la matriz A= ( ) ,sea B la matriz que verifica AB -( ] .
a) Comprueba que las matrices A y B poseen inversas.
b) Resuelve la ecuación matricial A'X-—B=BA.
MATEMÁTICAS Il. 2012. RESERVA 3. EJERCICIO 3. OPCIÓN B."
MATES_II,Matrices Y Determinantes,2013.0,Junio,Ejercicio 3 Opción A,"Sea M=|0 m+l1 0
1 1 m-—1
a) Determina los valores de m para que los vectores fila de M son linealmente independientes.
b) Estudia el rango de M según los valores de m.
c) Para m=1, calcula la inversa de M.
MATEMÁTICAS Il. 2013. JUNIO. EJERCICIO 3. OPCIÓN A"
MATES_II,Matrices Y Determinantes,2013.0,Junio,Ejercicio 3 Opcion B,"1 1
Sea A=
a) Comprueba que A?=2I y calcula A”?.
b) Calcula AY” y su inversa.
MATEMÁTICAS II. 2013. JUNIO. EJERCICIO 3. OPCION B"
MATES_II,Matrices Y Determinantes,2013.0,Reserva 1,Ejercicio 3 Opción A,"-1 1
. . 2 1 12
Considera las matrices: A=| 2 0 yC=
10 2.0 -156
a) Halla A”!.
b) Calcula la matriz X que satisface A-X =B'-C (B'es la traspuesta de B).
c) Halla el determinante de A%*.B'.B-.(A7)%”.
MATEMÁTICAS Il. 2013. RESERVA 1. EJERCICIO 3. OPCIÓN A"
MATES_II,Matrices Y Determinantes,2013.0,Reserva 1,Ejercicio 3 Opción B,"a b c
Sabiendo que el determinante de una matriz A=|d e f | es 4, calcula los siguientes
p q 5r
determinantes, indicando en cada caso, las propiedades que utilizas:
a) det(-2A) y det(A”!)
a —b c -3d -3e -—3f
b)|2d -2e 2f| y a b
p -9. Tr =p -q  -5
MATEMÁTICAS II. 2013. RESERVA 1. EJERCICIO 3. OPCIÓN B."
MATES_II,Matrices Y Determinantes,2013.0,Reserva 2,Ejercicio 3 Opcion B,". . -1 2 1 -1
Considera las matrices A= y B=
O 1 1.0
a) Calcula X e Y tales que X-Y=A' y 2X-Y=B (A' es la matriz traspuesta de A).
b) Calcula Z tal que AZ=BZ+A.
MATEMÁTICAS II. 2013. RESERVA 2. EJERCICIO 3. OPCION B"
MATES_II,Matrices Y Determinantes,2013.0,Reserva 3,Ejercicio 3 Opción B,"2 -3
Sean A y B las matrices a-( 3 -) y
a) Calcula las matrices X e Y para las que 2X-Y=A y X-3Y=B.
b) Halla la matriz Z que verifica B?+ZA+B'=31 (I denota la matriz identidad y B' la
matriz traspuesta de B).
MATEMÁTICAS Il. 2013. RESERVA 3. EJERCICIO 3. OPCIÓN B"
MATES_II,Matrices Y Determinantes,2013.0,Reserva 4,Ejercicio 3 Opción B,"a) El rango de M?.
b) El determinante de 2M' (M' es la matriz traspuesta de M).
c) El determinante de (M”7')?.
d) El determinante de N, donde N es la matriz resultante de intercambiar la primera y segunda
filas de M.
MATEMÁTICAS Il. 2013. RESERVA 4. EJERCICIO 3. OPCIÓN B"
MATES_II,Matrices Y Determinantes,2013.0,Septiembre,Ejercicio 3 Opción A,"1 -1 1 1
Considera las matrices A=| 1 O| y B=| 1 —-1 1
2
0.0
a) Halla, si es posible, A7' y B”!.
b) Halla el determinante de AB 2013 A"" A' la matriz traspuesta de A.
c) Calcula la matriz X que satisface A-X-B=AB.
MATEMÁTICAS II. 2013. SEPTIEMBRE. EJERCICIO 3. OPCIÓN A"
MATES_II,Matrices Y Determinantes,2014.0,Junio,Ejercicio 3 Opción B,"0 1 1
Considera las matrices A=|1 0 0|;B=
0.01
Determina, si existe, la matriz X que verifica A-X+B = A?
MATEMÁTICAS Il. 2014. JUNIO. EJERCICIO 3. OPCIÓN B."
MATES_II,Matrices Y Determinantes,2014.0,Reserva 1,Ejercicio 3 Opción A,"21
Se sabe que el determinante de la matriz A=|a,,
31
propiedades que utilices, los siguientes determinantes:
a) det(-2A) y det(A”!)
as a a, a, a, +2a, Sa
b) |7a, 7a
2a 2a
2 31
p 7aj| y (a, a,+2a, Sa
2a
32
31 32 33 a a, +24 ,, SA y,
es —3, calcula, indicando las
MATEMÁTICAS Il. 2014. RESERVA 1. EJERCICIO 3. OPCIÓN A."
MATES_II,Matrices Y Determinantes,2014.0,Reserva 1,Ejercicio 3 Opción B,"2 .0-3
Considera las matrices A= ; 3 -1 -3
=1 -2 -1
a) Calcula A”!.
b) Hallar la matriz X que verifica A'.X+B=TI, siendo 1 la matriz identidad y A' la matriz
traspuesta de A.
MATEMÁTICAS Il. 2014. RESERVA 1. EJERCICIO 3. OPCIÓN B."
MATES_II,Matrices Y Determinantes,2014.0,Reserva 2,Ejercicio 3 Opción B,". . l+m 1 1 —1
Considera las matrices A= B=
1 l1-m 1.0
a) ¿Para qué valores de m se verifica que A? =2A+1?.
b) Para m=1,calcula A”' y la matriz X que satisface A-X-B=A-B.
MATEMÁTICAS Il. 2014. RESERVA 2. EJERCICIO 3. OPCIÓN B."
MATES_II,Matrices Y Determinantes,2014.0,Reserva 3,Ejercicio 3 Opcion B,"1.00 0.0 1
Considera las matrices A=| 0 y B=|1 1 1
100
3
Halla la matriz X que verifica: A7'.X.A=B-—A.
MATEMÁTICAS II. 2014. RESERVA 3. EJERCICIO 3. OPCION B."
MATES_II,Matrices Y Determinantes,2014.0,Reserva 4,Ejercicio 3 Opción A,"Se sabe que el determinante de la matriz A= es 3, calcula los siguientes
determinantes, indicando, en cada caso, las propiedades que utilices:
a bc a b 4a—-c
a) det(A*), det(A7') y det(A+ A');b)| ce e f|;c)b d 4b=e
2b 2d 2e c e 4e-f
MATEMÁTICAS Il. 2014. RESERVA 4. EJERCICIO 3. OPCIÓN A."
MATES_II,Matrices Y Determinantes,2014.0,Septiembre,Ejercicio 3 Opción B,"Sabiendo que el determinante de la matriz A= es 2, calcula los siguientes
determinantes indicando, en cada caso, las propiedades que utilices:
3 0 1 1 2 3
a) det(3A) b) det(A7').c) |[3x 2y z|d)| x+2 y+4  z+6
3.4 3 -1 0 -1
MATEMÁTICAS Il. 2014. SEPTIEMBRE. EJERCICIO 3. OPCIÓN B"
MATES_II,Matrices Y Determinantes,2015.0,Junio,Ejercicio 3 Opción B,"12 12.0
Considera las matrices a” ] y B=|-2 m 0
2 m
32m
a) Encuentra el valor, o los valores, de m para los que A y B tienen el mismo rango.
b) Determina, si existen, los valores de m para los que A y B tienen el mismo determinante.
MATEMÁTICAS II. 2015. JUNIO. EJERCICIO 3. OPCIÓN B."
MATES_II,Matrices Y Determinantes,2015.0,Reserva 1,Ejercicio 3 Opción A,"Halla la matriz X que verifica la igualdad A-X-A7'+B=C-A”' sabiendo que
0-10 -=1 2 1.1.0
1
A=|-1 -3 0 , C=|J0 0 -—1 B-A=| 1 1 —1
1.4 1 1.0 -1 -1 -5 -3
MATEMÁTICAS Il. 2015. RESERVA 1. EJERCICIO 3. OPCIÓN A."
MATES_II,Matrices Y Determinantes,2015.0,Reserva 2,Ejercicio 3 Opción A,"0 1 m
Considera la matriz A=|m-—1 0 2
0 l-m 0
a) Halla el valor, o valores, de m para los que la matriz A tiene rango 2.
2015
b) Para m=1, determina A
MATEMÁTICAS II. 2015. RESERVA 2. EJERCICIO 3. OPCIÓN A."
MATES_II,Matrices Y Determinantes,2015.0,Reserva 3,Ejercicio 3 Opción B,"12
Considera las matrices: a-( ]
li,
a) Halla el determinante de una matriz X que verifique la igualdad X?-A-X=B.
1 1
b) Determina, si existe, la matriz Y que verifica la igualdad A?-Y-B”'=A.
MATEMÁTICAS Il. 2015. RESERVA 3. EJERCICIO 3. OPCIÓN B."
MATES_II,Matrices Y Determinantes,2015.0,Reserva 4,Ejercicio 3 Opción B,"-1 1
Considera las matrices: A= B=| 1 -1
1 1 -1
a) Halla la matriz X que verifica A-X-B=I (I denota la matriz identidad de orden 3).
b) Calcula el determinante de la matriz (A?-B7!)?%”
MATEMÁTICAS Il. 2015. RESERVA 4. EJERCICIO 3. OPCIÓN B."
MATES_II,Matrices Y Determinantes,2015.0,Septiembre,Ejercicio 3 Opción A,"100
. . -1 2 100
Considera las matrices A= y B=|-2 1 0| y C=
2 -1 321 -150
a) Determina la matriz X para la que A'-X-B""'=C,(A' la matriz traspuesta de A).
b) Calcula el determinante de B”'(C'.C)-B,(C' la matriz traspuesta de C).
MATEMÁTICAS Il. 2015. SEPTIEMBRE. EJERCICIO 3. OPCIÓN A"
MATES_II,Matrices Y Determinantes,2016.0,Junio,Ejercicio 3Opción A,"-=1. 11
Considera las matrices A=| 0 1 0| y B=
1 1
-2
a) Halla la matriz X que verifica A-X+B=2A.
b) Calcula B? y B”"",
MATEMÁTICAS Il. 2016. JUNIO. EJERCICIO 3.OPCIÓN A."
MATES_II,Matrices Y Determinantes,2016.0,Reserva 1,Ejercicio 30Pción A,"1.0
Considera las matrices A= h )
n9lo 7
Determina, si existe, la matriz X que verifica A-X+B*=B-X+A?.,
MATEMÁTICAS Il. 2016. RESERVA 1. EJERCICIO 3.0PCIÓN A."
MATES_II,Matrices Y Determinantes,2016.0,Reserva 4,Ejercicio 3 Opción A,"k 1+k
l-k 0
Considera la matriz az
] . Determina, si existen, los valores de k en cada uno de
los casos siguientes: a) Rango(A)=1.b) A? =A.c) Atiene inversa. d) det(A)=-2.
MATEMÁTICAS Il. 2016. RESERVA 4. EJERCICIO 3. OPCIÓN A."
MATES_II,Matrices Y Determinantes,2016.0,Reserva 4,Ejercicio 3 Opción B,"Considera la matriz: A=|A 1 -1
0.0 1
a) Determina, si existen, los valores de A para los que A”'=2I—A (siendo 1 la matriz
identidad de orden 3).
b) Determina, si existen, los valores de A para los que la matriz A+ A' no tiene inversa (A' es
la matriz traspuesta de A).
MATEMÁTICAS Il. 2016. RESERVA 4. EJERCICIO 3. OPCIÓN B."
MATES_II,Matrices Y Determinantes,2016.0,Septiembre,Ejercicio 3 Opción B,"1
Considera las matrices A=| —1
a) Calcula el rango de A-B'+AI según los valores de 2 (B' es la matriz traspuesta de B,I es la
matriz identidad de orden 3).
b) Calcula la matriz X que verifica: C-X- X =2I
MATEMÁTICAS Il. 2016. SEPTIEMBRE. EJERCICIO 3. OPCIÓN B."
MATES_II,Matrices Y Determinantes,2017.0,Reserva 1,Ejercicio 3 Opción A,"SELECTIVIDAD
20.0 2 1.2
Considera las matrices A=| 1 1 O| y B=|0 -1 5
42 -2 0. 02
a) Calcula la matriz inversa de (A+B)
b) Calcula el determinante de 2A7'(A+B)', siendo (A+B)' la matriz traspuesta de (A+B).
MATEMÁTICAS II. 2017. RESERVA 1. EJERCICIO 3. OPCIÓN A."
MATES_II,Matrices Y Determinantes,2017.0,Reserva 3,Ejercicio 3 Opción B,"Sea A una matriz 3x3 tal que det(2A)=8.
a) ¿Cuánto vale det (A) ?
b) Siendo B la matriz que se obtiene de A multiplicando por 3 la primera fila y por —1 la
tercera, ¿cuánto vale det(B)?
c) Determina los valores de x para los que la siguiente matriz A verifica que det(2A)=8,
x 1 1
A=| x+1 2 2
x =x+2 1
MATEMÁTICAS II. 2017. RESERVA 3. EJERCICIO 3. OPCIÓN B."
MATES_II,Matrices Y Determinantes,2017.0,Reserva 4,Ejercicio 3 Opción B,"Considera las matrices: A=|0  m-1 2-m -1 0
0 -1  2-m 0 1 -1
a) Determina los valores de m para los que la matriz A no tiene inversa.
b) Para m=1, calcula, si existe, la matriz X que verifica la igualdad A7'XA+I =B, siendo l la
matriz identidad.
MATEMÁTICAS II. 2017. RESERVA 4. EJERCICIO 3. OPCIÓN B."
MATES_II,Matrices Y Determinantes,2017.0,Septiembre,Ejercicio 3 Opción B,"Considera A=[k+1  k 0
0.  k+1 k+1
a) Discute el rango de A según los valores de k.
b) Para k=1,calcula el determinante de 2(A' AT! y” ,Siendo A' la traspuesta de A.
MATEMÁTICAS II. 2017. SEPTIEMBRE. EJERCICIO 3. OPCIÓN B."
MATES_II,Matrices Y Determinantes,2018.0,Reserva 1,Ejercicio 3 Opcion B,"Considera las matrices
-1 0 0 -2 2 -1 1
A= 0 -1|;B=| 1.0 1]; -2| y D=(4 -5 6)
0 -1 0 -1.2 -2 3
Determina, si existe, la matriz X que verifica que: A?*X-—BA+X =CD
MATEMÁTICAS II. 2018. RESERVA 1. EJERCICIO 3. OPCION B."
MATES_II,Matrices Y Determinantes,2018.0,Reserva 2,Ejercicio 3 Opción A,"1
Considera las matrices A=| 0 y C =(1
0
a) Calcula A?**,
b) Determina, si existe, la matriz X que verifica A(X +21)=BC donde I es la matriz identidad.
MATEMÁTICAS Il. 2018. RESERVA 2. EJERCICIO 3. OPCIÓN A."
MATES_II,Matrices Y Determinantes,2018.0,Reserva 4,Ejercicio 3 Opción A,"Considera la matriz M=|6 0 . Sabiendo que el determinante de M es 2, calcula los
X y Zz
siguientes determinantes e indica las propiedades que utilices:
2.0 1 1 x+6 x
a) El determinante de la matriz 53M *;b)|1 2 3|30)|2 y y
X y Zz 3 243 z
MATEMÁTICAS Il. 2018. RESERVA 4. EJERCICIO 3. OPCIÓN A."
MATES_II,Matrices Y Determinantes,2018.0,Reserva 4,Ejercicio 3 Opción B,"Considera la matriz A=| 0 2
1 1
a) Halla, si existe, la inversa de A.
b) Determina los valores de m tales que (A—mlI) tiene inversa (IT es la matriz identidad).
c) Calcula el rango de (A—2I).
MATEMÁTICAS II. 2018. RESERVA 4. EJERCICIO 3. OPCIÓN B."
MATES_II,Matrices Y Determinantes,2018.0,Septiembre,Ejercicio 3 Opción A,"Considera las matrices A=|0 -—1 O|yB=| 0 1 O
1 0.0 -100
a) Determina, si existen, los valores de a,b y c para que las matrices A y B conmutan.
b) Calcula A?,A?*,A%” y A"",
c) Calcula, si existe, la matriz inversa de A
MATEMÁTICAS II. 2018. SEPTIEMBRE. EJERCICIO 3. OPCIÓN A."
MATES_II,Matrices Y Determinantes,2019.0,Junio,Ejercicio 3 Opción A,"a
Calcula todas las matrices x=
c
b
2) tales que a+d=1, tienen determinante 1 y cumplen
0 -1
A-X =X-A, siendo a; o)
MATEMÁTICAS Il. 2019. JUNIO. EJERCICIO 3. OPCIÓN A"
MATES_II,Matrices Y Determinantes,2019.0,Reserva 1,Ejercicio 3 Opción A,"Dadas las matrices A=|m-1 m 0
1 1 1
a) Calcula los valores de m para los cuales A tiene inversa.
b) Para m=2, encuentra la matriz X que cumple AX—BB'=TI,siendo B' la matriz traspuesta
de Bel la matriz identidad de orden 3
MATEMÁTICAS Il. 2019. RESERVA 1. EJERCICIO 3. OPCIÓN A."
MATES_II,Matrices Y Determinantes,2019.0,Reserva 2,Ejercicio 3 Opción A,"a bc
Considera la matriz A=|d e  f | dela que se sabe que tiene determinante 5.
g hi
a) Calcula, indicando las propiedades que utilices, los determinantes de las matrices siguientes:
2a d+3a g
3Ay|2b e+3b h
2c f+3c 1
b) Si B es otra matriz cuadrada de orden 3 y tiene determinante 4, calcula, indicando también las
propiedades que utilices, el determinante de la matriz B A”?.
MATEMÁTICAS Il. 2019. RESERVA 2. EJERCICIO 3. OPCIÓN A"
MATES_II,Matrices Y Determinantes,2019.0,Reserva 3,Ejercicio 3 Opción A,"54 3
Dada la matriz A=|4 2 2|,halla la matriz X que cumple AX =(A7'A'+1)', siendo A' la
321
matriz traspuesta de Ael la matriz identidad de orden 3.
MATEMÁTICAS Il. 2019. RESERVA 3. EJERCICIO 3. OPCIÓN A"
MATES_II,Matrices Y Determinantes,2020.0,Junio,Ejercicio 3,"1 -1
0 1
0
m+2
m+1
5
Considera la matriz A=
m
a) (15 puntos) Estudia el rango de A según los valores de m.
b) (1 punto) Para m=2, calcula la inversa de 2020A.
MATEMÁTICAS Il. 2020. JUNIO. EJERCICIO 3"
MATES_II,Matrices Y Determinantes,2020.0,Reserva 1,Ejercicio 3,"(25 puntos) Considera A=|1 a
c 1
A-B=C y la matriz A tiene rango 2.
MATEMÁTICAS Il. 2020. RESERVA 1. EJERCICIO 3."
MATES_II,Matrices Y Determinantes,2020.0,Reserva 2,Ejercicio 7,"Considera la matriz A=
a) (15 Puntos). Calcula A” y A”.
b) (1 Punto). Halla el determinante de la matriz 3A*(A')*, donde A' es la traspuesta de la
matriz A
MATEMÁTICAS II. 2020. RESERVA 2. EJERCICIO 7"
MATES_II,Matrices Y Determinantes,2020.0,Reserva 3,Ejercicio 7,"1 1
Considera las matrices A= h »)
a) (1 Punto). Sabiendo que una matriz X verifica X?AX =B?, halla los posibles valores de su
determinante.
b) (1>5 Puntos). Determina, si existe, una matriz Y que verifique A?YB”'=A
MATEMÁTICAS Il. 2020. RESERVA 3. EJERCICIO 7"
MATES_II,Matrices Y Determinantes,2020.0,Reserva 4,Ejercicio 7,"1. -1 5 3
Considera A=| m 2 =1|yC=|1
m-1 0 2 0
a) (1 Punto). Determina los valores de m para los que la ecuación AX+B=C tiene solución
única.
b) (15 Puntos). Para m=0, halla X tal que AX+B=C.
MATEMÁTICAS II. 2020. RESERVA 4. EJERCICIO 7"
MATES_II,Matrices Y Determinantes,2021.0,Reserva 4,Ejercicio 6,"1
1-10
Considera las matrices: A= y B=|0
1 om 1
m
a) Calcula m para que A-B no tenga inversa.
b) Estudia el rango de la matriz B. A según los valores de m.
MATEMÁTICAS II. 2021. RESERVA 4. EJERCICIO 6."
MATES_II,Matrices Y Determinantes,2021.0,Julio,Ejercicio 5,"Considera la matriz A=
-1
a) Comprueba que A?*=-A”'
1
b) Dadas las matrices: B=| 3
-4 5
calcula la matriz X que verifica A*X+B= AC
MATEMÁTICAS 11. 2021. JULIO. EJERCICIO 5"
MATES_II,Matrices Y Determinantes,2022.0,Junio,Ejercicio 6,"m Jm Jm
Considera la matriz A=| Jm  m 1 | donde m>0
Jm 1 m
a) ¿Para qué valores de m tiene inversa la matriz A?.
b) Para m=4 resuelve, si es posible, la ecuación matricial A-X =121I, donde I la matriz
identidad de orden 3
MATEMÁTICAS II. 2022. JUNIO. EJERCICIO 6"
MATES_II,Matrices Y Determinantes,2022.0,Reserva 1,Ejercicio 5,"Considera la matriz A=| 1
1
a) Calcula A”'
b) Calcula la matriz X de orden tres que verifica AX+(A-—X) =X?+I, siendo 1 la matriz
identidad de orden 3.
MATEMÁTICAS II. 2022. RESERVA 1. EJERCICIO 5"
MATES_II,Matrices Y Determinantes,2022.0,Reserva 2,Ejercicio 6,"1
-a 3
Dado a %0, considera las matrices: a-( Ñ ) y B=|3
a
1
1
a) Determina para qué valores de a se cumple que A7!'= 4 A.
b) Para a=1 calcula, si es posible, la matriz X tal que A-X=B', donde B' denota la matriz
traspuesta de B.
MATEMÁTICAS II. 2022. RESERVA 2 EJERCICIO 6."
MATES_II,Matrices Y Determinantes,2022.0,Reserva 3,Ejercicio 6,"m 1 3
Considera las matrices A=| 1 m 2| y B=
1 m 3 -1
a) Calcula el rango de la matriz A dependiendo de los valores m.
b) Para m=0, resuelve la ecuación A-X=B, si es posible.
MATEMÁTICAS Il. 2022. RESERVA 3. EJERCICIO 6"
MATES_II,Matrices Y Determinantes,2022.0,Julio,Ejercicio 5,"lila
1.0
Considera las matrices a-( ] ,B=|]2 a 1 y C -(
1
-2 1 2 -1
220
a) Calcula los valores de a para los que la matriz B no tiene inversa.
b) Para a=1,calcula X tal que AXB=C, si es posible
MATEMÁTICAS Il. 2022. JULIO. EJERCICIO 5"
MATES_II,Matrices Y Determinantes,2022.0,Julio,Ejercicio 6,"a b
Se sabe que |p q
x y
a x a-3p
a) Calcula: 2x 2z 2y| .b)Calcula: [y b-3q
-3p -3r -3q z Cc-3r
MATEMÁTICAS Il. 2022. JULIO. EJERCICIO 6"
MATES_II,Matrices Y Determinantes,2023.0,Junio,Ejercicio 6,"0 m
0 0
0
Considera las matrices A=| m
0m 0
a) Determina para qué valores de m existe la inversa de la matriz A.
b) Para todo m *-—1, resuelve, si es posible, la ecuación A-X+X =B
MATEMÁTICAS Il. 2023. JUNIO. EJERCICIO 6"
MATES_II,Matrices Y Determinantes,2023.0,Reserva 1,Ejercicio 6,"Considera las matrices: A=
—3m
a) Determina los valores de m para los que la matriz A tenga inversa.
b) Calcula para m=1, si es posible, la matriz X tal que A-X =B',donde B' denota la matriz
traspuesta de B.
MATEMÁTICAS II. 2023. RESERVA 1. EJERCICIO 6"
MATES_II,Matrices Y Determinantes,2023.0,Reserva 2,Ejercicio 5,"Considera la matriz A
a) Calcula A'”
b) Calcula, si es posible, la matriz inversa de 1+A+A?, donde 1 denota la matriz identidad de
orden 3
MATEMÁTICAS Il. 2023. RESERVA 2. EJERCICIO 5"
MATES_II,Matrices Y Determinantes,2023.0,Reserva 3,Ejercicio 5,"Sean las matrices A=| 1 1 1 B=
m-1 1 m+l
a) Calcula m para que la matriz A tenga inversa.
b) Para m=0, resuelve, si es posible, la ecuación matricial 2 A-X+C*=B
MATEMÁTICAS Il. 2023. RESERVA 3. EJERCICIO 5"
MATES_II,Matrices Y Determinantes,2023.0,Reserva 4,Ejercicio 5,"6 1 3
-1
-1
, calcula, si es posible, la
-3 —1 5
matriz X que verifica la ecuación 3X —B'= AX, siendo B' la matriz traspuesta de B
MATEMÁTICAS Il. 2023. RESERVA 4. EJERCICIO 5"
MATES_II,Matrices Y Determinantes,2023.0,Julio,Ejercicio 5,"1 1
Sea la matriz A=| 1 1 el la matriz identidad de orden 3.
1 1
1
a) Halla los valores de m para que la matriz A—mI no tenga inversa.
1
b) Halla x, distinto de cero, para que A—xI sea la inversa de la matriz —(A—1I)
x
MATEMÁTICAS Il. 2023. JULIO. EJERCICIO 5"
MATES_II,Matrices Y Determinantes,2024.0,Junio,Ejercicio 5,"1
Considera la matriz A=|0
0
a) Calcula A?
b) Halla la matriz X, si es posible, que verifica A”.X-.A+1I=0, donde I y O son la matriz
identidad y la matriz nula de orden 3, respectivamente.
MATEMÁTICAS II. 2024. JUNIO. EJERCICIO 5"
MATES_II,Matrices Y Determinantes,2024.0,Reserva 1,Ejercicio 5,"1 0 1 -4 8 0
Considera las matrices A=| m 1 0| y B=| 0 4 4
1 -1 2 4 12 20
a) Determina los valores de m para los que la matriz A? tiene inversa
b) Para m=0 calcula, si es posible, la matriz X que verifica A?X = (As B)
MATEMÁTICAS Il. 2024. RESERVA 1. EJERCICIO 5"
MATES_II,Matrices Y Determinantes,2024.0,Reserva 2,Ejercicio 6,"1.3 0 1
Considera las matrices a-( 2 :) »M= Ú , el la matriz identidad de orden 2.
a) Sabiendo que A verifica la identidad (A+a1)?=bI , halla a y b.
b) Resuelve la ecuación MX+M?=I.
MATEMÁTICAS II. 2024. RESERVA 2. EJERCICIO 6"
MATES_II,Matrices Y Determinantes,2024.0,Reserva 3,Ejercicio 5,"Considera las matrices A= ,B=(1 y z)yC=(3 0 0).
x=1 y-1 z-1
a) Sabiendo que el determinante de A es 5, calcula 1 1 1 , indicando las
4 1 3
propiedades que utilizas.
b) Calcula los valores (x, y,z) tales que B-A=C
MATEMÁTICAS II. 2024. RESERVA 3. EJERCICIO 5."
MATES_II,Matrices Y Determinantes,2024.0,Reserva 4,Ejercicio 5,"Considera las matrices A=| 7
0
a) Calcula los determinantes de las matrices (caB)*)” y 27AB?. b) Halla la matriz X, si es
posible, que verifica que A-X-B =91 donde l es la matriz identidad de orden3
MATEMÁTICAS Il. 2024. RESERVA 4. EJERCICIO 5"
MATES_II,Matrices Y Determinantes,2024.0,Julio,Ejercicio 5,"-10
Considera la matriz a-( o y
a) Halla todas las matrices X que cumplen: X-A=-A-X' y X?=I, donde l es la matriz
identidad de orden 2.
b) Halla todas las matrices Y que cumplen Y.A=A-Y, la suma de los elementos de su
diagonal principal es cero y tienen determinante —1.
MATEMÁTICAS Il. 2024. JULIO. EJERCICIO 5"
MATES_II,Matrices Y Determinantes,2024.0,Modelo,Ejercicio 4,"Considera la matriz A=
a) Calcula A”.
b) Calcula, si es posible, la matriz inversa de 1+ A+ A?, donde 1 denota la matriz identidad de
orden 3. o
MATEMÁTICAS IT. 2024. MODELO. EJERCICIO 4"
MATES_II,Matrices Y Determinantes,2025.0,Reserva 1,Ejercicio 6,"a a+4
Sea la matriz A=| 1 ol
0 a+4
a) Indica para qué valores de a la matriz A admite inversa.
b) Para a=1 determina, si es posible, la matriz inversa de A.
MATEMÁTICAS Il. 2025. RESERVA 1. EJERCICIO 6"
MATES_II,Matrices Y Determinantes,2025.0,Reserva 2,Ejercicio 4,"Considera la matriz A=| 1 -4
-1 3
a) Comprueba que A*+1=0, siendo I la matriz identidad y O la matriz nula. Calcula A”'.
b) Calcula Ad
MATEMÁTICAS II. 2025. RESERVA 2. EJERCICIO 4"
MATES_II,Matrices Y Determinantes,2025.0,Reserva 2,Ejercicio 5,"Sabiendo que: y Z|=1,calcula razonadamente:
uv w
a+x b+y  c+z
a) a b
2a+u 2b+v 2c+w
MATEMÁTICAS Il. 2025. RESERVA 2. EJERCICIO 5"
MATES_II,Matrices Y Determinantes,2025.0,Reserva 3,Ejercicio 4,"0 -1
Considera la matriz a ¿)
a) Calcula A* y A”
b) Halla razonadamente el determinante de la matriz 4A*(A')?.
MATEMÁTICAS II. 2025. RESERVA 3. EJERCICIO 4"
MATES_II,Matrices Y Determinantes,2025.0,Reserva 3,Ejercicio 5,". 2 2 31
Sean las matrices A= y B= .
3.14 2 2
a) Halla razonadamente el determinante de una matriz X que verifica X*AX*=B?.
b) Determina, si existe, una matriz Y que verifique A'Y B' =A?.
MATEMÁTICAS II. 2025. RESERVA 3. EJERCICIO 5"
MATES_II,Matrices Y Determinantes,2025.0,Reserva 4,Ejercicio 4,"13
a,, [con determinante igual a —5
a3
a) Calcula
4a ,, —6a
b) Calcula ad» 2a »,
33
a 31 a 32 2a 33
MATEMÁTICAS II. 2025. RESERVA 4. EJERCICIO 4"
MATES_II,Matrices Y Determinantes,2025.0,Reserva 4,Ejercicio 5,"1 1
. a 3
Sean las matrices A= o 1 y B=|-1 2].
1 1
a) Determina a y b para que A?*=41I,donde l es la matriz identidad de orden 2.
b)Para a=-1 y b=1,calcula, si es posible, la matriz X que cumple A?X =B'.
MATEMÁTICAS II. 2025. RESERVA 4. EJERCICIO 5"
MATES_II,Matrices Y Determinantes,2026.0,Junio,Ejercicio 32,"Considera la matriz A= B | que cumple | A|=-2
-3 -4
a) Calcula |a.-—2 B-a
8 4a
b) Calcula AT-CADY-A]|
MATEMÁTICAS II. 2026. JUNIO. EJERCICIO 3.2"
MATES_II,Integrales,2000.0,Junio,Ejercicio 1 Opción A,"a) Dibuja el recinto limitado por las curvas: y=e**?; y=e""*; x=0
b) Halla el área del recinto considerado en el apartado anterior.
MATEMÁTICAS Il. 2000. JUNIO. EJERCICIO 1. OPCIÓN A."
MATES_II,Integrales,2000.0,Reserva 1,Ejercicio 1 Opción A,"a) Dibuja el recinto limitado por los semiejes positivos de coordenadas y las curvas:
y=x+l; y=l; y=x-1
b) Halla el área del recinto considerado en el apartado anterior.
MATEMÁTICAS HI. 2000. RESERVA 1. EJERCICIO 1. OPCIÓN A."
MATES_II,Integrales,2000.0,Reserva 1,Ejercicio 2 Opción B,"a . o 9-x?
a) Dibuja el recinto limitado por la curva y= a? la recta tangente a esta curva en el punto de
abscisa x=1 y el eje de abscisas.
b) Calcula el área del recinto considerado en el apartado anterior.
MATEMÁTICAS I1. 2000. RESERVA 1. EJERCICIO 2. OPCIÓN B."
MATES_II,Integrales,2000.0,Reserva 2,Ejercicio 1 Opción A,"Considera la función f: R —>R definida por f(x)=2+x-= x”. Calcula a, a<2, de forma que:
2 9
f69dx ==
f, *oax=>
MATEMÁTICAS II. 2000. RESERVA 2. EJERCICIO 1. OPCIÓN A."
MATES_II,Integrales,2000.0,Reserva 2,Ejercicio 2 Opción B,"Calcule el valor de a positivo, para que el área encerrada entre la curva y=ax=—x? y el eje de
abscisas sea 36. Representa la curva que se obtiene para dicho valor de a.
MATEMÁTICAS I1. 2000. RESERVA 2. EJERCICIO 2. OPCIÓN B."
MATES_II,Integrales,2000.0,Reserva 3,Ejercicio 1 Opción A,"Calcula el valor de la integral F (12 +5):e* dx
MATEMÁTICAS HI. 2000. RESERVA 3. EJERCICIO 1. OPCIÓN A."
MATES_II,Integrales,2000.0,Reserva 3,Ejercicio 2 Opcion B,"Considera las funciones f,g:|R > R definidas por: f(x)=6=x? ; 2009 =|x] xeR.
a) Dibuja el recinto limitado por las gráficas de f y g.
b) Calcula el área del recinto descrito en el apartado anterior.
MATEMÁTICAS II. 2000. RESERVA 3. EJERCICIO 2. OPCION B."
MATES_II,Integrales,2000.0,Reserva 4,Ejercicio 1 Opción A,"Sea F :R* >R la función definida por: F(x) =f. (Qt +40) dt
a) Determina F(1).
b) Halla la ecuación de la recta tangente a la gráfica de F en el punto de abscisa x=1.
MATEMÁTICAS Il. 2000. RESERVA 4. EJERCICIO 1. OPCIÓN A."
MATES_II,Integrales,2000.0,Reserva 4,Ejercicio 2 Opción B,"Considera las funciones f,g: [0,21] >R; f(x)=2senx y g(x) =sen2x
a) Dibuja la región del plano limitada por las gráficas de f y de g.
b) Calcula el área de la región descrita en el apartado anterior.
MATEMÁTICAS Il. 2000. RESERVA 4. EJERCICIO 2. OPCIÓN B."
MATES_II,Integrales,2000.0,Septiembre,Ejercicio 2 Opción A,"Considera la función f : R > R definida por f(x)=(1+x)-e*
a) Calcula j f(x) dx
b) Calcula una primitiva de f cuya gráfica pase por el punto(0,3).
MATEMÁTICAS Il. 2000. SEPTIEMBRE. EJERCICIO 2. OPCIÓN A."
MATES_II,Integrales,2000.0,Septiembre,Ejercicio 2 Opción B,"dx
x 2 +4x +43
MATEMÁTICAS II. 2000. SEPTIEMBRE. EJERCICIO 2. OPCIÓN B."
MATES_II,Integrales,2001.0,Junio,Ejercicio 2 Opción A,"Siendo In x el logaritmo neperiano de x, considera la función f:(0,+0)>I|R definida por
f(x) =x-In x . Calcula:
a) j fOJgdx.
b) Una primitiva de f cuya gráfica pase por el punto (1,0).
MATEMÁTICAS 11. 2001. JUNIO. EJERCICIO 2. OPCIÓN A."
MATES_II,Integrales,2001.0,Reserva 1,Ejercicio 1 Opción A,"Se quiere dividir la región plana encerrada entre la parábola y=x? y la recta y=1 en dos
regiones de igual área mediante una recta y=a . Hallar el valor de a.
MATEMÁTICAS HI. 2001. RESERVA 1. EJERCICIO 1. OPCIÓN A."
MATES_II,Integrales,2001.0,Reserva 1,Ejercicio 1 Opción B,"5x+10 si x<-1l
Sea f: R>R la función definida por: f(x) -|
x2-2x+2 si x>-1
a) Esboza la gráfica de f.
b) Calcula el área de la región limitada por la gráfica de f, el eje de abscisas y la recta x=3.
MATEMÁTICAS 11. 2001. RESERVA 1. EJERCICIO 1. OPCIÓN B."
MATES_II,Integrales,2001.0,Reserva 2,Ejercicio 1 Opción B,"a(x—-1) si —-1<x<l
x In x si x>l
Considera la función f :(-1,+0) > definida por: f(x) |
a) Determina el valor de a sabiendo que f es derivable.
b) Calcula IN f(x) dx
MATEMÁTICAS I1. 2001. RESERVA 2. EJERCICIO 1 OPCIÓN B."
MATES_II,Integrales,2001.0,Reserva 2,Ejercicio 2 Opción A,"Sea f: R=>R la función dada por : £G69=| x?-1|
a) Esboza la gráfica de f.
b) Estudia la derivabilidad de f.
c) Calcula IN f 6) dx
MATEMÁTICAS II. 2001. RESERVA 2. EJERCICIO 2. OPCIÓN A."
MATES_II,Integrales,2001.0,Reserva 3,Ejercicio 1 Opción B,"Sea f: R=>R la función definida por: f(x) =-2x*-9x?-12x.
a) Determina los intervalos de crecimiento y de decrecimiento de f.
b) Determina los extremos relativos a y B defcon a.<B y calcula j ? fG6) dx
MATEMÁTICAS I1. 2001. RESERVA 3. EJERCICIO 1. OPCIÓN B."
MATES_II,Integrales,2001.0,Reserva 4,Ejercicio 1 Opción A,"1
Sea f: R>R la función definida por: f(x)= l-x
si x<0
l-mx=x? si x>0
a) Determina m sabiendo que fes derivable.
b) Calcula 1 f(x) dx
MATEMÁTICAS Il. 2001. RESERVA 4. EJERCICIO 1 OPCIÓN A."
MATES_II,Integrales,2001.0,Reserva 4,Ejercicio 1 Opcion B,"Considera la función f : [0,4] > R definida por: f(x)=
a) Esboza la gráfica de f.
b) Halla el área del recinto limitado por la gráfica de f y el eje de abscisas.
MATEMÁTICAS II. 2001. RESERVA 4. EJERCICIO 1. OPCION B."
MATES_II,Integrales,2001.0,Septiembre,Ejercicio 1 Opción B,"Calcula el área encerrada entre la curva y=x*—4x y el eje de abscisas.
MATEMÁTICAS Il. 2001. SEPTIEMBRE. EJERCICIO 1. OPCIÓN B."
MATES_II,Integrales,2001.0,Septiembre,Ejercicio 2 Opción A,"1
a) Dibuja el recinto limitado por la curva y = y Feos X ,los ejes de coordenadas y la recta x= .
b) Calcula el área del recinto descrito en el apartado anterior.
MATEMÁTICAS Il. 2001. SEPTIEMBRE. EJERCICIO 2. OPCIÓN A."
MATES_II,Integrales,2002.0,Junio,Ejercicio 2 Opción A,"Determina un polinomio P(x)de segundo grado sabiendo que P(0)=P(2)=1
IM PO) dx==
MATEMÁTICAS Il. 2002. JUNIO. EJERCICIO 2. OPCIÓN A."
MATES_II,Integrales,2002.0,Junio,Ejercicio 2 Opción B,"Sea f:IR=>R la función definida por: f(x)=x+e""*. Esboza el recinto limitado por la curva
y = f(x), los ejes coordenados y la recta x=—1. Calcula su área.
MATEMÁTICAS Il. 2002. JUNIO. EJERCICIO 2. OPCIÓN B."
MATES_II,Integrales,2002.0,Reserva 1,Ejercicio 1 Opción A,"Sea Ln(x) el logaritmo neperiano de x y sea f:D>R la función definida por
10)
“x(acoy
a) Determina el conjunto D sabiendo que está formado por todos los puntos xe RR para los que
existe f(x).
b) Usa el cambio de variable t =Ln(x) para calcular una primitiva de f.
MATEMÁTICAS HI. 2002. RESERVA 1. EJERCICIO 1. OPCIÓN A."
MATES_II,Integrales,2002.0,Reserva 1,Ejercicio 2 Opción B,"142x7-2x43
Calcula j LAICA a
x*-1
MATEMÁTICAS II. 2002. RESERVA 1. EJERCICIO 2. OPCIÓN B."
MATES_II,Integrales,2002.0,Reserva 2,Ejercicio 1 Opcion A,"a) Determina la función f:R—>R sabiendo que f'(x)=2x*—6x? y que su valor mínimo es
-12.
b) Calcula la ecuación de las rectas tangentes a la gráfica de f en los puntos de inflexión de su
gráfica.
MATEMÁTICAS II. 2002. RESERVA 2. EJERCICIO 1. OPCION A."
MATES_II,Integrales,2002.0,Reserva 2,Ejercicio 2 Opción A,"Sea f: R=> R la función definida por f(x)= xl x-4| .
a) Esboza la gráfica de f.
b) Estudia su derivabilidad en x=4.
c) Calcula el área del recinto limitado por la gráfica de f y el eje de abscisas.
MATEMÁTICAS Il. 2002. RESERVA 2. EJERCICIO 2. OPCIÓN A."
MATES_II,Integrales,2002.0,Reserva 2,Ejercicio 2 Opción B,"Sea Ln(x) el logaritmo neperiano de x. Esboza el recinto limitado por los ejes coordenados y las
gráficas de las funciones y=1 e y=Ln(x). Calcula su área.
MATEMÁTICAS I1. 2002. RESERVA 2. EJERCICIO 2. OPCIÓN B."
MATES_II,Integrales,2002.0,Reserva 3,Ejercicio 2 Opcion B,"Esboza el recinto limitado por la gráfica de la parábola y =-(x-—2)?—2, la recta tangente a la
gráfica de la parábola en el punto de abscisa x=3, el semieje positivo de abscisas y el semieje
negativo de ordenadas. Calcula su área.
MATEMÁTICAS II. 2002. RESERVA 3. EJERCICIO 2. OPCION B."
MATES_II,Integrales,2002.0,Reserva 4,Ejercicio 1 Opción A,"2x? +10x
Calcula una primitiva de la función f definida por f(x) ==
x""+2x-3
para xxl y xx%-3.
MATEMÁTICAS Il. 2002. RESERVA 4. EJERCICIO 1. OPCIÓN A."
MATES_II,Integrales,2002.0,Septiembre,Ejercicio 1 Opción A,"Consideremos F (x) = IM f(bldt .
a) Si f fuese la función cuya gráfica aparece en el dibujo, indica si son verdaderas o falsas las
siguientes afirmaciones, razonando la respuesta:
i) F(a)=0
li) F'(a)=0
111) F es creciente en (0,a) (0,0)
b) Calcula F(1) siendo f(t)=
Jt+1
MATEMÁTICAS Il. 2002. SEPTIEMBRE. EJERCICIO 1 OPCIÓN A."
MATES_II,Integrales,2002.0,Septiembre,Ejercicio 2 Opción B,"1 3
Calcula ] AA da
0
x?=x-2
MATEMÁTICAS II. 2002. SEPTIEMBRE. EJERCICIO 2. OPCIÓN B."
MATES_II,Integrales,2003.0,Junio,Ejercicio 1 Opción A,"Sea Ln(1-x?) el logaritmo neperiano de 1-x? y sea f :(-1,1)>R la función definida por
f(x) =Ln(1—x?). Calcula la primitiva de f cuya gráfica pasa por el punto (0,1).
MATEMÁTICAS 11. 2003. JUNIO. EJERCICIO 1. OPCIÓN A."
MATES_II,Integrales,2003.0,Junio,Ejercicio 1 Opción B,"Dadas la parábola de ecuación y=1+x?” y la recta de ecuación y=1+x , se pide:
a) Área de la región limitada por la recta y la parábola.
b) Ecuación de la recta paralela a la dada que es tangente a la parábola.
MATEMÁTICAS Il. 2003. JUNIO. EJERCICIO 1. OPCIÓN B."
MATES_II,Integrales,2003.0,Junio,Ejercicio 2 Opción A,"Se sabe que la función f:R=>R definida por f(x)=x""+ax*+bx+c tiene un extremo
relativo en el punto de abscisa x=0 y que su gráfica tiene un punto de inflexión en el punto de
abscisa x=-—1. Conociendo además que f. f (x)dx =6, halla a,b y c.
MATEMÁTICAS Il. 2003. JUNIO. EJERCICIO 2. OPCIÓN A."
MATES_II,Integrales,2003.0,Reserva 1Ejercicio,1 Opción A,"Sea la función f: R—>R definida por f(x)=2x”—6x+4. Calcula el área del recinto limitado
por la gráfica de f y su recta tangente en el punto de abscisa correspondiente al máximo relativo
de la función.
MATEMÁTICAS II. 2003. RESERVA 1.EJERCICIO 1. OPCIÓN A."
MATES_II,Integrales,2003.0,Reserva 1,Ejercicio 2 Opcion B,"Considera las funciones f,g:|R > R definidas por: f(x)=6=x? ; 2009 =|x] xeR.
a) Dibuja el recinto limitado por las gráficas de f y g.
b) Calcula el área del recinto descrito en el apartado anterior.
MATEMÁTICAS II. 2003. RESERVA 1. EJERCICIO 2. OPCION B."
MATES_II,Integrales,2003.0,Reserva 2,Ejercicio 1 Opción B,"Se sabe que la función f:(0,3)>R es derivable en todo punto de su dominio, siendo
x=1  si0<x<2 Y o.
f'G)= que f(1)=0. Halla la expresión analítica de f.
=x+3 si2<x<3 y
MATEMÁTICAS II. 2003. RESERVA 2. EJERCICIO 1. OPCIÓN B."
MATES_II,Integrales,2003.0,Reserva 2,Ejercicio 2 Opcion A,"Sea f: R=>R la función definida por f(x)=x?-2x+2.
a) Halla la ecuación de la recta tangente a la gráfica de fen el punto de abscisa x=3.
b) Calcula el área del recinto limitado por la gráfica de f, la recta tangente obtenida y el eje OY.
MATEMÁTICAS II. 2003. RESERVA 2. EJERCICIO 2. OPCION A."
MATES_II,Integrales,2003.0,Reserva 3,Ejercicio 2 Opción A,"Se sabe que la función f : R—>R definida por f(x)=ax*+bx=+c tiene un máximo absoluto en
32
el punto de abscisa x =1, que su gráfica pasa por el punto (1,4) y que j ! f (x)dx = 3 Halla a,
byc.
MATEMÁTICAS Il. 2003. RESERVA 3. EJERCICIO 2. OPCIÓN A."
MATES_II,Integrales,2003.0,Reserva 3,Ejercicio 2 Opción B,"En la figura adjunta puedes ver representada en el intervalo [0,2] la gráfica de la parábola de
2
ecuación y = = . Halla el valor de m para el que las áreas de las superficies rayadas son iguales.
m
MATEMÁTICAS II. 2003. RESERVA 3. EJERCICIO 2. OPCIÓN B."
MATES_II,Integrales,2003.0,Reserva 4,Ejercicio 1 Opción B,"Sea f: R=>R la función definida por f(x)= Yx.
a) Calcula la recta tangente a la gráfica de f en el punto de abscisa x=1.
b) Esboza el recinto limitado por la gráfica de f y la recta tangente obtenida.
c) Calcula el área del recinto descrito en el apartado anterior.
MATEMÁTICAS Il. 2003. RESERVA 4. EJERCICIO 1. OPCIÓN B."
MATES_II,Integrales,2003.0,Reserva 4,Ejercicio 2 Opción A,"Determina el valor positivo de A para el que el área del recinto limitado por la parábola y=x?
y la recta y=Ax es l.
MATEMÁTICAS Il. 2003. RESERVA 4. EJERCICIO 2. OPCIÓN A."
MATES_II,Integrales,2003.0,Septiembre,Ejercicio 1 Opción B,"Sea f :(0,+0)>R la función definida por f(x)=(x-—1)-LEn x . Calcula la primitiva de f cuya
sei 3
gráfica pasa por el punto L=> .
MATEMÁTICAS Il. 2003. SEPTIEMBRE. EJERCICIO 1. OPCIÓN B."
MATES_II,Integrales,2003.0,Septiembre,Ejercicio 2 Opción A,"Sea f: R=>R la función definida por f(x)= es
a) ¿En qué punto de la gráfica de f la recta tangente a ésta pasa por el origen de coordenadas?.
Halla la ecuación de dicha tangente.
b) Calcula el área del recinto acotado que está limitado por la gráfica de f, la recta tangente
obtenida y el eje de ordenadas.
MATEMÁTICAS Il. 2003. SEPTIEMBRE. EJERCICIO 2. OPCIÓN A."
MATES_II,Integrales,2004.0,Junio,Ejercicio 1 Opción A,"De la función f :(-1,+0)> RR se sabe que My= > y que f(2)=0.
(x+1)
a) Determina f.
b) Halla la primitiva de f cuya gráfica pasa por (0,1).
MATEMÁTICAS Il. 2004. JUNIO. EJERCICIO 1. OPCIÓN A."
MATES_II,Integrales,2004.0,Junio,Ejercicio 2 Opción B,"Determina b sabiendo que b>0 y que el área de la región limitada por la curva y=x? y la recta
y=bx esiguala >:
MATEMÁTICAS Il. 2004. JUNIO. EJERCICIO 2. OPCIÓN B."
MATES_II,Integrales,2004.0,Reserva 1,Ejercicio 1 Opción A,"21
Calcula ] —————— dx
Xx +2x-3
MATEMÁTICAS Il. 2004. RESERVA 1. EJERCICIO 1. OPCIÓN A."
MATES_II,Integrales,2004.0,Reserva 1,Ejercicio 2 Opción B,"Sea f:R>R la función definida por f(x)=(x-1):e”. Calcula la primitiva de f cuya
gráfica pasa por el punto(1,e?).
MATEMÁTICAS Il. 2004. RESERVA 1. EJERCICIO 2. OPCIÓN B."
MATES_II,Integrales,2004.0,Reserva 2,Ejercicio 1 Opción A,"9 1
dx
1
1+dx
a) Expresa la anterior integral definida aplicando el cambio de variables 1 + Jx =t.
b) Calcula I.
MATEMÁTICAS Il. 2004. RESERVA 2. EJERCICIO 1. OPCIÓN A."
MATES_II,Integrales,2004.0,Reserva 2,Ejercicio 1 Opción B,"1 2
Sea f : R=>-¡R la función definida por [0) == +ZX+1 .
a) Halla la ecuación de la recta tangente a la gráfica de f en un punto de la misma de ordenada
y =1, teniendo en cuenta que dicha recta tangente tiene pendiente negativa.
b) Calcula el área de la región del plano limitada por la gráfica de f, la recta tangente obtenida y
el eje de ordenadas.
MATEMÁTICAS Il. 2004. RESERVA 2. EJERCICIO 1. OPCIÓN B."
MATES_II,Integrales,2004.0,Reserva 3,Ejercicio 2 Opción A,"Considera las funciones f :(0,+0) >R y g: R >R definidas, respectivamente, por
fG9=Lnx y  g(x)=1-2*
siendo Ln x el logaritmo neperiano de x. Calcula el área del recinto limitado por las rectas x=1
y x=2 y las gráficas de f y g.
MATEMÁTICAS Il. 2004. RESERVA 3. EJERCICIO 2. OPCIÓN A."
MATES_II,Integrales,2004.0,Reserva 3,Ejercicio 2 Opción B,"Determina b sabiendo que b > 0 y que el área del recinto limitado por la parábola de ecuación
2
y= 6 x -») y los ejes coordenados es igual a 8.
MATEMÁTICAS Il. 2004. RESERVA 3. EJERCICIO 2. OPCIÓN B."
MATES_II,Integrales,2004.0,Reserva 4,Ejercicio 2 Opción A,"Considera la función f : R > IR definida por f(x)=x |x| .
a) Dibuja la región acotada del plano que está limitada por la gráfica de f y la bisectriz del
primer y tercer cuadrante.
b) Calcula el área de la región descrita en el apartado anterior.
MATEMÁTICAS Il. 2004. RESERVA 4. EJERCICIO 2. OPCIÓN A."
MATES_II,Integrales,2004.0,Reserva 4,Ejercicio 2 Opción B,"Considera la función f: R—>R definida por f(x)=e*+4e*.
a) Determina los intervalos de crecimiento y de decrecimiento de f y halla sus extremos absolutos
o globales (puntos en los que se obtienen y valores que alcanza la función).
b) Calcula el área del recinto limitado por la gráfica de f, el eje de abscisas y las rectas x=0 y
x=2.
MATEMÁTICAS Il. 2004. RESERVA 4. EJERCICIO 2. OPCIÓN B."
MATES_II,Integrales,2004.0,Septiembre,Ejercicio 2 Opción A,"Siendo Ln x el logaritmo neperiano de x, halla el área de la superficie sombreada.
MATEMÁTICAS Il. 2004. SEPTIEMBRE. EJERCICIO 2. OPCIÓN A."
MATES_II,Integrales,2004.0,Septiembre,Ejercicio 2 Opción B,"Calcula el área del recinto acotado que está limitado por la recta y=2x y por las curvas y=x?”
eya
y =>
MATEMÁTICAS Il. 2004. SEPTIEMBRE. EJERCICIO 2. OPCIÓN B."
MATES_II,Integrales,2005.0,Junio,Ejercicio 2 Opción A,"Se sabe que las dos gráficas del dibujo corresponden a la función f : R—>R definida por
f(9)=x?-e* ya su derivada f'.
a) Indica, razonando la respuesta, cuál es la gráfica de f y cuál la de f '.
b) Calcula el área de la región sombreada.
MATEMÁTICAS Il. 2005. JUNIO. EJERCICIO 2. OPCIÓN A."
MATES_II,Integrales,2005.0,Junio,Ejercicio 2 Opción B,"Considera la función f : R > R definida por f(x)= e
a) Halla la ecuación de la recta tangente a la gráfica de f en el punto de abscisa x=0.
b) Calcula el área de la región acotada que está limitada por la gráfica de f, la recta de ecuación
x=2 y la recta obtenida en (a).
MATEMÁTICAS HI. 2005. JUNIO. EJERCICIO 2. OPCIÓN B."
MATES_II,Integrales,2005.0,Reserva 1,Ejercicio 2 Opción A,"3,2
Calcula la integral ¡[PA
x2=x-2
MATEMÁTICAS II. 2005. RESERVA 1. EJERCICIO 2. OPCIÓN A."
MATES_II,Integrales,2005.0,Reserva 1,Ejercicio 2 Opción B,"Jax si 0<x<8
Se sabe que la función f: [0,+00] >R definida por: f(x)=3 x? 32
si x>8
x=
es continua en [0,+00).
a) Halla el valor de a.
10 .
b) Calcula j f (x)dx
0
MATEMÁTICAS II. 2005. RESERVA 1. EJERCICIO 2. OPCIÓN B."
MATES_II,Integrales,2005.0,Reserva 2,Ejercicio 2 Opción A,"2x+4 si x<0
(x-2Y si x>0
a) Calcula los puntos de corte de la gráfica de f con el eje de abscisas y esboza dicha gráfica.
b) Halla el área de la región acotada que está limitada por la gráfica de f y por el eje de
abscisas.
MATEMÁTICAS HI. 2005. RESERVA 2. EJERCICIO 2. OPCIÓN A."
MATES_II,Integrales,2005.0,Reserva 2,Ejercicio 2 Opción B,"0
Calcula j En(2+ x)dx , siendo Ln la función logaritmo neperiano.
MATEMÁTICAS I1. 2005. RESERVA 2. EJERCICIO 2. OPCIÓN B."
MATES_II,Integrales,2005.0,Reserva 3,Ejercicio 1 Opción A,"Se sabe que la gráfica de la función f: R—>R definida por f(x)=x*+ax?+bx+c es la que
aparece en el dibujo.
a) Determina f.
b) Calcula el área de la región sombreada.
J a
|
y 5
MATEMÁTICAS II. 2005. RESERVA 3. EJERCICIO 1. OPCIÓN A."
MATES_II,Integrales,2005.0,Reserva 3,Ejercicio 2 Opción B,"Sea f:R>R la función definida por f(x)=x'sen(2x). Calcula la primitiva de f cuya
gráfica pasa por el punto (0,1).
MATEMÁTICAS I1. 2005. RESERVA 3. EJERCICIO 2. OPCIÓN B."
MATES_II,Integrales,2005.0,Reserva 4,Ejercicio 2 Opción A,"Considera la función f : R—>R definida por f(x)=x?-5x+4.
a) Halla la ecuación de la recta tangente a la gráfica de fen el punto de abscisa x=3.
b) Calcula el área de la región acotada que está limitada por el eje de ordenadas, por la gráfica
de f y por la recta tangente obtenida.
MATEMÁTICAS Il. 2005. RESERVA 4. EJERCICIO 2. OPCIÓN A."
MATES_II,Integrales,2005.0,Reserva 4,Ejercicio 2 Opción B,"Calcula las siguientes integrales:
a) feos(5x +1)dx.
1
b) | >]— dx.
us Ñ
1
3x
c) S. x-e ""dx
MATEMÁTICAS II. 2005. RESERVA 4. EJERCICIO 2. OPCIÓN B."
MATES_II,Integrales,2005.0,Septiembre,Ejercicio 1 Opción A,"a) Determina f.
b) Calcula el área de la región limitada por la gráfica de f, por el eje de abscisas y por las rectas
x=2 y x=2
MATEMÁTICAS Il. 2005. SEPTIEMBRE. EJERCICIO 1. OPCIÓN A."
MATES_II,Integrales,2005.0,Septiembre,Ejercicio 2 Opción B,"TE ad
V1+x—1
a) Exprésala aplicando el cambio de variables Yl+x-—1l=t
b) Calcula I.
MATEMÁTICAS II. 2005. SEPTIEMBRE. EJERCICIO 2. OPCIÓN B."
MATES_II,Integrales,2006.0,Junio,Ejercicio 2 Opción A,"3
2
Sea I =f, ÓN
a) Expresa I aplicando el cambio de variables t=1+x?.
b) Calcula el valor de I.
MATEMÁTICAS II. 2006. JUNIO. EJERCICIO 2. OPCIÓN A."
MATES_II,Integrales,2006.0,Junio,Ejercicio 2 Opción B,"2
El área del recinto limitado por las curvas de ecuaciones y=— e y=wax ,con a >0, vale 3.
a
Calcula el valor de a.
MATEMÁTICAS II. 2006. JUNIO. EJERCICIO 2. OPCIÓN B."
MATES_II,Integrales,2006.0,Reserva 1,Ejercicio 2 Opción A,"e*—-1
x
x.e* si x<0
Sea f la función definida por f(x) -|
a) Estudia la derivabilidad de fen x=0 y, si es posible, calcula la derivada de f en dicho punto.
b) Calcula el área del recinto limitado por la gráfica de f, el eje de abscisas y la recta x =-1.
MATEMÁTICAS HI. 2006. RESERVA 1. EJERCICIO 2. OPCIÓN A."
MATES_II,Integrales,2006.0,Reserva 1,Ejercicio 2 Opción B,"a .
si x<-—l
Sea f: R>R la función definida por f(x)= =
x2+1 si x>-1
a) Halla el valor de a sabiendo que f es continua.
b) Esboza la gráfica de f.
c) Calcula el área del recinto limitado por la gráfica de f, el eje de abscisas y las rectas x+2=0
y x-2=0.
MATEMÁTICAS 11. 2006. RESERVA 1. EJERCICIO 2. OPCIÓN B."
MATES_II,Integrales,2006.0,Reserva 2,Ejercicio 1 Opción A,"a) Sea f:R>R la función dada por f(x)=ax?+b. Halla los valores de a y b sabiendo
IN f(x)dx =6 y que la pendiente de la recta tangente a la gráfica de la función f en el punto
de abscisa 3 vale —12.
b) Sea f: RR la función dada por f(x)=x?+ px+q.. Calcula los valores de p y q sabiendo
que la función f tiene un extremo en x=-—6 y su valor en él es —2.
MATEMÁTICAS Il. 2006. RESERVA 2. EJERCICIO 1. OPCIÓN A."
MATES_II,Integrales,2006.0,Reserva 2,Ejercicio 2 Opción A,"Calcula j (x?-1).e* dx
MATEMÁTICAS Il. 2006. RESERVA 2. EJERCICIO 2. OPCIÓN A."
MATES_II,Integrales,2006.0,Reserva 2,Ejercicio 2 Opción B,"Halla el área del recinto limitado por la gráfica de la función f(x)=senx y las rectas
tangentes a dicha gráfica en los puntos de abscisas x=0 y x= .
MATEMÁTICAS 11. 2006. RESERVA 2. EJERCICIO 2. OPCIÓN B."
MATES_II,Integrales,2006.0,Reserva 3,Ejercicio 2 Opción A,"Sea f :[0,4] >|R una función tal que su función derivada viene dada por
2
=- si 0<x<3
f(=
a) Determina la expresión de f sabiendo que f (1) = 2
b) Halla la ecuación de la recta tangente a la gráfica de f en el punto de abscisa x= 1.
MATEMÁTICAS Il. 2006. RESERVA 3. EJERCICIO 2. OPCIÓN A."
MATES_II,Integrales,2006.0,Reserva 3,Ejercicio 2 Opción B,"Sean las funciones f y g : [0,+00]>R, dadas por f(x)=x? ye) =k/x, donde A es un
número real positivo fijo. Calcula el valor de A sabiendo que el área del recinto limitado por
1
las gráficas de ambas funciones es 3
MATEMÁTICAS 11. 2006. RESERVA 3. EJERCICIO 2. OPCIÓN B."
MATES_II,Integrales,2006.0,Reserva 4,Ejercicio 2 Opción A,"Ln x si O<x<l
Ln(2-x) si 1<x<2
Sea f :(0,2)> KR la función definida por f(x) |
siendo Ln la función logaritmo neperiano.
a) Estudia la derivabilidad de fen el puntox=1.
15
b) Calcula f f(x) dx
MATEMÁTICAS II. 2006. RESERVA 4. EJERCICIO 2. OPCIÓN A."
MATES_II,Integrales,2006.0,Reserva 4,Ejercicio 2 Opción B,"15
1+x?
a) Haz un esbozo del recinto limitado por las curvas y =
ey=x*-1.
b) Calcula el área de dicho recinto.
MATEMÁTICAS II. 2006. RESERVA 4. EJERCICIO 2. OPCIÓN B."
MATES_II,Integrales,2006.0,Septiembre,Ejercicio 2 Opción A,"Calcula
y JR =x- xx 160,
22
5
b) far —3)-tg(x?-—3x)dx , siendo tg la función tangente.
MATEMÁTICAS II. 2006. SEPTIEMBRE. EJERCICIO 2. OPCIÓN A."
MATES_II,Integrales,2007.0,Junio,Ejercicio 2 Opción A,"Sean f:R=>R y g:R—>R las funciones definidas mediante
fG0)=x 7+3x? y g(x)=x+3
a) Esboza las gráficas de f y de g calculando sus puntos de corte.
b) Calcula el área de cada uno de los dos recintos limitados entre las gráficas de f y g.
MATEMÁTICAS Il. 2007. JUNIO. EJERCICIO 2. OPCIÓN A"
MATES_II,Integrales,2007.0,Junio,Ejercicio 2 Opción B,"Dada la función f:R=>R definida por f(x)=Ln(1+x?), halla la primitiva de f cuya gráfica
pasa por el origen de coordenadas (Ln denota la función logaritmo neperiano).
MATEMÁTICAS Il. 2007. JUNIO. EJERCICIO 2. OPCIÓN B"
MATES_II,Integrales,2007.0,Reserva 1,Ejercicio 2Opción A,"Considera las funciones f:R—>R y g:R > R definidas por
fo=e"" y guO=e""
a) Esboza las gráficas de f y de g y determina su punto de corte.
b) Calcula el área del recinto limitado por el eje OY y las gráficas de f y g.
MATEMÁTICAS Il. 2007. RESERVA 1. EJERCICIO 2.OPCIÓN A."
MATES_II,Integrales,2007.0,Reserva 2,Ejercicio 2Opción A,"Seal=f > 2 dx.
a) Expresa I haciendo el cambio de variablet =e*.
b) Calcula I.
MATEMÁTICAS Il. 2007. RESERVA 2. EJERCICIO 2.OPCIÓN A."
MATES_II,Integrales,2007.0,Reserva 2,Ejercicio 2Opción B,"Sea f :(-2,0)>R la función definida mediante f(x)=
a) Determina a. y B sabiendo que f es derivable.
b) Calcula 0 fG6) dx.
MATEMÁTICAS Il. 2007. RESERVA 2. EJERCICIO 2.OPCIÓN B."
MATES_II,Integrales,2007.0,Reserva 3,Ejercicio 2 Opción A,"e* si x>0
a) Determina el valor de ar sabiendo que f es derivable.
b) Haz un esbozo de la gráfica de f.
c) Calcula | l f(x dx.
MATEMÁTICAS II. 2007. RESERVA 3. EJERCICIO 2. OPCIÓN A."
MATES_II,Integrales,2007.0,Reserva 3,Ejercicio 2 Opción B,"Calcula
3x+4
a) J 1 dx
b) f: xcos2x dx
MATEMÁTICAS Il. 2007. RESERVA 3. EJERCICIO 2. OPCIÓN B."
MATES_II,Integrales,2007.0,Reserva 4,Ejercicio 2 Opción A,"Calcula fB>0 para que el área del recinto limitado por las gráficas de las funciones f:R=>R y
g: R >R definidas por
fG9=x? y £00)=-x ""+28?
sea 72 (unidades de área).
MATEMÁTICAS Il. 2007. RESERVA 4. EJERCICIO 2. OPCIÓN A."
MATES_II,Integrales,2007.0,Reserva 4,Ejercicio 2 Opción B,"Sea f: R=>R la función definida por f(x)=x?.
a) Determina la ecuación de la recta tangente a la gráfica de f en el punto de abscisa x=1.
b) Dibuja el recinto limitado por la gráfica de f, la recta tangente obtenida en el apartado
anterior y el eje OX. Calcula su área.
MATEMÁTICAS Il. 2007. RESERVA 4. EJERCICIO 2. OPCIÓN B."
MATES_II,Integrales,2007.0,Septiembre,Ejercicio 2 Opción A,"Sea f : R => IR la función definida por f(x)= x|x -2|.
a) Estudia la derivabilidad defen x=2.
b) Esboza la gráfica de f.
c) Calcula el área del recinto limitado por la gráfica de f y el eje de abscisas.
MATEMÁTICAS Il. 2007. SEPTIEMBRE. EJERCICIO 2. OPCIÓN A."
MATES_II,Integrales,2007.0,Septiembre,Ejercicio 2 Opción B,"Sea f :(-1,+0)> KR la función definida por f(x)=Ln(x+1).(Ln denota la función logaritmo
neperiano).
a) Determina la ecuación de la recta tangente a la gráfica de f en el punto de abscisa x=0.
b) Calcula el área del recinto limitado por la gráfica de f, la recta tangente obtenida en el
apartado anterior y la recta x=1.
MATEMÁTICAS HL. 2007. SEPTIEMBRE. EJERCICIO 2. OPCIÓN B."
MATES_II,Integrales,2008.0,Junio,Ejercicio 2 Opción A,"2 (x2-xXMx-1)
MATEMÁTICAS Il. 2008. JUNIO. EJERCICIO 2. OPCIÓN A"
MATES_II,Integrales,2008.0,Junio,Ejercicio 2 Opción B,"Sea f : R=>R la función dada por f(x)=e >”
a) Justifica que la recta de ecuación y =-—2ex es la recta tangente a la gráfica de f en el punto de
. 1
abscisa x=-—-=—.
b) Calcula el área del recinto limitado por la gráfica de f, el eje de ordenadas y la recta tangente del
apartado anterior.
MATEMÁTICAS Il. 2008. JUNIO. EJERCICIO 2. OPCIÓN B"
MATES_II,Integrales,2008.0,Reserva 1,Ejercicio 1 Opción B,"Sea f:|R=>R la función definida por f(x)=ax*+bx”*+cx+d
Se sabe que tiene un máximo local en x=1, que el punto (0,1) es un punto de inflexión de su
1
gráfica y que f (x)dx == Calcula a, b, c y d.
0
MATEMÁTICAS I1. 2008. RESERVA 1. EJERCICIO 1. OPCIÓN B."
MATES_II,Integrales,2008.0,Reserva 1,Ejercicio 2Opción A,"Dadas las funciones f : [0,+00) OR y g: [0,+00) > R definidas por
f09=/x y eo)=3Yx
calcula el área del recinto limitado por las gráficas de f y g.
MATEMÁTICAS Il. 2008. RESERVA 1. EJERCICIO 2.OPCIÓN A."
MATES_II,Integrales,2008.0,Reserva 1,Ejercicio 2Opción B,"Sea g:(0,+0)> ¡R la función dada por g(x)=In x (In x denota logaritmo neperiano).
a) Justifica que la recta de ecuación y=—x es la recta tangente a la gráfica de g en el punto de
e
abscisa x=€.
b) Calcula el área del recinto limitado por la gráfica de g, el eje de abscisas y la recta tangente
del apartado anterior.
MATEMÁTICAS Il. 2008. RESERVA 1. EJERCICIO 2.OPCIÓN B."
MATES_II,Integrales,2008.0,Reserva 2,Ejercicio 2Opción A,"Sean f:R=>R y g: R>R las funciones definidas mediante
f()=x*-4x y g(0)=3x-6
a) Determina los puntos de corte de las gráficas de f y g.
b) Calcula el área del recinto limitado por dichas gráficas.
MATEMÁTICAS Il. 2008. RESERVA 2. EJERCICIO 2.OPCIÓN A."
MATES_II,Integrales,2008.0,Reserva 2,Ejercicio 2 Opción B,"1
Calcula f xIn(x+1)dx .
0
MATEMÁTICAS Il. 2008. RESERVA 2. EJERCICIO 2. OPCIÓN B."
MATES_II,Integrales,2008.0,Reserva 3,Ejercicio 1 Opción B,"x|x| si x<2
Sea f: R> R la función definida por: f(x) -|
6—x si x>2
a) Esboza la gráfica de f.
b) Estudia la derivabilidad de f.
c) Calcula el área comprendida entre la gráfica de f y el eje de abscisas.
MATEMÁTICAS Il. 2008. RESERVA 3. EJERCICIO 1. OPCIÓN B."
MATES_II,Integrales,2008.0,Reserva 3,Ejercicio 2 Opción A,"6
2 6 37? 2
A j xax+f (6-xdax= [El +4 6-2 8 1(66-18)-(2-2)=% y?
0 2 3 o 2 3 3
2
Sean f:R>R y g:|¡R=>R las funciones dadas por
fG9=x? y g(1)=a (con a>0)
Se sabe que el área del recinto limitado por las gráficas de las funciones f y g es - Calcula el
valor de la constante a.
MATEMÁTICAS II. 2008. RESERVA 3. EJERCICIO 2. OPCIÓN A."
MATES_II,Integrales,2008.0,Reserva 3,Ejercicio 2 Opción B,"Calcula f x? In xdx.
1
MATEMÁTICAS Il. 2008. RESERVA 3. EJERCICIO 2. OPCIÓN B."
MATES_II,Integrales,2008.0,Reserva 4,Ejercicio 2 Opcion A,"Considera las funciones f : (0.5) >R y 2:(0,+0)>kR definidas por
t9=2 E y e()=x Inx
Bx
a) Halla la primitiva de f que tima el valor 1 cuando x = eS
(Se puede hacer el cambio de variable t=cos x).
b) Calcula j g(x) dx
MATEMÁTICAS II. 2008. RESERVA 4. EJERCICIO 2. OPCION A."
MATES_II,Integrales,2008.0,Reserva 4,Ejercicio 2Opción B,"Sea g:|R—> ¡KR la función dada por ES
a) Esboza la gráfica de g.
b) Determina la ecuación de la recta tangente a la gráfica de g en el punto de abscisa x=2.
b) Calcula el área del recinto limitado por la gráfica de g y el eje de abscisas.
MATEMÁTICAS Il. 2008. RESERVA 4. EJERCICIO 2.OPCIÓN B."
MATES_II,Integrales,2008.0,Septiembre,Ejercicio 2 Opción A,"Dada la función g:R —>R definida por g(x)= 2x+| x?-1 | .
a) Esboza la gráfica de g.
2
c) Calcula J g(x) dx .
0
MATEMÁTICAS Il. 2008. SEPTIEMBRE. EJERCICIO 2. OPCIÓN A."
MATES_II,Integrales,2008.0,Septiembre,Ejercicio 2 Opción B,"Sean f:R=>R y g: R=>R las funciones definidas por
fG0O9=x?*-1, g(x)=2x+2
a) Esboza las gráficas de f y g.
b) Calcula el área del recinto limitado por dichas gráficas.
MATEMÁTICAS Il. 2008. SEPTIEMBRE. EJERCICIO 2. OPCIÓN B."
MATES_II,Integrales,2009.0,Junio,Ejercicio 2 Opción A,"Sea f: R=>R la función definida por f(x) = x| x—1 .
a) Esboza la gráfica de f.
b) Comprueba que la recta de ecuación y=x es la recta tangente a la gráfica de f en el punto
de abscisa x=0.
c) Calcula el área del recinto limitado por la gráfica de f y la de dicha tangente.
MATEMÁTICAS Il. 2009. JUNIO. EJERCICIO 2. OPCIÓN A."
MATES_II,Integrales,2009.0,Junio,Ejercicio 2 Opción B,"Considera la curva de ecuación y=x*-3x.
a) Halla la recta tangente a la curva en el punto de abscisa x =-1.
b) Calcula el área del recinto limitado por la curva dada y la recta y=2.
MATEMÁTICAS II. 2009. JUNIO. EJERCICIO 2. OPCIÓN B"
MATES_II,Integrales,2009.0,Reserva 1,Ejercicio 2 Opción A,"Considera las funciones f,g: R —>R definidas por f(x)= | xl, g(x)=6-=x”
a) Esboza el recinto limitado por sus gráficas.
b) Calcula el área de dicho recinto.
MATEMÁTICAS Il. 2009. RESERVA 1. EJERCICIO 2. OPCIÓN A."
MATES_II,Integrales,2009.0,Reserva 1,Ejercicio 2 Opción B,"La recta tangente a la gráfica de la función f : R—>R, definida por f(x)=mx*+nx-3,en el
punto(1,—6),es paralela a la recta de ecuación y=-—x
a) Determina las constantes m y n. Halla la ecuación de dicha recta tangente.
b) Calcula el área del recinto limitado por la gráfica de la función, la recta tangente anterior y
el eje de ordenadas.
MATEMÁTICAS I1. 2009. RESERVA 1. EJERCICIO 2. OPCIÓN B."
MATES_II,Integrales,2009.0,Reserva 2,Ejercicio 2 Opción A,"Sea f :(0,+0)> ¡R la función definida por f(x)=1+In(x), siendo ln la función logaritmo
neperiano.
1
a) Comprueba que la recta de ecuación y=1+—x es la recta tangente a la gráfica de f en el
e
punto de abscisa x=€.
b) Calcula el área del recinto limitado por la gráfica de f, el eje de abscisas y la recta tangente
obtenida en el apartado anterior.
MATEMÁTICAS Il. 2009. RESERVA 2. EJERCICIO 2. OPCIÓN A."
MATES_II,Integrales,2009.0,Reserva 2,Ejercicio 2 Opción B,"Se consideran las funciones f : [0,+0w0]>|R y g:R>kR definidas por f(x)=-/3x y
Ll:
3
a) Haz un esbozo de sus gráficas
b) Calcula el área del recinto limitado por las gráficas de ambas funciones.
MATEMÁTICAS Il. 2009. RESERVA 2. EJERCICIO 2. OPCIÓN B."
MATES_II,Integrales,2009.0,Reserva 3,Ejercicio 2 Opcion A,"a) Calcula j x «sen x dx
b) Sean las funciones f,g: |R—> |R, definidas por:
fG0O9=-=x*%+1 5 g(x)=x-1
Calcula el área del recinto limitado por sus gráficas.
MATEMÁTICAS II. 2009. RESERVA 3. EJERCICIO 2. OPCION A."
MATES_II,Integrales,2009.0,Reserva 3,Ejercicio 2 Opción B,"Las dos gráficas del dibujo corresponden a la función f :(0,+0) >R definida por
£00=2+2mn00
Xx
y a la de su derivada f':(0,+0) > |R
a) Indica, razonando la respuesta, cuál es la gráfica de f y cuál la def”.
b) Calcula el área de la región sombreada.
MATEMÁTICAS Il. 2009. RESERVA 3. EJERCICIO 2. OPCIÓN B."
MATES_II,Integrales,2009.0,Reserva 4,Ejercicio 2 Opcion A,"Sean f:R=>R y g: R=>R las funciones definidas por: f(x)= x?+| x y g(x)=2
a) Determina los puntos de corte de las gráficas de f y g. Esboza dichas gráficas.
b) Calcula el área del recinto limitado por dichas gráficas.
MATEMÁTICAS II. 2009. RESERVA 4. EJERCICIO 2. OPCION A."
MATES_II,Integrales,2009.0,Reserva 4,Ejercicio 2 Opción B,"Calcula un número positivo a, menor que 4, para que el recinto limitado por la parábola de
0, . ; 28 .
ecuación y=x” y las dos rectas de ecuaciones y=4 e y=a, tenga un área de 3 unidades
cuadradas.
MATEMÁTICAS II. 2009. RESERVA 4. EJERCICIO 2. OPCIÓN B."
MATES_II,Integrales,2009.0,Septiembre,Ejercicio 2 Opción A,"1
La curva y=0 divide al rectángulo de vértices A=(0,0), B=(2,0), C =(2,1) y D=(0,1) en
dos recintos.
a) Dibuja dichos recintos.
b) Halla el área de cada uno de ellos
MATEMÁTICAS II. 2009. SEPTIEMBRE. EJERCICIO 2. OPCIÓN A."
MATES_II,Integrales,2009.0,Septiembre,Ejercicio 2 Opción B,"x
J4-9x*
Halla la primitiva F de f que cumpleF(0)=3. (Sugerencia: utiliza el cambio de variable
Sea f la función definida por f(x)=
32
t==x*).
2 )
MATEMÁTICAS Il. 2009. SEPTIEMBRE. EJERCICIO 2. OPCIÓN B."
MATES_II,Integrales,2010.0,Junio,Ejercicio 2 Opción A,"2
Calcula j sen(y/ x) dx.
0
Sugerencia: Efectúa el cambio Vx =t
MATEMÁTICAS Il. 2010. JUNIO. EJERCICIO 2. OPCIÓN A"
MATES_II,Integrales,2010.0,Junio,Ejercicio 2 Opcion B,"Considera la función f dada por f(x)=5-x yla función g definida como g(x)= 2 para
x
xxX0.
a) Esboza el recinto limitado por las gráficas de f y gindicando sus puntos de corte.
b) Calcula el área de dicho recinto.
MATEMÁTICAS II. 2010. JUNIO. EJERCICIO 2. OPCION B."
MATES_II,Integrales,2010.0,Reserva 1,Ejercicio 2 Opcion A,"Considera las funciones f,g: R—>R definidas por: f(x)=2—x?” y g(x) =| x |
a) Esboza sus gráficas en unos mismos ejes coordenados.
b) Calcula el área del recinto limitado por las gráficas de f y g.
MATEMÁTICAS II. 2010. RESERVA 1. EJERCICIO 2. OPCION A."
MATES_II,Integrales,2010.0,Reserva 1,Ejercicio 2 Opción B,"Dada la función f:(0,+0)=>R definida por f(x)=Inx, donde In es la función logaritmo
neperiano, se pide:
a) Comprueba que la recta de ecuación y==-ex+1l+e? es la recta normal a la gráfica de f en el
punto de abscisa x=6.
b) Calcula el área de la región limitada por la gráfica de f, el eje de abscisas y la recta normal del
apartado (a).
MATEMÁTICAS Il. 2010. RESERVA 1. EJERCICIO 2. OPCIÓN B"
MATES_II,Integrales,2010.0,Reserva 2,Ejercicio 2 Opción A,"Sea f :(-2,+0)> IR la función definida por f(x)=1n(x+2). Halla una primitiva F de f que
verifique F(0)=0. (In denota logaritmo neperiano).
MATEMÁTICAS II. 2010. RESERVA 2. EJERCICIO 2. OPCIÓN A."
MATES_II,Integrales,2010.0,Reserva 2,Ejercicio 2 Opción B,"Calcula el valor de a>0 sabiendo que el área del recinto comprendido entre la parábola
y=x*+ax yla recta y+x=0 vale 36 unidades cuadradas.
MATEMÁTICAS Il. 2010. RESERVA 2. EJERCICIO 2. OPCIÓN B."
MATES_II,Integrales,2010.0,Reserva 3,Ejercicio 2 Opción A,"Dada la función f definida por f(x)= para xx*1l y x%4. Calcula el área del recinto
x2-5x+4
limitado por la gráfica de f, el eje de abscisas, y las rectas x=2,x=3.
MATEMÁTICAS Il. 2010. RESERVA 3. EJERCICIO 2. OPCIÓN A."
MATES_II,Integrales,2010.0,Reserva 3,Ejercicio 2 Opción B,"Considera la función f : R >| definida por f(x)= xl 2—x | .
a) Esboza su gráfica.
b) Calcula el área del recinto limitado por la gráfica de f, el eje de abscisas y la recta de ecuación
x=3.
MATEMÁTICAS Il. 2010. RESERVA 3. EJERCICIO 2. OPCIÓN B."
MATES_II,Integrales,2010.0,Reserva 4,Ejercicio 2 Opción A,"Sea la función f dada por f(x)= z para x%-1 y x%0. Determina una primitiva F de f
XxX +x
tal que F(1)=1.
MATEMÁTICAS Il. 2010. RESERVA 4. EJERCICIO 2. OPCIÓN A."
MATES_II,Integrales,2010.0,Reserva 4,Ejercicio 2 Opción B,"1
Sean f,g: R > R las funciones definidas por f(x)=x*-2x+3 y £09= +1.
a) Esboza las gráficas de f y g, y halla su punto de corte.
b) Calcula el área del recinto limitado por las gráficas de ambas funciones y el eje de ordenadas.
MATEMÁTICAS Il. 2010. RESERVA 4. EJERCICIO 2. OPCIÓN B"
MATES_II,Integrales,2010.0,Septiembre,Ejercicio 2 Opción A,"Calcula I =/
SÍ dx
l+Wye7 *
a) Expresa I haciendo el cambio de variable t?=e""*.
b) Determina I.
MATEMÁTICAS II. 2010. SEPTIEMBRE. EJERCICIO 2. OPCIÓN A"
MATES_II,Integrales,2010.0,Septiembre,Ejercicio 2 Opción B,"Considera la función f : R—>R dada por f(x)=x?+4.
a) Halla la ecuación de la recta tangente a la gráfica de fen el punto de abscisa x=1.
b) Esboza el recinto limitado por la gráfica de f, el eje de ordenadas y la recta de ecuación
y =2x +3. Calcula su área.
MATEMÁTICAS Il. 2010. SEPTIEMBRE. EJERCICIO 2. OPCIÓN B."
MATES_II,Integrales,2011.0,Junio,Ejercicio 2 Opción A,"Sea f (1,40) >R la función definida por f(x)=In(x+1), donde ln denota la función
logaritmo neperiano.
a) Esboza el recinto limitado por la gráfica de f, el eje OY y la recta y=1. Calcula los puntos
de corte de las gráficas.
b) Halla el área del recinto anterior
MATEMÁTICAS 11. 2011. JUNIO. EJERCICIO 2. OPCIÓN A."
MATES_II,Integrales,2011.0,Junio,Ejercicio 2 Opción B,"Halla: latos dx
(e*-IX(e*+1)
Sugerencia: efectúa el cambio de variable t =e*
MATEMÁTICAS H. 2011. JUNIO. EJERCICIO 2. OPCIÓN B."
MATES_II,Integrales,2011.0,Reserva 1,Ejercicio 2 Opción A,"Determina la función f :(0,+0)>¡R tal que f''(x)=— y su gráfica tiene tangente horizontal
x
en el punto P(1,1).
MATEMÁTICAS Il. 2011. RESERVA 1. EJERCICIO 2. OPCIÓN A."
MATES_II,Integrales,2011.0,Reserva 1,Ejercicio 2 Opción B,"3 2
Calcula 5 dx
x2+x-2
MATEMÁTICAS II. 2011. RESERVA 1. EJERCICIO 2. OPCIÓN B"
MATES_II,Integrales,2011.0,Reserva 2,Ejercicio 2 Opción A,"Calcula el valor de b>0, sabiendo que el área de la región comprendida entre la curva y= Vx
y la recta y=bx es de - unidades cuadradas.
MATEMÁTICAS Il. 2011. RESERVA 2. EJERCICIO 2. OPCIÓN A."
MATES_II,Integrales,2011.0,Reserva 2,Ejercicio 2 Opción B,"Sea f:(0,+0)> IR la función definida por f(x)=x(1—In(x)), donde In denota la función
logaritmo neperiano. Determina la primitiva de f cuya gráfica pasa por el puntoP (1,1).
MATEMÁTICAS 11. 2011. RESERVA 2. EJERCICIO 2. OPCIÓN B."
MATES_II,Integrales,2011.0,Reserva 3,Ejercicio 2 Opción A,"Sean f:R>R y g:R > Rlas funciones definidas por: f(x) =4-3|x |y e(x)=x?.
a) Esboza las gráficas de f y g. Determina sus puntos de corte.
b) Calcula el área del recinto limitado por las gráficas de f y g.
MATEMÁTICAS Il. 2011. RESERVA 3. EJERCICIO 2. OPCIÓN A"
MATES_II,Integrales,2011.0,Reserva 3,Ejercicio 2 Opción B,"Calcula J X Cos Xx dx
0
MATEMÁTICAS Il. 2011. RESERVA 3. EJERCICIO 2. OPCIÓN B."
MATES_II,Integrales,2011.0,Reserva 4,Ejercicio 2 Opción A,"Calcula un número positivo a, menor que 2, para que el recinto limitado por la parábola de
ecuación y y las dos rectas horizontales de ecuaciones y=a e y=2,tenga un área de
_ unidades cuadradas.
MATEMÁTICAS Il. 2011. RESERVA 4. EJERCICIO 2. OPCIÓN A."
MATES_II,Integrales,2011.0,Reserva 4,Ejercicio 2 Opción B,"Dada la función f : R>R definida por f(x)=-2x*+3x-1
a) Prueba que las rectas y=-x+1 e y=3x-1 son tangentes a su gráfica.
b) Halla el área del recinto limitado por la gráfica de f y las rectas mencionadas en el apartado
anterior.
MATEMÁTICAS Il. 2011. RESERVA 4. EJERCICIO 2. OPCIÓN B."
MATES_II,Integrales,2011.0,Septiembre,Ejercicio 2 Opción A,"Considera las funciones f,g: R—>R definidas por f(x)=6x—x? y g(x)=x*-2x.
a) Esboza sus gráficas en unos mismos ejes coordenados y calcula sus puntos de corte.
b) Calcula el área del recinto limitado por las gráficas de f y g.
MATEMÁTICAS 11. 2011. SEPTIEMBRE. EJERCICIO 2. OPCIÓN A."
MATES_II,Integrales,2011.0,Septiembre,Ejercicio 2 Opción B,"1
Sean f,g: R=>R las funciones definidas por [09 == +4 y e(x)=x*-1.
a) Halla la ecuación de la recta tangente a la gráfica de fen el punto de abscisa x =-2.
b) Esboza el recinto limitado por las gráficas de ambas funciones y la recta y=x+5. Calcula
el área de este recinto.
MATEMÁTICAS II. 2011. SEPTIEMBRE. EJERCICIO 2. OPCIÓN B."
MATES_II,Integrales,2012.0,Junio,Ejercicio 2 Opción A,"Sea f una función continua en el intervalo [2,3] y F una función primitiva de f tal que, F(2)=1
y F(3)=2.Calcula:
a) J f (0 dx
KE f (9-7) dx
3
0) J (EG9)'- £G69dx
2
MATEMÁTICAS II. 2012. JUNIO. EJERCICIO 2. OPCIÓN A"
MATES_II,Integrales,2012.0,Junio,Ejercicio 2 Opción B,"2
¡ Para x*-1lyxxrl.
Sea la función f definida por f(x)==
x
a) Halla una primitiva de f.
b) Calcula el valor de k para que el área del recinto limitado por el eje de abscisas y la gráfica de
f en el intervalo [2,x] sea In2, donde ln denota el logaritmo neperiano.
MATEMÁTICAS HI. 2012. JUNIO. EJERCICIO 2. OPCIÓN B."
MATES_II,Integrales,2012.0,Reserva 1,Ejercicio 2 Opción A,"Sean f,g:|R>=>R las funciones definidas por: f(x)=sen x y g(x)=c0s x , respectivamente.
a) Realiza un esbozo de las gráficas de f y g en el inter valo [o , :] .
b) Calcula el área total de los recintos limitados por ambas gráficas y las rectas x=0 y x =5
MATEMÁTICAS Il. 2012. RESERVA 1. EJERCICIO 2. OPCIÓN A."
MATES_II,Integrales,2012.0,Reserva 1,Ejercicio 2 Opción B,"Sea f la función f:R—>R definida por f(x)=x”c0sx. Determina la primitiva de f cuya
gráfica pasa por el punto (1,0).
MATEMÁTICAS I1. 2012. RESERVA 1. EJERCICIO 2. OPCIÓN B."
MATES_II,Integrales,2012.0,Reserva 2,Ejercicio 2 Opción A,"a) Halla la ecuación de la recta tangente a la gráfica de fen el punto de abscisa x=1.
b) Esboza el recinto limitado por la gráfica de f y la recta y =-—x-—2, determinando los puntos
de corte de ambas gráficas.
c) Calcula el área del recinto anterior.
MATEMÁTICAS II. 2012. RESERVA 2. EJERCICIO 2. OPCIÓN A."
MATES_II,Integrales,2012.0,Reserva 2,Ejercicio 2 Opción B,"Sea f,g:R>R las funciones definidas por: f(x)=x*-2x y 20)=-=x*+4x,
respectivamente.
a) Halla los puntos de corte de sus gráficas y realiza un esbozo del recinto que limitan.
b) Calcula el área de dicho recinto.
MATEMÁTICAS II. 2012. RESERVA 2. EJERCICIO 2. OPCIÓN B."
MATES_II,Integrales,2012.0,Reserva 3,Ejercicio 2 Opción A,"Se considera el recinto del plano situado en el primer cuadrante limitado por las rectas y=4x,
y=8-4x y lacurva y=2x-x?.
a) Realiza un esbozo de dicho recinto.
b) Calcula su área.
MATEMÁTICAS II. 2012. RESERVA 3. EJERCICIO 2. OPCIÓN A."
MATES_II,Integrales,2012.0,Reserva 3,Ejercicio 2 Opción B,"Calcula los valores de a y b sabiendo que la función f:(0,+0)>IR definida por
f()=ax? +bIn(x), donde In denota la función logaritmo neperiano, tiene un extremo relativo
4
en x=1 y que f f (dx =27—81n4.
1
MATEMÁTICAS Il. 2012. RESERVA 3. EJERCICIO 2. OPCIÓN B."
MATES_II,Integrales,2012.0,Reserva 4,Ejercicio 2 Opción A,"=x
Sea la función f:R—>¡R definida por f(x)=(1-x?)e
. Determina la primitiva de f cuya
gráfica pasa por el punto(—1,0).
MATEMÁTICAS HI. 2012. RESERVA 4. EJERCICIO 2. OPCIÓN A."
MATES_II,Integrales,2012.0,Reserva 4,Ejercicio 2 Opción B,"2
Sean las funciones f:R>R y g:(0,+0)>I¡R definidas por t9= y e(x)=2/x
respectivamente.
a) Halla los puntos de corte de las gráficas de f y g. Realiza un esbozo del recinto que limitan.
b) Calcula el área de dicho recinto.
MATEMÁTICAS Il. 2012. RESERVA 4. EJERCICIO 2. OPCIÓN B."
MATES_II,Integrales,2012.0,Septiembre,Ejercicio 2 Opción A,"dx.
! x
Sea I =/ ——
o1+./1-x
a) Expresa la integral I aplicando el cambio de variable t=,/1—x.
b) Calcula el valor de I.
MATEMÁTICAS I1. 2012. SEPTIEMBRE. EJERCICIO 2. OPCIÓN A"
MATES_II,Integrales,2012.0,Septiembre,Ejercicio 2 Opción B,"2
Sea f: R=>R la función definida por f(x)= 22%
a) Halla la ecuación de la recta tangente a la gráfica de fen el punto de abscisa x=1.
b) Esboza el recinto limitado por la gráfica de f, la recta x+2y=5 y el eje de abscisas. Calcula el
área de dicho recinto.
MATEMÁTICAS Il. 2012. SEPTIEMBRE. EJERCICIO 2. OPCIÓN B"
MATES_II,Integrales,2013.0,Junio,Ejercicio 2 Opción A,"Sean f:R>R y g:R=R las funciones definidas mediante
fCo0=|x(x-2)]| y e) =x+4
a) Esboza las gráficas de f y g sobre los mismos ejes. Calcula los puntos de corte entre ambas
gráficas.
b) Calcula el área del recinto limitado por gráficas de f y g.
MATEMÁTICAS Il. 2013. JUNIO. EJERCICIO 2. OPCIÓN A."
MATES_II,Integrales,2013.0,Junio,Ejercicio 2 Opción B,"Calcula la primitiva de g cuya gráfica pasa por el origen de coordenadas.
MATEMÁTICAS Il. 2013. JUNIO. EJERCICIO 2. OPCIÓN B"
MATES_II,Integrales,2013.0,Reserva 1,Ejercicio 2 Opción A,"De la función f:R=>R definida por f(x)=ax*+bx*+cx+d se sabe que tiene un máximo
5
relativo en x=1, un punto de inflexión en (0,0) y que f, f (x)dx = 4 Calcula a, b,c y d.
MATEMÁTICAS HI. 2013. RESERVA 1. EJERCICIO 2. OPCIÓN A."
MATES_II,Integrales,2013.0,Reserva 1,Ejercicio 2 Opción B,"4
Calcula TG
¿X—6x+5
MATEMÁTICAS I1. 2013. RESERVA 1. EJERCICIO 2. OPCIÓN B."
MATES_II,Integrales,2013.0,Reserva 2,Ejercicio 2 Opción A,"Hala f x+l dx . Sugerencia: se puede hacer el cambio de variable t = NES
1+/x
MATEMÁTICAS HI. 2013. RESERVA 2. EJERCICIO 2. OPCIÓN A"
MATES_II,Integrales,2013.0,Reserva 2,Ejercicio 2 Opción B,"Sea g:(0,+0)>¡R la función definida por g(x)= | In x | (donde In denota el logaritmo
neperiano).
a) Esboza el recinto limitado por la gráfica de g y la recta y=1. Calcula los puntos de corte
entre ellas.
b) Calcula el área del recinto anterior.
MATEMÁTICAS II. 2013. RESERVA 2. EJERCICIO 2. OPCIÓN B"
MATES_II,Integrales,2013.0,Reserva 3,Ejercicio 2 Opción A,"Sea g:(0,+0)> R la función definida por g(x)= L_
Ja
Determina la primitiva de g cuya gráfica pasa por el punto P(1,0). Sugerencia: se puede hacer
el cambio de variable t = NES
MATEMÁTICAS II. 2013. RESERVA 3. EJERCICIO 2. OPCIÓN A"
MATES_II,Integrales,2013.0,Reserva 3,Ejercicio 2 Opción B,"T
Calcula j: x sen(2x) dx
0
MATEMÁTICAS I1. 2013. RESERVA 3. EJERCICIO 2. OPCIÓN B"
MATES_II,Integrales,2013.0,Reserva 4,Ejercicio 2 Opción A,"Sean f y g las funciones definidas por f(x)=2-—x y g(x)= — para xx%-—1.
x+
a) Calcula los puntos de corte entre las gráficas de f y g.
b) Esboza las gráficas de f y g sobre los mismos ejes.
c) Halla el área del recinto limitado por las gráficas de f y g.
MATEMÁTICAS Il. 2013. RESERVA 4. EJERCICIO 2. OPCIÓN A"
MATES_II,Integrales,2013.0,Reserva 4,Ejercicio 2 Opción B,"4 x
Calcula f —Ñ— ax. Sugerencia: se puede hacer el cambio de variable t=./e*.
2 14+ye*
MATEMÁTICAS Il. 2013. RESERVA 4. EJERCICIO 2. OPCIÓN B"
MATES_II,Integrales,2013.0,Septiembre,Ejercicio 2 Opción A,"a) Determina la función f:R—>R tal que f'(x)=(2x+1)e ""* y su gráfica pasa por el origen
de coordenadas.
b) Calcula la recta tangente a la gráfica de f en el punto de abscisa x=0.
MATEMÁTICAS Il. 2013. SEPTIEMBRE. EJERCICIO 2. OPCIÓN A"
MATES_II,Integrales,2013.0,Septiembre,Ejercicio 2 Opción B,"Sea g:R>—>R la función definida por g(x)=-x?*+6x-5.
a) Halla la ecuación de la recta normal a la gráfica de g en el punto de abscisa x=4.
b) Esboza el recinto limitado por la gráfica de g, la recta x-2y+2=0. Calcula el área de este
recinto.
MATEMÁTICAS Il. 2013. SEPTIEMBRE. EJERCICIO 2. OPCIÓN B"
MATES_II,Integrales,2014.0,Junio,Ejercicio 2 Opción A,"Sean f:R>R y g:R=>R las funciones definidas respectivamente por
mE -
ro=lA y 20
1+x?
a) Esboza las gráficas de f y g sobre los mismos ejes y calcula los puntos de corte entre ambas
gráficas.
b) Calcula el área del recinto limitado por las gráficas de f y g.
MATEMÁTICAS Il. 2014. JUNIO. EJERCICIO 2. OPCIÓN A"
MATES_II,Integrales,2014.0,Junio,Ejercicio 2 Opción B,"Sea f la función definida por f(x)=xIn(x+1) para x>-—1 (In denota el logaritmo neperiano).
Determina la primitiva de f cuya gráfica pasa por el punto (1,0).
MATEMÁTICAS Il. 2014. JUNIO. EJERCICIO 2. OPCIÓN B."
MATES_II,Integrales,2014.0,Reserva 1,Ejercicio 2 Opción A,"Determina una función derivable f : IR —>|R sabiendo que f(1)=-1 y que
x?-2x si x<0
f'0)=
e*-1 si x>0
MATEMÁTICAS Il. 2014. RESERVA 1. EJERCICIO 2. OPCIÓN A."
MATES_II,Integrales,2014.0,Reserva 1,Ejercicio 2 Opción B,"Considera el recinto limitado por las siguientes curvas: y=x? , y=2-x? , y=4
a) Haz un esbozo del recinto y calcula los puntos de corte de las curvas.
b) Calcula el área del recinto.
MATEMÁTICAS II. 2014. RESERVA 1. EJERCICIO 2. OPCIÓN B"
MATES_II,Integrales,2014.0,Reserva 2,Ejercicio 2 Opción A,"1
In(4—x) dx .
1
Calcula j
MATEMÁTICAS Il. 2014. RESERVA 2. EJERCICIO 2. OPCIÓN A"
MATES_II,Integrales,2014.0,Reserva 2,Ejercicio 2 Opción B,"Sea f: R=>R la función definida por f(x)=-x?+2x+3
a) Calcula la ecuación de la recta tangente a la gráfica de fen el punto de abscisa x=2.
b) Esboza el recinto limitado por la gráfica de f, la recta 2x + y—-7=0 y el eje OX, calculando
los puntos de corte.
c) Halla el área del recinto descrito en el apartado anterior.
MATEMÁTICAS Il. 2014. RESERVA 2. EJERCICIO 2. OPCIÓN B"
MATES_II,Integrales,2014.0,Reserva 3,Ejercicio 2 Opción A,"Sea f: R=>R la función definida por f(x)=x*-3x*-x+3.
a) Halla, si existe, el punto de la gráfica de f en el que la recta tangente es y=3—x.
b) Calcula el área del recinto limitado por la gráfica de f y la recta del apartado anterior.
MATEMÁTICAS Il. 2014. RESERVA 3. EJERCICIO 2. OPCIÓN A."
MATES_II,Integrales,2014.0,Reserva 3,Ejercicio 2 Opción B,"Sea f :(-1,3)>R la función definida por f(x)= Y . Determina la primitiva de f
(x+ D(x —3)
cuya gráfica pasa por el punto (1,0).
MATEMÁTICAS Il. 2014. RESERVA 3. EJERCICIO 2. OPCIÓN B."
MATES_II,Integrales,2014.0,Reserva 4,Ejercicio 2 Opción A,"Calcula j
dx
————— (Sugerencia: cambio de variable t=./x)
2x(x+y/x) $ Y
MATEMÁTICAS II. 2014. RESERVA 4. EJERCICIO 2. OPCIÓN A"
MATES_II,Integrales,2014.0,Reserva 4,Ejercicio 2 Opción B,"Sea f: R>R la función definida por f(x)=e*-cosx
a) Calcula la ecuación de la recta tangente a la gráfica de f en el punto de abscisa x=0.
b) Calcula la primitiva de f cuya gráfica pasa por el punto (0,0)
MATEMÁTICAS Il. 2014. RESERVA 4. EJERCICIO 2. OPCIÓN B."
MATES_II,Integrales,2014.0,Septiembre,Ejercicio 2 Opción A,"2
! x
Calcula j == ———— dx.
o 2x?-2x-4
MATEMÁTICAS II. 2014. SEPTIEMBRE. EJERCICIO 2. OPCIÓN A"
MATES_II,Integrales,2014.0,Septiembre,Ejercicio 2 Opción B,"Calcula IN E dx. (Sugerencia: integración por partes).
0 COS” X
MATEMÁTICAS Il. 2014. SEPTIEMBRE. EJERCICIO 2. OPCIÓN B"
MATES_II,Integrales,2015.0,Junio,Ejercicio 2 Opción A,"2
Xx
Calcula a dx
xX“+x-2
MATEMÁTICAS II. 2015. JUNIO. EJERCICIO 2. OPCIÓN A"
MATES_II,Integrales,2015.0,Junio,Ejercicio 2 Opción B,"Determina la función f:(0,+0)> IR sabiendo que f''(x)=In(x) y que su gráfica tiene
tangente horizontal en el punto P(1,2). (1n denota la función logaritmo neperiano).
MATEMÁTICAS Il. 2015. JUNIO. EJERCICIO 2. OPCIÓN B."
MATES_II,Integrales,2015.0,Reserva 1,Ejercicio 2 Opción A,"dx
Calcula ¡3 Sugerencia y x+2=t
(x-2)y/ x+2 Sue )
MATEMÁTICAS Il. 2015. RESERVA 1. EJERCICIO 2. OPCIÓN A."
MATES_II,Integrales,2015.0,Reserva 1,Ejercicio 2 Opción B,"Sea g la función definida por g(x)=In(x) para x>0 (In denota la función logaritmo
neperiano). Calcula el valor de a>1 para el que el área del recinto limitado por la gráfica de g,
el eje de abscisas y la recta x=a es l.
MATEMÁTICAS Il. 2015. RESERVA 1. EJERCICIO 2. OPCIÓN B."
MATES_II,Integrales,2015.0,Reserva 2,Ejercicio 2 Opción A,"Sea f la función definida por f69=|In(x)| para x>0 (In denota la función logaritmo
neperiano).
a) Esboza el recinto limitado por la gráfica de f y la recta y=1.
b) Calcula los puntos de corte de la gráfica de f con la recta y=1.
c) Calcula el área del recinto citado.
MATEMÁTICAS Il. 2015. RESERVA 2. EJERCICIO 2. OPCIÓN A."
MATES_II,Integrales,2015.0,Reserva 2,Ejercicio 2 Opción B,"Calcula fe 2 Sen(x)dx
MATEMÁTICAS Il. 2015. RESERVA 2. EJERCICIO 2. OPCIÓN B."
MATES_II,Integrales,2015.0,Reserva 3,Ejercicio 2 Opción A,"In(x)
Sea f la función definida por f(x)= Za para x>0 (In denota la función logaritmo neperiano)
X
y sea F la primitiva de f tal que F(1)=2.
a) Calcula F (e).
b) Halla la ecuación de la recta tangente a la gráfica de F en el punto de abscisa x=e.
MATEMÁTICAS Il. 2015. RESERVA 3. EJERCICIO 2. OPCIÓN A."
MATES_II,Integrales,2015.0,Reserva 3,Ejercicio 2 Opción B,"Sean f :[0,00) >R y g:R=>R las funciones definidas por f(x)=,/2x y 80)=>x"".
a) Halla los puntos de corte de las gráficas de f y g. Haz un esbozo del recinto que limitan.
b) Calcula el área de dicho recinto.
MATEMÁTICAS Il. 2015. RESERVA 3. EJERCICIO 2. OPCIÓN B."
MATES_II,Integrales,2015.0,Reserva 4,Ejercicio 2 Opción A,"Calcula el valor de a>1 sabiendo que el área del recinto comprendido entre la parábola
y=-x?+ax y la recta y=x es -.
MATEMÁTICAS Il. 2015. RESERVA 4. EJERCICIO 2. OPCIÓN A."
MATES_II,Integrales,2015.0,Reserva 4,Ejercicio 2 Opción B,"Sea f la función definida por f(x) HL para x%0 y xxl y sea F la primitiva de f cuya
x“(x-—1)
gráfica pasa por el punto P(2,1n2) (In denota logaritmo neperiano).
a) Calcula la recta tangente a la gráfica de F en el punto P.
b) Determina la función F.
MATEMÁTICAS Il. 2015. RESERVA 4. EJERCICIO 2. OPCIÓN B."
MATES_II,Integrales,2015.0,Septiembre,Ejercicio 2 Opción A,"T
Calcula J x?sen(x)dx .
0
MATEMÁTICAS I1. 2015. SEPTIEMBRE. EJERCICIO 2. OPCIÓN A."
MATES_II,Integrales,2015.0,Septiembre,Ejercicio 2 Opción B,"Sea f: R=>R la función definida por: f(x) =| x? -4]|
a) Haz un esbozo de la gráfica de f.
b) Calcula el área del recinto limitado por la gráfica de f y la recta y=5.
MATEMÁTICAS HI. 2015. SEPTIEMBRE. EJERCICIO 2. OPCIÓN B."
MATES_II,Integrales,2016.0,Junio,Ejercicio 2Opción A,"Halla la ecuación de la recta tangente a la gráfica de una función f en el punto de abscisa x=1
-1y?
sabiendo que f(0)=0 y ro= 22 para x>-—1l.
x+
MATEMÁTICAS 11. 2016. JUNIO. EJERCICIO 2.OPCIÓN A."
MATES_II,Integrales,2016.0,Junio,Ejercicio 2Opción B,"Sea f :(0,+0)> ¡KR la función dada por f(x)=In x (In representa logaritmo neperiano).
a) Calcula la ecuación de la recta tangente a la gráfica de f en el punto de abscisa x=1.
b) Esboza el recinto comprendido entre la gráfica de f, y=x-—1 y la recta x=3. Calcula su
área.
MATEMÁTICAS HI. 2016. JUNIO. EJERCICIO 2.OPCIÓN B."
MATES_II,Integrales,2016.0,Reserva 1,Ejercicio 2 Opción A,"1
Considera la función f dada por f(x)=/ x pz para x>0.
x
a) Halla todas las primitivas de f.
3
b) Halla J f(x) dx
1
c) Determina la primitiva de f que toma el valor 3 para x=1.
MATEMÁTICAS Il. 2016. RESERVA 1. EJERCICIO 2. OPCIÓN A."
MATES_II,Integrales,2016.0,Reserva 1,Ejercicio 2 Opción B,"2x
Sea f:R=>¡R la función dada por f(x)= 7 - Calcula el área del recinto limitado por la
Q2+D
gráfica de f, el eje de abscisas y las recta x=0 y x=1.
MATEMÁTICAS Il. 2016. RESERVA 1. EJERCICIO 2. OPCIÓN B."
MATES_II,Integrales,2016.0,Reserva 2,Ejercicio 2 Opción A,"De la función f:R—> IR definida por f(x)=ae*—bx,donde a,be IR se sabe que su gráfica
tiene tangente horizontal en x=0 y que S, f(x)dx =e —- .Halla los valores de a y b.
MATEMÁTICAS Il. 2016. RESERVA 2. EJERCICIO 2. OPCIÓN A."
MATES_II,Integrales,2016.0,Reserva 2,Ejercicio 2 Opción B,"3x(2Qm-x)
3
Considera la función f:|R—> IR definida por f(x)= , con m>0. Calcula el área
del recinto encerrado por la gráfica de f y el eje OX.
MATEMÁTICAS Il. 2016. RESERVA 2. EJERCICIO 2. OPCIÓN B."
MATES_II,Integrales,2016.0,Reserva 3,Ejercicio 2 Opción A,"a Xx
Calcula el valor de a >0 para el que se verifica J > dx=1.
+
2
0
MATEMÁTICAS Il. 2016. RESERVA 3. EJERCICIO 2. OPCIÓN A."
MATES_II,Integrales,2016.0,Reserva 3,Ejercicio 2 Opción B,"Considera la función f: R—>R dada por f(x)=-x?+mx siendo m>0. Esboza el recinto
limitado por la gráfica de f y la recta y =—mx y calcula el valor de m para que el área de dicho
recinto sea 36.
MATEMÁTICAS II. 2016. RESERVA 3. EJERCICIO 2. OPCIÓN B."
MATES_II,Integrales,2016.0,Reserva 4,Ejercicio 2 Opción A,"y2
Calcula Lo x+l dx (sugerencia :t=./2x+1)
2x+1+,./2x+1
MATEMÁTICAS Il. 2016. RESERVA 4. EJERCICIO 2. OPCIÓN A."
MATES_II,Integrales,2016.0,Reserva 4,Ejercicio 2 Opción B,"Determina la función f :|R > KR tal que
f""(9)=-2sen2x , f(0)=1 y 6
MATEMÁTICAS Il. 2016. RESERVA 4. EJERCICIO 2. OPCIÓN B."
MATES_II,Integrales,2016.0,Septiembre,Ejercicio 2 Opción A,"Sea f:R=>R la función definida por f(x)=x*. Encuentra la recta horizontal que corta a la
gráfica de f formando con ella un recinto con área —.
MATEMÁTICAS Il. 2016. SEPTIEMBRE. EJERCICIO 2. OPCIÓN A."
MATES_II,Integrales,2016.0,Septiembre,Ejercicio 2 Opción B,"Calcula j
dx. Sugerencia: se puede hacer el cambio de variable t = NES
1+/x
MATEMÁTICAS Il. 2016. SEPTIEMBRE. EJERCICIO 2. OPCIÓN B"
MATES_II,Integrales,2017.0,Junio,Ejercicio 2 Opción A,"Considera la región limitada por las curvas y=x?* e y==x*+4x
a) Esboza la gráfica de la región dada, hallando los puntos de corte de ambas curvas.
b) Expresa el área como una integral.
c) Calcula el área.
MATEMÁTICAS 11. 2017. JUNIO. EJERCICIO 2. OPCIÓN A."
MATES_II,Integrales,2017.0,Reserva 1,Ejercicio 2 Opción B,"Sea f: R => R la función definida por f(x)=xarctg(x). Determina la primitiva de f cuya
gráfica pasa por el punto (0,x).
MATEMÁTICAS 11. 2017. RESERVA 1. EJERCICIO 2. OPCIÓN B."
MATES_II,Integrales,2017.0,Reserva 2,Ejercicio 2 Opción A,"Sea f la función definida como f(x)=(x+2) In(x) para x>0,donde In(x) representa al
logaritmo neperiano de x.
a) Calcula J f(x) dx
b) Encuentra la primitiva de f cuya gráfica pasa por el punto (1,0).
MATEMÁTICAS HI. 2017. RESERVA 2. EJERCICIO 2. OPCIÓN A."
MATES_II,Integrales,2017.0,Reserva 2,Ejercicio 2 Opción B,"2
a) Halla == dx (sugerencia t=1+x>).
(1+x?)?
b) Halla la primitiva cuya gráfica pasa por (2,0).
MATEMÁTICAS 11. 2017. RESERVA 2. EJERCICIO 2. OPCIÓN B."
MATES_II,Integrales,2017.0,Reserva 4,Ejercicio 2 Opción A,"31
Calcula J dx (sugerencia t=2/x)
o1+2/x $
MATEMÁTICAS HI. 2017. RESERVA 4. EJERCICIO 2. OPCIÓN A."
MATES_II,Integrales,2017.0,Reserva 4,Ejercicio 2 Opción B,"1x?4+1
o (x+1)?
Calcula J
MATEMÁTICAS 11. 2017. RESERVA 4. EJERCICIO 2. OPCIÓN B."
MATES_II,Integrales,2017.0,Septiembre,Ejercicio 2 Opción A,"SELECTIVIDAD
Determina la función f:R—=>R tal que f''(x)=x-e*, cuya gráfica pasa por el origen de
coordenadas y tiene un extremo relativo en x=1.
MATEMÁTICAS Il. 2017. SEPTIEMBRE. EJERCICIO 2. OPCIÓN A."
MATES_II,Integrales,2018.0,Junio,Ejercicio 2 Opción A,"Considera las funciones f,g: R—>R dadas por f(x)=6x-—x? y 200 =| x?-2x|.
a) Esboza el recinto limitado por las gráficas de f y g y calcula los puntos de corte de dichas
gráficas.
b) Calcula el área del recinto limitado por las gráficas de f y g.
MATEMÁTICAS Il. 2018. JUNIO. EJERCICIO 2. OPCIÓN A."
MATES_II,Integrales,2018.0,Junio,Ejercicio 2 Opción B,"2
Considera las funciones f,g: R —>R dadas por f(x)=3-x? y g(x)= A .
a) Calcula la ecuación de la recta tangente a la gráfica de f en el punto de abscisa x=1 y
comprueba que también es tangente a la gráfica de g. Determina el punto de tangencia con la
gráfica de g.
b) Esboza el recinto limitado por la recta y=4-—2x y las gráficas de f y g. Calcula todos los
puntos de corte entre las gráficas (y la recta).
c) Calcula el área del recinto descrito en el apartado anterior.
MATEMÁTICAS Il. 2018. JUNIO. EJERCICIO 2. OPCIÓN B."
MATES_II,Integrales,2018.0,Reserva 1,Ejercicio 2 Opción A,"Sea f: R=>R la función definida por f(x)=e?""*
a) Calcula la ecuación de la recta tangente a la gráfica de f en el punto de abscisa x=2.
b) Esboza el recinto limitado por la gráfica de f, el eje de ordenadas y la recta x+ y=3.
c) Calcula el área del recinto indicado.
MATEMÁTICAS II. 2018. RESERVA 1. EJERCICIO 2. OPCIÓN A."
MATES_II,Integrales,2018.0,Reserva 1,Ejercicio 2 Opción B,"Considera la función f : (=< +] > R definida por f(x)=In(2x+e),donde In denota
logaritmo neperiano.
a) Haz un esbozo de la gráfica de f calculando sus puntos de corte con los ejes coordenados.
b) Calcula el área del recinto limitado por la gráfica de f y los ejes de coordenadas.
MATEMÁTICAS Il. 2018. RESERVA 1. EJERCICIO 2. OPCIÓN B."
MATES_II,Integrales,2018.0,Reserva 2,Ejercicio 2 Opción A,"1
Determina la función f :(1,+0)>R sabiendo que f'(x)=-——>3 y que la ecuación de la
(x-1)
recta tangente a la gráfica de f en el punto de abscisa x=2 es y=x-+2.
MATEMÁTICAS Il. 2018. RESERVA 2. EJERCICIO 2. OPCIÓN A."
MATES_II,Integrales,2018.0,Reserva 2,Ejercicio 2 Opción B,"Sea f: R=>R la función definida por f(x)= xcos( 3)
a) Calcula j f(x) dx
b) Encuentra la primitiva de f cuya gráfica pasa por el punto (0,1).
MATEMÁTICAS Il. 2018. RESERVA 2. EJERCICIO 2. OPCIÓN B."
MATES_II,Integrales,2018.0,Reserva 3,Ejercicio 2 Opción A,"Siendo a > 1,considera el rectángulo de vértices A(1,0),B(1,1),C(a,1) y D(a,0). La gráfica de
la función f definida por f(x)=— para x %0 divide al rectángulo anterior en dos recintos.
x
a) Haz un esbozo de la gráfica de f y del rectángulo descrito.
b) Determina el valor de a para el que los dos recintos descritos tienen igual área.
MATEMÁTICAS Il. 2018. RESERVA 3. EJERCICIO 2. OPCIÓN A."
MATES_II,Integrales,2018.0,Reserva 3,Ejercicio 2 Opción B,"In2
dx donde In denota logaritmo neperiano (sugerencia t=e*).
Calcula J
x
0
MATEMÁTICAS Il. 2018. RESERVA 3. EJERCICIO 2. OPCIÓN B."
MATES_II,Integrales,2018.0,Reserva 4,Ejercicio 2 Opción A,"Considera las funciones f,g: R—> R definidas por f(x)=-x*-x+3 y 2009 =|x|.
a) Esboza el recinto limitado por las gráficas de f y g y calcula los puntos de corte entre ambas
gráficas.
b) Calcula el área del recinto descrito en el apartado anterior.
MATEMÁTICAS Il. 2018. RESERVA 4. EJERCICIO 2. OPCIÓN A."
MATES_II,Integrales,2018.0,Reserva 4,Ejercicio 2 Opción B,"es continua.
x-
a) Determina a.
10
b) Para a=8, calcula f, f(x) dx
MATEMÁTICAS II. 2018. RESERVA 4. EJERCICIO 2. OPCIÓN B."
MATES_II,Integrales,2018.0,Septiembre,Ejercicio 2 Opción A,"logaritmo neperiano). Determina a y b sabiendo que f tiene un extremo relativo en x=1 y que
j f(x) dx=81n(2)-9
MATEMÁTICAS Il. 2018. SEPTIEMBRE. EJERCICIO 2. OPCIÓN A."
MATES_II,Integrales,2018.0,Septiembre,Ejercicio 2 Opción B,"SELECTIVIDAD
Considera la función f :|R=>R definida por f(x)=e""”.
a) Determina el punto de la gráfica de f en el que la recta tangente es y =-2ex.
b) Esboza el recinto limitado por la gráfica def ,la recta y =—2ex y el eje de ordenadas.
c) Calcula el área del recinto descrito en el apartado anterior.
MATEMÁTICAS Il. 2018. SEPTIEMBRE. EJERCICIO 2. OPCIÓN B."
MATES_II,Integrales,2019.0,Junio,Ejercicio 2 Opción A,"l+e
l-e*”'
gráfica pasa por el punto (1,1). (Sugerencia: efectúa el cambio de variable t=e*)
MATEMÁTICAS I1. 2019. JUNIO. EJERCICIO 2. OPCIÓN A."
MATES_II,Integrales,2019.0,Junio,Ejercicio 2 Opción B,"Considera las funciones f :(-2,+0)>R, definida por f(x)=1n(x+2) (In denota la función
logaritmo neperiano) y g: |R > R, definida por g(x)= 50 -3).
a) Esboza el recinto que determinan la gráfica de f, la gráfica de g,la recta x=1 y la recta x=3
. (No es necesario calcular los puntos de corte entre las dos gráficas).
b) Determina el área del recinto anterior.
MATEMÁTICAS Il. 2019. JUNIO. EJERCICIO 2. OPCIÓN B."
MATES_II,Integrales,2019.0,Reserva 1,Ejercicio 2 Opción A,"x
2
+1
Calcula Jm X ] dx (In denota la función logaritmo neperiano).
MATEMÁTICAS Il. 2019. RESERVA 1. EJERCICIO 2. OPCIÓN A"
MATES_II,Integrales,2019.0,Reserva 1,Ejercicio 2 Opción B,"Sean las funciones f,g: [0,x.] > R definidas por f(x)=senx y g(x)=sen2x
a) Esboza sus gráficas en unos mismos ejes coordenados y calcula sus puntos de corte.
b) Calcula el área del recinto limitado por ambas gráficas y las rectas x=0 y x= z
MATEMÁTICAS I1. 2019. RESERVA 1. EJERCICIO 2. OPCIÓN B."
MATES_II,Integrales,2019.0,Reserva 2,Ejercicio 2 Opción A,"4
Sea f la función definida por f(x)=
1 para xx%1,—1.
Xx
x?
a) Halla todas las funciones primitivas de f.
b) Calcula la primitiva que pasa por (2,0).
MATEMÁTICAS Il. 2019. RESERVA 2. EJERCICIO 2. OPCIÓN A"
MATES_II,Integrales,2019.0,Reserva 2,Ejercicio 2 Opción B,"Considera las funciones f,g: [-1.1] > R definidas por f(x)=cos(x) y g(x)=sen(x).
a) Esboza sus gráficas en unos mismos ejes coordenados y calcula sus puntos de corte.
31 T
b) Calcula el área del recinto delimitado por las gráficas de f y de g en el inter valo [+ 5 .
MATEMÁTICAS Il. 2019. RESERVA 2. EJERCICIO 2. OPCIÓN B"
MATES_II,Integrales,2019.0,Reserva 3,Ejercicio 2 Opción A,"Dado un número real a>0, considera la función f:R—>R, dada por f(x)=x”-—ax, y la
recta y =2ax . Determina a sabiendo que el área del recinto limitado por la gráfica de f y la recta
anterior es 36.
MATEMÁTICAS II. 2019. RESERVA 3. EJERCICIO 2. OPCIÓN A"
MATES_II,Integrales,2019.0,Reserva 3,Ejercicio 2 Opción B,"y
Sea f oz Jr una función continua y sea F la primitiva de f que cumple F(0)=
T
3
F (5) =71. Calcula:
6
¿ (3 f (9) —cos(x)) dx
0
b) f: sen (F (x)) Fx) dx
0
MATEMÁTICAS II. 2019. RESERVA 3. EJERCICIO 2. OPCIÓN B"
MATES_II,Integrales,2019.0,Reserva 4,Ejercicio 2 Opción A,"=x?+6x-8 si x<4
Sea f:R=>R la función dada por f(x) -|
x?-6x+8 si x>4
a) Calcula los puntos de corte entre la gráfica de f y la recta y =2x-—4.Esboza el recinto que
delimitan la gráfica de f y la recta.
b) Calcula el área del recinto anterior.
MATEMÁTICAS II. 2019. RESERVA 4. EJERCICIO 2. OPCIÓN A"
MATES_II,Integrales,2019.0,Reserva 4,Ejercicio 2 Opción B,"Considera la función f:R=>R dada por f(x)=-4x?+a, siendo a>0 un número real.
Esboza el recinto limitado por la gráfica de f y la recta y =0. Calcula a sabiendo que el área del
recinto es 18.
MATEMÁTICAS Il. 2019. RESERVA 4. EJERCICIO 2. OPCIÓN B"
MATES_II,Integrales,2019.0,Septiembre,Ejercicio 2 Opción A,"Determina la función f :(0,+0)>R sabiendo que es derivable, que su función derivada
cumple
fUx)= In(x)
ME
(In denota la función logaritmo neperiano) y que la gráfica de f pasa por el punto (1,0).
MATEMÁTICAS Il. 2019. SEPTIEMBRE. EJERCICIO 2. OPCIÓN A."
MATES_II,Integrales,2019.0,Septiembre,Ejercicio 2 Opción B,"Sea la función f : R—>|¡R dada por: f(x)= xo,
a) Calcula los puntos de corte de la gráfica de f con los ejes coordenados y los extremos
relativos de f (abscisas en los que se obtienen y los valores que se alcanzan).
1
b) Determina a>0 de manera que sea 4 el área del recinto determinado por la gráfica de fen
el inter valo [0,a] y el eje de abscisas.
MATEMÁTICAS Il. 2019. SEPTIEMBRE. EJERCICIO 2. OPCIÓN B."
MATES_II,Integrales,2020.0,Junio,Ejercicio 2,"(25 puntos) Calcula a>0 sabiendo que el área de la región determinada por la gráfica de la
función f(x)=x-e** el eje de abscisas y la recta x=a vale yg
MATEMÁTICAS 11. 2020. JUNIO. EJERCICIO 2"
MATES_II,Integrales,2020.0,Junio,Ejercicio 6,"Sea f la función dada por: f(x)= 3x
a) (2 puntos) Calcula J f(x) dx
b) (05 puntos) Calcula la primitiva de f que pasa por el punto (3,5)
MATEMÁTICAS Il. 2020. JUNIO. EJERCICIO 6"
MATES_II,Integrales,2020.0,Reserva 1,Ejercicio 2,"=x*+2x-3
(25 puntos) Sea f la función definida por 109 AA para x%0, xxl. Halla la
xx
primitiva de f cuya gráfica pasa por el punto (2,3In2), donde ln denota la función logaritmo
neperiano.
MATEMÁTICAS Il. 2020. RESERVA 1. EJERCICIO 2"
MATES_II,Integrales,2020.0,Reserva 1,Ejercicio 6,"(25 puntos) Calcula fu (x?+2x +2)dx donde In denota logaritmo neperiano.
(Sugerencia: efectúa el cambio de variable t=x+1).
MATEMÁTICAS II. 2020. RESERVA 1. EJERCICIO 6"
MATES_II,Integrales,2020.0,Reserva 2,Ejercicio 2,"(25 Puntos). Determina la función f :(-1,+0)>R, sabiendo que es dos veces derivable, su
gráfica pasa por el punto (0,1), f'(0)=0 y py.
x+
MATEMÁTICAS Il. 2020. RESERVA 2. EJERCICIO 2"
MATES_II,Integrales,2020.0,Reserva 2,Ejercicio 6,"Considera las funciones f,g: R—>R definidas por f(x)=-4x+2 y g(x)=-x""+2x+c.
a) (1 punto). Halla el valor de c sabiendo que sus gráficas se cortan en el punto en el que g alcanza
su máximo.
b) (15 Puntos). Para c =—3, calcula el área de la región limitada por ambas gráficas.
MATEMÁTICAS Il. 2020. RESERVA 2. EJERCICIO 6"
MATES_II,Integrales,2020.0,Reserva 3,Ejercicio 2,"(25 Puntos). Determina la única función derivable f:R=>R que cumple que
£(0)=1,£'(0)=1 y f""(x)=e*(x+2).
MATEMÁTICAS I1. 2020. RESERVA 3. EJERCICIO 2"
MATES_II,Integrales,2020.0,Reserva 3,Ejercicio 6,"(25 Puntos). Calcula el valor de a>0 para que el área comprendida entre la parábola
y=3x*-2ax y el eje de abscisas sea de 4 unidades cuadradas.
MATEMÁTICAS I1. 2020. RESERVA 3. EJERCICIO 6"
MATES_II,Integrales,2020.0,Reserva 4,Ejercicio 2,"1
Considera la función f :R > |R definida por f(t)= re
+e
a) (15 Puntos). Calcula J f(t) dt (Sugerencia: efectúa el cambio de variable x=1+e').
b) (1 Punto). Se define 200= f f (t) dt . Calcula lim EE)
0 x>0 Xx
MATEMÁTICAS Il. 2020. RESERVA 4. EJERCICIO 2"
MATES_II,Integrales,2020.0,Reserva 4,Ejercicio 6,"(25 Puntos). Calcula Jeosan x)dx (In denota la función logaritmo neperiano)
MATEMÁTICAS Il. 2020. RESERVA 4. EJERCICIO 6"
MATES_II,Integrales,2020.0,Septiembre,Ejercicio 2,"(25 puntos) Calcula IN x -sen*(x) dx
MATEMÁTICAS 11. 2020. SEPTIEMBRE. EJERCICIO 2"
MATES_II,Integrales,2021.0,Reserva 1,Ejercicio 3,"Considera la función f : R—>R definida por f(x)=e*
a) Calcula a para que la recta tangente a la gráfica de f en el punto (a, f(a)) pase por el origen de
coordenadas.
b) Calcula el área del recinto limitado por la gráfica de f, la recta tangente a la misma en el punto
(, £(D) y el eje de ordenadas.
MATEMÁTICAS Il. 2021. RESERVA 1. EJERCICIO 3"
MATES_II,Integrales,2021.0,Reserva 1,Ejercicio 4,"3
Calcuta f [x?-3x+2 dx
MATEMÁTICAS Il. 2021. RESERVA 1. EJERCICIO 4"
MATES_II,Integrales,2021.0,Reserva 2,Ejercicio 3,"Considera la función f : |R—>R definida por f(x)=x? +] x—-1 | .
a) Determina los intervalos de crecimiento y de decrecimiento de f.
2
c) Calcula J f(x) dx
0
MATEMÁTICAS Il. 2021. RESERVA 2. EJERCICIO 3"
MATES_II,Integrales,2021.0,Reserva 2,Ejercicio 4,"Considera la función f : [0,+00) > R definida por f(x)=x-e*
a) Esboza el recinto limitado por la gráfica de f y las rectas x=2, y=xX
b) Determina el área del recinto anterior.
MATEMÁTICAS II. 2021. RESERVA 2. EJERCICIO 4"
MATES_II,Integrales,2021.0,Reserva 3,Ejercicio 3,"Considera la función f :(0,+00) >R definida por £G69=(In())* (ln denota la función
logaritmo neperiano).
a) Determina los intervalos de crecimiento y de decrecimiento de f, así como sus extremos
relativos (abscisas donde se obtienen y valores que se alcanzan.
c) Calcula el área de la región limitada por la gráfica de la función f y las rectas y=0; x=1;
x=e
MATEMÁTICAS Il. 2021. RESERVA 3. EJERCICIO 3"
MATES_II,Integrales,2021.0,Reserva 3,Ejercicio 4,"2 1
Calcula | ——= dx . (Sugerencia: efectúa el cambio de variable t=./e* ).
01+ye*
MATEMÁTICAS 11. 2021. RESERVA 3. EJERCICIO 4"
MATES_II,Integrales,2021.0,Reserva 4,Ejercicio 3,"Calcula f; (2sen ""9 cos *(x)) dx
0
MATEMÁTICAS HI. 2021. RESERVA 4. EJERCICIO 3"
MATES_II,Integrales,2021.0,Reserva 4,Ejercicio 4,"Considera las funciones £,g: R—> KR definidas por f(x)=|x|-2 y g(x)=4-x?.
a) Halla los puntos de corte de las gráficas de ambas funciones y esboza el recinto que
delimitan.
b) Determina el área del recinto anterior.
MATEMÁTICAS II. 2021. RESERVA 4. EJERCICIO 4"
MATES_II,Integrales,2021.0,Julio,Ejercicio 3,"Considera la función f: R >R definida por f(x)=1 UN -e' dt
Determina los intervalos de concavidad y convexidad de f y sus puntos de inflexión (abscisas
donde se obtienen y valores que se alcanzan.
MATEMÁTICAS I1. 2021. JULIO. EJERCICIO 3"
MATES_II,Integrales,2021.0,Julio,Ejercicio 4,"x?+1
Considera la función f definida f(x)==> :
x?2-
(para x*—1,xx1.Halla una primitiva de f
cuya gráfica pase por el punto (2,4).
MATEMÁTICAS Il. 2021. JULIO. EJERCICIO 4"
MATES_II,Integrales,2022.0,Junio,Ejercicio 3,"2x+4 si x<0
(x-2Y si x>0
Sea f la función definida por: f(x) =|
a) Calcula los puntos de corte de la gráfica de f con el eje de abscisas y esboza la gráfica de la
función.
b) Halla el área del recinto limitado por la gráfica de f y por el eje de abscisas.
MATEMÁTICAS I1. 2022. JUNIO. EJERCICIO 3."
MATES_II,Integrales,2022.0,Junio,Ejercicio 4,"3
Considera la función f definida por: f(x)==> X
x
——— para xx%1. Halla una primitiva de f que
-2x+1
pase por el punto (2,6)
MATEMÁTICAS Il. 2022. JUNIO. EJERCICIO 4"
MATES_II,Integrales,2022.0,Reserva 1,Ejercicio 3,"Considera la función f:R—>R definida por f(x)=e*-sen(2x). Halla la primitiva de f cuya
gráfica pase por el punto (0,0)
MATEMÁTICAS HI. 2022. RESERVA 1. EJERCICIO 3"
MATES_II,Integrales,2022.0,Reserva 1,Ejercicio 4,"Considera las funciones f,g: R—>R definidas por f(x)=1=x? y g(1)=2x?
a) Calcula los puntos de corte de las gráficas de f y g. Esboza el recinto que delimitan.
b) Determina el área del recinto anterior.
MATEMÁTICAS II. 2022. RESERVA 1. EJERCICIO 4"
MATES_II,Integrales,2022.0,Reserva 2,Ejercicio 3,"Considera la función F : [0,21,] > R definida por F(x) -| 2t -cos(t) dt
0
a) Determina los intervalos de crecimiento y de decrecimiento de F.
b) Halla la ecuación de la recta tangente a la gráfica de F en el punto de abscisa x =1
MATEMÁTICAS I1. 2022. RESERVA 2. EJERCICIO 3"
MATES_II,Integrales,2022.0,Reserva 2,Ejercicio 4,"1
Calcula J x «arctg(x) dx (donde arctg denota la función arcotangente).
0
MATEMÁTICAS I1. 2022. RESERVA 2. EJERCICIO 4"
MATES_II,Integrales,2022.0,Reserva 3,Ejercicio 3,"Considera la función f:R=>R definida por f(x)=x*—x. Calcula el área total de los
recintos limitados por la gráfica de la función f y la recta normal a dicha gráfica en el punto de
abscisa x=0.
MATEMÁTICAS II. 2022. RESERVA 3. EJERCICIO 3."
MATES_II,Integrales,2022.0,Reserva 3,Ejercicio 4,"3
Calcula J dx (Sugerencia: efectúa el cambio de variable t=./1+x).
0
y l+x
MATEMÁTICAS I1. 2022. RESERVA 3. EJERCICIO 4"
MATES_II,Integrales,2022.0,Reserva 4,Ejercicio 3,"3 2
Calcula jr dx
x2+x-2
MATEMÁTICAS II. 2022. RESERVA 4. EJERCICIO 3"
MATES_II,Integrales,2022.0,Reserva 4,Ejercicio 4,"Considera las funciones f,g:R>R definidas por: f(x)=x? y g(x)=a|x , con a>0.
Determina el valor de a para que el área total de los recintos limitados por las gráficas de ambas
funciones sea de 9 unidades cuadradas.
MATEMÁTICAS Il. 2022. RESERVA 4. EJERCICIO 4"
MATES_II,Integrales,2022.0,Julio,Ejercicio 3,"8
1
Calcula j —=—- dx (Sugerencia: efectúa el cambio t=,/1+x-—1)
33 1+x-1 E
MATEMÁTICAS I1. 2022. JULIO. EJERCICIO 3"
MATES_II,Integrales,2022.0,Julio,Ejercicio 4,"Considera las funciones f,g: R—>R definidas por f(x)=x*%+2 y g(x)=-x*+2x+2
a) Calcula los puntos de corte de las gráficas de f y g. Esboza sus gráficas.
b) Determina el área del recinto limitado por las gráficas de f y g en el primer cuadrante.
MATEMÁTICAS Il. 2022. JULIO. EJERCICIO 4"
MATES_II,Integrales,2023.0,Junio,Ejercicio 3,"Considera la función f:R—>KR definida por f(x)= x| x-1/. Calcula el área del recinto
limitado por la gráfica de dicha función y su recta tangente en el punto de abscisa x=0.
MATEMÁTICAS Il. 2023. JUNIO. EJERCICIO 3"
MATES_II,Integrales,2023.0,Junio,Ejercicio 4,"x-F(x)
x>0 sen(x?)""
Considera la función F : R—>R definida por: F(x) =/ sen(t?) dt. Calcula lim
0
MATEMÁTICAS HI. 2023. JUNIO. EJERCICIO 4"
MATES_II,Integrales,2023.0,Reserva 1,Ejercicio 3,"dx
9
Calcula J >
6 9=x*
MATEMÁTICAS Il. 2023. RESERVA 1. EJERCICIO 3"
MATES_II,Integrales,2023.0,Reserva 1,Ejercicio 4,"Considera la función f : R—>R definida por f(x)=x*+1
a) Determina el punto de la gráfica de f en el que la recta tangente es y =4x-3.
b) Haz un esbozo del recinto limitado por la gráfica de f, la recta y=4x-3 y el eje de
ordenadas. Calcula el área del recinto indicado.
MATEMÁTICAS II. 2023. RESERVA 1. EJERCICIO 4"
MATES_II,Integrales,2023.0,Reserva 2,Ejercicio 3,"Sabiendo que F: R—>R definida por: F(x)=e* "" esuna primitiva de f.
a) Comprueba que fes creciente.
b) Calcula el área del recinto limitado por la gráfica de la función f, el eje de abscisas y la recta
x=1l.
MATEMÁTICAS HI. 2023. RESERVA 2. EJERCICIO 3"
MATES_II,Integrales,2023.0,Reserva 2,Ejercicio 4,"Considera la función f(x): [0,+00) >R definida por £ (9 =cos(y/ x) Calcula, si es posible,
una primitiva de f cuya gráfica pase por el punto (0,5). Sugerencia: haz el cambio dx =t
MATEMÁTICAS I1. 2023. RESERVA 2. EJERCICIO 4"
MATES_II,Integrales,2023.0,Reserva 3,Ejercicio 3,"Determina la función f :(0,+0)>R, sabiendo que es dos veces derivable, su gráfica pasa por
el punto (1,0), f '(e)=e y f'""(x)=2In(x)+1, para todo x >0 (In denota la función logaritmo
neperiano).
MATEMÁTICAS II. 2023. RESERVA 3. EJERCICIO 3"
MATES_II,Integrales,2023.0,Reserva 3,Ejercicio 4,"Considera las funciones f,g: R —>R dadas por f60=| x2=1| y g(x)=x+5.
a) Calcula los puntos de corte de las gráficas de ambas funciones y esboza el recinto que
determinan.
b) Determina el área del recinto anterior.
MATEMÁTICAS I1. 2023. RESERVA 3. EJERCICIO 4"
MATES_II,Integrales,2023.0,Reserva 4,Ejercicio 3,"Calcula una primitiva de la función f :[0,+00) >R definida por £(9 =arcte(/x) cuya
gráfica pase por el punto (0,1) (arc tg denota la función arco tangente). Sugerencia: efectúa el
cambio x=t?.
MATEMÁTICAS II. 2023. RESERVA 4. EJERCICIO 3"
MATES_II,Integrales,2023.0,Reserva 4,Ejercicio 4,"Considera la función f :(-1,+0)>R, definida por f(x)=In(x+1), donde In denota la
función logaritmo neperiano. Calcula el área del recinto limitado por la gráfica de f, el eje de
abscisas y la recta x=e-—1.
MATEMÁTICAS Il. 2023. RESERVA 4. EJERCICIO 4"
MATES_II,Integrales,2023.0,Julio,Ejercicio 3,"dx +2=0(In denota la función logaritmo neperiano).
2 1n(x)
x
Calcula a con O<a<1,tal que J
a
MATEMÁTICAS Il. 2023. JULIO. EJERCICIO 3"
MATES_II,Integrales,2023.0,Julio,Ejercicio 4,"Considera las funciones f:R=>R y 8: R-(0)>R definidas por f(x)=35-x? y e0)=2
Xx
a) Esboza las gráficas de las dos funciones y calcula los puntos de corte entre ellas.
b) Calcula la suma de las áreas de los recintos limitados por las gráficas de f y g.
MATEMÁTICAS II. 2023. JULIO. EJERCICIO 4"
MATES_II,Integrales,2024.0,Junio,Ejercicio 3,"x 3
Considera la función f definida por f(x)==>
x
= ,para x*-—1,xx%1.Calcula una primitiva de
f cuya gráfica pase por el punto (0,1).
MATEMÁTICAS Il. 2024. JUNIO. EJERCICIO 3"
MATES_II,Integrales,2024.0,Junio,Ejercicio 4,"Halla la función f:R=>R tal que f'""(x)=xcos(x) y cuya gráfica pasa por los puntos
(0.5) y (m.2m).
MATEMÁTICAS HI. 2024. JUNIO. EJERCICIO 4"
MATES_II,Integrales,2024.0,Reserva 1,Ejercicio 3,"3x?+4x+12
f'() = ———— donde In denota la función logaritmo neperiano.
x?*-4
MATEMÁTICAS Il. 2024. RESERVA 1. EJERCICIO 3"
MATES_II,Integrales,2024.0,Reserva 1,Ejercicio 4,"Sea f:R>R la función definida por f(x)=(x?-3x+5)-e*. Halla una primitiva de f cuya
gráfica pase por el punto(0,5).
MATEMÁTICAS Il. 2024. RESERVA 1. EJERCICIO 4"
MATES_II,Integrales,2024.0,Julio,Ejercicio 3,"Sean f,g: R>R las funciones definidas por f(x)=-=x?+7 y 2(x)=|x?-1f.
a) Halla los puntos de intersección de f y g. Realiza un esbozo del recinto acotado y limitado por
dichas gráficas.
b) Calcula el área de dicho recinto.
MATEMÁTICAS Il. 2024. JULIO. EJERCICIO 3"
MATES_II,Integrales,2024.0,Julio,Ejercicio 4,"Halla J e*.cos(x) dx
0
MATEMÁTICAS Il. 2024. JULIO. EJERCICIO 4"
MATES_II,Integrales,2025.0,Junio,Ejercicio 6,"Halla la función f :(0,+0) >R , que pasa por los puntos (2,e-2—2In(2)) y (1,0) y que verifica
que fuel.
x
MATEMÁTICAS Il. 2025. JUNIO. EJERCICIO 6"
MATES_II,Integrales,2025.0,Reserva 1,Ejercicio 2,"Sea la función f: R=>R definida por f(x)=(x-1)?.
a) Esboza el recinto acotado y limitado por la gráfica de f y la recta y=a con a>0.
b) Calcula a >0 para que el área del recinto acotado y limitado por la gráfica de f y la recta y=a
4
a sea 3 unidades cuadradas.
MATEMÁTICAS Il. 2025. RESERVA 1. EJERCICIO 2"
MATES_II,Integrales,2025.0,Reserva 1,Ejercicio 3,"xsen(2x) si x<0
cos(Tx)=1 si x>0
Considera la función f(x) |
1
Calcula J f(x) dx
4
MATEMÁTICAS HI. 2025. RESERVA 1. EJERCICIO 3"
MATES_II,Integrales,2025.0,Reserva 2,Ejercicio 2,"2
Calcula ] o Hk dx (Sugerencia: efectúa el cambio de variable t=x?-3).
F x*-6x?+10
MATEMÁTICAS II. 2025. RESERVA 2. EJERCICIO 2"
MATES_II,Integrales,2025.0,Reserva 2,Ejercicio 3,"Sean las funciones f,g:R—>R definidas por f(x)=x*-x y g(x)=-=x?+1
a) Halla los puntos de corte (abscisas donde se obtienen y valores que se alcanzan) de las gráficas
de f y g. Realiza un esbozo del recinto acotado y limitado por dichas gráficas.
b) Calcula el área del recinto acotado y limitado por las gráficas de f y g .
MATEMÁTICAS Il. 2025. RESERVA 2. EJERCICIO 3"
MATES_II,Integrales,2025.0,Reserva 3,Ejercicio 1,"3
Xx
x?+1
Sea f:R>=>R la función definida por f(x)=
. Calcula una primitiva de f cuya gráfica
pase por el punto (0, 5).
MATEMÁTICAS II. 2025. RESERVA 3. EJERCICIO 1"
MATES_II,Integrales,2025.0,Reserva 4,Ejercicio 6,"Considera las funciones f,g: R—>R definidas por f(x)=—e* y g(x)=-e""*.
a) Esboza las gráficas de dichas funciones.
b) Calcula la suma de las áreas de los recintos acotados y limitados por las gráficas de dichas
funciones y las rectas x=—1 y x=1.
MATEMÁTICAS II. 2025. RESERVA 4. EJERCICIO 6"
MATES_II,Integrales,2025.0,Julio,Ejercicio 2,"Considera la función f: R—>R definida por f(x)=> !
———— . Calcula una primitiva de fcuya
x""+2x+2
gráfica pase por el punto (0.7) .
MATEMÁTICAS I1. 2025. JULIO. EJERCICIO 2"
MATES_II,Integrales,2025.0,Julio,Ejercicio 3,"3
Calcula el valor de k para que J e*“*(x-2) dx=2
1
MATEMÁTICAS Il. 2025. JULIO. EJERCICIO 3"
MATES_II,Integrales,2026.0,Junio,Ejercicio 41,"x 2x
Dada la función f: R—>R definida por: f(x)= Eo , halla la primitiva de fcuya gráfica
+e
tiene por tangente a la recta y=2x+12In2 en el punto de abscisa x=0.
(Sugerencia: puedes hacer el cambio e* =t)
MATEMÁTICAS II. 2026. JUNIO. EJERCICIO 4.1"
MATES_II,Geometría,2000.0,Junio,Ejercicio 3 Opción B,"Los puntos A(3,3,5) y B(3,3,2) son vértices consecutivos de un rectángulo ABCD. El vértice
. , . =6 z+l
C consecutivo de B está en la recta de ecuaciones x = — = 77
a) Determina el vértice C.
b) Determina el vértice D.
MATEMÁTICAS Il. 2000. JUNIO. EJERCICIO 3. OPCIÓN B"
MATES_II,Geometría,2000.0,Reserva 1,Ejercicio 3 Opción B,"Calcula las coordenadas del punto simétrico del (1,-3,7) respecto de la recta dada por las
: z—-4
ecuaciones x-1=y+3= >
MATEMÁTICAS Il. 2000. RESERVA 1. EJERCICIO 3. OPCIÓN B."
MATES_II,Geometría,2000.0,Reserva 1,Ejercicio 4 Opción A,"Halla la distancia entre el origen de coordenadas y la recta intersección de los planos de ecuaciones
respectivas: x+ y+2z=4; 2x- y+z=2
MATEMÁTICAS Il. 2000. RESERVA 1. EJERCICIO 4. OPCIÓN A"
MATES_II,Geometría,2000.0,Reserva 2,Ejercicio 3 Opción B,"y+2_z+1l
2-3
MATEMÁTICAS Il. 2000. RESERVA 2. EJERCICIO 3. OPCIÓN B"
MATES_II,Geometría,2000.0,Reserva 3,Ejercicio 4 Opción A,"Halla las coordenadas del punto simétrico del punto P(1,2,—2) respecto al plano de ecuación
3x+2y+z-7=0.
MATEMÁTICAS HI. 2000. RESERVA 3. EJERCICIO 4. OPCIÓN A"
MATES_II,Geometría,2000.0,Reserva 3,Ejercicio 4 Opción B,"Halla la ecuación del plano cuyo punto más próximo al origen es(-1,2,1).
MATEMÁTICAS Il. 2000. RESERVA 3. EJERCICIO 4. OPCIÓN B"
MATES_II,Geometría,2000.0,Reserva 4,Ejercicio 3 Opción A,"2
que equidistan de los planos de
Determina los puntos de la recta de ecuaciones
ecuaciones 3x+4y-1=0 ; 4x-3z-1=0.
MATEMÁTICAS Il. 2000. RESERVA 4. EJERCICIO 3. OPCIÓN A"
MATES_II,Geometría,2000.0,Septiembre,Ejercicio 3 Opción A,"Halla las ecuaciones de la recta que se apoya perpendicularmente en las rectas r y s definidas
2-1... _x-4 y+l_z
respectivamente por: r=x-—1 2 Ss
p p 27 1732
MATEMÁTICAS Il. 2000. SEPTIEMBRE. EJERCICIO 3. OPCIÓN A"
MATES_II,Geometría,2000.0,Septiembre,Ejercicio 3 Opción B,"Calcula el volumen de un cubo sabiendo que dos de sus caras están, respectivamente, en los
planos 2x-2y+z-1=0 y 2x-2y+z-5=0
MATEMÁTICAS Il. 2000. SEPTIEMBRE. EJERCICIO 3. OPCIÓN B"
MATES_II,Geometría,2001.0,Junio,Ejercicio 3 Opción B,"Calcula a sabiendo que los planos ax+ y—7z=-3 y x+2y+a*z=8 se cortan en una recta que
pasa por el punto A(0,2,1) pero que no pasa por el punto B(6,-3,2).
MATEMÁTICAS Il. 2001. JUNIO. EJERCICIO 3. OPCIÓN B."
MATES_II,Geometría,2001.0,Junio,Ejercicio 4 Opción A,"Halla la ecuación del plano que pasa por el punto A(1,0,—1), es perpendicular al plano
-2y=0
z=0 '
MATEMÁTICAS Il. 2001. JUNIO. EJERCICIO 4. OPCIÓN A."
MATES_II,Geometría,2001.0,Reserva 1,Ejercicio 4 Opción B,"Considera los puntos: A(1,0,3); B(3,—1,0);C(0,-1,2) y D(a,b,—1). Halla a y b sabiendo que la
recta que pasa por A y B corta perpendicularmente a la recta que pasa por C y D.
MATEMÁTICAS Il. 2001. RESERVA 1. EJERCICIO 4. OPCIÓN B."
MATES_II,Geometría,2001.0,Reserva 2,Ejercicio 4 Opcion A,"Considera los planos: 1, =2x+5=0 y 1m,=3x+3y-4=0.
a) ¿Qué ángulo determinan ambos planos?.
b) Halla el plano que pasa por el origen de coordenadas y es perpendicular a los dos planos dados.
MATEMÁTICAS II. 2001. RESERVA 2. EJERCICIO 4. OPCION A."
MATES_II,Geometría,2001.0,Reserva 2,Ejercicio 4 Opción B,"3x+2y=0
3x+ z=0'
Sea r la recta de ecuaciones r -|
a) Halla los puntos de r cuya distancia al origen de coordenadas es de 7 unidades.
b) Halla la ecuación del plano perpendicular a r que pasa por el punto P =(1,2,-1).
MATEMÁTICAS I1. 2001. RESERVA 2. EJERCICIO 4. OPCIÓN B."
MATES_II,Geometría,2001.0,Reserva 3,Ejercicio 4 Opción A,"Halla las coordenadas del punto simétrico de A(0,—1,1) con respecto a la recta
x-5 z-2
ES
MATEMÁTICAS HI. 2001. RESERVA 3. EJERCICIO 4. OPCIÓN A."
MATES_II,Geometría,2001.0,Reserva 3,Ejercicio 4 Opción B,"2 z-3
Halla el punto de la recta A que equidista del punto A(1,2,1) y del origen de
2
coordenadas.
MATEMÁTICAS II. 2001. RESERVA 3. EJERCICIO 4. OPCIÓN B."
MATES_II,Geometría,2001.0,Reserva 4,Ejercicio 3 Opción B,"Determina todos los puntos del plano 2x— y+2z—1=0 que equidistan de los puntos A(3,0,-2)
y B(1,2,0) . ¿Qué representan geométricamente?.
MATEMÁTICAS I1. 2001. RESERVA 4. EJERCICIO 3. OPCIÓN B."
MATES_II,Geometría,2001.0,Reserva 4,Ejercicio 4 Opción A,"Considera el plano 2x+ y+2z-4=0
a) Halla el área del triángulo cuyos vértices son los puntos de corte del plano dado con los ejes
coordenados.
b) Calcula la distancia del origen al plano dado.
MATEMÁTICAS Il. 2001. RESERVA 4. EJERCICIO 4. OPCIÓN A."
MATES_II,Geometría,2001.0,Septiembre,Ejercicio 4 Opción A,"Considera los tres planos siguientes: TT, =X+Y+Z=13,=xX-—yY+Z=2; ,=3x+y+3z=5.
¿Se cortan Tm, y Tr, ?.¿Hay algún punto que pertenezca a los tres planos?.
MATEMÁTICAS Il. 2001. SEPTIEMBRE. EJERCICIO 4. OPCIÓN A."
MATES_II,Geometría,2001.0,Septiembre,Ejercicio 4 Opción B,"Considera los puntos A(1,2,3), B(3,2,1) y C(2,0,2). Halla el punto simétrico del origen de
coordenadas respecto del plano que contiene a A,B y C.
MATEMÁTICAS II. 2001. SEPTIEMBRE. EJERCICIO 4. OPCIÓN B."
MATES_II,Geometría,2002.0,Junio,Ejercicio 4 Opción A,"Calcula la ecuación de una recta que pasa por el punto de intersección del plano
T=X+y-Z+6=0 con la recta 5=7=y-2=2+1 y es paralela a la recta
_ 3x+ y-4=0
—|4x-3y+z-1=0
MATEMÁTICAS Il. 2002. JUNIO. EJERCICIO 4. OPCIÓN A."
MATES_II,Geometría,2002.0,Junio,Ejercicio 4 Opción B,"Calcula el área del triángulo de vértices A(1,1,2) ; B(1,0,-1) 5 C(1,-3,2).
MATEMÁTICAS Il. 2002. JUNIO. EJERCICIO 4. OPCIÓN B."
MATES_II,Geometría,2002.0,Reserva 1,Ejercicio 4 Opcion A,"Considera los puntos A(1,-3,2), B(1,1,2) y C(1,1,-1).
a) ¿Pueden ser A, B y C vértices consecutivos de un rectángulo?. Justifica la respuesta.
b) Halla, si es posible las coordenadas de un punto D para que el paralelogramo ABCD sea un
rectángulo.
MATEMÁTICAS II. 2002. RESERVA 1. EJERCICIO 4. OPCION A."
MATES_II,Geometría,2002.0,Reserva 1,Ejercicio 4 Opción B,"Considera los puntos A(1,1,1);B(2,2,2);C (1,1,0) y D(1,0,0).
a) Halla la ecuación del plano que contiene a los puntos A y B y no corta a la recta determinada
por CyD.
b) Halla las ecuaciones de la recta determinada por los puntos medios de los segmentos AB y CD.
MATEMÁTICAS Il. 2002. RESERVA 1. EJERCICIO 4. OPCIÓN B."
MATES_II,Geometría,2002.0,Reserva 2,Ejercicio 3 Opcion A,"Considera los puntos A(1,-1,2), B(1,3,0)y C(0,0,1). Halla el punto simétrico de A respecto
de la recta que pasa por B y C.
MATEMÁTICAS II. 2002. RESERVA 2. EJERCICIO 3. OPCION A."
MATES_II,Geometría,2002.0,Reserva 2,Ejercicio 3 Opción B,"Sea rrel plano de ecuación 3x—y + 2z-4 =0
a) Halla la ecuación del plano r, que es paralelo a ry pasa por el punto P =(1,—2,2).
b) Halla la ecuación del plano 1 perpendicular a ambos que contiene a la recta
X-y+z=1
r=
2x+ y-4z=1
MATEMÁTICAS I1. 2002. RESERVA 2. EJERCICIO 3. OPCIÓN B."
MATES_II,Geometría,2002.0,Reserva 3,Ejercicio 4 Opción A,"+3y+z= 1
Halla el punto de la recta r = Ñ y. ; que está más cercano al punto P (1,—1,0).
y+z=-
MATEMÁTICAS HI. 2002. RESERVA 3. EJERCICIO 4. OPCIÓN A."
MATES_II,Geometría,2002.0,Reserva 3,Ejercicio 4 Opcion B,". o x+z-a=0
Considera la recta r y el plano rsiguientes: r = , T=2x-y=b
y-az-1=0
a) Determina a y b sabiendo que r está contenida en z.
b) Halla la ecuación de un plano que contenga a r y sea perpendicular a z.
MATEMÁTICAS II. 2002. RESERVA 3. EJERCICIO 4. OPCION B."
MATES_II,Geometría,2002.0,Reserva 4,Ejercicio 4 Opción A,"Determina la recta que no corta al plano de ecuación x— y+Z=7 y cuyo punto más cercano al
origen es(1,2,3).
MATEMÁTICAS II. 2002. RESERVA 4. EJERCICIO 4. OPCIÓN A."
MATES_II,Geometría,2002.0,Reserva 4,Ejercicio 4 Opción B,"se cortan, determina a y el
Sabiendo que las rectas: El
x+y=z=1 x—-2y-z=a
s=
x-y=2 2x+z=a
punto de corte.
MATEMÁTICAS Il. 2002. RESERVA 4. EJERCICIO 4. OPCIÓN B."
MATES_II,Geometría,2002.0,Septiembre,Ejercicio 4 Opción A,"Los puntos A(1,0,2) y B(-1,0,-2) son vértices opuestos de un cuadrado.
a) Calcula el área del cuadrado.
b) Calcula el plano perpendicular al segmento de extremos A y B que pasa por su punto medio.
MATEMÁTICAS Il. 2002. SEPTIEMBRE. EJERCICIO 4. OPCIÓN A."
MATES_II,Geometría,2002.0,Septiembre,Ejercicio 4 Opción B,"Considera el plano T=x-— y+2z=3 y el punto A(-1,—4,2).
a) Halla la ecuación de la recta perpendicular a Tr que pasa por A.
b) Halla el punto simétrico de A respecto de Tr .
MATEMÁTICAS Il. 2002. SEPTIEMBRE. EJERCICIO 4. OPCIÓN B."
MATES_II,Geometría,2003.0,Junio,Ejercicio 3 Opción A,"Considera los vectores u =(1,1,1), v=(2,2,a) y w=(2,0,0).
a) Halla los valores de a para los que los vectores u, v y w son linealmente independientes.
> > >
>
b) Determina los valores de a para los que los vectores u+ v y u— w son ortogonales.
MATEMÁTICAS Il. 2003. JUNIO. EJERCICIO 3. OPCIÓN A."
MATES_II,Geometría,2003.0,Junio,Ejercicio 4 Opción A,"x=1+u
Sabiendo que las rectas: r=x=y=Z y s=3% y=3+p se cruzan, halla los puntos A y B, der y s
Z=-u
respectivamente, que están a mínima distancia.
MATEMÁTICAS II. 2003. JUNIO. EJERCICIO 4. OPCIÓN A."
MATES_II,Geometría,2003.0,Junio,Ejercicio 4 Opción,"x—1 cas
Determina el punto P de la recta r = >? =3 que equidista de los planos
x=-3+4
T|=xX+y+Z4+3=0 y 7,= yA +A
MATEMÁTICAS Il. 2003. JUNIO. EJERCICIO 4. OPCIÓN"
MATES_II,Geometría,2003.0,Reserva 1,Ejercicio 4 Opción A,"x-3y+z=0
Considera el plano T=x-2y+1=0 y la recta r =(
x—y+az+2=0
a) Halla el valor de a sabiendo que la recta está contenida en el plano.
% x-3y+z=0
b) Calcula el ángulo formado por el plano ry la recta s=
x—y+z+2=0
MATEMÁTICAS Il. 2003. RESERVA 1. EJERCICIO 4. OPCIÓN A."
MATES_II,Geometría,2003.0,Reserva 2,Ejercicio 4 Opción A,"x+y+z+2=0
Considera el punto P (-2,3,0) y la recta r =
2x-2y+z+1=0
a) Halla la ecuación del plano que pasa por P y contiene a la recta r.
b) Determina el punto de r más próximo a P.
MATEMÁTICAS Il. 2003. RESERVA 2. EJERCICIO 4. OPCIÓN A."
MATES_II,Geometría,2003.0,Reserva 2,Ejercicio 4 Opción B,"Considera una recta r y un plano rcuyas ecuaciones son, respectivamente;
x=t *x=Q
y=tp (teR)
z=0 Z= B
a) Estudia la posición relativa de la recta r y el plano z.
b) Dados los puntos B(4,4,4) y C(0,0,0), halla un punto A en la recta r de manera que el
triángulo formado por los puntos A, B y C sea rectángulo en B.
MATEMÁTICAS Il. 2003. RESERVA 2. EJERCICIO 4. OPCIÓN B."
MATES_II,Geometría,2003.0,Reserva 3,Ejercicio 4 Opción A,"Halla la ecuación de la recta que pasa por el punto (3,1,—1),es paralela al plano 3x- y+z=4 y
corta a la recta intersección de los planos x+z=4 y x-2y+z=1.
MATEMÁTICAS Il. 2003. RESERVA 3. EJERCICIO 4. OPCIÓN A."
MATES_II,Geometría,2003.0,Reserva 3,Ejercicio 4 Opcion B,"x+y=z=1
y=2
a) Calcula el haz de planos que contiene a la recta r.
b) Halla el plano que contiene a la recta r y corta al plano ren una recta paralela al plano z=0.
MATEMÁTICAS II. 2003. RESERVA 3. EJERCICIO 4. OPCION B."
MATES_II,Geometría,2003.0,Reserva 4,Ejercicio 4 Opción A,"Se sabe que el plano rr corta a los semiejes positivos de coordenadas en los puntos A, B y C,
siendo las longitudes de los segmentos OA, OB y OC de 4 unidades, donde O es el origen de
coordenadas.
a) Halla la ecuación del plano Tr .
b) Calcula el área del triángulo ABC.
c) Obtén un plano paralelo al plano Tr que diste 4 unidades del origen de coordenadas.
MATEMÁTICAS Il. 2003. RESERVA 4. EJERCICIO 4. OPCIÓN A."
MATES_II,Geometría,2003.0,Reserva 4,Ejercicio 4 Opción B,"x=l+a
Halla la perpendicular común a las rectas: r =4 y=a
z=-Q
MATEMÁTICAS Il. 2003. RESERVA 4. EJERCICIO 4. OPCIÓN B."
MATES_II,Geometría,2003.0,Septiembre,Ejercicio 4 Opción A,"Se sabe que los puntos A(1,0,-1), B(3,2,1) y C(-7,1,5) son vértices consecutivos de un
paralelogramo ABCD.
a) Calcula las coordenadas de D.
b) Halla el área del paralelogramo.
MATEMÁTICAS Il. 2003. SEPTIEMBRE. EJERCICIO 4. OPCIÓN A."
MATES_II,Geometría,2003.0,Septiembre,Ejercicio 4 Opción B,"Los puntos A(1,1,0)y B(2,2,1) son vértices consecutivos de un rectángulo ABCD. Además, se
sabe que los vértices C y D están contenidos en una recta que pasa por el origen de coordenadas.
Halla C y D.
MATEMÁTICAS Il. 2003. SEPTIEMBRE. EJERCICIO 4. OPCIÓN B."
MATES_II,Geometría,2004.0,Junio,Ejercicio 4 Opción A,"Sean los puntos A (1,2,1); B (2,3,1); C (0,5,3) y D (-1,4,3)
a) Prueba que los 4 puntos están en el mismo plano. Halla la ecuación de dicho plano.
b) Demuestra que el polígono de vértices consecutivos ABCD es un rectángulo.
c) Calcula el área de dicho rectángulo.
MATEMÁTICAS II. 2004. JUNIO. EJERCICIO 4. OPCIÓN A."
MATES_II,Geometría,2004.0,Junio,Ejercicio 4 Opción B,"> > >
Dados los vectores u =(2,1,0)y v =(=1,0,1), halla un vector unitario w que sea coplanario con
> >
u y v yortogonala v.
MATEMÁTICAS Il. 2004. JUNIO. EJERCICIO 4. OPCIÓN B."
MATES_II,Geometría,2004.0,Reserva 1,Ejercicio 4 Opcion A,"z=2 z=3
Halla la ecuación de una recta que corte a r y s y sea perpendicular al plano z=0.
MATEMÁTICAS II. 2004. RESERVA 1. EJERCICIO 4. OPCION A."
MATES_II,Geometría,2004.0,Reserva 1,Ejercicio 4 Opción B,"Sean los puntos A(1,0,—1) y B(2,-1,3).
a) Calcula la distancia del origen de coordenadas a la recta que pasa por A y por B.
b) Calcula el área del paralelogramo de vértices consecutivos ABCD sabiendo que la recta
determinada por los vértices C y D pasa por el origen de coordenadas.
MATEMÁTICAS Il. 2004. RESERVA 1. EJERCICIO 4. OPCIÓN B."
MATES_II,Geometría,2004.0,Reserva 2,Ejercicio 4 Opción A,"x=0
: : x=1=1-z
Halla la distancia entre las rectas: r = z-2 y
y=1==3 y=0
MATEMÁTICAS Il. 2004. RESERVA 2. EJERCICIO 4. OPCIÓN A."
MATES_II,Geometría,2004.0,Reserva 2,Ejercicio 4 Opcion B,"Considera los puntos P(6,-1,-10), Q(0,2,2) y R, que es el punto de intersección del plano
x+y+z-1=0 . .
T=2x+1y+Z-2=0 y la recta r = . Determina A, sabiendo que los puntos P,
y=1
Q yR están alineados.
MATEMÁTICAS II. 2004. RESERVA 2. EJERCICIO 4. OPCION B."
MATES_II,Geometría,2004.0,Reserva 3,Ejercicio 4 Opción A,"x=1+1
Considera el plano T=2x+ y—Z+7=0 y la recta r=3y=1+24
z=1+4+31
a) Halla la ecuación de un plano perpendicular a x y que contenga a la recta r.
b) ¿Hay algún plano paralelo a r que contenga a la recta r?. En caso afirmativo determina sus
ecuaciones.
MATEMÁTICAS Il. 2004. RESERVA 3. EJERCICIO 4. OPCIÓN A."
MATES_II,Geometría,2004.0,Reserva 3,Ejercicio 4 Opcion B,"x+y-2=0 x+y-6=0
Las rectas r = y s=
2x+2y+z-4=0
contienen dos lados de un cuadrado.
a) Calcula el área del cuadrado.
b) Halla la ecuación del plano que contiene al cuadrado.
MATEMÁTICAS II. 2004. RESERVA 3. EJERCICIO 4. OPCION B."
MATES_II,Geometría,2004.0,Reserva 4,Ejercicio 4 Opción A,"Calcula el área del triángulo de vértices A(0,0,1), B(0,1,0) y C, siendo C la proyección
ortogonal del punto (1,1,1) sobre el plano x+ y+z=1.
MATEMÁTICAS Il. 2004. RESERVA 4. EJERCICIO 4. OPCIÓN A."
MATES_II,Geometría,2004.0,Reserva 4,Ejercicio 4 Opción B,"Ñ x-2y+z=0
Considera el punto A(0,1,—1), la recta r = y el plano T=x-2y-Z=2. Halla la
2x-z=-A4
ecuación de la recta que pasa por A, es paralela a Tí y corta ar.
MATEMÁTICAS Il. 2004. RESERVA 4. EJERCICIO 4. OPCIÓN B."
MATES_II,Geometría,2004.0,Septiembre,Ejercicio 4 Opción A,"Se sabe que el triángulo ABC es rectángulo en el vértice C, que pertenece a la recta intersección
de los planos y+z=1 e y-3z+3=0, y que sus otros dos vértices son A(2,0,1) y B(0,-3,0).
Halla C y el área del triángulo ABC.
MATEMÁTICAS Il. 2004. SEPTIEMBRE. EJERCICIO 4. OPCIÓN A."
MATES_II,Geometría,2004.0,Septiembre,Ejercicio 4 Opción B,"x=1l x=B
Halla la perpendicular común a las rectas: r=4y=1 y s=<y=B-l
zZ=0 z=-1
MATEMÁTICAS II. 2004. SEPTIEMBRE. EJERCICIO 4. OPCIÓN B."
MATES_II,Geometría,2005.0,Junio,Ejercicio 4 Opción A,"x+2y=6
z=2
a) Halla la ecuación del plano que contiene a P yar.
b) Calcula el punto simétrico de P respecto de la recta r.
MATEMÁTICAS Il. 2005. JUNIO. EJERCICIO 4. OPCIÓN A."
MATES_II,Geometría,2005.0,Junio,Ejercicio 4 Opción B,"Sean los vectores: y, =(0,1,0) , v,=(2,1, 1D) y y, =(2,3, D.
a) ¿Son los vectores v, , V, y V, linealmente dependientes?.
b) ¿Para qué valores de a el vector (4,a +3,-2) puede expresarse como combinación lineal de
. A
los vectores v, , V, y V,?.
c) Calcula un vector unitario y perpendicular a v y Y .
MATEMÁTICAS Il. 2005. JUNIO. EJERCICIO 4. OPCIÓN B."
MATES_II,Geometría,2005.0,Reserva 1,Ejercicio 4 Opcion A,"2x-y-1=0
x+z=0
Sea el punto P(1,0,-3) y la recta r =|
a) Halla la ecuación del plano que contiene a P y es perpendicular a r.
b) Calcula las coordenadas del punto simétrico de P respecto de r.
MATEMÁTICAS II. 2005. RESERVA 1. EJERCICIO 4. OPCION A."
MATES_II,Geometría,2005.0,Reserva 1,Ejercicio 4 Opcion B,"Se sabe que los puntos A(m,0,1);B(0,1,2);C (1,2,3) y D(7,2,1) están en un mismo plano.
a) Halla m y calcula la ecuación de dicho plano.
b) ¿Están los puntos B,C y D alineados?
MATEMÁTICAS II. 2005. RESERVA 1. EJERCICIO 4. OPCION B."
MATES_II,Geometría,2005.0,Reserva 2,Ejercicio 4 Opción A,"son paralelas.
x+y=z-3=0 ax+6y+6=0
Se sabe que las rectas: r = y S=
x+2y-2=0 x-2z7+2=0
a) Calcula a.
b) Halla la ecuación del plano que contiene a las rectas r y s.
MATEMÁTICAS HI. 2005. RESERVA 2. EJERCICIO 4. OPCIÓN A."
MATES_II,Geometría,2005.0,Reserva 2,Ejercicio 4 Opción B,"x+z-2=0
Considera las rectas r -l
x—-y-1=0
a) Halla la ecuación del plano Tr que contiene a s y es paralelo a r.
b) Calcula la distancia de la recta r al plano Tr.
MATEMÁTICAS Il. 2005. RESERVA 2. EJERCICIO 4. OPCIÓN B."
MATES_II,Geometría,2005.0,Reserva 3,Ejercicio 4 Opción A,"Considera el punto A(0,-3,1),el plano 1=2x-2y+3z=0 y la recta r=x+3=y= 2
a) Determina la ecuación del plano que pasa por A y contiene a r.
b) Determina la ecuación de la recta que pasa por A, es paralela a T y corta ar.
MATEMÁTICAS HI. 2005. RESERVA 3. EJERCICIO 4. OPCIÓN A."
MATES_II,Geometría,2005.0,Reserva 3,Ejercicio 4 Opcion B,"x=1+t
x—-y+z=3 . .
Se sabe que las rectas: r=3y=-l-=t y s= y están contenidas en un mismo plano.
b+t 6x+2z=2
z=b+
a) Calcula b.
b) Halla la ecuación del plano que contiene a las rectas r y s.
MATEMÁTICAS II. 2005. RESERVA 3. EJERCICIO 4. OPCION B."
MATES_II,Geometría,2005.0,Reserva 4,Ejercicio 4 Opción A,"Calcula la distancia entre las rectas: r =
MATEMÁTICAS Il. 2005. RESERVA 4. EJERCICIO 4. OPCIÓN A."
MATES_II,Geometría,2005.0,Reserva 4,Ejercicio 4 Opción B,"Sean A(-3,4,0); B(3,6,3) y C(-1,2,1) los vértices de un triángulo.
a) Halla la ecuación del plano Tr que contiene al triángulo.
b) Halla la ecuación de la recta que es perpendicular a T y pasa por el origen de coordenadas.
c) Calcula el área del triángulo ABC.
MATEMÁTICAS Il. 2005. RESERVA 4. EJERCICIO 4. OPCIÓN B."
MATES_II,Geometría,2005.0,Septiembre,Ejercicio 4 Opcion A,"-2
Considera un plano T=x+y+mz=3 y la recta rex=y-1=5
a) Halla m para quer y T sean paralelos.
b) Halla m para que r y Tí sean perpendiculares.
c) ¿Existe algún valor de m para que la recta r esté contenida en el plano T ?.
MATEMÁTICAS II. 2005. SEPTIEMBRE. EJERCICIO 4. OPCION A."
MATES_II,Geometría,2005.0,Septiembre,Ejercicio 4 Opción B,"Sean los planos mr, =2x+ y—z+5=0 y 7, =x+2y+z4+2=0.
a) Calcula las coordenadas del punto P sabiendo que está en el plano rr, y que su proyección
ortogonal sobre el plano rr, es el punto(1,0,-3).
b) Calcula el punto simétrico de P respecto del plano r,
MATEMÁTICAS HI. 2005. SEPTIEMBRE. EJERCICIO 4. OPCIÓN B."
MATES_II,Geometría,2006.0,Junio,Ejercicio 4 Opción A,". .z .Z x=
Considera el plano íT de ecuación 2x+ y—-Z+2=0 y la recta r de ecuación
a) Halla la posición relativa de r y r según los valores del parámetro m.
b) Para m=-3, halla el plano que contiene a la recta r y es perpendicular al planorr .
c) Para m=3, halla el plano que contiene a la recta r y es paralelo al plano .
MATEMÁTICAS II. 2006. JUNIO. EJERCICIO 4. OPCIÓN A."
MATES_II,Geometría,2006.0,Junio,Ejercicio 4 Opción B,"x+y-z-3=0
x+2z+1=0
a) Halla la ecuación del plano que contiene a P y a la recta r.
b) Determina las coordenadas del punto Q simétrico de P respecto de la recta r.
MATEMÁTICAS II. 2006. JUNIO. EJERCICIO 4. OPCIÓN B."
MATES_II,Geometría,2006.0,Reserva 1,Ejercicio 3 Opcion A,"Sean u=(x,2,0), v=(x,-2,1) y w=(2,-x,-4x) tres vectores de R?.
a) Determina los valores de x para los que los vectores son linealmente independientes.
b) Halla los valores de x para los que los vectores son ortogonales dos a dos.
MATEMÁTICAS II. 2006. RESERVA 1. EJERCICIO 3. OPCION A."
MATES_II,Geometría,2006.0,Reserva 1,Ejercicio 4 Opción A,"x=a+t
Sea r la recta de ecuación 4 y=1-2t ys la recta de ecuación
z=4-1t
a) Calcula el valor de a sabiendo que las rectas r y s se cortan.
b) Calcula el punto de corte.
MATEMÁTICAS HI. 2006. RESERVA 1. EJERCICIO 4. OPCIÓN A."
MATES_II,Geometría,2006.0,Reserva 1,Ejercicio 4 Opción B,"Halla un punto A de la recta r de ecuación x=y=z y un punto B de la recta s de ecuación
1
MATEMÁTICAS Il. 2006. RESERVA 1. EJERCICIO 4. OPCIÓN B."
MATES_II,Geometría,2006.0,Reserva 2,Ejercicio 4 Opcion A,"Sea r la recta de ecuación
x-5_y+2_z | 3x-2y+z=2
=-— ysla recta dada por
-1. 4 y p
a) Determina la posición relativa de ambas rectas.
b) Halla la ecuación del plano que contiene a la recta r y es paralelo a la recta s.
MATEMÁTICAS II. 2006. RESERVA 2. EJERCICIO 4. OPCION A."
MATES_II,Geometría,2006.0,Reserva 2,Ejercicio 4 Opción B,"x+y+z=1
x-2y+3z=0
a) Determina la ecuación del plano que contiene a la recta r y no corta al eje OZ.
b) Calcula la proyección ortogonal del punto A(1,2,1) sobre la recta r.
MATEMÁTICAS II. 2006. RESERVA 2. EJERCICIO 4. OPCIÓN B."
MATES_II,Geometría,2006.0,Reserva 3,Ejercicio 4 Opción A,"z-3
2
Considera los puntos A(2,1,2) y B(0,4,1) y la recta r de ecuación x= y-2=
a) Determina un punto C de la recta r que equidiste de los puntos A y B.
b) Calcula el área del triángulo de vértices ABC.
MATEMÁTICAS Il. 2006. RESERVA 3. EJERCICIO 4. OPCIÓN A."
MATES_II,Geometría,2006.0,Reserva 3,Ejercicio 4 Opción B,"Halla la ecuación de un plano que sea paralelo al plano T de ecuación x+ y+z=1 y forme con
los ejes de coordenadas un triángulo de área 18 Va.
MATEMÁTICAS Il. 2006. RESERVA 3. EJERCICIO 4. OPCIÓN B."
MATES_II,Geometría,2006.0,Reserva 4,Ejercicio 4 Opción A,"y el plano rr de ecuación x— y+z+1=0.
.,  X=—l +2 z-3
Sea la recta r de ecuación LA
3
Calcula el área del triángulo de vértices ABC, siendo A el punto de corte de la recta r y el plano
TT, B el punto (2,1,2) de la recta r y C la proyección ortogonal del punto B sobre el plano T .
MATEMÁTICAS Il. 2006. RESERVA 4. EJERCICIO 4. OPCIÓN A."
MATES_II,Geometría,2006.0,Reserva 4,Ejercicio 4 Opción B,"Halla las ecuaciones paramétricas de una recta sabiendo que corta a la recta r de ecuación
x=y=2z,es paralela al plano T de ecuación 3x+2y-z=4 y pasa por el punto A(1,2,-1).
MATEMÁTICAS Il. 2006. RESERVA 4. EJERCICIO 4. OPCIÓN B."
MATES_II,Geometría,2006.0,Septiembre,Ejercicio 4 Opción A,"Determina los puntos de la recta r de ecuaciones z—3 que equidistan del plano x de
-1
y 2
ecuación x+z=1 y del plano m' de ecuación y—-z=3.
MATEMÁTICAS I1. 2006. SEPTIEMBRE. EJERCICIO 4. OPCIÓN A."
MATES_II,Geometría,2006.0,Septiembre,Ejercicio 4 Opción B,"Considera los puntos A(1,0,-2) y B(-2,3,1)
a) Determina los puntos del segmento AB que lo dividen en tres partes iguales
b) Calcula el área del triángulo de vértices A, B y C, donde C es un punto de la recta de
ecuación —-x = y—1=z. (¿Depende el resultado de la elección concreta del punto C?
MATEMÁTICAS Il. 2006. SEPTIEMBRE. EJERCICIO 4. OPCIÓN B."
MATES_II,Geometría,2007.0,Junio,Ejercicio 4 Opción A,"Considera los planos de ecuaciones: x-y+zZz=0 y x+y-=z=2
a) Determina la recta que pasa por el punto A(1,2,3) y no corta a ninguno de los planos dados.
b) Determina los puntos que equidistan de A(1,2,3) y B(2,1,0) y pertenecen a la recta intersección
de los planos dados.
MATEMÁTICAS Il. 2007. JUNIO. EJERCICIO 4. OPCIÓN A"
MATES_II,Geometría,2007.0,Junio,Ejercicio 4 Opción B,"a) Calcula los valores de x sabiendo que el triángulo ABC de vértices A(0,3,-1) , B(0,1,5) y
C(x,4,3) tiene un ángulo recto en C.
b) Halla la ecuación del plano que pasa por los puntos (0,1,5) y (3,4,3) y es paralelo a la recta
Xx-y+z=0
definida por las ecuaciones |
2x+ y=3
MATEMÁTICAS Il. 2007. JUNIO. EJERCICIO 4. OPCIÓN B"
MATES_II,Geometría,2007.0,Reserva 1,Ejercicio 4Opción A,"y-1_z-3
2 3
Sea r la recta definida por =S =< y s la recta definida por
a) Halla k sabiendo que las rectas r y s se cortan en un punto.
b) Determina la ecuación del plano que contiene a las rectas r y s.
MATEMÁTICAS HI. 2007. RESERVA 1. EJERCICIO 4.OPCIÓN A."
MATES_II,Geometría,2007.0,Reserva 1,Ejercicio 4Opción B,"Halla la ecuación de la recta contenida en el plano de ecuación x+2y+3z-1=0 que corta
. o. x=2z+4
perpendicularmente a la recta definida por en el punto(2,1,—1).
y =2z7+3
MATEMÁTICAS 11. 2007. RESERVA 1. EJERCICIO 4.OPCIÓN B."
MATES_II,Geometría,2007.0,Reserva 2,Ejercicio 4Opción A,"-1
Considera la recta r definida por X 2 y el plano Tr de ecuación 2x-— y+fz=0.
al
Determina a y B en cada uno de los siguientes casos:
a) La recta r es perpendicular al plano T .
b) La recta r está contenida en el plano Tr.
MATEMÁTICAS HI. 2007. RESERVA 2. EJERCICIO 4.OPCIÓN A."
MATES_II,Geometría,2007.0,Reserva 2,Ejercicio 4Opción B,"Calcula la distancia del punto P (1,—3,7) a su punto simétrico respecto de la recta definida por
DA
X+y-Zz+6=0
MATEMÁTICAS Il. 2007. RESERVA 2. EJERCICIO 4.OPCIÓN B."
MATES_II,Geometría,2007.0,Reserva 3,Ejercicio 4Opción A,"Encuentra la ecuación de la recta r que pasa por el origen de coordenadas y es paralela a los
planos rr, de ecuación X+ y+Z= 3/3 y T, de ecuación —x+y+z=2.
b) Halla la distancia de la recta r al planor, .
MATEMÁTICAS II. 2007. RESERVA 3. EJERCICIO 4.OPCIÓN A."
MATES_II,Geometría,2007.0,Reserva 3,Ejercicio 4 Opcion B,"2x-y=5
2x+ y-4z=7
Considera el punto P (1,0,—2) y la recta r definida por |
a) Determina la recta perpendicular a r que pasa por P.
b) Halla la distancia entre el punto P y su simétrico Q respecto de la recta r.
MATEMÁTICAS II. 2007. RESERVA 3. EJERCICIO 4. OPCION B."
MATES_II,Geometría,2007.0,Reserva 4,Ejercicio 4 Opción A,"Considera el plano rT de ecuación 2x+2y-z—6=0 y el punto P (1,0,—1).
a) Calcula la recta que pasa por el punto P y es perpendicular al plano Tr .
b) Encuentra el punto simétrico de P respecto del plano r
MATEMÁTICAS HI. 2007. RESERVA 4. EJERCICIO 4. OPCIÓN A."
MATES_II,Geometría,2007.0,Reserva 4,Ejercicio 4 Opción B,"-1 1
Considera el plano í de ecuación 2x+2y—zZz—6=0 y la recta r definida por > = e =>
a) Calcula el área del triángulo cuyos vértices son los puntos de corte del plano rr con los ejes
de coordenadas.
b) Calcula, razonadamente, la distancia de la recta r al planor .
MATEMÁTICAS II. 2007. RESERVA 4. EJERCICIO 4. OPCIÓN B."
MATES_II,Geometría,2007.0,Septiembre,Ejercicio 4 Opción A,"a) Halla los dos puntos que dividen al segmento de extremos A(1,2,1) y B(-1,0,3) en tres
partes iguales
b) Determina la ecuación del plano perpendicular al segmento AB que pasa por su punto
medio.
MATEMÁTICAS II. 2007. SEPTIEMBRE. EJERCICIO 4. OPCIÓN A."
MATES_II,Geometría,2007.0,Septiembre,Ejercicio 4 Opción B,"Considera los vectores u =(1,1,m), v=(0,m,-1) y w=(1,2m,0).
>> >
a) Determina el valor de m para que los vectores u, v y w sean linealmente dependientes.
>
b) Para el valor de m obtenido en el apartado anterior, expresa el vector w como combinación
. > >
lineal de los vectores u y v.
MATEMÁTICAS HI. 2007. SEPTIEMBRE. EJERCICIO 4. OPCIÓN B."
MATES_II,Geometría,2008.0,Junio,Ejercicio 4 Opción A,"x-1_y+1_z-2
20301
a) Halla la ecuación del plano que pasa por el origen y contiene a r.
Dada la recta r definida por:
b) Halla la ecuación del plano que pasa por el origen y es perpendicular a r.
MATEMÁTICAS Il. 2008. JUNIO. EJERCICIO 4. OPCIÓN A"
MATES_II,Geometría,2008.0,Junio,Ejercicio 4 Opción B,"Dados los puntos A(2,1,1) y B(0,0,1), halla los puntos C en el eje OX tales que el área del
triángulo de vértices A, B y Ces 2.
MATEMÁTICAS Il. 2008. JUNIO. EJERCICIO 4. OPCIÓN B"
MATES_II,Geometría,2008.0,Reserva 1,Ejercicio 4 Opción A,"Los puntos A=(-2,3,1), B=(2,-1,3) y C =(0,1,-—2) son vértices consecutivos del
paralelogramo ABCD.
a) Halla las coordenadas del vértice D.
b) Encuentra la ecuación de la recta que pasa por B y es paralela a la diagonal AC.
c) Halla la ecuación del plano que contiene a dicho paralelogramo.
MATEMÁTICAS Il. 2008. RESERVA 1. EJERCICIO 4. OPCIÓN A"
MATES_II,Geometría,2008.0,Reserva 1,Ejercicio 4Opción B,"2
Sea la recta r dada por | y el plano r definido por x+my=z=1
xX-y-z=-m
a) ¿Existe algún valor de m para el que Tr y r son paralelos?.
b) ¿Para qué valor de m está la recta contenida en el plano?.
c) ¿Cuál es la posición relativa de la recta y el plano cuando m=07.
MATEMÁTICAS Il. 2008. RESERVA 1. EJERCICIO 4.OPCIÓN B."
MATES_II,Geometría,2008.0,Reserva 2,Ejercicio 4Opción A,"x=0 o
y la recta s definida por
+Z=
Considera la recta r definida por la
y
a) Estudia la posición relativa de r y s.
b) Halla la ecuación general de un plano que contiene a s y es paralelo a r.
MATEMÁTICAS II. 2008. RESERVA 2. EJERCICIO 4.OPCIÓN A."
MATES_II,Geometría,2008.0,Reserva 2,Ejercicio 4Opción B,"x=1
Sea la recta r definida por ) y sean los planos r, de ecuación x+ y+z=0, y T.,, de
x-y=
ecuación y+z=0. Halla la ecuación de la recta contenida en el planor,, que es paralela al
plano r., y que corta a la recta r.
MATEMÁTICAS Il. 2008. RESERVA 2. EJERCICIO 4.OPCIÓN B."
MATES_II,Geometría,2008.0,Reserva 3,Ejercicio 40Pción A,"Se sabe que los planos de ecuaciones: x+2y+bz=1;2x+y+bz=0;3x+3y-2z=1
cortan en una recta r.
a) Calcula el valor de b.
b) Halla unas ecuaciones paramétricas de r.
MATEMÁTICAS II. 2008. RESERVA 3. EJERCICIO 4.0PCIÓN A."
MATES_II,Geometría,2008.0,Reserva 3,Ejercicio 4 Opcion B,"x-y=z=-1
halla las
x-2z=-5
Dados los puntos A=(2,1,—1) y B=(-2,3,1) y la recta r definida por |
coordenadas de un punto de la recta r que equidiste de los puntos A y B.
MATEMÁTICAS II. 2008. RESERVA 3. EJERCICIO 4. OPCION B."
MATES_II,Geometría,2008.0,Reserva 4,Ejercicio 4 Opción A,"Se considera la recta r definida pormx=y=z+2(mx%0), y la recta s definida por
a) Halla el valor de m para el quer y s son perpendiculares.
b) Deduce razonadamente si existe algún valor de m para el quer y s son paralelas.
MATEMÁTICAS Il. 2008. RESERVA 4. EJERCICIO 4. OPCIÓN A"
MATES_II,Geometría,2008.0,Reserva 4,Ejercicio 4 Opción B,"Considera los puntos A=(2,0,1),B =(-1,1,2), C =(2,2,1) y D=(3,1,0).
a) Calcula la ecuación del plano Tr que contiene a los puntos B.C y D.
b) Halla el punto simétrico de A respecto del plano T .
MATEMÁTICAS Il. 2008. RESERVA 4. EJERCICIO 4. OPCIÓN B."
MATES_II,Geometría,2008.0,Septiembre,Ejercicio 4 Opción A,"x=z=-1
2y+z=3
Sea la recta s dada por |
a) Halla la ecuación del plano rr, que es paralelo a la recta s y que contiene a la recta r, dada
por x-1=-y+2=z-3
b) Estudia la posición relativa de la recta s y el plano 1, ,de ecuación x+ y=3, y deduce la
distancia entre ambos.
MATEMÁTICAS II. 2008. SEPTIEMBRE. EJERCICIO 4. OPCIÓN A."
MATES_II,Geometría,2008.0,Septiembre,Ejercicio 4 Opción B,"Dados los puntos A=(1,1,0) , B=(1,1,2) y C =(1,—1,1).
a) Comprueba que no están alineados y calcula el área del triángulo que determinan.
b) Halla la ecuación del plano que contiene el punto A y es perpendicular a la recta
determinada por B y C.
MATEMÁTICAS Il. 2008. SEPTIEMBRE. EJERCICIO 4. OPCIÓN B."
MATES_II,Geometría,2009.0,Junio,Ejercicio 4 Opción A,"x=1 x=
Se considera la recta r definida por r=< y=1 y la recta s definida por s=4 y=pu-1. Halla la
z=24-2 z=-1
ecuación de la recta perpendicular común a r ys.
MATEMÁTICAS Il. 2009. JUNIO. EJERCICIO 4. OPCIÓN A."
MATES_II,Geometría,2009.0,Junio,Ejercicio 4 Opción B,"x+
Considera la recta r definida por | y y la recta s que pasa por los puntos A(2,1,0) y
y
+z=0
B(1,0,-1).
a) Estudia la posición relativa de ambas rectas.
b) Determina un punto C de la recta r tal que los segmentos CA y CB sean perpendiculares.
MATEMÁTICAS Il. 2009. JUNIO. EJERCICIO 4. OPCIÓN B."
MATES_II,Geometría,2009.0,Reserva 1,Ejercicio 4 Opcion A,"2x+y+z=7
x+y=2
Considera el punto A(1,—2,1) y la recta r definida por las ecuaciones y )
a) Halla la ecuación del plano perpendicular a r que pasa por A.
b) Calcula la distancia del punto A a la recta r.
MATEMÁTICAS II. 2009. RESERVA 1. EJERCICIO 4. OPCION A."
MATES_II,Geometría,2009.0,Reserva 1,Ejercicio 4 Opción B,"; x=4+34
Considera la recta r definida por 2 y> >) y la recta s definida por y=3-—A
X—-Z=
z=5+4h
Halla la ecuación del plano que contiene a r y es paralelo a s.
MATEMÁTICAS I1. 2009. RESERVA 1. EJERCICIO 4. OPCIÓN B."
MATES_II,Geometría,2009.0,Reserva 2,Ejercicio 4 Opción A,"x-2y-1=0
Considera el punto P(1,0,-2), la recta r definida por
y+z-2=0
) y el plano rr de ecuación
2x+ y+3z-1=0.
a) Halla la ecuación del plano que pasa por P, es paralelo a r y es perpendicular ar.
b) Halla la ecuación de la recta que pasa por P, corta a r y es paralela a Tr.
MATEMÁTICAS Il. 2009. RESERVA 2. EJERCICIO 4. OPCIÓN A."
MATES_II,Geometría,2009.0,Reserva 2,Ejercicio 4 Opción B,"Considera el plano T de ecuación 3x-2y-2z=7 y la recta r definida por Xx
a) Determina la ecuación del plano paralelo a Tí que contiene a r.
b) Halla la ecuación del plano ortogonal a Tí que contiene a r.
MATEMÁTICAS Il. 2009. RESERVA 2. EJERCICIO 4. OPCIÓN B."
MATES_II,Geometría,2009.0,Reserva 3,Ejercicio 4Opción A,"Halla la ecuación de la recta que pasa por el punto A(1,1,—1), paralela al plano de ecuación
x—y+z=1 y corta al eje Z.
MATEMÁTICAS Il. 2009. RESERVA 3. EJERCICIO 4.OPCIÓN A."
MATES_II,Geometría,2009.0,Reserva 3,Ejercicio 4Opción B,"o. 3x+2y=0
Sea la recta r definida por
3x+z=0
a) Determina la ecuación del plano perpendicular a r que pasa por el punto P(1,1,1).
b) Halla los puntos de r cuya distancia al origen es de 4 unidades.
MATEMÁTICAS Il. 2009. RESERVA 3. EJERCICIO 4.OPCIÓN B."
MATES_II,Geometría,2009.0,Reserva 4,Ejercicio 4 Opción A,"0% x-y=-2
Sean la recta r definida por
X-Z=-
) y la recta s definida por 2
a) Estudia la posición relativa de r y s.
b) Halla la ecuación del plano que contiene a s y es paralelo a r.
MATEMÁTICAS Il. 2009. RESERVA 4. EJERCICIO 4. OPCIÓN A."
MATES_II,Geometría,2009.0,Reserva 4,Ejercicio 4 Opción B,"Sea el punto P(2,3,—1) y la recta r definida por
x-2y-4z=1
x+ a)
a) Halla la ecuación del plano que pasa por P y contiene a r.
b) Halla el punto de r que está más cerca de P.
MATEMÁTICAS Il. 2009. RESERVA 4. EJERCICIO 4. OPCIÓN B."
MATES_II,Geometría,2009.0,Septiembre,Ejercicio 4 Opción A,"Considera el punto P (1,0,0), la recta r definida por x-3 =7= e y la recta s definida por
(x, y,z) =(1,1,0)+4(=1,2,0).
a) Estudia la posición relativa de r y s.
b) Halla la ecuación del plano que pasando por P es paralelo a r y s.
MATEMÁTICAS Il. 2009. SEPTIEMBRE. EJERCICIO 4. OPCIÓN A."
MATES_II,Geometría,2009.0,Septiembre,Ejercicio 4 Opción B,": o x—-y+3=0
Considera la recta r definida por
) y la recta s definida por
x+ y-z-1= x-2z+3=0
2y+1= o!
a) Determina la ecuación del plano que contiene a r y es paralelo a s.
b) ¿Existe algún plano que contenga a r y sea perpendicular a s?. Razona la respuesta.
MATEMÁTICAS Il. 2009. SEPTIEMBRE. EJERCICIO 4. OPCIÓN B."
MATES_II,Geometría,2010.0,Junio,Ejercicio 4 Opción A,"Considera las rectas r y s de ecuaciones:
x=1l=y=l-=z y l
x-2y=-1
y+z= 1
a) Determina su punto de corte.
b) Halla el ángulo que forma r y s.
c) Determina la ecuación del plano que contiene a r y s.
MATEMÁTICAS II. 2010. JUNIO. EJERCICIO 4. OPCIÓN A."
MATES_II,Geometría,2010.0,Junio,Ejercicio 4 Opción B,"Los puntos P(2,0,0) y Q(=1,12,4) son dos vértices de un triángulo. El tercer vértice S
4x4+3z=33
y=0
pertenece a la recta r de covación |
a) Calcula las coordenadas del punto S sabiendo que r es perpendicular a la recta que pasa por P
y S.
b) Comprueba si el triángulo es rectángulo.
MATEMÁTICAS II. 2010. JUNIO. EJERCICIO 4. OPCIÓN B."
MATES_II,Geometría,2010.0,Reserva 1,Ejercicio 4 Opción A,"Calcula el área del triángulo cuyos vértices son los puntos de intersección del plano
6x+3y+2z=6 con los ejes de coordenadas.
MATEMÁTICAS Il. 2010. RESERVA 1. EJERCICIO 4. OPCIÓN A."
MATES_II,Geometría,2010.0,Reserva 1,Ejercicio 4 Opción B,"Sean los puntos A(1,1,1), B(-1,2,0),C(2,1,2) y D(t,—2,2)
a) Determina el valor de t para que A, B,C y D estén en un mismo plano.
b) Halla la ecuación de un plano perpendicular al segmento determinado por A y B, que contenga
al punto C.
MATEMÁTICAS I1. 2010. RESERVA 1. EJERCICIO 4. OPCIÓN B"
MATES_II,Geometría,2010.0,Reserva 2,Ejercicio 4 Opción A,"z—-1
3
a) Determina la ecuación del plano formado por los puntos que equidistan de A y de B.
b) Halla la ecuación del plano paralelo a r y que contiene a los puntos A y B.
MATEMÁTICAS Il. 2010. RESERVA 2. EJERCICIO 4. OPCIÓN A."
MATES_II,Geometría,2010.0,Reserva 2,Ejercicio 4 Opción B,"Considera los puntos A(1,1,1), B(0,-2,2),C(-1,0,2) y D(2,—1,2)
a) Calcula el volumen del tetraedro de vértices A, B, C y D.
b) Determina la ecuación de la recta que pasa por D y es perpendicular al plano que contiene a los
puntos A, B y C.
MATEMÁTICAS Il. 2010. RESERVA 2. EJERCICIO 4. OPCIÓN B"
MATES_II,Geometría,2010.0,Reserva 3,Ejercicio 4 Opcion A,"Considera los puntos A(1,2,1) y B(-1,0,3).
a) Calcula las coordenadas de los puntos que dividen al segmento AB en tres partes iguales.
b) Halla la ecuación del plano perpendicular al segmento AB y que pasa por A.
MATEMÁTICAS II. 2010. RESERVA 3. EJERCICIO 4. OPCION A."
MATES_II,Geometría,2010.0,Reserva 3,Ejercicio 4 Opción B,"Considera el plano rx definido por 2x-— y+nz=0 y la recta r dada por Xx
mx0.
a) Calcula m y n para que la recta r sea perpendicular al plano T .
b) Calcula m y n para que la recta r esté contenida en el plano T .
MATEMÁTICAS Il. 2010. RESERVA 3. EJERCICIO 4. OPCIÓN B"
MATES_II,Geometría,2010.0,Reserva 4,Ejercicio 4 Opción A,"Halla el punto simétrico de P(1,1,1) respecto de la recta r de ecuación X
MATEMÁTICAS Il. 2010. RESERVA 4. EJERCICIO 4. OPCIÓN A."
MATES_II,Geometría,2010.0,Reserva 4,Ejercicio 4 Opción B,"Sean los puntos A(2,42,A) , B(-2,2,0) y C(0,A,2—1).
a) ¿Existe algún valor de AER para el que los puntos A, B y C estén alineados?. Justifica la
respuesta.
b) Para A =1 halla la ecuación del plano que contiene al triángulo de vértices A, B y C. Calcula
la distancia del origen de coordenadas a dicho plano.
MATEMÁTICAS Il. 2010. RESERVA 4. EJERCICIO 4. OPCIÓN B"
MATES_II,Geometría,2010.0,Septiembre,Ejercicio 4 Opción A,"x-2y+11=0
Halla la ecuación del plano que es paralelo a r de ecuaciones y y contiene a la recta
2y+z-19=0
x=1-54
s definida por 4 y=-2+31A
z=2+2%
MATEMÁTICAS II. 2010. SEPTIEMBRE. EJERCICIO 4. OPCIÓN A."
MATES_II,Geometría,2010.0,Septiembre,Ejercicio 4 Opción B,"Considera los planos 1 ,, TT, y TT, dados respectivamente por las ecuaciones
x+y=1 , ay+z=0 y x+(l+a)y+az=a+l
a) ¿Cuánto ha de valer a para que no tengan ningún punto en común?.
b) Para a=0, determina la posición relativa de los planos.
MATEMÁTICAS Il. 2010. SEPTIEMBRE. EJERCICIO 4. OPCIÓN B"
MATES_II,Geometría,2011.0,Junio,Ejercicio 4 Opción A,"Determina el punto simétrico del punto A(-3,1,6), respecto de la recta r de ecuaciones:
1= y+3_z+l
2 2
MATEMÁTICAS 11. 2011. JUNIO. EJERCICIO 4. OPCIÓN A."
MATES_II,Geometría,2011.0,Junio,Ejercicio 4 Opción B,"+y=1
Considera los puntos A=(1,0,—1) y B=(2,1,0) y la recta r dada por l y >
X+z=
a) Determina la ecuación del plano que es paralelo a r y pasa por A y B.
b) Determina si la recta que pasa por los puntos P =(1,2,1) y Q =(3,4,1) está contenida en
dicho plano.
MATEMÁTICAS II. 2011. JUNIO. EJERCICIO 4. OPCIÓN B"
MATES_II,Geometría,2011.0,Reserva 1,Ejercicio 4 Opción A,"Considera los puntos A(1,0,2) y B(1,2,—1).
a) Halla un punto C de la recta de ecuación = = 5 =Z que verifica que el triángulo de vértices
A, B y C tiene un ángulo recto en B.
b) Calcula el área del triángulo de vértices A, B y D, donde D es el punto de corte del plano de
ecuación 2x— y+3z=6 con el eje OX.
MATEMÁTICAS Il. 2011. RESERVA 1. EJERCICIO 4. OPCIÓN A."
MATES_II,Geometría,2011.0,Reserva 1,Ejercicio 4 Opción B,"Considera los planos 1,, TT, y TT, dados respectivamente por las ecuaciones:
3x—y+z-4=0 , x-2y+z-1=0 y x+z2-4=0
Halla la ecuación de la recta que pasa por el punto P(3,1,—1),es paralela a rr, y corta a la recta
intersección de los planos T, y T,.
MATEMÁTICAS II. 2011. RESERVA 1. EJERCICIO 4. OPCIÓN B"
MATES_II,Geometría,2011.0,Reserva 2,Ejercicio 4 Opción A,"z=0
-y-2=0
Dados los puntos A(1,0,0), B(0,0,1) y P(1,-1,1), y la recta r definida por x> Y )
a) Halla los puntos de la recta r cuya distancia al punto P es de 3 unidades.
b) Calcula el área del triángulo ABP.
MATEMÁTICAS Il. 2011. RESERVA 2. EJERCICIO 4. OPCIÓN A."
MATES_II,Geometría,2011.0,Reserva 2,Ejercicio 4 Opción B,"x+z=1
Dados el punto P(1,1,—1), y la recta r de ecuaciones
y+z=0
a) Halla la ecuación del plano que contiene a r y pasa por P.
b) Halla la ecuación de la recta contenida en el plano de ecuación y+z=0, que es perpendicular a
r y pasa por P.
MATEMÁTICAS Il. 2011. RESERVA 2. EJERCICIO 4. OPCIÓN B."
MATES_II,Geometría,2011.0,Reserva 3,Ejercicio 4 Opción A,"x=1
Sea el punto P(2,3,—1), y la recta r dada por las ecuaciones y=-—22A
z=2
a) Halla la ecuación del plano perpendicular a r y que pasa por P.
b) Calcula la distancia del punto P a la recta r y determina el punto simétrico de P respecto de r.
MATEMÁTICAS Il. 2011. RESERVA 3. EJERCICIO 4. OPCIÓN A."
MATES_II,Geometría,2011.0,Reserva 3,Ejercicio 4 Opción B,"Considera los planos rr, y rr, dados, respectivamente, por las ecuaciones
(x, y,2)=(-2,0,7)+M1,-2,0)+p(0,1,-1) y  2x+y-Zz+5=0
Determina los puntos de la recta r definida por x= y+1= = que equidistan de T, y T,.
MATEMÁTICAS Il. 2011. RESERVA 3. EJERCICIO 4. OPCIÓN B."
MATES_II,Geometría,2011.0,Reserva 4,Ejercicio 4 Opción A,"o x-1  y+1 o x=1
Dada la recta r definida por 3 = ——=-Z+3, yla recta s definida por
2 2y-z=-2
a) Halla la ecuación del plano que pasa por el origen y contiene a r.
b) Halla la ecuación del plano que contiene a s y es paralelo a r.
MATEMÁTICAS Il. 2011. RESERVA 4. EJERCICIO 4. OPCIÓN A."
MATES_II,Geometría,2011.0,Reserva 4,Ejercicio 4 Opcion B,"x=2
Dada la recta r definida por X 2 =Z y la recta s definida por 4 y=-5.
z=2
a) Halla la ecuación de la recta que corta perpendicularmente a ambas.
b) Calcula la distancia entre r y s.
MATEMÁTICAS II. 2011. RESERVA 4. EJERCICIO 4. OPCION B."
MATES_II,Geometría,2011.0,Septiembre,Ejercicio 4 Opción A,"Considera los puntos A(—1,k,3),B(k+1,0,2),C(1,2,0) y D(2,0,1).
> > >
a) ¿Existe algún valor de k para el que los vectores AB,BC yCD sean linealmente
dependientes?.
b) Calcula los valores de k para los que los puntos A, B, C y D forman un tetraedro de volumen
1
MATEMÁTICAS 11. 2011. SEPTIEMBRE. EJERCICIO 4. OPCIÓN A."
MATES_II,Geometría,2011.0,Septiembre,Ejercicio 4 Opción B,"3x=y=5
Dados el plano r de ecuación x+2y-=Z=0 y la recta r de ecuaciones |
x+ y-4z=-13
a) Halla el punto de intersección del plano Tr y la recta r.
b) Halla el punto simétrico del punto Q =(1,-2,3) respecto del plano T. .
MATEMÁTICAS Il. 2011. SEPTIEMBRE. EJERCICIO 4. OPCIÓN B"
MATES_II,Geometría,2012.0,Junio,Ejercicio 4 Opción A,"De un paralelogramo ABCD conocemos tres vértices consecutivos: A(2,-1,0), B(=2,1,0) y
C(0,1,2).
a) Calcula la ecuación de la recta que pasa por el centro del paralelogramo y es perpendicular al
plano que lo contiene.
b) Halla el área de dicho paralelogramo.
c) Calcula el vértice D.
MATEMÁTICAS Il. 2012. JUNIO. EJERCICIO 4. OPCIÓN A"
MATES_II,Geometría,2012.0,Junio,Ejercicio 4O0Pcion B,"X+y-Z=6
x+z=3
Sean r y s las rectas dadas por: r =|
a) Determina el punto de intersección de ambas rectas.
b) Calcula la ecuación general del plano que las contiene.
MATEMÁTICAS II. 2012. JUNIO. EJERCICIO 4.O0PCION B."
MATES_II,Geometría,2012.0,Reserva 1,Ejercicio 4 Opción A,"El punto M(1,—1,0) es el centro de un paralelogramo y A(2,1,—1) y B(0,—2,3) son dos vértices
consecutivos del mismo.
a) Halla la ecuación general del plano que contiene al paralelogramo.
b) Determina uno de los otros dos vértices y calcula el área de dicho paralelogramo.
MATEMÁTICAS Il. 2012. RESERVA 1. EJERCICIO 4. OPCIÓN A"
MATES_II,Geometría,2012.0,Reserva 1,Ejercicio 4 Opción B,"2x-3y=4
Calcula de manera razonada la distancia del eje OX a la recta r de ecuaciones l xy
2x-3y-=z=0
MATEMÁTICAS 11. 2012. RESERVA 1. EJERCICIO 4. OPCIÓN B."
MATES_II,Geometría,2012.0,Reserva 2,Ejercicio 4 Opción A,"3 - -3
Dadas las rectas r = x+ y3 y s= z
=6 4 4 3
a) Determina la posición relativa de las recta r y s.
b) Calcula la distancia entre r y s.
MATEMÁTICAS Il. 2012. RESERVA 2. EJERCICIO 4. OPCIÓN A."
MATES_II,Geometría,2012.0,Reserva 2,Ejercicio 4 Opción B,"Los puntos A(1,1,5) y B(1,1,2) son vértices consecutivos de un rectángulo ABCD. El vértice C,
. > =6 z+l . de.
consecutivo a B, está en la recta x = 42 a Determina los vértices C y D.
MATEMÁTICAS Il. 2012. RESERVA 2. EJERCICIO 4. OPCIÓN B."
MATES_II,Geometría,2012.0,Reserva 3,Ejercicio 4 Opción A,"Se consideran los vectores u = (k,1,1), v= (2,1,-2) y Ww= (1,1,k), donde k es un número real.
a) Determina los valores de k para los que u, v y w son linealmente dependientes.
b) Determina los valores de k para los que u+v y VW son ortogonales.
c) Para k =—1, determina aquellos vectores que son ortogonales a v y w y tienen módulo 1.
MATEMÁTICAS Il. 2012. RESERVA 3. EJERCICIO 4. OPCIÓN A."
MATES_II,Geometría,2012.0,Reserva 3,Ejercicio 4 Opción B,"1 2-
Encuentra los puntos de la recta r = = = HF =Z-3 cuya distancia al plano T=x-2y+2z=1
vale cuatro unidades.
MATEMÁTICAS II. 2012. RESERVA 3. EJERCICIO 4. OPCIÓN B."
MATES_II,Geometría,2012.0,Reserva 4,Ejercicio 4 Opción A,"x43_y+5_z4+4
Determina un punto P de la recta r = > 3
que equidista del origen de coordenadas
y del punto A(3,2,1).
MATEMÁTICAS II. 2012. RESERVA 4. EJERCICIO 4. OPCIÓN A."
MATES_II,Geometría,2012.0,Reserva 4,Ejercicio 4 Opción B,"2x- y-4=0
y+2z7-8=0'
a) Calcula la ecuación del plano que pasa por P y es perpendicular a r.
b) Calcula el punto simétrico de P respecto de la recta r.
MATEMÁTICAS Il. 2012. RESERVA 4. EJERCICIO 4. OPCIÓN B."
MATES_II,Geometría,2012.0,Septiembre,Ejercicio 4 Opción A,"Sean los puntos A(0,0,1),B(1,0,—1),C(0,1,-2) y D(1,2,0).
a) Halla la ecuación del plano rT determinado por los puntos A, B y C.
b) Demuestra que los cuatro puntos no son coplanarios.
c) Calcula la distancia del punto D al plano Tr .
MATEMÁTICAS Il. 2012. SEPTIEMBRE. EJERCICIO 4. OPCIÓN A."
MATES_II,Geometría,2012.0,Septiembre,Ejercicio 4 Opción B,"x=z=0
Halla el punto simétrico de P (2,1,—5) respecto de la recta r definida por l
x+y+2=0'
MATEMÁTICAS Il. 2012. SEPTIEMBRE. EJERCICIO 4. OPCIÓN B."
MATES_II,Geometría,2013.0,Junio,Ejercicio 4Opción A,"-=2x+y=-2
-ax+z= 0
recta dada por: s -l
a) Calcula los valores de a para los que r y s son paralelas.
b) Calcula, para a=1, la distancia entre r y s.
MATEMÁTICAS Il. 2013. JUNIO. EJERCICIO 4.OPCIÓN A."
MATES_II,Geometría,2013.0,Junio,Ejercicio 4Opción B,"Considera los puntos P(2,3,1) y Q(0,1,1).
a) Halla la ecuación del plano rr respecto del cual P y Q son simétricos.
b) Calcula la distancia deP a Tr.
MATEMÁTICAS II. 2013. JUNIO. EJERCICIO 4.OPCIÓN B."
MATES_II,Geometría,2013.0,Reserva 1,Ejercicio 4 Opción A,"Calcula la distancia entre las rectas: r=x=y=z y s=x-1=y-2=Z-3.
MATEMÁTICAS HI. 2013. RESERVA 1. EJERCICIO 4. OPCIÓN A."
MATES_II,Geometría,2013.0,Reserva 1,Ejercicio 4 Opción B,"x=1+2%
Considera las rectas: r=x=y=Z y= 3%.
z=-1+1
Halla la ecuación de la recta que corta a r y a s y es paralela a t.
MATEMÁTICAS Il. 2013. RESERVA 1. EJERCICIO 4. OPCIÓN B."
MATES_II,Geometría,2013.0,Reserva 2,Ejercicio 4 Opción A,"Del paralelogramo ABCD se conocen los vértices A(—1,0,3), B(2,-1,1) y C(3,2,-3).
a) Halla la ecuación del plano que contiene al paralelogramo.
b) Halla la ecuación de la recta que contiene a la diagonal AC del paralelogramo.
c) Calcula las coordenadas del vértice D.
MATEMÁTICAS II. 2013. RESERVA 2. EJERCICIO 4. OPCIÓN A"
MATES_II,Geometría,2013.0,Reserva 2,Ejercicio 4 Opción B,"a) Calcula las coordenadas de los puntos que dividen al segmento AB en tres partes iguales.
b) Halla la ecuación del plano que pasa por el punto A y es perpendicular al segmento AB.
MATEMÁTICAS Il. 2013. RESERVA 2. EJERCICIO 4. OPCIÓN B"
MATES_II,Geometría,2013.0,Reserva 3,Ejercicio 4 Opción A,"Considera los puntos A(1,2,1), B(=1,0,2) y C(3,2,0) y el plano tr determinado por ellos.
a) Halla la ecuación de la recta r que está contenida en Tr y tal que A y B son simétricos
respecto der.
b) Calcula la distancia de Aa r.
MATEMÁTICAS HI. 2013. RESERVA 3. EJERCICIO 4. OPCIÓN A"
MATES_II,Geometría,2013.0,Reserva 3,Ejercicio 4 Opcion B,"x=2-3
Considera las rectas r y s dadas por r=4y=3+5A y su
x+y-1=0
z-53=0
z=2
a) Determina la posición relativa de r y s.
b) Calcula la distancia entre r y s.
MATEMÁTICAS II. 2013. RESERVA 3. EJERCICIO 4. OPCION B"
MATES_II,Geometría,2013.0,Reserva 4,Ejercicio 4 Opción A,"-1
Determina el punto de la recta == ==2+1 que equidista de los planos
x=-4+1-3u
TT, =X-y+324+2=0 y 1,=3y=1+2
z=H
MATEMÁTICAS II. 2013. RESERVA 4. EJERCICIO 4. OPCIÓN A"
MATES_II,Geometría,2013.0,Reserva 4,Ejercicio 4 Opción B,"a) Comprueba que los cuatro puntos son coplanarios y que ABCD es un rectángulo.
b) Calcula el área de dicho rectángulo.
MATEMÁTICAS Il. 2013. RESERVA 4. EJERCICIO 4. OPCIÓN B"
MATES_II,Geometría,2013.0,Septiembre,Ejercicio 4 Opción A,"Considera el plano tr de ecuación 2x+ y+3z-6=0.
a) Calcula el área del triángulo cuyos vértices son los puntos de corte del plano Tr con los ejes
coordenados.
b) Calcula el volumen del tetraedro determinado por el plano r y los planos coordenados.
MATEMÁTICAS Il. 2013. SEPTIEMBRE. EJERCICIO 4. OPCIÓN A."
MATES_II,Geometría,2013.0,Septiembre,Ejercicio 4 Opción B,"Considera los puntos A(1,0,2), B(-1,3,1), C(2,1,2) y D(1,0,4).
a) Halla la ecuación del plano que contiene a A,B y C
b) Halla el punto simétrico de D respecto del plano x— y—-5z+9=0.
MATEMÁTICAS Il. 2013. SEPTIEMBRE. EJERCICIO 4. OPCIÓN B."
MATES_II,Geometría,2014.0,Junio,Ejercicio 4Opción A,"Considera la recta r que pasa por los puntos A(1,0,—1) y B(-1,1,0).
a) Halla la ecuación de la recta s paralela a r que pasa por C(-2,3,2).
b) Calcula la distancia de ras.
MATEMÁTICAS II. 2014. JUNIO. EJERCICIO 4.OPCIÓN A."
MATES_II,Geometría,2014.0,Junio,Ejercicio 4 Opción B,"x+2y-z=3
Sea r la recta definida por [
2x-y+z=1
a) Determina la ecuación general del plano que contiene a r y pasa por el origen de coordenadas.
b) Halla las ecuaciones paramétricas del plano que corta perpendicularmente a r en el punto
(1,1,0).
MATEMÁTICAS Il. 2014. JUNIO. EJERCICIO 4. OPCIÓN B."
MATES_II,Geometría,2014.0,Reserva 1,Ejercicio 4 Opción A,"Sean los vectores u =(1,-1,3), v=(1,0,-1) y w=(A,1,0).
> >
a) Calcula los valores de A que hacen que u y w sean ortogonales.
b) Calcula los valores de A que hacen que u ,v y w sean linealmente independientes.
> >> >
c) Para A=1 escribe el vector r =(3,0,2) como combinación lineal de u ,v y w
MATEMÁTICAS II. 2014. RESERVA 1. EJERCICIO 4. OPCIÓN A."
MATES_II,Geometría,2014.0,Reserva 1,Ejercicio 4 Opción B,"x+ -1 x-y-3=0
Sea r la recta dada por > + 3 y sea s la recta dada por .
3y-z+6=0
a) Determina la posición relativa de r y s.
b) Halla la ecuación general del plano que contiene a r y es paralelo a s.
MATEMÁTICAS Il. 2014. RESERVA 1. EJERCICIO 4. OPCIÓN B."
MATES_II,Geometría,2014.0,Reserva 2,Ejercicio 4 Opción A,"Sean los vectores u=(1,-1,0), v=(0,1,2) y w=(1+a,2a,2-3a). Halla los valores de a en
cada uno de los siguientes casos:
>>>
a) u ,v y w están en el mismo plano.
>
b) w es perpendicular a u y v.
>> > 1
c) El volumen del tetraedro que tiene por aristas a los vectores U ,V y W es A
MATEMÁTICAS Il. 2014. RESERVA 2. EJERCICIO 4. OPCIÓN A."
MATES_II,Geometría,2014.0,Reserva 2,Ejercicio 4 Opción B,"Considera el punto P(2,-2,0) y la recta r dada por
y+ z-1=0
DA
a) Determina la ecuación del plano que contiene a P y es perpendicular a r.
b) Calcula la distancia de Par.
MATEMÁTICAS Il. 2014. RESERVA 2. EJERCICIO 4. OPCIÓN B."
MATES_II,Geometría,2014.0,Reserva 3,Ejercicio 4 Opción A,"Sean A(-3,4,0) , B(3,6,3) y C(-1,2,1) los vértices de un triángulo.
a) Halla la ecuación del plano TT que contiene al triángulo.
b) Halla la ecuación de la recta perpendicular a m que pasa por el origen de coordenadas.
c) Calcula el área del triángulo ABC.
MATEMÁTICAS Il. 2014. RESERVA 3. EJERCICIO 4. OPCIÓN A."
MATES_II,Geometría,2014.0,Reserva 3,Ejercicio 4 Opcion B,"z—1
3
a) Calcula la ecuación del plano que pasa por A y es perpendicular a r.
b) Halla el punto simétrico de A respecto de r.
MATEMÁTICAS Il. 2014. RESERVA 3. EJERCICIO 4. OPCION B."
MATES_II,Geometría,2014.0,Reserva 4,Ejercicio 4 Opción A,"x=1+2
Sea r la recta definida por ¿y=1+1 y sla recta dada por A
z=2
a) Halla la ecuación de la recta que corta perpendicularmentearyas.
b) Calcula la distancia entre r y s.
MATEMÁTICAS Il. 2014. RESERVA 4. EJERCICIO 4. OPCIÓN A."
MATES_II,Geometría,2014.0,Reserva 4,Ejercicio 4 Opción B,": “2 OS
Considera el plano íT de ecuación 2x+ y—-Z+2=0 y la recta r de ecuación
a) Halla la posición relativa de TT y r.
b) Halla la ecuación general del plano que contiene a r y es perpendicular a TT.
c) Halla las ecuaciones paramétricas del plano paralelo a Tr que contiene a r.
MATEMÁTICAS Il. 2014. RESERVA 4. EJERCICIO 4. OPCIÓN B."
MATES_II,Geometría,2014.0,Septiembre,Ejercicio 4 Opción A,"x=1+2t
Considera los puntos A(1,1,2) y B(1,-1,-2) y la recta r dada por y y=t
z=1
a) Halla la ecuación general del plano que contiene a r y es paralelo a la recta que pasa por A y
por B.
b) Halla el punto de la recta r que está a la misma distancia de A y de B.
MATEMÁTICAS Il. 2014. SEPTIEMBRE. EJERCICIO 4. OPCIÓN A."
MATES_II,Geometría,2014.0,Septiembre,Ejercicio 4 Opción B,"Sea r la recta que pasa por los puntos A(1,0,—1) y B(2,-—1,3).
a) Calcula la distancia del origen de coordenadas a la recta r.
b) Halla la ecuación de la recta que corta perpendicularmente a r y pasa por el origen de
coordenadas.
MATEMÁTICAS II. 2014. SEPTIEMBRE. EJERCICIO 4. OPCIÓN B."
MATES_II,Geometría,2015.0,Junio,Ejercicio 4 Opción A,"Sean los puntos A(0,1,1), B(2,1,3), C(=1,2,0) y D(2,1,m)
a) Calcula m para que A, B,C y D estén en un mismo plano.
b) Determina la ecuación del plano respecto del cual los puntos A y B son simétricos.
c) Calcula el área del triángulo A,B y C.
MATEMÁTICAS II. 2015. JUNIO. EJERCICIO 4. OPCIÓN A."
MATES_II,Geometría,2015.0,Junio,Ejercicio 4 Opción B,"a) Calcula el punto P”, simétrico del punto P(2,—1,5) respecto del plano T .
x-2_ y+l_z-5
b) Calcula la recta r”, simétrica de la recta r = 3% :
MATEMÁTICAS HI. 2015. JUNIO. EJERCICIO 4. OPCIÓN B"
MATES_II,Geometría,2015.0,Reserva 1,Ejercicio 4 Opción A,"2x-y-5=0
Considera el punto P(-3,1,6) y la recta r dada por |
y-z+2=0
a) Determina la ecuación del plano que pasa por P y es perpendicular a r.
b) Calcula las coordenadas del punto simétrico de P respecto de la recta r.
MATEMÁTICAS Il. 2015. RESERVA 1. EJERCICIO 4. OPCIÓN A."
MATES_II,Geometría,2015.0,Reserva 1,Ejercicio 4 Opción B,"2x+y=0
z=0
la recta r dada por |
a) Calcula las coordenadas de los posibles puntos C de r para que el triángulo ABC tenga un
ángulo recto en el vértice A.
b) Calcula las coordenadas de los posibles puntos D de r para que el triángulo ABD tenga un área
igual a Ya
MATEMÁTICAS Il. 2015. RESERVA 1. EJERCICIO 4. OPCIÓN B."
MATES_II,Geometría,2015.0,Reserva 2,Ejercicio 4 Opción A,"Sean los planos T=x+3y+2z-5=0 y m'=-2x+ y+3z24+3=0.
a) Determina el ángulo que forman T y T'.
b) Calcula el volumen del tetraedro limitado por rr y los planos coordenados.
MATEMÁTICAS Il. 2015. RESERVA 2. EJERCICIO 4. OPCIÓN A."
MATES_II,Geometría,2015.0,Reserva 2,Ejercicio 4 Opción B,"x-5_
Sean el punto P(1,6,-2) y la recta r = 3
a) Halla la ecuación general del plano r que contiene al punto P y a la recta r.
b) Calcula la distancia entre el punto P y la recta r
MATEMÁTICAS Il. 2015. RESERVA 2. EJERCICIO 4. OPCIÓN B."
MATES_II,Geometría,2015.0,Reserva 3,Ejercicio 4 Opción A,"Halla unas ecuaciones paramétricas para la recta r, que contiene al punto P(3,-5,4) y corta
. -4 -8
perpendicularmente a la recta s = = =Y42%
23
MATEMÁTICAS Il. 2015. RESERVA 3. EJERCICIO 4. OPCIÓN A."
MATES_II,Geometría,2015.0,Reserva 3,Ejercicio 4 Opción B,"Sea r la recta de ecuación r = DS = mn =Z
a) Halla el punto de r que equidista del origen de coordenadas y del punto P(4,-2,2)
b) Determina el punto de la recta r más próximo al origen de coordenadas.
MATEMÁTICAS Il. 2015. RESERVA 3. EJERCICIO 4. OPCIÓN B."
MATES_II,Geometría,2015.0,Reserva 4,Ejercicio 4 Opción A,"x+y+1=0
Considera los puntos B(1,2,-3), C(9,—1,2), D(5,0,—1) y la recta r =l
y=z =0
a) Calcula el área del triángulo cuyos vértices son B, C y D.
b) Halla un punto A en la recta r de forma que el triángulo ABC sea rectángulo en A.
MATEMÁTICAS Il. 2015. RESERVA 4. EJERCICIO 4. OPCIÓN A."
MATES_II,Geometría,2015.0,Reserva 4,Ejercicio 4 Opción B,"+y=0
z-1=0
x
Considera el punto P(1,0,—1) y la recta r dada por |
a) Halla la distancia de P a r.
b) Determina la ecuación general del plano que pasa por P y contiene a r.
MATEMÁTICAS Il. 2015. RESERVA 4. EJERCICIO 4. OPCIÓN B."
MATES_II,Geometría,2015.0,Septiembre,Ejercicio 4 Opción A,"x=1
x=
Sea r la recta definida por 4 y=1 y s la recta dada por |
z
z=1-2
a) Halla la ecuación de la recta que corta perpendicularmente a las rectas dadas.
b) Calcula la distancia entre r y s.
MATEMÁTICAS Il. 2015. SEPTIEMBRE. EJERCICIO 4. OPCIÓN A."
MATES_II,Geometría,2015.0,Septiembre,Ejercicio 4Opción B,". ., +
Considera el plano r de ecuación mx+5y+2z=0 y la recta r dada por X
a) Calcula m y n en el caso en el que la recta r es perpendicular al plano Tr .
b) Calcula m y n en el caso en el que la recta r está contenida en el plano T .
MATEMÁTICAS HI. 2015. SEPTIEMBRE. EJERCICIO 4.OPCIÓN B."
MATES_II,Geometría,2016.0,Junio,Ejercicio 4 Opción A,": y+2z=0
Considera el punto P(1,0,5) y la recta r dada por .
x=1
a) Determina la ecuación del plano que pasa por P y es perpendicular a r.
b) Calcula la distancia de P a la recta r y el punto simétrico de P respecto a r.
MATEMÁTICAS Il. 2016. JUNIO. EJERCICIO 4. OPCIÓN A."
MATES_II,Geometría,2016.0,Junio,Ejercicio 4 Opción B,"Considera las rectas r y s dadas por
Pz
s=
=-1
a) Comprueba que ambas rectas son coplanarias y halla la ecuación del plano que las contiene.
b) Sabiendo que dos de los lados de un cuadrado están en las rectas r y s, calcula su área.
MATEMÁTICAS HI. 2016. JUNIO. EJERCICIO 4. OPCIÓN B."
MATES_II,Geometría,2016.0,Reserva 1,Ejercicio 4 Opción A,"Considera un paralelogramo de vértices consecutivos A, B, C y D siendo
A(1,0,-1), BGB,2,1) y C77,1,5)
a) Determina las coordenadas del punto D.
b) Calcula el área del paralelogramo.
c) Halla la ecuación general del plano que contiene al paralelogramo.
MATEMÁTICAS Il. 2016. RESERVA 1. EJERCICIO 4. OPCIÓN A."
MATES_II,Geometría,2016.0,Reserva 1,Ejercicio 4 Opción B,"Se considera el punto P(1,0,—1) y el plano Tí de ecuación 2x— y+z+1=0.
a) Halla el simétrico del punto P respecto al plano Tr .
b) Determina la ecuación del plano que contiene al punto P, es perpendicular al plano TT y es
x-2y=1
z=3
MATEMÁTICAS I1. 2016. RESERVA 1. EJERCICIO 4. OPCIÓN B"
MATES_II,Geometría,2016.0,Reserva 2,Ejercicio 4 Opción A,"x=2+2
x+
Sea r la recta dada por [ 1 y sea s la recta definida por 4 y=2
z=2+2%
a) Comprueba que las rectas r y s se cruzan y halla la ecuación de la recta que corta
perpendicularmentearyas.
b) Calcula la distancia entre r y s.
MATEMÁTICAS Il. 2016. RESERVA 2. EJERCICIO 4. OPCIÓN A."
MATES_II,Geometría,2016.0,Reserva 2,Ejercicio 4 Opción B,"Sabiendo que la recta r que contiene a los puntos C y D pasa por el origen de coordenadas se
pide:
a) Halla unas ecuaciones paramétricas de r.
b) Calcula el área del triángulo ABC.
c) Determina las coordenadas del punto D.
MATEMÁTICAS Il. 2016. RESERVA 2. EJERCICIO 4. OPCIÓN B."
MATES_II,Geometría,2016.0,Reserva 3,Ejercicio 4 Opción A,"Considera el plano r de ecuación x+2y+z=1.
a) Halla el punto de rx más próximo al punto (3,1,2).
b) Determina la ecuación de un plano paralelo a x= que forme con los ejes de coordenadas un
triángulo de área y/6 .
MATEMÁTICAS Il. 2016. RESERVA 3. EJERCICIO 4. OPCIÓN A."
MATES_II,Geometría,2016.0,Reserva 3,Ejercicio 4 Opción B,"Sea r la recta que pasa por los puntos A(1,1,0) y B(3,—1,1) y s la recta dada por
x+2y=-1
y+z=-1
a) Halla la ecuación general del plano que pasa por el origen de coordenadas y es paralelo a las
rectas dadas.
b) Halla unas ecuaciones paramétricas del plano que pasa por B y es perpendicular a s.
MATEMÁTICAS Il. 2016. RESERVA 3. EJERCICIO 4. OPCIÓN B."
MATES_II,Geometría,2016.0,Reserva 4,Ejercicio 4 Opción A,"Determina el punto de la recta r = 2 =y+1 =3 que equidista de los planos
x=-3+2
T=X+y+2+3=0 y=-2+u
z=-6-p
MATEMÁTICAS Il. 2016. RESERVA 4. EJERCICIO 4. OPCIÓN A."
MATES_II,Geometría,2016.0,Reserva 4,Ejercicio 4 Opción B,"x-1_ y+1_z+2
Considera el plano r de ecuación 6x—my+2z=1 y la recta r dada por >“
a) Calcula m en el caso en que la recta r es perpendicular al plano rx .
b) ¿Existe algún valor de m para el que la recta r esté contenida en el plano T ?.
MATEMÁTICAS Il. 2016. RESERVA 4. EJERCICIO 4. OPCIÓN B."
MATES_II,Geometría,2016.0,Septiembre,Ejercicio 4 Opción A,"x=1+2%
Considera el punto A(1,—1,1) y la recta r dada por 4y=1-A
z=1
a) Calcula las coordenadas del punto simétrico de A respecto a r.
b) Determina la ecuación del plano que contiene a r y pasa por A.
MATEMÁTICAS Il. 2016. SEPTIEMBRE. EJERCICIO 4. OPCIÓN A."
MATES_II,Geometría,2016.0,Septiembre,Ejercicio 4 Opción B,"Calcula la distancia entre las rectas dadas por las siguientes ecuaciones:
x=1+pu
r=x=y=Z
z=-p
MATEMÁTICAS Il. 2016. SEPTIEMBRE. EJERCICIO 4. OPCIÓN B."
MATES_II,Geometría,2017.0,Junio,Ejercicio 4 Opción A,"x=1+3t
Considera el punto P(1,—1,0) y la recta r dada por 4 y=-2
z=1t
a) Determina la ecuación del plano que pasa por P y contiene a r.
b) Halla las coordenadas del punto simétrico de P respecto de r.
MATEMÁTICAS 11. 2017. JUNIO. EJERCICIO 4. OPCIÓN A."
MATES_II,Geometría,2017.0,Junio,Ejercicio 4 Opción B,"Considera los vectores u =(1,0,1), v=(0,2,1) y w=(m,l,n).
>> > > >
a) Halla m y n sabiendo que u ,v y w son linealmente dependientes y que w esortogonala u .
b) Para n=1, halla los valores de m para que el tetraedro determinado por u ,v y w tenga
volumen 10 unidades cúbicas
MATEMÁTICAS II. 2017. JUNIO. EJERCICIO 4. OPCIÓN B."
MATES_II,Geometría,2017.0,Reserva 1,Ejercicio 4 Opción A,"Considera los vectores u=(2,3,4) , v=(=1,-1,-1) y w=(-1,4,-5) siendo A un número
real.
a) Halla los valores de A para los que el paralelepípedo determinado por u,v y w tiene
volumen 6 unidades cúbicas.
b) Determina el valor de A para el que uu, v y w son linealmente dependientes.
MATEMÁTICAS HI. 2017. RESERVA 1. EJERCICIO 4. OPCIÓN A."
MATES_II,Geometría,2017.0,Reserva 1,Ejercicio 4 Opción B,"Sea r la recta que pasa por A(4,3,6) y B(-2,0,0) y sea s la recta dada por 4 y=12
z=1-2%
a) Determina la posición relativa de r y s.
b) Calcula, si existen, los puntos C de s tales que los vectores CA y CB son ortogonales.
MATEMÁTICAS 11. 2017. RESERVA 1. EJERCICIO 4. OPCIÓN B."
MATES_II,Geometría,2017.0,Reserva 2,Ejercicio 4 Opcion A,"x—-y+1=0
Considera las rectas dadas por r -|
x—z+1=0
a) Determina la ecuación de la recta que corta perpendicularmentearyas.
b) Halla la distancia entre las rectas r y s.
MATEMÁTICAS II. 2017. RESERVA 2. EJERCICIO 4. OPCION A."
MATES_II,Geometría,2017.0,Reserva 2,Ejercicio 4 Opción B,"a) Determina la ecuación del plano respecto del cual B es el simétrico de A.
b) Siendo C(5,1,5), calcula el área del triángulo de vértices A;B y C.
MATEMÁTICAS II. 2017. RESERVA 2. EJERCICIO 4. OPCIÓN B."
MATES_II,Geometría,2017.0,Reserva 3,Ejercicio 4 Opción A,"a) Determina la ecuación del plano respecto del cual los puntos A y B son simétricos.
b) Calcula la distancia de P(—1,0,1) a la recta que pasa por los puntos A y B.
MATEMÁTICAS HI. 2017. RESERVA 3. EJERCICIO 4. OPCIÓN A."
MATES_II,Geometría,2017.0,Reserva 3,Ejercicio 4 Opcion B,"a) Calcula el volumen del tetraedro de vértices A,B ,C y D.
b) Determina la ecuación de la recta que pasa por D y es perpendicular al plano determinado
por los puntos A, B y C.
MATEMÁTICAS II. 2017. RESERVA 3. EJERCICIO 4. OPCION B."
MATES_II,Geometría,2017.0,Reserva 4,Ejercicio 4 Opción A,"Sea TÍ el plano determinado por los puntos A(1,0,0); B(0,1,0) y C(0,0,A), siendo A un
y=z=3
número real, y sea r la recta dada por r -l
=x+2y=3
a) Halla la ecuación del plano que pasa por A y contiene a r.
b) Estudia la posición relativa de r y = según los valores de A.
MATEMÁTICAS HI. 2017. RESERVA 4. EJERCICIO 4. OPCIÓN A."
MATES_II,Geometría,2017.0,Reserva 4,Ejercicio 4 Opcion B,"Considera el punto P(—1,0,1), el vector u=(1,2,1) y el plano xr de ecuación y=0.
a) Halla la ecuación de la recta que pasa por P, está contenida en xr y cuyo vector director es
perpendicular a u.
b) Determina la ecuación del plano que pasa por P,es perpendicular a x= y del que u es un
vector director.
MATEMÁTICAS II. 2017. RESERVA 4. EJERCICIO 4. OPCION B."
MATES_II,Geometría,2017.0,Septiembre,Ejercicio 4 Opción A,"a) Calcula el área del paralelogramo.
b) Halla la ecuación general del plano que contiene a dicho paralelogramo.
c) Calcula las coordenadas del vértice D.
MATEMÁTICAS 11. 2017. SEPTIEMBRE. EJERCICIO 4. OPCIÓN A."
MATES_II,Geometría,2017.0,Septiembre,Ejercicio 4 Opción B,"x-2y=-5
z=2
Considera el punto P(0,1,1) y la recta r dada por |
a) Determina la ecuación del plano que pasa por P y contiene a r.
b) Halla las coordenadas del punto simétrico de P respecto de r.
MATEMÁTICAS HI. 2017. SEPTIEMBRE. EJERCICIO 4. OPCIÓN B."
MATES_II,Geometría,2018.0,Junio,Ejercicio 4 Opción A,"Considera los puntos P(1,0,—1), Q(G,1,1) y la recta r dada por x-5=y= as .
a) Determina el punto simétrico de P respecto de r.
b) Calcula el punto de r que equidista de P y Q.
MATEMÁTICAS Il. 2018. JUNIO. EJERCICIO 4. OPCIÓN A."
MATES_II,Geometría,2018.0,Junio,Ejercicio 4 Opción B,"Considera el punto P(2,—1,3) y el plano xr de ecuación 3x+2y+z=5.
a) Calcula el punto simétrico de P respecto de Tr.
b) Calcula la distancia deP a Tr.
MATEMÁTICAS II. 2018. JUNIO. EJERCICIO 4. OPCIÓN B."
MATES_II,Geometría,2018.0,Reserva 1,Ejercicio 4 Opción A,"Se considera el plano x= de ecuación x+2y+z=6.
a) Determina la recta perpendicular a x que pasa por el origen de coordenadas.
b) Halla el punto simétrico del origen de coordenadas con respecto de Tr.
c) Calcula el volumen del tetraedro determinado por el origen de coordenadas y los puntos de
corte de rm con los ejes de coordenadas.
MATEMÁTICAS Il. 2018. RESERVA 1. EJERCICIO 4. OPCIÓN A."
MATES_II,Geometría,2018.0,Reserva 1,Ejercicio 4 Opción B,"Considera las rectas r y s dadas por
x=4+t
r=x-2=y-2=z
z=mt
a) Determina m para que r y s sean paralelas.
b) Halla, si existe, un valor de m para el que ambas rectas sean la misma.
c) Para m=1, calcula la ecuación del plano que contiene a r ya s
MATEMÁTICAS Il. 2018. RESERVA 1. EJERCICIO 4. OPCIÓN B."
MATES_II,Geometría,2018.0,Reserva 2,Ejercicio 4 Opción A,"Considera las rectas r y s dadas por: r = Ñ +y y s=
x+2y
a) Estudia y determina la posición relativa de r y s.
b) Calcula la recta perpendicular comúnaryas.
MATEMÁTICAS Il. 2018. RESERVA 2. EJERCICIO 4. OPCIÓN A."
MATES_II,Geometría,2018.0,Reserva 2,Ejercicio 4 Opción B,"Considera los puntos A(2,-1,-2) y B(=1,-1,2), y la recta r dada por x-1= =e = 2
a) Determina los puntos del segmento AB que lo dividen en 3 segmentos de la misma longitud.
b) Determina un punto C de r de forma que el triángulo ABC sea rectángulo en C.
MATEMÁTICAS Il. 2018. RESERVA 2. EJERCICIO 4. OPCIÓN B."
MATES_II,Geometría,2018.0,Reserva 3,Ejercicio 4 Opción A,"Se sabe que los puntos A(—1,2,6) y B(1,4,—2) son simétricos respecto de un plano T .
a) Calcula la distancia de Aa Tr.
b) Determina la ecuación general del plano T .
MATEMÁTICAS Il. 2018. RESERVA 3. EJERCICIO 4. OPCIÓN A."
MATES_II,Geometría,2018.0,Reserva 3,Ejercicio 4 Opción B,"x=2t
Considera las rectas r y s dadas por r=%<y=1
z=0
a) Determina la ecuación de la recta que corta perpendicularmentearyas.
b) Calcula la distancia entre las rectas dadas.
MATEMÁTICAS II. 2018. RESERVA 3. EJERCICIO 4. OPCIÓN B."
MATES_II,Geometría,2018.0,Reserva 4,Ejercicio 4 Opción A,"Sea r la recta que pasa por los puntos A(3,6,7) y B(7,8,3) y sea s la recta dada por
E -4y-z=-10
3x-4y+z=-2
a) Determina la posición relativa de r y s.
b) Calcula la distancia entre r y s.
MATEMÁTICAS Il. 2018. RESERVA 4. EJERCICIO 4. OPCIÓN A."
MATES_II,Geometría,2018.0,Reserva 4,Ejercicio 4 Opción B,"a) Determina la ecuación del plano que pasa por el punto A(0,1,0) y es perpendicular a la recta
y+2_
r dada por x+1= z—-1
b) Calcula el área del triángulo cuyos vértices son los puntos de corte del plano de ecuación
2x +3 y+4z=12 con los ejes coordenados.
MATEMÁTICAS Il. 2018. RESERVA 4. EJERCICIO 4. OPCIÓN B."
MATES_II,Geometría,2018.0,Septiembre,Ejercicio 4 Opción A,"Considera las rectas r =
210.3
a) Estudia y determina la posición relativa de r y s.
b) Calcula la distancia entre r y s.
MATEMÁTICAS Il. 2018. SEPTIEMBRE. EJERCICIO 4. OPCIÓN A."
MATES_II,Geometría,2018.0,Septiembre,Ejercicio 4 Opción B,". -1
Considera las rectas r = > =
a) Halla los valores de m y n para los que r y s se corten perpendicularmente.
b)Para m=3 y n=1,calcula la ecuación general del plano que contiene ar yas.
MATEMÁTICAS Il. 2018. SEPTIEMBRE. EJERCICIO 4. OPCIÓN B."
MATES_II,Geometría,2019.0,Junio,Ejercicio 4 Opción A,"Considera la recta r = 2 == 2 y los planos 7, =x=0 y r,=y=0
a) Halla los puntos de la recta r que equidistan de los planos T, y T.,.
b) Determina la posición relativa de la recta r y la recta de intersección de los planos Tr, y T,.
MATEMÁTICAS Il. 2019. JUNIO. EJERCICIO 4. OPCIÓN A"
MATES_II,Geometría,2019.0,Junio,Ejercicio 4 Opción B,"Considera el triángulo cuyos vértices son los puntos A(1,1,0) ; B(1,0,2) ; C(0,2,1).
a) Halla el área de dicho triángulo.
b) Calcula el coseno del ángulo en el vértice A.
MATEMÁTICAS Il. 2019. JUNIO. EJERCICIO 4. OPCIÓN B."
MATES_II,Geometría,2019.0,Reserva 1,Ejercicio 4 Opción A,"Considera el punto A(2,1,0) y los planos T,=X+y+Z=0 y T,=xX-y+Z=0.
a) Calcula la recta que pasa por A y es paralela a Tr, ya T,.
x—1
b) Calcula los puntos de la recta s = 2 == que equidistan de T, y T,.
MATEMÁTICAS Il. 2019. RESERVA 1. EJERCICIO 4. OPCIÓN A."
MATES_II,Geometría,2019.0,Reserva 1,Ejercicio 4 Opción B,"Considera los puntos A=(0,3,—1) y B=(0,1,a) y el plano íT de ecuación x— y+z=0.
a) Determina a sabiendo que la recta que pasa por A y por B es paralela al plano T .
b) Halla el punto de corte del plano r con la recta que pasa por A y es perpendicular a dicho
plano.
c) Para a =2, halla el plano que contiene a los puntos A y B y es perpendicular al plano T .
MATEMÁTICAS I1. 2019. RESERVA 1. EJERCICIO 4. OPCIÓN B"
MATES_II,Geometría,2019.0,Reserva 2,Ejercicio 4 Opción A,"Sea r la recta que pasa por el punto P(2,-2,—1) con vector director v=(k,3+k,-2k) y sea T
el plano de ecuación —-x+2y+2z-1=0.
a) Calcula el valor de k para que r sea paralela a rr .
b) Calcula el valor de k para que r sea perpendicular a í.
c) Para k =-—1, calcula los puntos de r que distan 3 unidades de rr .
MATEMÁTICAS HI. 2019. RESERVA 2. EJERCICIO 4. OPCIÓN A"
MATES_II,Geometría,2019.0,Reserva 2,Ejercicio 4 Opción B,"Considera el punto P(-5,3,1) y la recta r =>
a) Calcula la ecuación general del plano que pasa por P y contiene a r.
b) Calcula la ecuación de la recta que pasa por P y corta perpendicularmente a r.
MATEMÁTICAS Il. 2019. RESERVA 2. EJERCICIO 4. OPCIÓN B"
MATES_II,Geometría,2019.0,Reserva 3,Ejercicio 4 Opción A,"2=0
Considera la recta r = x+y+ y el plano 71=2x+y=-mz=1.
=y+z+5=0
a) Calcula m sabiendo que r y x son paralelos.
b) Para m=-1, calcula la distancia entre r y Tr.
MATEMÁTICAS Il. 2019. RESERVA 3. EJERCICIO 4. OPCIÓN A"
MATES_II,Geometría,2019.0,Reserva 3,Ejercicio 4 Opción B,"x—-y=0 .
y de manera que junto con los puntos
Halla cada uno de los puntos de la recta r =|
y=z=0
5
A(1,1,0),B(1,0,1) y C(0,1,1) formen un tetraedro de volumen $
MATEMÁTICAS Il. 2019. RESERVA 3. EJERCICIO 4. OPCIÓN B"
MATES_II,Geometría,2019.0,Reserva 4,Ejercicio 4 Opción A,"Considera la recta r => > - y el plano T=2x+ y-Z+3=0.
a) Halla la ecuación general del plano perpendicular a x que contiene a r.
b) Calcula la distancia entre r y Tr.
MATEMÁTICAS Il. 2019. RESERVA 4. EJERCICIO 4. OPCIÓN A"
MATES_II,Geometría,2019.0,Reserva 4,Ejercicio 4 Opción B,"x+2 y-2 z-3
10.02.03 0
a) Halla un punto C de r de forma que el triángulo ABC sea rectángulo en A.
Se consideran los puntos A(0,—1,3) , B(2,3,—1) y la recta r =
b) Calcula los puntos de r que equidistan de los puntos A y B.
MATEMÁTICAS Il. 2019. RESERVA 4. EJERCICIO 4. OPCIÓN B"
MATES_II,Geometría,2019.0,Septiembre,Ejercicio 4 Opción A,"Se consideran los vectores U= (1,2,3), v= (1,-2,-1) y Ww= (2,a,B), donde a y $ son números
reales.
a) Determina los valores de a. y B para los que w es ortogonal a los vectores u y v.
b) Determina los valores de a y $ para los que w y y tienen la misma dirección.
c) Para a =8, determina el valor de B para el que w es combinación lineal de u y Y.
MATEMÁTICAS Il. 2019. SEPTIEMBRE. EJERCICIO 4. OPCIÓN A."
MATES_II,Geometría,2019.0,Septiembre,Ejercicio 4Opción B,"x-2_y-k_z x+l_ y-1
s= —
Considera las rectas r =
Laa ? 7
a) Halla k sabiendo que ambas se cortan en un punto.
b) Para k=1,halla la ecuación general del plano que contiene a r y es paralelo a s.
MATEMÁTICAS HI. 2019. SEPTIEMBRE. EJERCICIO 4.OPCIÓN B."
MATES_II,Geometría,2020.0,Junio,Ejercicio 4,"Siendo a *0,considera las rectas
E A
a
a) (125 puntos) Estudia la posición relativa de ambas rectas según los valores de a.
b) (125 puntos) Para a =2, determina las ecuaciones de la recta que pasa por el punto de corte
der y s y es perpendicular a ambas.
MATEMÁTICAS HH. 2020. JUNIO. EJERCICIO 4"
MATES_II,Geometría,2020.0,Junio,Ejercicio 8,"x+y=0
Se considera el punto A(1,-2,0) y la recta r =|
y-3z+2=0
a) (125 puntos) Calcula la ecuación del plano que pasa por A y es perpendicular a r.
b) (125 puntos) Calcula la ecuación del plano que pasa por A y contiene a r.
MATEMÁTICAS Il. 2020. JUNIO. EJERCICIO 8"
MATES_II,Geometría,2020.0,Reserva 1,Ejercicio 4,"Considera el tetraedro de vértices A(0,0,0) , B(1,1,0) , C(0,1,3) y D(1,0,3).
a) (1 punto) Calcula el volumen de dicho tetraedro.
b) (15 puntos) Calcula la medida de la altura trazada desde el vértice A de dicho tetraedro.
MATEMÁTICAS II. 2020. RESERVA 1. EJERCICIO 4"
MATES_II,Geometría,2020.0,Reserva 1,Ejercicio 8,"Se considera los puntos A(-1,3,2), B(2,-1,-1) y C(a-—2,7,b).
a) (125 puntos) Determina a y b para que los puntos A,B y C estén alineados.
b) (125 puntos) En el caso a=b=1, halla la recta que pasa por el origen de coordenadas y es
perpendicular al plano que contiene los puntos A,B y C
MATEMÁTICAS I1. 2020. RESERVA 1. EJERCICIO 8"
MATES_II,Geometría,2020.0,Reserva 2,Ejercicio 4,"x—-y+2z=5
Considera el punto P(1,0,—1) y la recta r =(
x=z=1'
a) (15 Puntos). Determina el punto simétrico de P respecto de la recta r.
b) (1 Punto).Calcula el punto de la recta r que dista y/6 unidades de P.
MATEMÁTICAS II. 2020. RESERVA 2. EJERCICIO 4"
MATES_II,Geometría,2020.0,Reserva 2,Ejercicio 8,"Considera los vectores u =(2,1,0), v=(1,0,-1) y w=(a,b,l).
>
a) (15 Puntos). Halla a y b sabiendo que los tres vectores son linealmente dependientes y que w
es ortogonala u .
b) (1 Punto). Para a=1, halla el valor o los valores de b para que el volumen del paralelepípedo
formado por dichos vectores sea de 6 unidades cúbicas
MATEMÁTICAS HI. 2020. RESERVA 2. EJERCICIO 8."
MATES_II,Geometría,2020.0,Reserva 3,Ejercicio 4,"Considera los puntos A(t,2,-1) , B(0,1,1) , C(=1,0,2) y D(2,3,-t-1).
a) Calcula el valor o los valores de t para que el volumen del tetraedro de vértices A, B, C, D sea
5 unidades cúbicas.
b) Para t=0,calcula la distancia del punto A a la recta determinada por los puntos B y C.
MATEMÁTICAS I1. 2020. RESERVA 3. EJERCICIO 4"
MATES_II,Geometría,2020.0,Reserva 3,Ejercicio 8,"Considera el punto A(0,1,—2) y los planos r, =2x—y—z+5=0 y tm,=x+5y-6z-4=0.
a) (15 Puntos). Halla el punto simétrico de A respecto de T.,.
b) (1 Punto). Calcula la recta que pasa por A y es paralela a 7, ya T,.
MATEMÁTICAS Il. 2020. RESERVA 3. EJERCICIO 8"
MATES_II,Geometría,2020.0,Reserva 4,Ejercicio 4,"x=-1-4
Considera A(1,0,1), B(=1,0,2) y O(0,0,0), y la recta r =3y=%2
z=2
a) (15 Puntos). Calcula la distancia del punto A a la recta r.
b) (1 Punto). Determina el área del triángulo de vértices A, B y O.
MATEMÁTICAS II. 2020. RESERVA 4. EJERCICIO 4"
MATES_II,Geometría,2020.0,Reserva 4,Ejercicio 8,"Considera el plano T=2x-— y+Zz-3=0,la recta r =4y=1-—21 y el punto P(1,1,2)
z=-2-4
a) (125 Puntos). Determina la ecuación general del plano perpendicular a , paralelo a r y que
pasa por el punto P.
b) (1?25 Puntos). Calcula el punto simétrico de P respecto de la recta r.
MATEMÁTICAS II. 2020. RESERVA 4. EJERCICIO 8"
MATES_II,Geometría,2020.0,Septiembre,Ejercicio 4,"SELECTIVIDAD
4x-3y+4z=1
3x-2y+z=0
Considera el plano T=x-— y+az=0 y la recta r -l
a) (15 puntos) Halla a sabiendo que Tr es paralelo a r.
b) (1 punto) Determina el plano perpendicular a r que pasa por el punto P(1,2,3).
MATEMÁTICAS Il. 2020. SEPTIEMBRE. EJERCICIO 4"
MATES_II,Geometría,2020.0,Septiembre,Ejercicio 8,"Considera el plano T=x-—y+Z=2 y la la recta r =
a) (1 punto) Calcula la distancia entre r y TT.
b) (15 puntos) Halla la ecuación general del plano perpendicular a í que contiene a r.
MATEMÁTICAS II. 2020. SEPTIEMBRE. EJERCICIO 8"
MATES_II,Geometría,2021.0,Junio,Ejercicio 7,"2x-3y+z-2=0
-3x4+2y+2z+1=0
Considera las rectas r -|
a) Calcula el plano perpendicular a la recta s que pasa por el punto P=(1,0,—5).
b) Calcula el seno del ángulo que forma la recta r con el plano r=-2x+ y+2z=0.
MATEMÁTICAS HI. 2021. JUNIO. EJERCICIO 7"
MATES_II,Geometría,2021.0,Junio,Ejercicio 8,"x43 y+4  z-
2.2. 3
cortan en un punto. Calcula el valor de a y el punto de corte.
MATEMÁTICAS HI. 2021. JUNIO. EJERCICIO 8"
MATES_II,Geometría,2021.0,Reserva 1,Ejercicio 8,"x=-A
Considera los puntos B(-1,0,-1) , C(0,1,-3) y la recta r dada por r=<y=1+214.
z=-1+4
a) Calcula un punto que esté en r y equidiste de B y C.
b) Siendo D(1,—1,—2), calcula el área del triángulo con vértices en los puntos B.C y D.
MATEMÁTICAS Il. 2021. RESERVA 1. EJERCICIO 8"
MATES_II,Geometría,2021.0,Reserva 2,Ejercicio 7,"a) Halla el simétrico del punto P respecto al plano Tr .
b) Halla la distancia del punto P al plano r .
MATEMÁTICAS Il. 2021. RESERVA 2. EJERCICIO 7"
MATES_II,Geometría,2021.0,Reserva 2,Ejercicio 8,". -2
Considera las rectas r =2=“= y-=1= S -|
x+2y=3
2y+z=2
a) Estudia la posición relativa de r y s.
b) Calcula, si es posible, el plano que contiene a r y s.
MATEMÁTICAS Il. 2021. RESERVA 2. EJERCICIO 8"
MATES_II,Geometría,2021.0,Reserva 3,Ejercicio 7,"x—-y+z=2
Considera las rectas r yoS =l y
3x—y=z=-4
Sabiendo que dos de los lados de un cuadrado están en las rectas r y s, calcula su área.
MATEMÁTICAS Il. 2021. RESERVA 3. EJERCICIO 7"
MATES_II,Geometría,2021.0,Reserva 3,Ejercicio 8,"X-y+2z=3
x+z=2
Considera las rectas r = y Ss =|
a) Estudia la posición relativa de r y s según los valores de m.
b) Para m=1, calcula el coseno del ángulo que forman las rectas r y s
MATEMÁTICAS Il. 2021. RESERVA 3. EJERCICIO 8"
MATES_II,Geometría,2021.0,Reserva 4,Ejercicio 7,"Considera las rectas r=3y=-1+2%4 y s =|
z=3+1
a) Halla el plano que contiene a r y es paralelo a s.
2x-y-2=0
y+2z-4=0
b) Deduce razonadamente que ningún plano perpendicular a s contiene a r.
MATEMÁTICAS I1. 2021. RESERVA 4. EJERCICIO 7"
MATES_II,Geometría,2021.0,Reserva 4,Ejercicio 8,"a) Halla el área del triángulo de vértices A, B y C.
b) Halla el plano que equidista de A y B.
MATEMÁTICAS 11. 2021. RESERVA 4. EJERCICIO 8"
MATES_II,Geometría,2021.0,Julio,Ejercicio 7,"La recta perpendicular desde el punto A(1,1,0) a un cierto plano TÍ corta a éste en el punto
a) Calcula la ecuación del plano r .
b) Halla la distancia del punto A a su simétrico respecto a Tr.
MATEMÁTICAS II. 2021. JULIO. EJERCICIO 7"
MATES_II,Geometría,2021.0,Julio,Ejercicio 8,"Considera las rectas
a) Estudia la posición relativa de r y s.
b) Halla la recta que corta perpendicularmentea ryas.
MATEMÁTICAS II. 2021. JULIO. EJERCICIO 8"
MATES_II,Geometría,2022.0,Junio,Ejercicio 7,"Considera los vectores u =(=1,2,3) y v=(2,0,—1), así como el punto A(-4,4,7)
> > >
a) Calcula a y b para que el vector w=(1,a,b) se ortogonal a u y v.
>
b) Determina los cuatro vértices de un paralelogramo cuyos lados tienen las direcciones de u y
> >
v , y que tiene el vector OA como una de sus diagonales, siendo O el origen de coordenadas.
MATEMÁTICAS HI. 2022. JUNIO. EJERCICIO 7"
MATES_II,Geometría,2022.0,Junio,Ejercicio 8,"Considera la recta r=x-2= , así como la recta s determinada por el punto
P(1,2,3) y el vector director v=(l+a,-a,3a).
a) Calcula a para que las rectas r y s se corten.
b) Calcula a para que las rectas r y s sean perpendiculares.
MATEMÁTICAS HI. 2022. JUNIO. EJERCICIO 8"
MATES_II,Geometría,2022.0,Reserva 1,Ejercicio 7,"x=0 x+y=1
Considera ls rectas x= y 5. y
z=0 x-y=1
a) Determina la ecuación del plano que contiene a r y es paralelo a s.
b) ¿Existe algún plano que contiene a r y es perpendicular a s?.
MATEMÁTICAS HI. 2022. RESERVA 1. EJERCICIO 7."
MATES_II,Geometría,2022.0,Reserva 1,Ejercicio 8,"2x+z=1
y=1
Considera los planos Tr, =x+y+2=0 y ny mx—2-120,056como a recta 7
a) Calcula los puntos de la recta r que equidistan de los planos T, y T,.
b) Halla el ángulo que forman los planos T, y T,.
MATEMÁTICAS Il. 2022. RESERVA 1. EJERCICIO 8"
MATES_II,Geometría,2022.0,Reserva 2,Ejercicio 7,"x=2
Considera el plano T=x+ y+Z=0 y la recta r=3y=1-A
z=0
a) Determina la ecuación del plano perpendicular a T que contiene a r.
b) Calcula la distancia entre r y TT.
MATEMÁTICAS II. 2022. RESERVA 2. EJERCICIO 7"
MATES_II,Geometría,2022.0,Reserva 2,Ejercicio 8,"z+1
Sean los planos 7, =2x+y+z-3=0 y Tm,=x+2y-Z+5=0,y la recta r = x-1=>=
a) Halla los puntos de r que equidistan de los planos Tr, y T.,.
b) Halla el seno del ángulo que forma el plano T, con la recta r.
MATEMÁTICAS Il. 2022. RESERVA 2. EJERCICIO 8"
MATES_II,Geometría,2022.0,Reserva 3,Ejercicio 7,"Considera el triángulo cuyos vértices son los puntos A(0,2,3) ; B(m,0,1) ; C(2,1,2).
y 18
a) Halla los valores de m, sabiendo que el área del triángulo es 2 unidades cuadradas.
b) Para m=0, calcula el coseno del ángulo en el vértice A de dicho triángulo.
MATEMÁTICAS I1. 2022. RESERVA 3. EJERCICIO 7"
MATES_II,Geometría,2022.0,Reserva 3,Ejercicio 8,"x =9a. +38
Considera el punto P(2,0,-4) y el plano 1=+< y=-—1+2a
z=3+4a+fB
a) Calcula el punto simétrico del punto P respecto del plano T .
b) Calcula la distancia del punto P al plano Tr .
MATEMÁTICAS I1. 2022. RESERVA 3. EJERCICIO 8"
MATES_II,Geometría,2022.0,Reserva 4,Ejercicio 7,"Sea el plano r=2x+ y-2z-2=0.
a) Halla las ecuaciones de los planos paralelos a í que distan 2 unidades de dicho plano.
b) Calcula el volumen del tetraedro cuyos vértices son el origen de coordenadas y los puntos de
corte del plano r con los ejes coordenados.
MATEMÁTICAS I1. 2022. RESERVA 4. EJERCICIO 7"
MATES_II,Geometría,2022.0,Reserva 4,Ejercicio 8,"X+y-3z= 4
3x-y+z=-2
Considera las rectas r=x=1l-y=Z y so
a) Estudia la posición relativa de r y s.
b) Calcula la ecuación del plano que contiene a s y es paralelo a r.
MATEMÁTICAS Il. 2022. RESERVA 4. EJERCICIO 8"
MATES_II,Geometría,2022.0,Julio,Ejercicio 7,"x=5+2%
Considera las rectas r =x+1=y-a=-Z y =-3
z=2-2
a) Calcula a para quer y s se corten. Determina el punto de corte.
b) Halla la ecuación del plano que pasa por P(8,—7,2) y contiene a la recta s.
MATEMÁTICAS 11. 2022. JULIO. EJERCICIO 7"
MATES_II,Geometría,2022.0,Julio,Ejercicio 8,"Sea el plano T=x+y=Z=2 y la recta 1ex=>3=2-1
a) Calcula, si existe, el punto de intersección de r y TT.
b) Dado el punto Q(2,6,3) halla su simétrico respecto del plano T .
MATEMÁTICAS 11. 2022. JULIO. EJERCICIO 8"
MATES_II,Geometría,2023.0,Junio,Ejercicio 7,"El plano perpendicular al segmento de extremos P(0,3,8) y Q(2,1,6) que pasa por su punto
medio corta a los ejes coordenados en los puntos A, B y C. Halla el área del triángulo cuyos
vértices son los puntos A, B y C.
MATEMÁTICAS HI. 2023. JUNIO. EJERCICIO 7"
MATES_II,Geometría,2023.0,Junio,Ejercicio 8,"Considera el punto A(-1,1,3) y la recta r determinada por los puntos B(2,1,1) y C(0,1,-1)
a) Halla la distancia del punto Aa la recta r.
b) Calcula el área del triángulo cuyos vértices son A, B y C.
MATEMÁTICAS II. 2023. JUNIO. EJERCICIO 8"
MATES_II,Geometría,2023.0,Reserva 1,Ejercicio 7,"Considera los puntos A(1,-2,3) y B(2,0,—1).
a) Halla los puntos que dividen al segmento AB en cuatro partes iguales.
b) Determina la ecuación del plano perpendicular al segmento AB y que pasa por el punto medio
de dicho segmento.
MATEMÁTICAS II. 2023. RESERVA 1. EJERCICIO 7"
MATES_II,Geometría,2023.0,Reserva 1,Ejercicio 8,"Considera el plano r=x+y+Zz=0 y la recta r= x-1=>3= ==. Halla la ecuación de un
plano rT', paralelo a 7, tal que si Q y O” son respectivamente los puntos de corte de la recta r
con los planos Tí y rr' ,entonces la distancia entre Q y O” sea de 2 unidades.
MATEMÁTICAS Il. 2023. RESERVA 1. EJERCICIO 8"
MATES_II,Geometría,2023.0,Reserva 2,Ejercicio 7,"Considera el plano Tr, determinado por los puntos A(—1,0,0) , B(0,1,1) y C(2,1,0), y la recta
SN
rT=
y=z-2=0 '
Halla los puntos de r cuya distancia a Tí es y/14 unidades.
MATEMÁTICAS I1. 2023. RESERVA 2. EJERCICIO 7"
MATES_II,Geometría,2023.0,Reserva 2,Ejercicio 8,"R(0,5,1) y S.
a) Halla las coordenadas del punto S.
b) Calcula la ecuación de la recta que pasa por el origen de coordenadas y es perpendicular al
plano que contiene a los puntos P,Q y R.
MATEMÁTICAS Il. 2023. RESERVA 2. EJERCICIO 8"
MATES_II,Geometría,2023.0,Reserva 3,Ejercicio 7,"Determina el punto simétrico de A(2,-4,-3) con respecto al plano que contiene a los puntos
B(1,1,2), c(0.;.) y D(-3,0,3).
MATEMÁTICAS I1. 2023. RESERVA 3. EJERCICIO 7"
MATES_II,Geometría,2023.0,Reserva 3,Ejercicio 8,"Dados los puntos O(0,0,0) , A(2,—1,0) B(3,0,x) y C(-x,1,—1),los vectores OA, OB y OC
determinan un paralelepípedo.
a) Calcula los posibles valores de x sabiendo que el volumen del paralelepípedo es 5 unidades
cúbicas.
b) para x=1, halla el área de la cara del paralelepípedo que contiene a los vértices O, A y B.
MATEMÁTICAS I1. 2023. RESERVA 3. EJERCICIO 8"
MATES_II,Geometría,2023.0,Reserva 4,Ejercicio 7,"x—-y+z=0
que son equidistantes de los planos cartesianos
x+3y-1=0
Determina los puntos de la recta r =
OYZ y OXZ.
MATEMÁTICAS Il. 2023. RESERVA 4. EJERCICIO 7"
MATES_II,Geometría,2023.0,Reserva 4,Ejercicio 8,"X-y+z= 1
3x-2z=-2
Considera la recta r -l
a) Determina la ecuación del plano paralelo a r que contiene a la recta —-x+1l=y=
b) Calcula la distancia entre la recta r y el plano 2x+5y+3z=41.
MATEMÁTICAS I1. 2023. RESERVA 4. EJERCICIO 8"
MATES_II,Geometría,2023.0,Julio,Ejercicio 7,"Considera los planos T, =X—y+Z=0 y 7,=X+y=2.
a) Calcula la distancia entre la recta intersección de Tr, y Tr, y el punto P(2,6,-2).
b) Halla el ángulo que forman T, y T,.
MATEMÁTICAS Il. 2023. JULIO. EJERCICIO 7"
MATES_II,Geometría,2023.0,Julio,Ejercicio 8,"Calcula el volumen del tetraedro que limita el plano determinado por los puntos A(0,2,-2) ,
B(3,2,1) y C(2,3,2) con los planos cartesianos.
MATEMÁTICAS 11. 2023. JULIO. EJERCICIO 8"
MATES_II,Geometría,2024.0,Junio,Ejercicio 7,"x-2y+z=2
a) Halla el punto simétrico de P(2,2,1) respecto de la recta r Si
y=z=1 :
b) Halla el punto simétrico de Q(1,—1,-3) respecto del plano T=x-2y+z+6=0
MATEMÁTICAS Il. 2024. JUNIO. EJERCICIO 7"
MATES_II,Geometría,2024.0,Junio,Ejercicio 8,"y=0
Considera las rectas r = y
2x-z=0
a) Estudia la posición relativa de r y s.
b) Calcula la ecuación del plano paralelo a r y s que equidista de ambas rectas.
MATEMÁTICAS II. 2024. JUNIO. EJERCICIO 8"
MATES_II,Geometría,2024.0,Reserva 1,Ejercicio 7,"Considera los puntos P(1,0,1) y Q(3,-2,1).
a) Calcula el plano perpendicular al segmento PQ que pasa por su punto medio.
y
b) Calcula el plano paralelo a la recta r=1-x= NS =Z+1 que pasa por P y Q.
MATEMÁTICAS Il. 2024. RESERVA 1. EJERCICIO 7"
MATES_II,Geometría,2024.0,Reserva 1,Ejercicio 8,"Considera los puntos A(1,1,2) ; B(1,0,1) y C(1,-1,2)
a) Determina el área del triángulo de vértices A, B y C.
b) Calcula D para que los puntos A, B, C y D sean los vértices consecutivos de un
paralelogramo.
MATEMÁTICAS II. 2024. RESERVA 1. EJERCICIO 8"
MATES_II,Geometría,2024.0,Reserva 2,Ejercicio 7,"x-1_
Considera el plano T=x-—y=0 y la recta r =
a) Calcula, si es posible, el plano perpendicular a r que contiene a r.
b) Calcula, si es posible, la recta perpendicular a r, contenida en r y que pasa por el origen.
MATEMÁTICAS Il. 2024. RESERVA 2. EJERCICIO 7"
MATES_II,Geometría,2024.0,Reserva 2,Ejercicio 8,"a) Determina a para que el triángulo OAB tenga área 3 unidades cuadradas.
b) Calcula a para que O, A y B sean coplanarios con el punto C (1,1,0)
MATEMÁTICAS Il. 2024. RESERVA 2. EJERCICIO 8"
MATES_II,Geometría,2024.0,Reserva 3,Ejercicio 7,". z+1
Considera las rectas r=x=y+a==——
x-2y=3a
s=
2
x+z=2
a) Calcula a para que las rectas se corten.
b)Para a =—1, halla la recta que corta perpendicularmente a r y s
MATEMÁTICAS Il. 2024. RESERVA 3. EJERCICIO 7"
MATES_II,Geometría,2024.0,Reserva 3,Ejercicio 8,"Considera los vectores u = (1,a,2) y v=(-2,1,a) .
, T .
a) Calcula a para que ambos vectores formen un ángulo de 3 radianes.
b) Calcula a para que el vector (u x y) —v sea ortogonal a u
MATEMÁTICAS Il. 2024. RESERVA 3. EJERCICIO 8"
MATES_II,Geometría,2024.0,Reserva 4,Ejercicio 7,"=3-—z y el punto P(0,2,-4).
a) Calcula el punto de r a menor distancia de P.
b) Halla los puntos de r cuya distancia a P sea igual a ,/50
MATEMÁTICAS Il. 2024. RESERVA 4. EJERCICIO 7"
MATES_II,Geometría,2024.0,Reserva 4,Ejercicio 8,"Sea TÍ, el plano determinado por los puntos A(1,0,0), B(1,1,-3) y C(0,1,1), y sea
T,=x-y+2z-1=0. Determina la ecuación de la recta paralela a ambos planos que pasa por
el origen.
MATEMÁTICAS II. 2024. RESERVA 4. EJERCICIO 8"
MATES_II,Geometría,2024.0,Julio,Ejercicio 7,"Considera el plano T=x-2y+z-2=0 y la recta r de ecuación r =4 y=4 AeR
z=1
a) Estudia la posición relativa de Tr yr.
b) Calcula la ecuación de la recta contenida en rm que pasa por el punto P(2,-1,-2) y es
perpendicular a r.
MATEMÁTICAS II. 2024. JULIO. EJERCICIO 7"
MATES_II,Geometría,2024.0,Julio,Ejercicio 8,"Considera los puntos A(4,0,0) y B(0,2,0). Calcula los puntos del plano XOZ que forman un
triángulo equilátero con A y B.
MATEMÁTICAS II. 2024. JULIO. EJERCICIO 8"
MATES_II,Geometría,2024.0,Modelo,Ejercicio 2,"Considera el plano xr, determinado por los puntos A(=1,0,0), B(0,1,1) y C(2,1,0), y la recta
CE
r=
y=z-2=0
Halla los puntos de r cuya distancia a m es y/14 unidades.
MATEMÁTICAS Il. 2024. MODELO. EJERCICIO 2"
MATES_II,Geometría,2024.0,Modelo,Ejercicio 3,"R(0,5,1) yS.
a) Halla las coordenadas del punto S.
b) Calcula la ecuación de la recta que pasa por el origen de coordenadas y es perpendicular al
plano que contiene a los puntos P,Q y R.
MATEMÁTICAS II. 2024. MODELO. EJERCICIO 3"
MATES_II,Geometría,2025.0,Junio,Ejercicio 4,"Sean los puntos O(0,0,0) , A(0,2,-2) , B(1,2,m) y C(2,3,2).
a) Halla los valores de m para que el tetraedro determinado por los puntos O, A, B y C tenga un
volumen de 3 unidades cúbicas.
b) Para m=0, calcula la distancia del punto O al plano que pasa por A,B y C
MATEMÁTICAS HI. 2025. JUNIO. EJERCICIO 4"
MATES_II,Geometría,2025.0,Junio,Ejercicio 5,"y-2
2
a) Halla el plano Tr que pasa por el punto P y contiene a la recta r.
b) Halla la recta que pasa por el punto P y corta perpendicularmente a la recta r
MATEMÁTICAS II. 2025. JUNIO. EJERCICIO 5"
MATES_II,Geometría,2025.0,Reserva 1,Ejercicio 4,"Sean los puntos A(3,—1,1), B(11,3,-3) y C(-2,-2,1).
a) Calcula el área del triángulo de vértices A, B y C.
b) Halla los puntos D pertenecientes al eje OZ para que el tetraedro de vértices A, B,C y D tenga
un volumen de 20 unidades cúbicas.
MATEMÁTICAS II. 2025. RESERVA 1. EJERCICIO 4"
MATES_II,Geometría,2025.0,Reserva 2,Ejercicio 6,"a) Calcula el punto simétrico del punto A con respecto al plano Tr.
b) Halla el plano que contiene a los puntos A y B y es perpendicular al plano r
MATEMÁTICAS 11. 2025. RESERVA 2. EJERCICIO 6"
MATES_II,Geometría,2025.0,Reserva 3,Ejercicio 6,"x+y+z=0
y el punto P(2,1,0).
y=z=0
Considera la recta r =
a) Halla la distancia del punto P a la recta r.
b) Calcula la ecuación del plano que contiene a la recta r y al punto P.
MATEMÁTICAS II. 2025. RESERVA 3. EJERCICIO 6"
MATES_II,Geometría,2025.0,Reserva 4,Ejercicio 1,"Considera las rectas r=2 = y22_ 2k y S= x42_y43 al
1-1 -1 2 1
a) Determina k sabiendo que ambas se cortan en un punto.
b) Para k=0, halla la ecuación general del plano que contiene a r y es paralelo a s.
MATEMÁTICAS II. 2025. RESERVA 4. EJERCICIO 1"
MATES_II,Geometría,2025.0,Julio,Ejercicio 4,"=y+z=3
Considera la recta 1 xy y el plano rT=mx- y-2z=5.
x+2y-z=4
a) Halla m para quer y re sean paralelos.
b) Para m=-8,calcula la distancia de la recta r al plano r .
MATEMÁTICAS HI. 2025. JULIO. EJERCICIO 4"
MATES_II,Geometría,2025.0,Julio,Ejercicio 5,"y s=3y=2+%
z=-3-2
x+1_ y+2_z-2
230 1
Sean las rectas r =
a) Estudia la posición relativa de las rectas r y s.
b) Halla la ecuación de un plano que contiene a r y a una recta perpendicular a las rectas r y s
MATEMÁTICAS II. 2025. JULIO. EJERCICIO 5"
MATES_II,Geometría,2026.0,Junio,Ejercicio 2,"Considera los puntos A(1,2,0), B(2,m,1), C(3,4,2) y D(1,-1,m).
a) Halla los valores de m para los cuales los puntos anteriores son coplanarios
b) Para m=1, calcula el área del triángulo de vértices A, B, C y el volumen del tetraedro de
vértices A, B,C,D.
MATEMÁTICAS II. 2026. JUNIO. EJERCICIO 2"
