asignatura,tema,año,convocatoria,ejercicio,enunciado,imagen,archivo,aviso
matesccss,Funciones CCSS,2001,Junio,EJERCICIO 2. OPCIÓN A,Calcule las funciones derivadas de las siguientes: Lx a) f(x) x2 b) g(x)(1 x3)cosx 1 c) h(x)4x3 5x ex SOCIALES II. 2001. JUNIO. EJERCICIO 2. OPCIÓN A,enunciados_PNG/2001 - Funciones CCSS_png/2001_junio_2_opcion_a.png,2001 - Funciones CCSS.pdf,
matesccss,Funciones CCSS,2001,Reserva 1,EJERCICIO 2. OPCIÓN A,"Un agricultor comprueba que si el precio al que vende cada caja de fresas es “x” euros, su beneficio diario, en euros, será: B(x) 10x2 100x210. a) Represente la función precio-beneficio. b) Indique a qué precio debe vender cada caja de fresas para obtener el máximo beneficio. ¿Cuál será ese beneficio máximo? c) Determine a qué precios de la caja obtiene pérdidas el agricultor. SOCIALES II. 2001 RESERVA 1. EJERCICIO 2. OPCIÓN A",enunciados_PNG/2001 - Funciones CCSS_png/2001_reserva_1_2_opcion_a.png,2001 - Funciones CCSS.pdf,
matesccss,Funciones CCSS,2001,Reserva 2,EJERCICIO 2. OPCIÓN B,"El consumo de luz (en miles de pesetas) de una vivienda, en función del tiempo transcurrido, 1 nos viene dado por la expresión: f(t)   t2 2t10 0t 12 5 a) ¿En qué periodo de tiempo aumenta el consumo? ¿En cuál disminuye? b) ¿En qué instante se produce el consumo máximo? ¿Y el mínimo? c) Represente gráficamente la función. SOCIALES II. 2001 RESERVA 2. EJERCICIO 2. OPCIÓN B",enunciados_PNG/2001 - Funciones CCSS_png/2001_reserva_2_2_opcion_b.png,2001 - Funciones CCSS.pdf,
matesccss,Funciones CCSS,2001,Reserva 3,EJERCICIO 2. OPCIÓN B,Determine los valores que han de tomar “a” y “b” para que la función: 4xb si x1 f(x) ax2 6x7 si x1 sea derivable. SOCIALES II. 2001. RESERVA 3. EJERCICIO 2. OPCIÓN B,enunciados_PNG/2001 - Funciones CCSS_png/2001_reserva_3_2_opcion_b.png,2001 - Funciones CCSS.pdf,
matesccss,Funciones CCSS,2001,Reserva 4,EJERCICIO 2. OPCIÓN B,"El estudio de la rentabilidad de una empresa revela que una inversión de x millones de pesetas produce una ganancia de f(x) millones de pts, siendo: x2 8x 8   si 0 x5  50 25 5 f(x)  . 5  si x5  2x a) Represente la función f(x). b) Halle la inversión que produce máxima ganancia. c) Halle el valor de la inversión que produce ganancia nula. d) Razone lo que ocurre con la rentabilidad si la inversión se incrementa indefinidamente. SOCIALES II. 2001 RESERVA 4. EJERCICIO 2. OPCIÓN B",enunciados_PNG/2001 - Funciones CCSS_png/2001_reserva_4_2_opcion_b.png,2001 - Funciones CCSS.pdf,
matesccss,Funciones CCSS,2001,Septiembre,EJERCIC IO 2. OPCIÓN B,ax2 2 si x 2  Dada la función: f(x)  a si 2 x 2  x si x 2  a) Calcule el valor de “a” para que f sea continua en x2. b) Estudie la continuidad y la derivabilidad de f cuandoa2. c) Dibuje la gráfica de la función que se obtiene cuando a2. SOCIALES II. 2001. SEPTIEMBRE. EJERCIC IO 2. OPCIÓN B,enunciados_PNG/2001 - Funciones CCSS_png/2001_septiembre_ejercic_io_2_opcion_b.png,2001 - Funciones CCSS.pdf,
matesccss,Funciones CCSS,2002,Junio,EJERCICIO 2. OPCIÓN B,"Sea x, en euros, el precio de venta del litro de aceite de oliva virgen extra. 4 Sea f(x)2 , con x0, la función que representa el balance económico quincenal, en x1 miles de euros, de una empresa agrícola. a) Represente la función f. b) ¿A partir de qué precio de venta del litro de aceite empieza esta empresa a tener beneficios?. c) ¿Están limitadas las ganancias quincenales de esta empresa? ¿ Y las pérdidas?. SOCIALES II. 2002 JUNIO. EJERCICIO 2. OPCIÓN B",enunciados_PNG/2002 - Funciones CCSS_png/2002_junio_2_opcion_b.png,2002 - Funciones CCSS.pdf,
matesccss,Funciones CCSS,2002,Reserva 3,EJERCICIO 2. OPCIÓN B,"El beneficio obtenido por la producción y venta de x kilogramos de un artículo viene dado por la función: B(x) 0'01x2 3'6x180. a) Represente gráficamente esta función. b) Determine el número de kilogramos que hay que producir y vender para que el beneficio sea máximo. c) Determine cuántos kilogramos se deben producir y vender, como máximo, para que la empresa no tenga pérdidas. SOCIALES II. 2002 RESERVA 3. EJERCICIO 2. OPCIÓN B",enunciados_PNG/2002 - Funciones CCSS_png/2002_reserva_3_2_opcion_b.png,2002 - Funciones CCSS.pdf,
matesccss,Funciones CCSS,2002,Reserva 4,EJERCICIO 2. OPCIÓN A,a) Determine los valores de a y b para que sea derivable la función: ax2 bx3 si x1 f(x)   2bx4 si x1 b) Represente gráficamente la función f si a1 y b2. SOCIALES II. 2002. RESERVA 4. EJERCICIO 2. OPCIÓN A,enunciados_PNG/2002 - Funciones CCSS_png/2002_reserva_4_2_opcion_a.png,2002 - Funciones CCSS.pdf,
matesccss,Funciones CCSS,2002,Septiembre,EJERCICIO 2. OPCIÓN A,Calcule las funciones derivadas de las siguientes: e5x x2 a) f(x) . b) g(x)4xL(3x1). c) h(x)(x2 1)(x32x). d) p(x) x3 1 x2 SOCIALES II. 2002. SEPTIEMBRE. EJERCICIO 2. OPCIÓN A,enunciados_PNG/2002 - Funciones CCSS_png/2002_septiembre_2_opcion_a.png,2002 - Funciones CCSS.pdf,
matesccss,Funciones CCSS,2003,Junio,EJERCICIO 2. OPCIÓN A,(x1)2 b si x 2 a) Sea la función f(x)  . Halle a y b para que la función sea continua y a(x3)2 3 si x 2 derivable en x2. e2x1 b) Halle la función derivada de g(x) (x1)2 SOCIALES II. 2003. JUNIO. EJERCICIO 2. OPCIÓN A,enunciados_PNG/2003 - Funciones CCSS_png/2003_junio_2_opcion_a.png,2003 - Funciones CCSS.pdf,
matesccss,Funciones CCSS,2003,Reserva 2,EJERCICIO 2. OPCIÓN A,"Se conoce que el rendimiento de un jugador de fútbol durante los primeros 45 minutos de un partido viene dado por la función f :0,45 cuya expresión analítica es f(t)7'2t0'16t2, donde t es el tiempo, expresado en minutos. a) Represente gráficamente esta función. b) ¿Cuál es el máximo rendimiento del jugador?. ¿En qué momento lo consigue?. ¿En qué instantes tiene un rendimiento igual a 32?. SOCIALES II. 2003 RESERVA 2. EJERCICIO 2. OPCIÓN A",enunciados_PNG/2003 - Funciones CCSS_png/2003_reserva_2_2_opcion_a.png,2003 - Funciones CCSS.pdf,
matesccss,Funciones CCSS,2003,Reserva 3,EJERCICIO 2. OPCIÓN A,"El número medio de clientes que visitan un hipermercado entre las 11 y las 20 horas está dado por f(x) x3 42x2 576x2296, en función de la hora x, siendo 11 x20. a) Halle los extremos relativos de esta función. b) Represente esta función y determine las horas en las que crece el número medio de clientes. c) Halle los valores máximos y mínimos del número medio de clientes que visitan el hipermercado entre las 11 y las 20 horas. SOCIALES II. 2003 RESERVA 3. EJERCICIO 2. OPCIÓN A",enunciados_PNG/2003 - Funciones CCSS_png/2003_reserva_3_2_opcion_a.png,2003 - Funciones CCSS.pdf,
matesccss,Funciones CCSS,2003,Reserva 4,EJERCICIO 2. OPCIÓN A,"Los beneficios esperados de una inmobiliaria en los próximos 5 años vienen dados por la función: B(t)t3 9t2 24t (t indica el tiempo, en años, 0t 5) a) Represente la evolución del beneficio esperado en función del tiempo. b) En ese periodo, ¿cuándo será máximo el beneficio esperado?. SOCIALES II. 2003 RESERVA 4. EJERCICIO 2. OPCIÓN A",enunciados_PNG/2003 - Funciones CCSS_png/2003_reserva_4_2_opcion_a.png,2003 - Funciones CCSS.pdf,
matesccss,Funciones CCSS,2004,Junio,EJERCICIO 2. OPCIÓN A,"La temperatura T, en grados centígrados, que adquiere una pieza sometida a un proceso viene dada en función del tiempo t, en horas, por la expresión: T(t)40t10t2 con 0t 4 a) Represente gráficamente la función T y determine la temperatura máxima que alcanza la pieza. b) ¿Qué temperatura tendrá la pieza transcurrida 1 hora?. ¿Volverá a tener esa misma temperatura en algún otro instante?. SOCIALES II. 2004 JUNIO. EJERCICIO 2. OPCIÓN A",enunciados_PNG/2004 - Funciones CCSS_png/2004_junio_2_opcion_a.png,2004 - Funciones CCSS.pdf,
matesccss,Funciones CCSS,2004,Reserva 2,EJERCICIO 2. OPCIÓN B,a) Estudie la continuidad y derivabilidad de la función: x2 4x7 si x 3  f(x)  4 .  si x 3  x2 b) Calcule la derivada de g(x)(x1)e2x1 SOCIALES II. 2004. RESERVA 2. EJERCICIO 2. OPCIÓN B,enunciados_PNG/2004 - Funciones CCSS_png/2004_reserva_2_2_opcion_b.png,2004 - Funciones CCSS.pdf,
matesccss,Funciones CCSS,2004,Septiembre,EJERCICIO 2. OPCIÓN A,Calcule las derivadas de las siguientes funciones (no es necesario simplificar el resultado): 3x1 a) f(x) (5x x2)2 x b) g(x)(x2 1)Lx c) h(x) 25x d) i(x)(x3 6x)(x2 1)3 SOCIALES II. 2004. SEPTIEMBRE. EJERCICIO 2. OPCIÓN A,enunciados_PNG/2004 - Funciones CCSS_png/2004_septiembre_2_opcion_a.png,2004 - Funciones CCSS.pdf,
matesccss,Funciones CCSS,2005,Junio,EJERCICIO 2. OPCIÓN A, 2x si x1  Sea la función f(x)  2  si x1  x a) Estudie la continuidad y la derivabilidad de f. b) Calcule sus asíntotas. c) Determine la ecuación de la recta tangente a la gráfica de f en el punto de abscisa x2 SOCIALES II. 2005. JUNIO. EJERCICIO 2. OPCIÓN A,enunciados_PNG/2005 - Funciones CCSS_png/2005_junio_2_opcion_a.png,2005 - Funciones CCSS.pdf,
matesccss,Funciones CCSS,2005,Junio,EJERCICIO 2. OPCIÓN B,"El beneficio, en millones de euros, de una empresa en función del tiempo t, en años, viene dado por: f(t) t2 12t31 4 t 7 a) Represente la gráfica de la función f. b) ¿Para qué valor de t alcanza la empresa su beneficio máximo y a cuánto asciende?. ¿Para qué valor de t alcanza su beneficio mínimo y cuál es éste?. SOCIALES II. 2005. JUNIO. EJERCICIO 2. OPCIÓN B",enunciados_PNG/2005 - Funciones CCSS_png/2005_junio_2_opcion_b.png,2005 - Funciones CCSS.pdf,
matesccss,Funciones CCSS,2005,Reserva 3,EJERCICIO 2. OPCIÓN B,Halle f '(2) ; g'(4) y h'(0) para las funciones definidas de la siguiente forma: 16 f(x) x2  ; g(x)(x2 9)3 ; h(x) L(x2 1) x2 SOCIALES II. 2005. RESERVA 3. EJERCICIO 2. OPCIÓN B,enunciados_PNG/2005 - Funciones CCSS_png/2005_reserva_3_2_opcion_b.png,2005 - Funciones CCSS.pdf,
matesccss,Funciones CCSS,2005,Septiembre,EJERCICIO 2. OPCIÓN A,"El valor, en miles de euros, de las existencias de una empresa en función del tiempo t, en años, viene dado por la función: f(t) 4t2 60t15 1 t 8 a) ¿Cuál será el valor de las existencias para t 2? ¿Y para t 4?. b) ¿Cuál es el valor máximo de las existencias? ¿En que instante se alcanza?. c) ¿En qué instante el valor de las existencias es de 185 miles de euros? SOCIALES II. 2005 SEPTIEMBRE. EJERCICIO 2. OPCIÓN A",enunciados_PNG/2005 - Funciones CCSS_png/2005_septiembre_2_opcion_a.png,2005 - Funciones CCSS.pdf,
matesccss,Funciones CCSS,2006,Junio,EJERCICIO 2. OPCIÓN A,"a) Halle los valores de a y b para que la gráfica de la función f(x) ax3 3x2 5xb pase por el punto (1,3) y tenga el punto de inflexión en x  1. b) Halle los intervalos de monotonía y los extremos relativos de la función definida por g(x) x3 3x2 7 SOCIALES II. 2006. JUNIO. EJERCICIO 2. OPCIÓN A",enunciados_PNG/2006 - Funciones CCSS_png/2006_junio_2_opcion_a.png,2006 - Funciones CCSS.pdf,
matesccss,Funciones CCSS,2006,Junio,EJERCICIO 2. OPCIÓN B, x  si x  0 Sea la función f definida por: f(x) 2x1  x2  x si x  0 a) Estudie la continuidad y derivabilidad de f. b) Calcule la ecuación la recta tangente a la gráfica de la función en el punto de abscisa x 1. SOCIALES II. 2006. JUNIO. EJERCICIO 2. OPCIÓN B,enunciados_PNG/2006 - Funciones CCSS_png/2006_junio_2_opcion_b.png,2006 - Funciones CCSS.pdf,
matesccss,Funciones CCSS,2006,Reserva 1,EJERCICIO 2. OPCIÓN A,"Sean las funciones f(x) x2  4x6 y g(x)2xx2. a) Determine, para cada una de ellas, los puntos de corte con los ejes, el vértice y la curvatura. Represéntelas gráficamente. b) Determine el valor de x para el que se hace mínima la función h(x) f(x) g(x) SOCIALES II. 2006. RESERVA 1. EJERCICIO 2. OPCIÓN A",enunciados_PNG/2006 - Funciones CCSS_png/2006_reserva_1_2_opcion_a.png,2006 - Funciones CCSS.pdf,
matesccss,Funciones CCSS,2006,Reserva 1,EJERCICIO 2. OPCIÓN B,Calcule las derivadas de las siguientes funciones: 13x a) f(x) (5x2)3 x b) g(x)(x2 2)L(x2 2) c) h(x)35x ex SOCIALES II. 2006. RESERVA 1. EJERCICIO 2. OPCIÓN B,enunciados_PNG/2006 - Funciones CCSS_png/2006_reserva_1_2_opcion_b.png,2006 - Funciones CCSS.pdf,
matesccss,Funciones CCSS,2006,Reserva 2,EJERCICIO 2. OPCIÓN A,x2 1 si x1 Consideremos la función: f(x)   x1 si x1 a) Estudie su continuidad y derivabilidad. b) Determine la monotonía de f . c) Represente gráficamente esta función. SOCIALES II. 2006. RESERVA 2. EJERCICIO 2. OPCIÓN A,enunciados_PNG/2006 - Funciones CCSS_png/2006_reserva_2_2_opcion_a.png,2006 - Funciones CCSS.pdf,
matesccss,Funciones CCSS,2006,Reserva 2,EJERCICIO 2. OPCIÓN B,"3x2 a) Calcule la ecuación de la recta tangente a la gráfica de g(x) en el punto de abscisa x1 x = 1. b) Se considera la función f(x)ax2 bx4. Calcule los valores de los parámetros a y b para que f tenga un extremo relativo en el punto (1, 10). SOCIALES II. 2006. RESERVA 2. EJERCICIO 2. OPCIÓN B",enunciados_PNG/2006 - Funciones CCSS_png/2006_reserva_2_2_opcion_b.png,2006 - Funciones CCSS.pdf,
matesccss,Funciones CCSS,2006,Reserva 3,EJERCICIO 2. OPCIÓN A,"El beneficio esperado de una empresa, en millones de euros, en los próximos ocho años viene dado por la función B definida por: t2 7t si 0 t 5 B(t)   10 si 5 t 8 donde t indica el tiempo transcurrido en años. a) Represente gráficamente la función B y explique cómo es la evolución del beneficio esperado durante esos 8 años. b) Calcule cuándo el beneficio esperado es de 11’25 millones de euros. SOCIALES II. 2006. RESERVA 3. EJERCICIO 2. OPCIÓN A",enunciados_PNG/2006 - Funciones CCSS_png/2006_reserva_3_2_opcion_a.png,2006 - Funciones CCSS.pdf,
matesccss,Funciones CCSS,2006,Reserva 3,EJERCICIO 2. OPCIÓN B,"Sea la función f(x) x3 3x2 1 a) Determine la monotonía y los extremos relativos de f . b) Calcule su punto de inflexión. c) Teniendo en cuenta los apartados anteriores, represéntela. SOCIALES II. 2006. RESERVA 3. EJERCICIO 2. OPCIÓN B",enunciados_PNG/2006 - Funciones CCSS_png/2006_reserva_3_2_opcion_b.png,2006 - Funciones CCSS.pdf,
matesccss,Funciones CCSS,2006,Reserva 4,EJERCICIO 2. OPCIÓN A,"a) Dada la función f(x)a(x1)2 bx, calcule a y b para que la gráfica de esta función pase por el punto de coordenadas (1,2) y tenga un extremo relativo en el punto de abscisa x2. 1 b) Calcule g''(2) siendog(x)  x. x SOCIALES II. 2006. RESERVA 4. EJERCICIO 2. OPCIÓN A",enunciados_PNG/2006 - Funciones CCSS_png/2006_reserva_4_2_opcion_a.png,2006 - Funciones CCSS.pdf,
matesccss,Funciones CCSS,2006,Reserva 4,EJERCICIO 2. OPCIÓN B,"a) De una función f se sabe que la gráfica de su función derivada, f ´, es la recta de ecuación y  2x4. Estudie razonadamente la monotonía de la función f, a la vista de la gráfica de la derivada. 4x4 b) Dada la funcióng(x) , calcule la ecuación de la recta tangente a su gráfica en el x4 punto de abscisa x = 0. SOCIALES II. 2006. RESERVA 4. EJERCICIO 2. OPCIÓN B",enunciados_PNG/2006 - Funciones CCSS_png/2006_reserva_4_2_opcion_b.png,2006 - Funciones CCSS.pdf,
matesccss,Funciones CCSS,2006,Septiembre,EJERCICIO 2. OPCIÓN A,"a) La gráfica de la función derivada de una función f es la parábola de vértice (0,2) que corta al eje de abscisas en los puntos (3,0) y (3,0). A partir de dicha gráfica, determine los intervalos de crecimiento y decrecimiento de la función f . b) Calcule los extremos relativos de la función g(x) x3 3x. SOCIALES II. 2006. SEPTIEMBRE. EJERCICIO 2. OPCIÓN A",enunciados_PNG/2006 - Funciones CCSS_png/2006_septiembre_2_opcion_a.png,2006 - Funciones CCSS.pdf,
matesccss,Funciones CCSS,2006,Septiembre,EJERCICIO 2. OPCIÓN B,3 x Se considera la función f(x) 2 x a) Halle la ecuación de la recta tangente a la gráfica de esa función en el punto de abscisa x1. b) Estudie su monotonía. c) Calcule sus asíntotas. SOCIALES II. 2006. SEPTIEMBRE. EJERCICIO 2. OPCIÓN B,enunciados_PNG/2006 - Funciones CCSS_png/2006_septiembre_2_opcion_b.png,2006 - Funciones CCSS.pdf,
matesccss,Funciones CCSS,2007,Junio,EJERCICIO 2. OPCIÓN A,"Para la función f :  definida de la forma f(x)8x3 84x2 240x, determine: a) Su monotonía y sus extremos relativos. b) Su curvatura y su punto de inflexión. SOCIALES II. 2007. JUNIO. EJERCICIO 2. OPCIÓN A",enunciados_PNG/2007 - Funciones CCSS_png/2007_junio_2_opcion_a.png,2007 - Funciones CCSS.pdf,
matesccss,Funciones CCSS,2007,Junio,EJERCICIO 2. OPCIÓN B,"a) Halle los valores de a y b para que la recta tangente a la gráfica de f(x)ax2 b en el punto (1,5) sea la recta y  3x2. b) Para g(x)e1x L(x2), calcule g'(1). SOCIALES II. 2007. JUNIO. EJERCICIO 2. OPCIÓN B",enunciados_PNG/2007 - Funciones CCSS_png/2007_junio_2_opcion_b.png,2007 - Funciones CCSS.pdf,
matesccss,Funciones CCSS,2007,Reserva 1,EJERCICIO 2. OPCIÓN A,"2x2 3xa si x0 a) Sea la función f(x)   x2 bx1 si x0 Halle a y b para que la función sea continua y derivable. b) Calcule la derivada de las siguientes funciones: 3 ex g(x)  L(1 x) , h(x) (2x5)2 x3 1 SOCIALES II. 2007. RESERVA 1. EJERCICIO 2. OPCIÓN A.",enunciados_PNG/2007 - Funciones CCSS_png/2007_reserva_1_2_opcion_a.png,2007 - Funciones CCSS.pdf,
matesccss,Funciones CCSS,2007,Reserva 1,EJERCICIO 2. OPCIÓN B,"a) Determine dónde se alcanza el mínimo de la función f(x)3x2 6xa. Calcule el valor de a para que el valor mínimo de la función sea 5. b) Calcule g'(3), siendo , g(x) 2xe3x1. SOCIALES II. 2007. RESERVA 1. EJERCICIO 2. OPCIÓN B.",enunciados_PNG/2007 - Funciones CCSS_png/2007_reserva_1_2_opcion_b.png,2007 - Funciones CCSS.pdf,
matesccss,Funciones CCSS,2007,Reserva 2,EJERCICIO 2. OPCIÓN A, 2x3  si x0 Se considera la función f(x)  x1  x2 2x3 si x0 a) Estudie su derivabilidad en x = 0. b) Determine si existen asíntotas y obtenga sus ecuaciones. SOCIALES II. 2007. RESERVA 2. EJERCICIO 2. OPCIÓN A.,enunciados_PNG/2007 - Funciones CCSS_png/2007_reserva_2_2_opcion_a.png,2007 - Funciones CCSS.pdf,
matesccss,Funciones CCSS,2007,Reserva 2,EJERCICIO 2. OPCIÓN B,Se considera la función f(x) x3 9x2 24x a) Determine los extremos relativos de f ; estudie la monotonía y la curvatura. b) Represente gráficamente la función f . SOCIALES II. 2007. RESERVA 2. EJERCICIO 2. OPCIÓN B.,enunciados_PNG/2007 - Funciones CCSS_png/2007_reserva_2_2_opcion_b.png,2007 - Funciones CCSS.pdf,
matesccss,Funciones CCSS,2007,Reserva 3,EJERCICIO 2. OPCIÓN A, 2x2 8x6 si x1 Se considera la función definida por f(x)  2x2 8x6 si x1 a) Estudie la continuidad y derivabilidad de f . b) Represente la gráfica de f . c) Indique los extremos relativos de la función. SOCIALES II. 2007. RESERVA 3. EJERCICIO 2. OPCIÓN A.,enunciados_PNG/2007 - Funciones CCSS_png/2007_reserva_3_2_opcion_a.png,2007 - Funciones CCSS.pdf,
matesccss,Funciones CCSS,2007,Reserva 3,EJERCICIO 2. OPCIÓN B," xk  si x0 Sea la función f(x)  x1  x2 2x1 si x0 a) Calcule el valor de k para que la función f sea continua en x = 0. Para ese valor de k , ¿es f derivable en x =0? b) Para k = 0, calcule lim f(x) y lim f(x) x x SOCIALES II. 2007. RESERVA 3. EJERCICIO 2. OPCIÓN B.",enunciados_PNG/2007 - Funciones CCSS_png/2007_reserva_3_2_opcion_b.png,2007 - Funciones CCSS.pdf,
matesccss,Funciones CCSS,2007,Reserva 4,EJERCICIO 2. OPCIÓN A,"El beneficio obtenido por una empresa, en miles de euros, viene dado por la función 5x2 40x60 si 0 x6  f(x)  5x  15 si 6 x10  2 donde x representa el gasto en publicidad, en miles de euros. a) Represente la función f . b) Calcule el gasto en publicidad a partir del cual la empresa no tiene pérdidas. c) ¿Para qué gastos en publicidad se producen beneficios nulos? d) Calcule el gasto en publicidad que produce máximo beneficio. ¿Cuál es ese beneficio máximo? SOCIALES II. 2007. RESERVA 4. EJERCICIO 2. OPCIÓN A.",enunciados_PNG/2007 - Funciones CCSS_png/2007_reserva_4_2_opcion_a.png,2007 - Funciones CCSS.pdf,
matesccss,Funciones CCSS,2007,Reserva 4,EJERCICIO 2. OPCIÓN B,a) La función f(x) x3 ax2 bx tiene un extremo relativo en x = 2 y un punto de inflexión en x = 3. Calcule los coeficientes a y b y determine si el citado extremo es un máximo o un mínimo relativo. x b) Calcule la ecuación de la recta tangente a la gráfica de la función g(x) en el punto x2 de abscisa x = 3. SOCIALES II. 2007. RESERVA 4. EJERCICIO 2. OPCIÓN B.,enunciados_PNG/2007 - Funciones CCSS_png/2007_reserva_4_2_opcion_b.png,2007 - Funciones CCSS.pdf,
matesccss,Funciones CCSS,2007,Septiembre,EJERCICIO 2. OPCIÓN A," 2x si x1 Sea la función f :  , definida por: f(x)  x2 mx5 si x1 a) Calcule m para que la función sea continua en x1. b) Para ese valor de m, ¿es derivable la función en x1? c) Calcule la ecuación la recta tangente a la gráfica de f enx0. SOCIALES II. 2007. SEPTIEMBRE. EJERCICIO 2. OPCIÓN A",enunciados_PNG/2007 - Funciones CCSS_png/2007_septiembre_2_opcion_a.png,2007 - Funciones CCSS.pdf,
matesccss,Funciones CCSS,2007,Septiembre,EJERCICIO 2. OPCIÓN B,"a) Sea la función definida para todo número real x por f(x)ax3 bx. Determine a y b sabiendo que su gráfica pasa por el punto (1,1) y que en ese punto la pendiente de la recta tangente es 3. 1 b) Si en la función anterior a  y b 4, determine sus intervalos de monotonía y sus 3 extremos. SOCIALES II. 2007. SEPTIEMBRE. EJERCICIO 2. OPCIÓN B",enunciados_PNG/2007 - Funciones CCSS_png/2007_septiembre_2_opcion_b.png,2007 - Funciones CCSS.pdf,
matesccss,Funciones CCSS,2008,Junio,EJERCICIO 2. OPCIÓN A, 2x  si x  2 Sea la función definida de la forma f(x)  x1  2x2 10x si x  2 a) Halle el dominio de f. b) Estudie la derivabilidad de f enx  2. c) Halle la ecuación de la recta tangente a la gráfica de f en el punto de abscisa x 0. SOCIALES II. 2008. JUNIO. EJERCICIO 2. OPCIÓN A,enunciados_PNG/2008 - Funciones CCSS_png/2008_junio_2_opcion_a.png,2008 - Funciones CCSS.pdf,
matesccss,Funciones CCSS,2008,Junio,EJERCICIO 2. OPCIÓN B,"x2 axb si x 1 Sea la función f definida mediante f(x)   L(x) si x 1 a) Determine a y b sabiendo que f es continua y tiene un mínimo en x  1. b) Para a  1 y b 1, estudie la derivabilidad de f en x  1 y enx 1. SOCIALES II. 2008. JUNIO. EJERCICIO 2. OPCIÓN B",enunciados_PNG/2008 - Funciones CCSS_png/2008_junio_2_opcion_b.png,2008 - Funciones CCSS.pdf,
matesccss,Funciones CCSS,2008,Reserva 1,EJERCICIO 2. OPCIÓN A,x1 Sea la función f definida mediante f(x) 2x1 a) Determine los puntos de corte con los ejes. b) Estudie su curvatura. c) Determine sus asíntotas. d) Represente la función. SOCIALES II. 2008 RESERVA 1. EJERCICIO 2. OPCIÓN A,enunciados_PNG/2008 - Funciones CCSS_png/2008_reserva_1_2_opcion_a.png,2008 - Funciones CCSS.pdf,
matesccss,Funciones CCSS,2008,Reserva 1,EJERCICIO 2. OPCIÓN B,"a) La gráfica de la derivada de una función f es la recta que pasa por los puntos (0,3) y (4,0). Estudie la monotonía de la función f b) Calcule la derivada de las siguientes funciones: ex g(x)(3x1)3L(x2 1) ; h(x) 7x5 4 SOCIALES II. 2008 RESERVA 1. EJERCICIO 2. OPCIÓN B",enunciados_PNG/2008 - Funciones CCSS_png/2008_reserva_1_2_opcion_b.png,2008 - Funciones CCSS.pdf,
matesccss,Funciones CCSS,2008,Reserva 2,EJERCICIO 2. OPCIÓN A,"El beneficio de una empresa, en miles de euros, viene dado por la función B(x) 3x2 120x675 ; x0 donde x representa el gasto en publicidad, en miles de euros. a) Calcule el gasto a partir del cual la empresa no obtiene beneficios. b) Calcule el valor de x que produce máximo beneficio. ¿Cuánto es ese beneficio? c) Determine los intervalos de crecimiento y decrecimiento del beneficio de la empresa. d) Represente gráficamente la función B. SOCIALES II. 2008 RESERVA 2. EJERCICIO 2. OPCIÓN A",enunciados_PNG/2008 - Funciones CCSS_png/2008_reserva_2_2_opcion_a.png,2008 - Funciones CCSS.pdf,
matesccss,Funciones CCSS,2008,Reserva 2,EJERCICIO 2. OPCIÓN B,Calcule las derivadas de las siguientes funciones: a) f(x)(x3 1)e7x b) g(x) 3xLn(x) c) h(x)(x2 1)(x5 6x)6 (x1)2 d) i(x) x2 2 SOCIALES II. 2008 RESERVA 2. EJERCICIO 2. OPCIÓN B,enunciados_PNG/2008 - Funciones CCSS_png/2008_reserva_2_2_opcion_b.png,2008 - Funciones CCSS.pdf,
matesccss,Funciones CCSS,2008,Reserva 3,EJERCICIO 2. OPCIÓN A,Sea la función f(x) x3 6x2. a) Determine sus puntos de corte con los ejes. b) Calcule sus extremos relativos y su punto de inflexión. c) Represente gráficamente la función. SOCIALES II. 2008 RESERVA 3. EJERCICIO 2. OPCIÓN A,enunciados_PNG/2008 - Funciones CCSS_png/2008_reserva_3_2_opcion_a.png,2008 - Funciones CCSS.pdf,
matesccss,Funciones CCSS,2008,Reserva 3,EJERCICIO 2. OPCIÓN B,"x2 4 si x1 Sea la función f(x)  axb si x1 a) Calcule a y b, sabiendo que f(2)7 y que f es continua enx1. b) Determine la ecuación de la recta tangente a la gráfica de f en el punto de abscisax  1. SOCIALES II. 2008. RESERVA 3. EJERCICIO 2. OPCIÓN B",enunciados_PNG/2008 - Funciones CCSS_png/2008_reserva_3_2_opcion_b.png,2008 - Funciones CCSS.pdf,
matesccss,Funciones CCSS,2008,Reserva 4,EJERCICIO 2. OPCIÓN A, ex si x0 Sea la función f(x)  . x2  x1 si x0 a) ¿Es f continua enx0? ¿Es continua en su dominio?. b) ¿Es f derivable en x0? ¿Es derivable en su dominio?. c) Estudie la monotonía de f. SOCIALES II. 2008. RESERVA 4. EJERCICIO 2. OPCIÓN A,enunciados_PNG/2008 - Funciones CCSS_png/2008_reserva_4_2_opcion_a.png,2008 - Funciones CCSS.pdf,
matesccss,Funciones CCSS,2008,Reserva 4,EJERCICIO 2. OPCIÓN B,"2 a) Calcule la ecuación de la recta tangente a la gráfica de f(x) en el punto de abscisa 1. x b) Sea la función g(x) x3 ax2 b. Calcule a y b sabiendo que su gráfica presenta un punto de inflexión en el punto (2,5). SOCIALES II. 2008. RESERVA 4. EJERCICIO 2. OPCIÓN B",enunciados_PNG/2008 - Funciones CCSS_png/2008_reserva_4_2_opcion_b.png,2008 - Funciones CCSS.pdf,
matesccss,Funciones CCSS,2008,Septiembre,EJERCICIO 2. OPCIÓN A,"3 a) Halle la ecuación de la recta tangente a la gráfica de la función f(x) en el punto de x abscisax  1. b b) Halle los valores de a y b para que la función g(x)ax tenga un extremo relativo en el x punto (1,2). SOCIALES II. 2008 SEPTIEMBRE. EJERCICIO 2. OPCIÓN A",enunciados_PNG/2008 - Funciones CCSS_png/2008_septiembre_2_opcion_a.png,2008 - Funciones CCSS.pdf,
matesccss,Funciones CCSS,2008,Septiembre,EJERCICIO 2. OPCIÓN B,"Dada la función f(x)43x2  x3, determine: a) La monotonía y la curvatura de f . b) Los puntos donde la función alcanza sus extremos relativos. c) La ecuación de la recta tangente a la gráfica de f en el punto de abscisax  1. SOCIALES II. 2008 SEPTIEMBRE. EJERCICIO 2. OPCIÓN B",enunciados_PNG/2008 - Funciones CCSS_png/2008_septiembre_2_opcion_b.png,2008 - Funciones CCSS.pdf,
matesccss,Funciones CCSS,2009,Junio,EJERCICIO 2. OPCIÓN A,"x2  x si x 0  Sea la función f(x)  x  si x0  x1 a) Analice la continuidad y derivabilidad de la función en su dominio. b) Determine la asíntota horizontal, si la tiene. c) Determine la asíntota vertical, si la tiene. SOCIALES II. 2009. JUNIO. EJERCICIO 2. OPCIÓN A",enunciados_PNG/2009 - Funciones CCSS_png/2009_junio_2_opcion_a.png,2009 - Funciones CCSS.pdf,
matesccss,Funciones CCSS,2009,Junio,EJERCICIO 2. OPCIÓN B,Un estudio acerca de la presencia de gases contaminantes en la atmósfera de una ciudad indica que el nivel de contaminación viene dado por la función: C(t) 0'2t2 4t25 0 t 25 (t = años transcurridos desde el año 2000) a) ¿En qué año se alcanzará un máximo en el nivel de contaminación?. b) ¿En qué año se alcanzará el nivel de contaminación cero?. c) Calcule la pendiente de la recta tangente a la gráfica de la función C(t) en t 8. Interprete el resultado anterior relacionándolo con el crecimiento o decrecimiento. SOCIALES II. 2009 JUNIO. EJERCICIO 2. OPCIÓN B,enunciados_PNG/2009 - Funciones CCSS_png/2009_junio_2_opcion_b.png,2009 - Funciones CCSS.pdf,
matesccss,Funciones CCSS,2009,Reserva 1,EJERCICIO 2. OPCIÓN A,a) Halle las funciones derivadas de las funciones definidas por las siguientes expresiones: ln(x) f(x)(2x2 3)3 ; g(x) ; h(x) xe3x x 2x3 b) Determine el dominio y las asíntotas de la función m(x) x4 SOCIALES II. 2009 RESERVA 1. EJERCICIO 2. OPCIÓN A,enunciados_PNG/2009 - Funciones CCSS_png/2009_reserva_1_2_opcion_a.png,2009 - Funciones CCSS.pdf,
matesccss,Funciones CCSS,2009,Reserva 1,EJERCICIO 2. OPCIÓN B,"12x si x0  a) Sea función f(x)  1 si x0  x1 Estudie su continuidad y su derivabilidad. x1 b) Se consideran las funciones: g(x)(2x1)3, h(x) . Halle sus funciones derivadas. 2x SOCIALES II. 2009. RESERVA 1. EJERCICIO 2. OPCIÓN B.",enunciados_PNG/2009 - Funciones CCSS_png/2009_reserva_1_2_opcion_b.png,2009 - Funciones CCSS.pdf,
matesccss,Funciones CCSS,2009,Reserva 2,EJERCICIO 2. OPCIÓN A,"Un almacenista de frutas ha estimado que el beneficio que le produce cada kilogramo (Kg) de fresas depende del precio de venta de acuerdo con la función B(x) x2 4x3 siendo B(x) el beneficio por Kg y x el precio de cada Kg, ambos expresados en euros. a) ¿Entre qué precios se producen beneficios para el almacenista?. b) ¿Qué precio maximiza los beneficios?. c) Si tiene en el almacén 10.000 Kg de fresas, ¿cuál será el beneficio total máximo que podrá obtener?. SOCIALES II. 2009 RESERVA 2. EJERCICIO 2. OPCIÓN A",enunciados_PNG/2009 - Funciones CCSS_png/2009_reserva_2_2_opcion_a.png,2009 - Funciones CCSS.pdf,
matesccss,Funciones CCSS,2009,Reserva 2,EJERCICIO 2. OPCIÓN B, 3x si x1 Sea función f(x)  x2 6x8 si x1 a) Estudie la continuidad y la derivabilidad de la función f. b) Calcule la ecuación de la recta tangente a la gráfica de la función f en el punto de abscisa x3. SOCIALES II. 2009. RESERVA 2. EJERCICIO 2. OPCIÓN B.,enunciados_PNG/2009 - Funciones CCSS_png/2009_reserva_2_2_opcion_b.png,2009 - Funciones CCSS.pdf,
matesccss,Funciones CCSS,2009,Reserva 3,EJERCICIO 2. OPCIÓN A,"Sea la función f(x) x3 1. a) Calcule los puntos de corte de la gráfica con los ejes, su monotonía y extremos relativos, si los tuviese. b) Determine su curvatura y punto de inflexión. c) Halle los puntos de la gráfica en los que la recta tangente tiene de pendiente 3. SOCIALES II. 2009 RESERVA 3. EJERCICIO 2. OPCIÓN A",enunciados_PNG/2009 - Funciones CCSS_png/2009_reserva_3_2_opcion_a.png,2009 - Funciones CCSS.pdf,
matesccss,Funciones CCSS,2009,Reserva 3,EJERCICIO 2. OPCIÓN B,x1 si x1 Sea función real de variable real f(x)   x1 si x1 a) Represente gráficamente la función. b) Estudie la continuidad de la función. c) Estudie la derivabilidad de la función. SOCIALES II. 2009. RESERVA 3. EJERCICIO 2. OPCIÓN B.,enunciados_PNG/2009 - Funciones CCSS_png/2009_reserva_3_2_opcion_b.png,2009 - Funciones CCSS.pdf,
matesccss,Funciones CCSS,2009,Reserva 4,EJERCICIO 2. OPCIÓN A,"x1 Sea la función f(x) 2x1 a) Halle la ecuación de la recta tangente a la gráfica de la función f en el punto (0,1) b) Estudie la monotonía de f. c) Halle las asíntotas, los puntos de corte con los ejes y represente gráficamente la función. SOCIALES II. 2009 RESERVA 4. EJERCICIO 2. OPCIÓN A",enunciados_PNG/2009 - Funciones CCSS_png/2009_reserva_4_2_opcion_a.png,2009 - Funciones CCSS.pdf,
matesccss,Funciones CCSS,2009,Reserva 4,EJERCICIO 2. OPCIÓN B, ex si x0 Sea función f :  definida mediante f(x)  x3  x1 si x0 a) ¿Es f continua en x0?.¿Es continua en su dominio?. b) ¿Es f derivable en x0?.¿Es derivable en su dominio?. c) Calcule la ecuación de la recta tangente a la gráfica de la función f en el punto de abscisa x1. SOCIALES II. 2009. RESERVA 4. EJERCICIO 2. OPCIÓN B.,enunciados_PNG/2009 - Funciones CCSS_png/2009_reserva_4_2_opcion_b.png,2009 - Funciones CCSS.pdf,
matesccss,Funciones CCSS,2009,Septiembre,EJERCICIO 2. OPCIÓN A,"La función derivada de una función f viene dada por f '(x)3x2 12x9 a) Obtenga los intervalos de monotonía de la función f y los valores de x en los que dicha función alcanza sus extremos locales. b) Determine los intervalos de concavidad y convexidad de la función f. c) Sabiendo que la gráfica de f pasa por el punto (2,5), calcule la ecuación de la recta tangente a la gráfica de f en dicho punto. SOCIALES II. 2009. SEPTIEMBRE. EJERCICIO 2. OPCIÓN A",enunciados_PNG/2009 - Funciones CCSS_png/2009_septiembre_2_opcion_a.png,2009 - Funciones CCSS.pdf,
matesccss,Funciones CCSS,2009,Septiembre,EJERCICIO 2. OPCIÓN B,"Sea la función f (x)ax3 bx2  x a) Determine el valor de los parámetros a y b sabiendo que la función f tiene un máximo en x1 y que f (1) 2. b) Para ab1, halle la ecuación de la recta tangente a la gráfica de f en el punto de abscisa x0. SOCIALES II. 2009. SEPTIEMBRE. EJERCICIO 2. OPCIÓN B",enunciados_PNG/2009 - Funciones CCSS_png/2009_septiembre_2_opcion_b.png,2009 - Funciones CCSS.pdf,
matesccss,Funciones CCSS,2010,Junio,EJERCICIO 2. OPCIÓN A,1 Sea la función f(x)2x2  x3 . Calcule: 3 a) Los intervalos de crecimiento y decrecimiento. b) Las coordenadas de sus extremos relativos. c) El punto de la gráfica en el que la pendiente de la recta tangente a dicha gráfica es 4. SOCIALES II. 2010. JUNIO. EJERCICIO 2. OPCIÓN A,enunciados_PNG/2010 - Funciones CCSS_png/2010_junio_2_opcion_a.png,2010 - Funciones CCSS.pdf,
matesccss,Funciones CCSS,2010,Junio,EJERCICIO 2. OPCIÓN B,Calcule las derivadas de las siguientes funciones: e3x a) f(x) 1 x2 b) g(x)ln  x(13x2)  1 c) h(x)25x  x2 SOCIALES II. 2010. JUNIO. EJERCICIO 2. OPCIÓN B,enunciados_PNG/2010 - Funciones CCSS_png/2010_junio_2_opcion_b.png,2010 - Funciones CCSS.pdf,
matesccss,Funciones CCSS,2010,Reserva 1,EJERCICIO 2. OPCIÓN A,"En una empresa han hecho un estudio sobre la rentabilidad de su inversión en publicidad, y han llegado a la conclusión de que el beneficio obtenido, en miles de euros, viene dado por la expresión: B(x)0.5x2 4x6 , siendo x la inversión en publicidad, en miles de euros, con x en el intervalo 0,10. a) ¿Para qué valores de la inversión la empresa tiene pérdidas?. b) ¿Cuánto tiene que invertir la empresa en publicidad para obtener el mayor beneficio posible?. c) ¿Cuál es el beneficio si no invierte nada en publicidad?. ¿Hay algún otro valor de la inversión para el cual se obtiene el mismo beneficio?. SOCIALES II. 2010. RESERVA 1. EJERCICIO 2. OPCIÓN A",enunciados_PNG/2010 - Funciones CCSS_png/2010_reserva_1_2_opcion_a.png,2010 - Funciones CCSS.pdf,
matesccss,Funciones CCSS,2010,Reserva 1,EJERCICIO 2. OPCIÓN B, 2  si x1 Sea la función f(x)  x  x2 4x5 si x1 a) Estudie la continuidad y la derivabilidad de la función. b) Represéntela gráficamente. SOCIALES II. 2010. RESERVA 1. EJERCICIO 2. OPCIÓN B,enunciados_PNG/2010 - Funciones CCSS_png/2010_reserva_1_2_opcion_b.png,2010 - Funciones CCSS.pdf,
matesccss,Funciones CCSS,2010,Reserva 2,EJERCICIO 2. OPCIÓN A,"Sean las funciones  x3  x2 2 si 1 x0 x2  x2 si 1 x0 f(x)  ; h(x)  x3  x2 2 si 0 x1 x2  x2 si 0 x1 a) Estudie la continuidad y la derivabilidad de la función f en x0. b) Estudie la continuidad y la derivabilidad de la función h en x0. c) Si las dos funciones anteriores representan el perfil de un arco puntiagudo de una catedral y el de un arco redondeado (sin picos) de un túnel, indique, razonadamente, la que corresponde a la catedral y la que corresponde al túnel. SOCIALES II. 2010. RESERVA 2. EJERCICIO 2. OPCIÓN A",enunciados_PNG/2010 - Funciones CCSS_png/2010_reserva_2_2_opcion_a.png,2010 - Funciones CCSS.pdf,
matesccss,Funciones CCSS,2010,Reserva 2,EJERCICIO 2. OPCIÓN B,"El gerente de una empresa sabe que los beneficios de la misma, f(x), dependen de la inversión, x, según la función: f(x) x2 11x10 . (x es la cantidad invertida, en millones de euros) a) Determine los valores de la inversión para los que la función beneficio es no negativa. b) Halle el valor de la inversión para el cual el beneficio es máximo. ¿A cuánto asciende éste?. c) ¿Entre qué valores ha de estar comprendida la inversión para que el beneficio sea creciente, sabiendo que éste es no negativo?. SOCIALES II. 2010. RESERVA 2. EJERCICIO 2. OPCIÓN B",enunciados_PNG/2010 - Funciones CCSS_png/2010_reserva_2_2_opcion_b.png,2010 - Funciones CCSS.pdf,
matesccss,Funciones CCSS,2010,Reserva 3,EJERCICIO 2. OPCIÓN A, x2 si x 0  2   Sea la función definida por f(x) x3 4x2 si 0 x4  4  1 si x 4  x a) Estudie su continuidad y derivabilidad. b) Determine la ecuación de la recta tangente a la gráfica de la función en el punto de abscisa x2. SOCIALES II. 2010. RESERVA 3. EJERCICIO 2. OPCIÓN A,enunciados_PNG/2010 - Funciones CCSS_png/2010_reserva_3_2_opcion_a.png,2010 - Funciones CCSS.pdf,
matesccss,Funciones CCSS,2010,Reserva 3,EJERCICIO 2. OPCIÓN B,"Un depósito lleno de agua se vacía por un sumidero que tiene en la parte baja. El volumen de agua, en m3, que hay en cada momento en el depósito, desde que empieza a vaciarse, viene dado t2 por la funciónV(t)8t , donde t es el tiempo en minutos. 32 a) ¿Cuál es la capacidad del depósito?. b) ¿Cuánto tiempo tarda en vaciarse?. c) Represente gráficamente la función V(t). d) Calcule la derivada de esa función en t 8 e interprete su significado. SOCIALES II. 2010. RESERVA 3. EJERCICIO 2. OPCIÓN B",enunciados_PNG/2010 - Funciones CCSS_png/2010_reserva_3_2_opcion_b.png,2010 - Funciones CCSS.pdf,
matesccss,Funciones CCSS,2010,Reserva 4,EJERCICIO 2. OPCIÓN A,"Sea la función f(x) 2x2 axb a) Determine los valores de a y b sabiendo que su gráfica pasa por el punto (1,3) y alcanza un extremo local en el punto de abscisa x  2. b) Tomando a8 y b 10 deduzca la curvatura de su gráfica, el valor mínimo que alcanza la función y los valores donde la función se anula. SOCIALES II. 2010. RESERVA 4. EJERCICIO 2. OPCIÓN A",enunciados_PNG/2010 - Funciones CCSS_png/2010_reserva_4_2_opcion_a.png,2010 - Funciones CCSS.pdf,
matesccss,Funciones CCSS,2010,Reserva 4,EJERCICIO 2. OPCIÓN B,a) Calcule las derivadas de las siguientes funciones: 2 f(x) 25x  12x ; g(x)3x22 ln  1 x2    3  x2 12x b) Halle las asíntotas y los puntos de corte con los ejes de h(x) x2 SOCIALES II. 2010. RESERVA 4. EJERCICIO 2. OPCIÓN B,enunciados_PNG/2010 - Funciones CCSS_png/2010_reserva_4_2_opcion_b.png,2010 - Funciones CCSS.pdf,
matesccss,Funciones CCSS,2010,Septiembre,EJERCICIO 2. OPCIÓN A,"Un consultorio médico abre a las 5 de la tarde y cierra cuando no hay pacientes. La expresión que representa el número medio de pacientes en función del tiempo en horas, t, que lleva abierto el consultorio esN(t)4tt2 . a) ¿A qué hora el número medio de pacientes es máximo? ¿Cuál es ese máximo?. b) Sabiendo que el consultorio cierra cuando no hay pacientes, ¿a qué hora cerrará?. c) Represente gráficamente N(t)4tt2 , con N(t)0 . SOCIALES II. 2010. SEPTIEMBRE. EJERCICIO 2. OPCIÓN A",enunciados_PNG/2010 - Funciones CCSS_png/2010_septiembre_2_opcion_a.png,2010 - Funciones CCSS.pdf,
matesccss,Funciones CCSS,2010,Septiembre,EJERCICIO 2. OPCIÓN B,"x2 2ax3 si x1 Sea la función: f(x)   ax2 6x5 si x1 a) Calcule el valor de “a” para que f sea continua en x1. b) Para a1, represente su gráfica y, a la vista de ella, indique su monotonía y las coordenadas de sus extremos locales. SOCIALES II. 2010. SEPTIEMBRE. EJERCICIO 2. OPCIÓN B",enunciados_PNG/2010 - Funciones CCSS_png/2010_septiembre_2_opcion_b.png,2010 - Funciones CCSS.pdf,
matesccss,Funciones CCSS,2011,Junio,EJERCICIO 2. OPCIÓN A,"e2x a) Calcule la función derivada de f(x) (x2 2)2 b) Se sabe que la expresión que representa el número medio de clientes N(t) que acuden un día a una cadena de almacenes, en función del número de horas t que llevan abiertos, es N(t)at2 bt , 0 t 8 , a,b . Sabiendo que el máximo de clientes que han acudido ese día ha sido de 160 y que se ha producido a las 4 horas de abrir, calcule a y b. SOCIALES II. 2011. JUNIO. EJERCICIO 2. OPCIÓN A",enunciados_PNG/2011 - Funciones CCSS_png/2011_junio_2_opcion_a.png,2011 - Funciones CCSS.pdf,
matesccss,Funciones CCSS,2011,Junio,EJERCICIO 2. O PCIÓN B,"Las funciones I(t) 2t2 51t y G(t) t2 3t96 con 0t 8 representan, respectivamente, los ingresos y gastos de una empresa, en miles de euros, en función de los años, t , transcurridos desde su inicio y en los últimos 18 años. a) ¿Para qué valores de t, desde su entrada en funcionamiento, los ingresos coincidieron con los gastos? b) Determine la función que refleje los beneficios (ingresos menos gastos) en función de t y represéntela gráficamente. c) ¿Al cabo de cuántos años, desde su en trada en funcionamiento ,los beneficios fueron máximos?. Calcule el valor de ese beneficio. SOCIALES II. 2011. JUNIO. EJERCICIO 2. O PCIÓN B",enunciados_PNG/2011 - Funciones CCSS_png/2011_junio_2_o_pcion_b.png,2011 - Funciones CCSS.pdf,
matesccss,Funciones CCSS,2011,Reserva 1,EJERCICIO 2. OPCIÓN A,  x4 si x  2   4 Sea la función f(x)  si 2 x  4 x   x2 4x1 si x  4 a) Estudie la continuidad y la derivabilidad de f. b) Determine los extremos locales de f. c) Calcule la ecuación de la recta tangente a la gráfica de la función en el punto de abscisa x3. SOCIALES II. 2011. RESERVA 1. EJERCICIO 2. OPCIÓN A,enunciados_PNG/2011 - Funciones CCSS_png/2011_reserva_1_2_opcion_a.png,2011 - Funciones CCSS.pdf,
matesccss,Funciones CCSS,2011,Reserva 1,EJERCICIO 2. OPCIÓN B,Calcule las derivadas de las siguientes funciones: 2x  x2 1 5 f(x) ; g(x)  x2 1 2 ln  e3x 4  ; h(x)  x 3x x2 2 SOCIALES II. 2011. RESERVA 1. EJERCICIO 2. OPCIÓN B,enunciados_PNG/2011 - Funciones CCSS_png/2011_reserva_1_2_opcion_b.png,2011 - Funciones CCSS.pdf,
matesccss,Funciones CCSS,2011,Reserva 2,EJERCICIO 2. OPCIÓN A,"Tras un test realizado a un nuevo modelo de automóvil, se ha observado que el consumo de gasolina,c(x) , expresado en litros, viene dado por la función c(x)7.50.05x0.00025x2 siendo x la velocidad en Km/h y 25 x175 a) Determine el consumo de gasolina a las velocidades de 50 Km/h y 150 Km/h. b) Estudie el crecimiento y decrecimiento de la función c(x). c) ¿A qué velocidades de ese intervalo se obtiene el mínimo consumo y el máximo consumo y cuáles son éstos?. SOCIALES II. 2011. RESERVA 2. EJERCICIO 2. OPCIÓN A",enunciados_PNG/2011 - Funciones CCSS_png/2011_reserva_2_2_opcion_a.png,2011 - Funciones CCSS.pdf,
matesccss,Funciones CCSS,2011,Reserva 2,EJERCICIO 2. OPCIÓN B, 2  si x0   x2 Se considera la función dada por f(x)  2  si x0  x2 a) Estudie la continuidad y la derivabilidad de f. b) Halle las ecuaciones de las asíntotas de esta función. SOCIALES II. 2011. RESERVA 2. EJERCICIO 2. OPCIÓN B,enunciados_PNG/2011 - Funciones CCSS_png/2011_reserva_2_2_opcion_b.png,2011 - Funciones CCSS.pdf,
matesccss,Funciones CCSS,2011,Reserva 3,EJERCICIO 2. OPCIÓN A,"Un banco lanza al mercado un plan de inversión cuya rentabilidad R(x), en miles de euros, viene dada en función de la cantidad, x, que se invierte, también en miles de euros, por la siguiente expresión: R(x) 0.001x2 0.4x3.5 con x10 a) Calcula la rentabilidad para una inversión de 100000 euros. b) Deduzca y razone qué cantidad habría que invertir para obtener la máxima rentabilidad. c) ¿Qué rentabilidad máxima se obtendría?. SOCIALES II. 2011. RESERVA 3. EJERCICIO 2. OPCIÓN A",enunciados_PNG/2011 - Funciones CCSS_png/2011_reserva_3_2_opcion_a.png,2011 - Funciones CCSS.pdf,
matesccss,Funciones CCSS,2011,Reserva 3,EJERCICIO 2. OPCIÓN B, 12x2 si x1  Sea la función f(x)  x2 2ax3 si 1 x 3  x2 8x15 si x 3  a) Calcule el valor de a para que f sea continua enx1. b) Para a2 estudie la continuidad y la derivabilidad de f. SOCIALES II. 2011. RESERVA 3. EJERCICIO 2. OPCIÓN B,enunciados_PNG/2011 - Funciones CCSS_png/2011_reserva_3_2_opcion_b.png,2011 - Funciones CCSS.pdf,
matesccss,Funciones CCSS,2011,Reserva 4,EJERCICIO 2. OPCIÓN A,"El beneficio, en miles de euros, alcanzado en una tienda de ropa el pasado año, viene dado por la función B(t) expresada a continuación 1 t2 t5 si 0 t 6  8 B(t)  , t es el tiempo transcurrido en meses t1  si 6 t 12  2 a) Estudie la derivabilidad de la función al cabo de 6 meses. b) ¿Cuándo fue mínimo el beneficio?. ¿Cuál fue dicho beneficio?. c) Represente gráficamente la función B(t). ¿Cuándo fue máximo el beneficio?. ¿A cuánto ascendió?. SOCIALES II. 2011. RESERVA 4. EJERCICIO 2. OPCIÓN A",enunciados_PNG/2011 - Funciones CCSS_png/2011_reserva_4_2_opcion_a.png,2011 - Funciones CCSS.pdf,
matesccss,Funciones CCSS,2011,Reserva 4,EJERCICIO 2. OPCIÓN B,"a) La gráfica de la función derivada, f ’, de una función f es una parábola que corta al eje OX en los puntos (1,0) y (3,0), y tiene su vértice en (1,4). Estudie, a partir de ella, la monotonía de la función f e indique la abscisa de cada extremo relativo. b) Halle la ecuación de la recta tangente a la gráfica de la función g(x) 2e3x en el punto de abscisa x0 SOCIALES II. 2011. RESERVA 4. EJERCICIO 2. OPCIÓN B",enunciados_PNG/2011 - Funciones CCSS_png/2011_reserva_4_2_opcion_b.png,2011 - Funciones CCSS.pdf,
matesccss,Funciones CCSS,2011,Septiembre,EJERCICIO 2. OPCIÓN A,"4x a) Halle el dominio, los puntos de corte con los ejes, y las asíntotas de la función f(x) 2x1 b) Halle los intervalos de monotonía, los extremos relativos, los intervalos de curvatura y los puntos de inflexión de la función g(x) x3 3x2 3x. SOCIALES II. 2011. SEPTIEMBRE. EJERCICIO 2. OPCIÓN A",enunciados_PNG/2011 - Funciones CCSS_png/2011_septiembre_2_opcion_a.png,2011 - Funciones CCSS.pdf,
matesccss,Funciones CCSS,2011,Septiembre,EJERCICIO 2. OPCIÓN B,"x2 3x4 si x 2  Sea la función f(x)  a  4 si x 2  x a) Halle el valor de a para que dicha función sea continua y estudie la derivabilidad de f para ese valor de a. b) Para a1, ¿existe alguna asíntota vertical de esa función? ¿Y horizontal?. Razone las respuestas y calcule, en caso afirmativo, dichas asíntotas. SOCIALES II. 2011. SEPTIEMBRE. EJERCICIO 2. OPCIÓN B",enunciados_PNG/2011 - Funciones CCSS_png/2011_septiembre_2_opcion_b.png,2011 - Funciones CCSS.pdf,
matesccss,Funciones CCSS,2012,Junio,EJERCICIO 2. OPCIÓN A," ax2 3x si x 2 a) Sea la función f(x)  x2 bx4 si x 2 Determine los valores de a y b, para que la función f sea derivable en x2. x2 b) Calcule la ecuación de la recta tangente a la gráfica de la función g(x) en el punto x1 de abscisa x0. SOCIALES II. 2012. JUNIO. EJERCICIO 2. OPCIÓN A",enunciados_PNG/2012 - Funciones CCSS_png/2012_junio_2_opcion_a.png,2012 - Funciones CCSS.pdf,
matesccss,Funciones CCSS,2012,Junio,EJERCICIO 2. OPCIÓN B,"Se estima que el beneficio de una empresa, en millones de euros, para los próximos 10 años  att2 si 0 t 6 viene dado por la función B(t)  , siendo t el tiempo transcurrido en  2t si 6 t 10 años. a) Calcule el valor del parámetro a para que B sea una función continua. b) Para a8 represente su gráfica e indique en qué períodos de tiempo la función crecerá o decrecerá. c) Para a8 indique en qué momento se obtiene el máximo beneficio en los primeros 6 años y a cuánto asciende su valor. SOCIALES II. 2012. JUNIO. EJERCICIO 2. OPCIÓN B",enunciados_PNG/2012 - Funciones CCSS_png/2012_junio_2_opcion_b.png,2012 - Funciones CCSS.pdf,
matesccss,Funciones CCSS,2012,Reserva 1,EJERCICIO 2. OPCIÓN A,"De la función f se sabe que su función derivada es f '(x) 3x2 8x5 a) Estudie la monotonía y la curvatura de f. b) Sabiendo que la gráfica pasa por el punto (1,1), calcule la ecuación de la recta tangente en dicho punto. SOCIALES II. 2012. RESERVA 1. EJERCICIO 2. OPCIÓN A",enunciados_PNG/2012 - Funciones CCSS_png/2012_reserva_1_2_opcion_a.png,2012 - Funciones CCSS.pdf,
matesccss,Funciones CCSS,2012,Reserva 1,EJERCICIO 2. OPCIÓN B,"a) Dada la función f(x) 2x2 axb, determine los valores de a y b sabiendo que su gráfica pasa por el punto (1,3) y alcanza un extremo en x  2 b) Calcule la ecuación de la recta tangente a la función g(x)3x2 2x1, en el punto de abscisa x1. SOCIALES II. 2012. RESERVA 1. EJERCICIO 2. OPCIÓN B",enunciados_PNG/2012 - Funciones CCSS_png/2012_reserva_1_2_opcion_b.png,2012 - Funciones CCSS.pdf,
matesccss,Funciones CCSS,2012,Reserva 2,EJERCICIO 2. OPCIÓN A,"ax a) Para la función f definida de la forma f(x) , determine, razonadamente, los valores xb de a y b sabiendo que tiene como asíntota vertical la recta de ecuación x  2 y como asíntota horizontal la de ecuación y  3. b) Para la función g, definida de la forma g(x) x3 3x2 2, determine: su dominio, sus intervalos de crecimiento y de decrecimiento y sus extremos relativos. Con esos datos haga un esbozo de su gráfica. SOCIALES II. 2012. RESERVA 2. EJERCICIO 2. OPCIÓN A",enunciados_PNG/2012 - Funciones CCSS_png/2012_reserva_2_2_opcion_a.png,2012 - Funciones CCSS.pdf,
matesccss,Funciones CCSS,2012,Reserva 2,EJERCICIO 2. OPCIÓN B,ax2 2x si x 2  Sea la función f(x) x  b si x 2 2 a) Calcule a y b para que la función sea continua en todo su dominio y presente un mínimo en x1 b) Represente gráficamente la función para a1.5 y b0.5 SOCIALES II. 2012. RESERVA 2. EJERCICIO 2. OPCIÓN B,enunciados_PNG/2012 - Funciones CCSS_png/2012_reserva_2_2_opcion_b.png,2012 - Funciones CCSS.pdf,
matesccss,Funciones CCSS,2012,Reserva 3,EJERCICIO 2. OPCIÓN A,2 Se considera la función f(x)1 x2 a) Determine la monotonía y curvatura de la función b) Calcule sus asíntotas c) Represéntela gráficamente. SOCIALES II. 2012. RESERVA 3. EJERCICIO 2. OPCIÓN A,enunciados_PNG/2012 - Funciones CCSS_png/2012_reserva_3_2_opcion_a.png,2012 - Funciones CCSS.pdf,
matesccss,Funciones CCSS,2012,Reserva 3,EJERCICIO 2. OPCIÓN B,"Sea P(t)el porcentaje de células, de un determinado tejido, afectadas por un cierto tipo de  t2 si 0 t 5  enfermedad transcurrido un tiempo t, medido en meses: P(t) 100t250  si t 5  t5 a) Estudie la continuidad de la función P. b) Estudie la derivabilidad de P en t 5. c) Estudie la monotonía de dicha función e interprete la evolución del porcentaje de células afectadas. d) ¿En algún momento el porcentaje de células afectadas podría valer 50?. SOCIALES II. 2012. RESERVA 3. EJERCICIO 2. OPCIÓN B",enunciados_PNG/2012 - Funciones CCSS_png/2012_reserva_3_2_opcion_b.png,2012 - Funciones CCSS.pdf,
matesccss,Funciones CCSS,2012,Reserva 4,EJERCICIO 2. OPCIÓN A,"Sean dos funciones, f y g, tales que las expresiones de sus funciones derivadas son, respectivamente, f '(x) x2 y g'(x) 2 a) Estudie la monotonía de las funciones f y g. b) De lasa dos funciones f y g , indique, razonadamente, cuál de ellas tiene algún punto en el que su derivada es nula. c) ¿Cuál de las funciones f y g es una función polinómica de primer grado? ¿Por qué?. SOCIALES II. 2012. RESERVA 4. EJERCICIO 2. OPCIÓN A",enunciados_PNG/2012 - Funciones CCSS_png/2012_reserva_4_2_opcion_a.png,2012 - Funciones CCSS.pdf,
matesccss,Funciones CCSS,2012,Reserva 4,EJERCICIO 2. OPCIÓN B,Calcule las derivadas de las siguientes funciones: a) f(x)e3xln(2x5) 32x b) g(x) x2 1 c) h(x)(3x2 5x1)6  x2 lnx SOCIALES II. 2012. RESERVA 4. EJERCICIO 2. OPCIÓN B,enunciados_PNG/2012 - Funciones CCSS_png/2012_reserva_4_2_opcion_b.png,2012 - Funciones CCSS.pdf,
matesccss,Funciones CCSS,2012,Septiembre,EJERCICIO 2. OPCIÓN A,Determine los valores que han de tomar a y b para que la función x2 ax7 si x1 f(x)  sea derivable en .  4xb si x1 SOCIALES II. 2012. SEPTIEMBRE. EJERCICIO 2. OPCIÓN A,enunciados_PNG/2012 - Funciones CCSS_png/2012_septiembre_2_opcion_a.png,2012 - Funciones CCSS.pdf,
matesccss,Funciones CCSS,2012,Septiembre,EJERCIC IO 2. OPCIÓN B,"En el mar hay una mancha producida por una erupción submarina. La superficie afectada, en 11t20 Km2, viene dada por la función f(t) , siendo t el tiempo transcurrido desde que t2 empezamos a observarla. a) ¿Cuál es la superficie afectada inicialmente, cuando empezamos a medirla b) Estudie si la mancha crece o decrece con el tiempo c) ¿Tiene algún límite la extensión de la super ficie de la mancha? SOCIALES II. 2012. SEPTIEMBRE. EJERCIC IO 2. OPCIÓN B",enunciados_PNG/2012 - Funciones CCSS_png/2012_septiembre_ejercic_io_2_opcion_b.png,2012 - Funciones CCSS.pdf,
matesccss,Funciones CCSS,2013,Junio,EJERCICIO 2. OPCIÓN A,"Los beneficios de una empresa en sus primeros 8 años vienen dados, en millones de euros, por la función t3 B(t) 3t2 9t 0 t 8 4 donde la variable t indica el tiempo transcurrido, en años, desde su fundación. a) Estudie la monotonía y los extremos deB(t). b) Dibuje la gráfica de B(t) en el intervalo 0,8 y explique, a partir de ella, la evolución de los beneficios de esta empresa en sus 8 años de existencia. SOCIALES II. 2013. JUNIO. EJERCICIO 2. OPCIÓN A",enunciados_PNG/2013 - Funciones CCSS_png/2013_junio_2_opcion_a.png,2013 - Funciones CCSS.pdf,
matesccss,Funciones CCSS,2013,Junio,EJERCICIO 2. OPCIÓN B,"Sea f(x) una función cuya función derivada, f '(x), tiene por gráfica una parábola que corta al eje OX en los puntos (1,0) y (5,0) y con vértice (2,4). a) Estudie razonadamente la monotonía de f(x). b) Determine las abscisas de los extremos relativos de la función f(x). c) Halla la ecuación de la recta tangente a la grafica de f(x) en el punto de abscisa x2, sabiendo que f(2)5. SOCIALES II. 2013. JUNIO. EJERCICIO 2. OPCIÓN B",enunciados_PNG/2013 - Funciones CCSS_png/2013_junio_2_opcion_b.png,2013 - Funciones CCSS.pdf,
matesccss,Funciones CCSS,2013,Reserva 1,EJERCICIO 2. OPCIÓN A, e x si x 0  Estudie la derivabilidad de la función f(x)  1 si 0 x  3  x2 6x2 si x 3 SOCIALES II. 2013. RESERVA 1. EJERCICIO 2. OPCIÓN A,enunciados_PNG/2013 - Funciones CCSS_png/2013_reserva_1_2_opcion_a.png,2013 - Funciones CCSS.pdf,
matesccss,Funciones CCSS,2013,Reserva 1,EJERCICIO 2. OPCIÓN B, 1  si x1 Sea la función: f(x)  2 x  x2 6x6 si x1 a) Estudie la continuidad y la derivabilidad de la función. b) Calcule la ecuación de la recta tangente a la gráfica de f(x) en el punto de abscisa x0. SOCIALES II. 2013. RESERVA 1. EJERCICIO 2. OPCIÓN B,enunciados_PNG/2013 - Funciones CCSS_png/2013_reserva_1_2_opcion_b.png,2013 - Funciones CCSS.pdf,
matesccss,Funciones CCSS,2013,Reserva 2,EJERCICIO 2. OPCIÓN A,x2 6x5 si 2 x4 Consideremos la función f(x)   2x11 si 4 x5 a) Estudie la derivabilidad de la función f(x) en el punto de abscisa x4. b) Represente gráficamente la función f(x) e indique dónde alcanza su máximo y su mínimo absolutos. ¿Cuál es el valor del máximo? ¿Y del mínimo? SOCIALES II. 2013 RESERVA 2. EJERCICIO 2. OPCIÓN A,enunciados_PNG/2013 - Funciones CCSS_png/2013_reserva_2_2_opcion_a.png,2013 - Funciones CCSS.pdf,
matesccss,Funciones CCSS,2013,Reserva 2,EJERCICIO 2. OPCIÓN B,"1 1 Sea la función f(x) x3  x2 2x3 3 2 a) Determine sus máximos y mínimos relativos. b) Consideremos la funcióng(x) f '(x). Calcule la ecuación de la recta tangente a la gráfica de la función g(x), en el punto de abscisa x2. c) Dibuje la gráfica de g(x) y de la recta tangente calculada en b). SOCIALES II. 2013 RESERVA 2. EJERCICIO 2. OPCIÓN B",enunciados_PNG/2013 - Funciones CCSS_png/2013_reserva_2_2_opcion_b.png,2013 - Funciones CCSS.pdf,
matesccss,Funciones CCSS,2013,Reserva 3,EJERCICIO 2. OPCIÓN A,2x2 12 si x 3  Sea la función f(x) x3 si 3 x 2  x1 si x 2  a) Estudie la continuidad y derivabilidad de f(x) en su dominio. b) Determine los intervalos de crecimiento y decrecimiento. c) Calcule los extremos relativos. SOCIALES II. 2013 RESERVA 3. EJERCICIO 2. OPCIÓN A,enunciados_PNG/2013 - Funciones CCSS_png/2013_reserva_3_2_opcion_a.png,2013 - Funciones CCSS.pdf,
matesccss,Funciones CCSS,2013,Reserva 3,EJERCICIO 2. OPCIÓN B,"Sea la función f(x)x3 24x2 4x a) Halle los intervalos de concavidad y convexidad y los puntos de inflexión. b) Obtenga la ecuación de la recta tangente a la gráfica de en el punto de abscisa x  2 c) En el punto de abscisa x1, ¿la función es creciente o decreciente? SOCIALES II. 2013 RESERVA 3. EJERCICIO 2. OPCIÓN B",enunciados_PNG/2013 - Funciones CCSS_png/2013_reserva_3_2_opcion_b.png,2013 - Funciones CCSS.pdf,
matesccss,Funciones CCSS,2013,Reserva 4,EJERCICIO 2. OPCIÓN A,Calcule las derivadas de las siguientes funciones: (x2 5)3 a) f(x)  3 x2 b) g(x)e7x(x5x2)2 xln(1 x2) c) h(x) x3 SOCIALES II. 2013 RESERVA 4. EJERCICIO 2. OPCIÓN A,enunciados_PNG/2013 - Funciones CCSS_png/2013_reserva_4_2_opcion_a.png,2013 - Funciones CCSS.pdf,
matesccss,Funciones CCSS,2013,Reserva 4,EJERCICIO 2. OPCIÓN B, x3 1 si x1 Se considera la función f(x)  x2 4x3 si x1 a) Determine el dominio y estudie la continuidad de la función. b) Obtenga los extremos de la función. c) Estudie su curvatura. SOCIALES II. 2013 RESERVA 4. EJERCICIO 2. OPCIÓN B,enunciados_PNG/2013 - Funciones CCSS_png/2013_reserva_4_2_opcion_b.png,2013 - Funciones CCSS.pdf,
matesccss,Funciones CCSS,2013,Septiembre,EJERCIC IO 2. OPCIÓN A,"En una empresa el número de montajes diarios realizados por un trabajador depende de los 11t17 días trabajados según la funciónM(t) , t 1, donde t es el número de días 2t12 trabajados. a) ¿Cuántos montajes realiza el primer día? ¿Cuántos días necesitará para realizar cinco montajes diarios? b) ¿Qué ocurrirá con el número de montajes d iarios si trabajara indefinidamente? c) El dueño de la empresa cree que el númer o de montajes aumenta con los días de trabajo. Estudiando la función, justifique si es cierta d icha creencia. d) Dibuje la grafica de la función. SOCIALES II. 2013. SEPTIEMBRE. EJERCIC IO 2. OPCIÓN A",enunciados_PNG/2013 - Funciones CCSS_png/2013_septiembre_ejercic_io_2_opcion_a.png,2013 - Funciones CCSS.pdf,
matesccss,Funciones CCSS,2013,Septiembre,EJERCICIO 2. OPCIÓN B,"x2 bx1 si x 2 Sea la función f(x)   2xa si x 2 a) Determine los valores de a y b para que dicha función sea continua en x2 y, además, tenga un mínimo en x1. b) Para a2 y b6, determine la ecuación de la recta tangente a la grafica de la función en el punto de abscisa x  2. SOCIALES II. 2013. SEPTIEMBRE. EJERCICIO 2. OPCIÓN B",enunciados_PNG/2013 - Funciones CCSS_png/2013_septiembre_2_opcion_b.png,2013 - Funciones CCSS.pdf,
matesccss,Funciones CCSS,2014,Junio,EJERCICIO 2. OPCIÓN A,"La función de beneficios f, en miles de euros, de una empresa depende de la cantidad invertida x, en miles de euros, en un determinado proyecto de innovación y viene dada por f(x) 2x2 36x138 x0 a) Determine la inversión que maximiza el beneficio de la empresa y calcule dicho beneficio óptimo. b) Calcule f '(7) e interprete el signo del resultado. c) Dibuje la función de beneficios f(x). ¿Para qué valor o valores de la inversión, x, el beneficio es de 138 mil euros?. SOCIALES II. 2014. JUNIO. EJERCICIO 2. OPCIÓN A",enunciados_PNG/2014 - Funciones CCSS_png/2014_junio_2_opcion_a.png,2014 - Funciones CCSS.pdf,
matesccss,Funciones CCSS,2014,Junio,EJERCICIO 2. OPCIÓN B,"bx2 bxa si x 2  Sea la función f definida por f(x)  60  si x 2  x a) Obtenga los valores de a y b para que la función sea continua y derivable. b) Para a48 y b3, estudie la monotonía de f(x) y calcule sus extremos. SOCIALES II. 2014. JUNIO. EJERCICIO 2. OPCIÓN B",enunciados_PNG/2014 - Funciones CCSS_png/2014_junio_2_opcion_b.png,2014 - Funciones CCSS.pdf,
matesccss,Funciones CCSS,2014,Reserva 1,EJERCICIO 2. OPCIÓN A,Sea la función f(x) x3 3x2 3x. a) Estudie la monotonía de f y halle los extremos relativos que posea. b) Estudie su curvatura y calcule su punto de inflexión. c) Represente la gráfica de la función f. SOCIALES II. 2014. RESERVA 1. EJERCICIO 2. OPCIÓN A,enunciados_PNG/2014 - Funciones CCSS_png/2014_reserva_1_2_opcion_a.png,2014 - Funciones CCSS.pdf,
matesccss,Funciones CCSS,2014,Reserva 1,EJERCICIO 2. OPCIÓN B,"(x1)2 si x1  Sea la función f(x)  4  si x1  x a) Estudie la continuidad y derivabilidad de la función en su dominio b) Determine sus asíntotas, en caso de que existan. c) Calcule la ecuación de la recta tangente a la gráfica de f en el punto de abscisa x2. SOCIALES II. 2014. RESERVA 1. EJERCICIO 2. OPCIÓN B",enunciados_PNG/2014 - Funciones CCSS_png/2014_reserva_1_2_opcion_b.png,2014 - Funciones CCSS.pdf,
matesccss,Funciones CCSS,2014,Reserva 2,EJERCICIO 2. OPCIÓN A,"Sea la función f(x) 2x3 aex bx1 a) Halle los valores de a y b sabiendo que la función tiene un mínimo en x0 y que la gráfica de la función pasa por el punto (0, 0). b) Para a0 y b1, determine la ecuación de la recta tangente a la gráfica de la función en el punto de abscisa x  1. SOCIALES II. 2014. RESERVA 2. EJERCICIO 2. OPCIÓN A",enunciados_PNG/2014 - Funciones CCSS_png/2014_reserva_2_2_opcion_a.png,2014 - Funciones CCSS.pdf,
matesccss,Funciones CCSS,2014,Reserva 2,EJERCICIO 2. OPCIÓN B,"x2 ax5 si x0 Sea la función f , definida por f(x)  .  x2 b si x0 Determine los valores que han de tomar a y b para que la función f sea derivable en x0 SOCIALES II. 2014. RESERVA 2. EJERCICIO 2. OPCIÓN B",enunciados_PNG/2014 - Funciones CCSS_png/2014_reserva_2_2_opcion_b.png,2014 - Funciones CCSS.pdf,
matesccss,Funciones CCSS,2014,Reserva 3,EJERCICIO 2. OPCIÓN A,"x2 ax si x  2  Sea la función dada por f(x)  xb .  si x 2  x1 a) Determine los valores de a y b, sabiendo que dicha función es derivable. b) Para a2 y b3, determine la ecuación de la recta tangente a la gráfica de la función f en el punto de abscisa x1. SOCIALES II. 2014. RESERVA 3. EJERCICIO 2. OPCIÓN A",enunciados_PNG/2014 - Funciones CCSS_png/2014_reserva_3_2_opcion_a.png,2014 - Funciones CCSS.pdf,
matesccss,Funciones CCSS,2014,Reserva 3,EJERCICI O 2. OPCIÓN B,"El porcentaje de personas que sintonizan un programa de radio que se emite entre las 6 y las 12 horas viene dado, según la hora t, mediante la función S(t)660231t27t 2 t 3 6 t 12 a) ¿Qué porcentaje de personas sintonizan el programa al comenzar la emisión? ¿Y al cierre? b) ¿A qué hora tiene máxima y mínima audiencia? ¿Qué porcentaje de personas sintonizan el programa a dichas horas? SOCIALES II. 2014. RESERVA 3. EJERCICI O 2. OPCIÓN B",enunciados_PNG/2014 - Funciones CCSS_png/2014_reserva_3_ejercici_o_2_opcion_b.png,2014 - Funciones CCSS.pdf,
matesccss,Funciones CCSS,2014,Reserva 4,EJERCICIO 2. OPCIÓN A,e2xx2 Sean las funciones: f(x)(2x2 1)3ln(x4) y g(x) x2 1 Determine el valor de f '(1) y de g'(0) SOCIALES II. 2014 RESERVA 4. EJERCICIO 2. OPCIÓN A,enunciados_PNG/2014 - Funciones CCSS_png/2014_reserva_4_2_opcion_a.png,2014 - Funciones CCSS.pdf,
matesccss,Funciones CCSS,2014,Reserva 4,EJERCICIO 2. OPCIÓN B,"Represente gráficamente la función f(x) x3 6x2 12x , estudiando previamente su dominio, puntos de corte con los ejes, intervalos de monotonía, extremos, intervalos de concavidad y convexidad y puntos de inflexión. SOCIALES II. 2014. RESERVA 4. EJERCICIO 2. OPCIÓN B",enunciados_PNG/2014 - Funciones CCSS_png/2014_reserva_4_2_opcion_b.png,2014 - Funciones CCSS.pdf,
matesccss,Funciones CCSS,2014,Septiembre,EJERCICIO 2. OPCIÓN A,"Una empresa ha realizado un estudio sobre los beneficios, en miles de euros, que ha obtenido en los últimos 10 años. La función a la que se ajustan dichos beneficios viene dada por B(t)2t 3 36t 2 162t6, con 0t 10. a) ¿Qué beneficios obtuvo al inicio del periodo (t  0) y al final del décimo año (t 10). b) ¿En qué momentos se obtiene el máximo y el mínimo beneficio y cuáles fueron sus cuantías? SOCIALES II. 2014. SEPTIEMBRE. EJERCICIO 2. OPCIÓN A",enunciados_PNG/2014 - Funciones CCSS_png/2014_septiembre_2_opcion_a.png,2014 - Funciones CCSS.pdf,
matesccss,Funciones CCSS,2014,Septiembre,EJERCICIO 2. OPCIÓN B,"Sea la función f(x)x2  pxq a) Calcule los valores que deben tener p y q para que la gráfica de la función f pase por el punto (4,5) y presente un máximo en el punto de abscisa x  1. Determine el valor de f(x) en ese punto. b) Represente la gráfica de f para p 2 y q 1 y halle la ecuación de la recta tangente a esta gráfica en el punto de abscisa x  2. SOCIALES II. 2014. SEPTIEMBRE. EJERCICIO 2. OPCIÓN B",enunciados_PNG/2014 - Funciones CCSS_png/2014_septiembre_2_opcion_b.png,2014 - Funciones CCSS.pdf,
matesccss,Funciones CCSS,2015,Junio,EJERCICIO 2. OPCIÓN A,a) Calcule la derivada de cada una de las siguientes funciones: 3ln(x) 1 f(x) g(x)(1 x2)(x3 1)2 h(x)3x2 7x x3 e2x 7x b) Halle las asíntotas de la función p(x) 3x12 SOCIALES II. 2015 JUNIO. EJERCICIO 2. OPCIÓN A,enunciados_PNG/2015 - Funciones CCSS_png/2015_junio_2_opcion_a.png,2015 - Funciones CCSS.pdf,
matesccss,Funciones CCSS,2015,Junio,EJERCICIO 2. OPCIÓN B,"x2 2 si 0 x 2  Se considera la función f(x)  8xa .  si x 2  x1 a) Determine el valor de a, para que la función sea continua. b) ¿Para a  10, es creciente la función en x3?. c) Halle sus asíntotas para a  10 SOCIALES II. 2015. JUNIO. EJERCICIO 2. OPCIÓN B",enunciados_PNG/2015 - Funciones CCSS_png/2015_junio_2_opcion_b.png,2015 - Funciones CCSS.pdf,
matesccss,Funciones CCSS,2015,Reserva 1,EJERCICIO 2. OPCION A,"Una entidad financiera lanza al mercado un plan de inversión cuya rentabilidad, R(x), en miles de euros, viene dada por la función R(x) 0.001x2 0.5x2.5 1 x500 donde x es la cantidad de dinero invertida en miles de euros. a) Determine qué cantidad de dinero se debe invertir para obtener la máxima rentabilidad. b) ¿Qué rentabilidad se obtendría con dicha inversión? c) ¿Cuál es la cantidad de dinero para la que se obtiene menor rentabilidad? SOCIALES II. 2015 RESERVA 1 EJERCICIO 2. OPCION A",enunciados_PNG/2015 - Funciones CCSS_png/2015_reserva_1_2_opcion_a.png,2015 - Funciones CCSS.pdf,
matesccss,Funciones CCSS,2015,Reserva 1,EJERCICIO 2. OPCION B, 1  (ax12) si x 1 Sea la función f(x)  2  x2 b(x1) si x1 a) Halle los valores de a y b sabiendo que la función es derivable en x  1 b) Para a1 y b 1 y obtenga la ecuación de la recta tangente a la gráfica de la función f(x) en el punto de abscisa x  2 SOCIALES II. 2015 RESERVA 1 EJERCICIO 2. OPCION B,enunciados_PNG/2015 - Funciones CCSS_png/2015_reserva_1_2_opcion_b.png,2015 - Funciones CCSS.pdf,
matesccss,Funciones CCSS,2015,Reserva 2,EJERCICIO 2. OPCION A,"La mosca común solamente vive si la temperatura media de su entorno está comprendida entre 4ºC y 36ºC. La vida en días, en función de la temperatura media T, medida en grados centígrados, viene dada por la función: 1 V(T) (T 2 40T 16) T4,36 16 a) Determine la vida máxima que puede alcanzar la mosca común. b) Calcule la vida mínima e indique la temperatura media a la que se alcanza. c) Si sabemos que una mosca ha vivido 15 días, ¿a qué temperatura media ha estado el entorno donde ha habitado? SOCIALES II. 2015 RESERVA 2 EJERCICIO 2. OPCION A",enunciados_PNG/2015 - Funciones CCSS_png/2015_reserva_2_2_opcion_a.png,2015 - Funciones CCSS.pdf,
matesccss,Funciones CCSS,2015,Reserva 2,EJERCICIO 2. OPCION B,Calcule la derivada de cada una de las siguientes funciones: 2(13x)2 a) f(x) 13x b) g(x)(x2  x1)e5x c) h(x)log(x2  x1) SOCIALES II. 2015 RESERVA 2 EJERCICIO 2. OPCION B,enunciados_PNG/2015 - Funciones CCSS_png/2015_reserva_2_2_opcion_b.png,2015 - Funciones CCSS.pdf,
matesccss,Funciones CCSS,2015,Reserva 3,EJERCICIO 2. OPCION A, 1 si x0  Sea la función f(x)  x 2 1 si 0 x4  x 2 8x17 si x4  a) Represente gráficamente la función f. b) Estudie su continuidad y derivabilidad. c) Calcule f '(1) y f '(5) SOCIALES II. 2015 RESERVA 3 EJERCICIO 2. OPCION A,enunciados_PNG/2015 - Funciones CCSS_png/2015_reserva_3_2_opcion_a.png,2015 - Funciones CCSS.pdf,
matesccss,Funciones CCSS,2015,Reserva 3,EJERCICIO 2. OPCION B,"Se considera la función f(x) x 3 2x 2  x a) Halle el máximo, el mínimo y el punto de inflexión de la función. b) Calcule los puntos de corte con los ejes. c) Obtenga las ecuaciones de las rectas tangentes a la gráfica de f en los puntos de abscisas x0 y x1 SOCIALES II. 2015 RESERVA 3 EJERCICIO 2. OPCION B",enunciados_PNG/2015 - Funciones CCSS_png/2015_reserva_3_2_opcion_b.png,2015 - Funciones CCSS.pdf,
matesccss,Funciones CCSS,2015,Reserva 4,EJERCICIO 2. OPCION A, 2x5  si x 2 Sea la función f(x)  x4  x 3 3x 2 si x 2 a) Determine y represente gráficamente sus asíntotas. Calcule el punto donde la gráfica de la función f corta al eje de ordenadas. b) Halle la ecuación de la recta tangente a la gráfica de f en x  3 SOCIALES II. 2015 RESERVA 4 EJERCICIO 2. OPCION A,enunciados_PNG/2015 - Funciones CCSS_png/2015_reserva_4_2_opcion_a.png,2015 - Funciones CCSS.pdf,
matesccss,Funciones CCSS,2015,Reserva 4,EJERCICIO 2. OPCION B,"Se considera la función f , definida a trozos por la expresión x 2  x6 si x 2 f(x)   x2 si x 2 a) Estudie la continuidad de la función. b) Analice la derivabilidad de la función. c) Represéntela gráficamente, determinando los extremos, los intervalos de crecimiento y decrecimiento y los puntos de corte con los ejes. SOCIALES II. 2015 RESERVA 4 EJERCICIO 2. OPCION B",enunciados_PNG/2015 - Funciones CCSS_png/2015_reserva_4_2_opcion_b.png,2015 - Funciones CCSS.pdf,
matesccss,Funciones CCSS,2015,Septiembre,EJERCIC IO 2. OPCIÓN A,"a) Determine el valor de a para que sea continua en x  1 la función:  ax  si x  1 f(x)  x1  x3 3x2 6x2 si x  1 b) Calcule los coeficientes b y c de la función g(x) x3 bx2 cx2 para que (1,2) sea un punto de inflexión de g SOCIALES II. 2015. SEPTIEMBRE. EJERCIC IO 2. OPCIÓN A",enunciados_PNG/2015 - Funciones CCSS_png/2015_septiembre_ejercic_io_2_opcion_a.png,2015 - Funciones CCSS.pdf,
matesccss,Funciones CCSS,2015,Septiembre,EJERCICIO 2. OPCIÓN B,"Sea la función f(x)x 3 9x2 8 a) Halle las coordenadas de sus extremos relativos y de su punto de inflexión, si existen. b) Determine la ecuación de la recta tangente a la gráfica de f en el punto de abscisa x1. SOCIALES II. 2015. SEPTIEMBRE. EJERCICIO 2. OPCIÓN B",enunciados_PNG/2015 - Funciones CCSS_png/2015_septiembre_2_opcion_b.png,2015 - Funciones CCSS.pdf,
matesccss,Funciones CCSS,2016,Junio,EJERCICIO 2. OPCIÓN A," b  si x1 a) Calcule los valores de a y b para que la función f(x)  2 x , sea  ax 2 3x1 si x1 derivable en el punto de abscisa x1 b) Para a1 y b2, estudie su monotonía y determine las ecuaciones de sus asíntotas, si existen. SOCIALES II. 2016. JUNIO. EJERCICIO 2. OPCIÓN A R E S O L U C I Ó N",enunciados_PNG/2016 - Funciones CCSS_png/2016_junio_2_opcion_a.png,2016 - Funciones CCSS.pdf,
matesccss,Funciones CCSS,2016,Junio,EJERCICIO 2. OPCIÓN B,"La cantidad, C, que una entidad bancaria dedica a créditos depende de su liquidez, x, según la función:  1505x si 10 x 50   100 C(x)  . 20010x  si x 50  253x Donde C y x están expresadas en miles de euros. a) Justifique que C es una función continua. b) ¿A partir de qué liquidez decrece la cantidad dedicada a créditos? ¿Cuál es el valor máximo de C?. c) Calcule la asíntota horizontal e interprétela en el contexto del problema. SOCIALES II. 2016 JUNIO. EJERCICIO 2. OPCIÓN B",enunciados_PNG/2016 - Funciones CCSS_png/2016_junio_2_opcion_b.png,2016 - Funciones CCSS.pdf,
matesccss,Funciones CCSS,2016,Reserva 1,EJERCICIO 2. OPCIÓN A,"En un ensayo clínico de 10 meses de duración, el porcentaje de células de un determinado tejido afectadas por un tipo de enfermedad en el paciente de estudio, viene dado por la función: 8tt2 si 0 t 6 P(t)   2t si 6 t 10 donde t es el tiempo en meses. a) Represente gráficamente la función P(t). b) ¿En qué mes empieza a decrecer el porcentaje de células afectadas de dicho tejido? ¿Qué porcentaje hay justo en ese momento? ¿En algún otro mes del ensayo se alcanza ese mismo porcentaje?. c) ¿En qué mes el porcentaje de células afectadas es máximo?. ¿Cuál es el porcentaje en ese momento? SOCIALES II. 2016. RESERVA 1. EJERCICIO 2. OPCIÓN A",enunciados_PNG/2016 - Funciones CCSS_png/2016_reserva_1_2_opcion_a.png,2016 - Funciones CCSS.pdf,
matesccss,Funciones CCSS,2016,Reserva 1,EJERCICIO 2. OPCIÓN B,"3x1 Sea la función f(x) x1 a) Estudie su continuidad y derivabilidad. Calcule la función derivada. b) Calcule las ecuaciones de sus asíntotas, en caso de que existan. c) Halle los puntos de la gráfica de f donde la recta tangente sea tal que su pendiente valga 1. SOCIALES II. 2016. RESERVA 1. EJERCICIO 2. OPCIÓN B",enunciados_PNG/2016 - Funciones CCSS_png/2016_reserva_1_2_opcion_b.png,2016 - Funciones CCSS.pdf,
matesccss,Funciones CCSS,2016,Reserva 2,EJERCICIO 2. OPCION A,"Una fábrica produce entre 1000 y 6000 bombillas al día. El coste diario de producción, en euros, de x bombillas viene dado por la función 2000000 C(x)90000.08x con1000 x6000 x ¿Cuántas bombillas deberían producirse diariamente para minimizar costes? ¿Cuál sería dicho coste? SOCIALES II. 2016. RESERVA 2. EJERCICIO 2. OPCION A",enunciados_PNG/2016 - Funciones CCSS_png/2016_reserva_2_2_opcion_a.png,2016 - Funciones CCSS.pdf,
matesccss,Funciones CCSS,2016,Reserva 2,EJERCICIO 2. OPCION B,"Los beneficios de una empresa, en miles de euros, han evolucionado en los 25 años de su existencia según una función del tiempo, en años, dada por la siguiente expresión:  4t si 0 t 10  B(t)  1   t2 8t20 si 10 t  25  5 a) Estudie la continuidad y derivabilidad de B en el intervalo 0,25. b) Estudie la monotonía de esta función y determine en qué año fueron mayores los beneficios de esta empresa y cuál fue su beneficio máximo. c) Represente gráficamente esta función. SOCIALES II. 2016. RESERVA 2. EJERCICIO 2. OPCION B",enunciados_PNG/2016 - Funciones CCSS_png/2016_reserva_2_2_opcion_b.png,2016 - Funciones CCSS.pdf,
matesccss,Funciones CCSS,2016,Reserva 3,EJERCICIO 2. OPCION A,"a) Calcule las derivadas de las siguientes funciones: ln3x f(x)(x2 1)(3x3 5x)3 g(x) e2x 3x6 b) Calcule la ecuación de la recta tangente a la gráfica de la función h(x) en el punto 2x1 de abscisa x1. c) Determine, si existen, las ecuaciones de las asíntotas de la función h(x). SOCIALES II. 2016. RESERVA 3. EJERCICIO 2. OPCION A",enunciados_PNG/2016 - Funciones CCSS_png/2016_reserva_3_2_opcion_a.png,2016 - Funciones CCSS.pdf,
matesccss,Funciones CCSS,2016,Reserva 3,EJERCICIO 2. OPCION B,"La función de costes de una fábrica, f(x), en miles de euros, viene dada por la expresión: f(x)2x 2 36x200 donde x es la cantidad fabricada del producto, en miles de kilogramos. a) Determine la cantidad a fabricar para minimizar el coste y calcule este coste mínimo. b) A partir del signo de f '(7) , ¿qué se puede decir del coste para una producción de siete mil kilogramos? c) Dibuje la gráfica de la función de costes. ¿Para qué cantidad o cantidades fabricadas el coste es de 200000 €? SOCIALES II. 2016. RESERVA 3. EJERCICIO 2. OPCION B",enunciados_PNG/2016 - Funciones CCSS_png/2016_reserva_3_2_opcion_b.png,2016 - Funciones CCSS.pdf,
matesccss,Funciones CCSS,2016,Reserva 4,EJERCICIO 2. OPCION A,"1  x 2 1 si x  2 Sea la función f(x) a , con a0.  xa si x  2 a) Calcule el valor del parámetro a para que la función sea continua en su dominio. En este caso, ¿sería derivable en su dominio? b) Para el valor a4, represente gráficamente la función y halle la ecuación de la recta tangente a la gráfica de la función en el punto de abscisa x  1. SOCIALES II. 2016. RESERVA 4. EJERCICIO 2. OPCION A",enunciados_PNG/2016 - Funciones CCSS_png/2016_reserva_4_2_opcion_a.png,2016 - Funciones CCSS.pdf,
matesccss,Funciones CCSS,2016,Reserva 4,EJERCICIO 2. OPCION B, 4  si x 2 Se considera la función f(x)  x  x 2 2x2 si x 2 a) Estudie la continuidad y la derivabilidad de esta función. b) Estudie su monotonía y su curvatura para x0. SOCIALES II. 2016. RESERVA 4. EJERCICIO 2. OPCION B,enunciados_PNG/2016 - Funciones CCSS_png/2016_reserva_4_2_opcion_b.png,2016 - Funciones CCSS.pdf,
matesccss,Funciones CCSS,2016,Septiembre,EJERCICIO 2. OPCIÓN A,"De una función continua y derivable, f, se sabe que la gráfica de la función derivada, f ’, es una parábola que pasa por los puntos (1,0) y (3,0), y que tiene su vértice en el punto (1,2). a) Determine los intervalos de crecimiento y decrecimiento de la función f, así como la existencia de extremos. b) Si f(1) 2, encuentre la ecuación de la recta tangente a la gráfica de la función f en el punto de abscisa x1 SOCIALES II. 2016. SEPTIEMBRE. EJERCICIO 2. OPCIÓN A",enunciados_PNG/2016 - Funciones CCSS_png/2016_septiembre_2_opcion_a.png,2016 - Funciones CCSS.pdf,
matesccss,Funciones CCSS,2016,Septiembre,EJERCICIO 2. OPCIÓN B,"x 2 4xa si x 2  Sea la función f(x)  1  si x 2  x1 a) Calcule el valor de a para que la función sea continua en x2. Para ese valor de a obtenido, ¿es derivable la función en x2? b) Para a4, estudie la monotonía y calcule las ecuaciones de las asíntotas, si existen. SOCIALES II. 2016. SEPTIEMBRE. EJERCICIO 2. OPCIÓN B",enunciados_PNG/2016 - Funciones CCSS_png/2016_septiembre_2_opcion_b.png,2016 - Funciones CCSS.pdf,
matesccss,Funciones CCSS,2017,Junio,EJERCICIO 2. OPCIÓN A,"Sea f(t) el porcentaje de ocupación de un determinado complejo hotelero en función del tiempo t, medido en meses, transcurridos desde su inauguración:  5  t 2 20t si 0 t 6   2 f(t)  . 90t240  si t 6  t4 a) ¿Evoluciona la función f de forma continua?. b) ¿Cuál sería el porcentaje de ocupación al finalizar el segundo año?. c) ¿En qué momentos el porcentaje de ocupación sería del 40 %?. d) ¿Llegaría en algún momento a estar completo en caso de que estuviese abierto indefinidamente? SOCIALES II. 2017 JUNIO. EJERCICIO 2. OPCIÓN A",enunciados_PNG/2017 - Funciones CCSS_png/2017_junio_2_opcion_a.png,2017 - Funciones CCSS.pdf,
matesccss,Funciones CCSS,2017,Junio,EJERCICIO 2. OPCION B,a) Calcule las derivadas de las siguientes funciones: e5x  x f(x) g(x)(2x 2  x)3ln(x 3 2) x 2  x 1 b) Determine la ecuación de la recta tangente a la gráfica de la función h(x) en el punto de x abscisa x1. SOCIALES II. 2017. JUNIO. EJERCICIO 2. OPCION B,enunciados_PNG/2017 - Funciones CCSS_png/2017_junio_2_opcion_b.png,2017 - Funciones CCSS.pdf,
matesccss,Funciones CCSS,2017,Reserva 1,EJERCICIO 2. OPCIÓN A,"En una especie animal la contracción del iris, en décimas de milímetro, después de exponer el ojo a una luz brillante durante un determinado tiempo, viene dada por  t 2 si 0 t  2  f(t)  4  si t  2 t1 donde t es el tiempo, en segundos, que transcurre desde que se concentra la luz en el ojo. a) Estudie la continuidad y la derivabilidad de la función f. b) Represente gráficamente la función f, determinando los intervalos de crecimiento y decrecimiento y sus asíntotas, en caso de que existan. c) Determine en qué instante se obtiene la máxima contracción y su valor. SOCIALES II. 2017 RESERVA 1. EJERCICIO 2. OPCIÓN A",enunciados_PNG/2017 - Funciones CCSS_png/2017_reserva_1_2_opcion_a.png,2017 - Funciones CCSS.pdf,
matesccss,Funciones CCSS,2017,Reserva 1,EJERCICIO 2. OPCIÓN B," 1 si x 0  x4  Sea la función f(x) x3 si 0 x  2  x 2 1 si x  2   a) Estudie la continuidad de la función en su dominio y clasifique sus discontinuidades, en caso de que exista alguna. b) Estudie la derivabilidad de la función en su dominio. SOCIALES II. 2017 RESERVA 1. EJERCICIO 2. OPCIÓN B",enunciados_PNG/2017 - Funciones CCSS_png/2017_reserva_1_2_opcion_b.png,2017 - Funciones CCSS.pdf,
matesccss,Funciones CCSS,2017,Reserva 2,EJERCICIO 2. OPCIÓN A,Sea la función f(x) x 3 12x1. a) Estudie su monotonía y determine sus extremos relativos. b) Obtenga la ecuación de la recta tangente a la gráfica de la función en el punto de abscisa x1. SOCIALES II. 2017 RESERVA 2. EJERCICIO 2. OPCIÓN A,enunciados_PNG/2017 - Funciones CCSS_png/2017_reserva_2_2_opcion_a.png,2017 - Funciones CCSS.pdf,
matesccss,Funciones CCSS,2017,Reserva 2,EJERCICIO 2. OPCIÓN B,"a) Calcule los valores de los parámetros a y b para que la gráfica de la función f(x) x 3 ax 2 b presente un extremo relativo en el punto (2,6). b) Para a1 y b1, halle la ecuación de la recta tangente a la gráfica de esa función en el punto de abscisa x1. SOCIALES II. 2017 RESERVA 2. EJERCICIO 2. OPCIÓN B",enunciados_PNG/2017 - Funciones CCSS_png/2017_reserva_2_2_opcion_b.png,2017 - Funciones CCSS.pdf,
matesccss,Funciones CCSS,2017,Reserva 3,EJERCICIO 2. OPCIÓN A,El beneficio en euros que obtiene una empresa al vender x unidades de un artículo viene dado por la función B(x)x2 360x18000 50 x 350. a) ¿Cuál es el beneficio obtenido si vende 100 unidades? ¿Cuántas unidades debe vender para obtener un beneficio de 13500 €? b) ¿Cuál es el número de unidades que debe vender para que el beneficio sea máximo? ¿A cuánto asciende ese beneficio? c) Represente gráficamente la función y determine cuántas unidades hay que vender para no obtener pérdidas. SOCIALES II. 2017 RESERVA 3. EJERCICIO 2. OPCIÓN A,enunciados_PNG/2017 - Funciones CCSS_png/2017_reserva_3_2_opcion_a.png,2017 - Funciones CCSS.pdf,
matesccss,Funciones CCSS,2017,Reserva 3,EJERCICIO 2. OPCIÓN B," a  si x0 Se considera la función f(x)  x1  x 2 bx1 si x0 a) Calcule el valor de a y b, para que la función sea derivable en x0. b) Para a1 y b2, halle la ecuación de la recta tangente a la gráfica de la función en el punto de abscisa x2. SOCIALES II. 2017 RESERVA 3. EJERCICIO 2. OPCIÓN B",enunciados_PNG/2017 - Funciones CCSS_png/2017_reserva_3_2_opcion_b.png,2017 - Funciones CCSS.pdf,
matesccss,Funciones CCSS,2017,Reserva 4,EJERCICIO 2. OPCIÓN A,"Una empresa quiere invertir en productos financieros un mínimo de un millón de euros y un máximo de seis millones de euros. La rentabilidad que obtiene viene dada en función de la cantidad invertida, x, por la siguiente expresión:  x2 si 1 x 2 R(x)  x 2 10x16 si 2 x6 donde tanto x, como R(x), están expresadas en millones de euros. a) Estudie la continuidad de la función R(x). b) Esboce la gráfica de la función. c) ¿Qué cantidad debe invertir para obtener la máxima rentabilidad y a cuánto asciende ésta? ¿Para qué valores de x la rentabilidad es positiva? SOCIALES II. 2017 RESERVA 4. EJERCICIO 2. OPCIÓN A",enunciados_PNG/2017 - Funciones CCSS_png/2017_reserva_4_2_opcion_a.png,2017 - Funciones CCSS.pdf,
matesccss,Funciones CCSS,2017,Reserva 4,EJERCICIO 2. OPCIÓN B,"ax3x2 si x1 Se considera la función f(x)  2x2 b si x1 a) Calcule los valores de a y b para que la función f sea derivable en x1. b) Para a3 y b 2 , estudie la monotonía y curvatura de la función f. SOCIALES II. 2017 RESERVA 4. EJERCICIO 2. OPCIÓN B",enunciados_PNG/2017 - Funciones CCSS_png/2017_reserva_4_2_opcion_b.png,2017 - Funciones CCSS.pdf,
matesccss,Funciones CCSS,2017,Septiembre,EJERCICIO 2. OPCIÓN A,"Sea la función f(x) x3 ax2 bx a) Halle a y b sabiendo que la función tiene un mínimo en el punto de abscisa x  1 y un punto de inflexión en el punto de abscisa x  2. b) Para a6 y b9, halle los puntos de corte con los ejes, estudie la monotonía y extremos y esboce la gráfica de la función. SOCIALES II. 2017. SEPTIEMBRE. EJERCICIO 2. OPCIÓN A",enunciados_PNG/2017 - Funciones CCSS_png/2017_septiembre_2_opcion_a.png,2017 - Funciones CCSS.pdf,
matesccss,Funciones CCSS,2017,Septiembre,EJERCICIO 2. OPCIÓN B,"5x16 Se consideran las siguientes funciones: f(x) y g(x) x2 x a) Determine la abscisa del punto donde se verifique f '(x) g'(x). b) Calcule la ecuación de la recta tangente a la gráfica de cada función en el punto de abscisa x2 y determine el punto de corte de ambas rectas tangentes, si existe. SOCIALES II. 2017. SEPTIEMBRE. EJERCICIO 2. OPCIÓN B",enunciados_PNG/2017 - Funciones CCSS_png/2017_septiembre_2_opcion_b.png,2017 - Funciones CCSS.pdf,
matesccss,Funciones CCSS,2018,Junio,EJERCICIO 2 OPCIÓN A,"La función de costes de una empresa se puede determinar mediante la expresión f(x)406x x 2, para x0 donde “x” representa la cantidad producida de un determinado artículo. a) ¿Disminuye el coste alguna vez? Determine la cantidad producida de dicho artículo cuando el coste es mínimo y cuál es dicho coste. b) ¿Cuál sería el coste si no se produjese nada de ese artículo? Si el coste fuese 80, ¿Cuántas serían las unidades producidas? c) Represente gráficamente la función. SOCIALES II. 2018 JUNIO. EJERCICIO 2 OPCIÓN A",enunciados_PNG/2018 - Funciones CCSS_png/2018_junio_2_opcion_a.png,2018 - Funciones CCSS.pdf,
matesccss,Funciones CCSS,2018,Junio,EJERCICIO 2 OPCIÓN B,"x 3 ax 2 si x1  Sea la función f(x)  2 bx si x1  x a) Calcule los valores de “a” y “b” para que la función sea continua y derivable en x1. b) Para b3, determine la ecuación de la recta tangente a la gráfica de esa función en el punto de abscisa x2. SOCIALES II. 2018 JUNIO. EJERCICIO 2 OPCIÓN B",enunciados_PNG/2018 - Funciones CCSS_png/2018_junio_2_opcion_b.png,2018 - Funciones CCSS.pdf,
matesccss,Funciones CCSS,2018,Reserva 1,EJERCICIO 2. OPCIÓN A,"La velocidad que lleva un móvil, en función del tiempo t, viene dado por la siguiente función:  7t 2 si 0 t 1  v(t)  2ta si 1 t 5  t 2 12tb si 5 t 10 a) Determine a y b para que la función sea continua en los instantes t 1 y t 5. b) Para a5 y b 20, estudie la derivabilidad en los instantes t 1 y t 5. ¿En qué momento el móvil alcanza la velocidad máxima?. SOCIALES II. 2018 RESERVA 1. EJERCICIO 2. OPCIÓN A",enunciados_PNG/2018 - Funciones CCSS_png/2018_reserva_1_2_opcion_a.png,2018 - Funciones CCSS.pdf,
matesccss,Funciones CCSS,2018,Reserva 1,EJERCICIO 2. OPCIÓN B," 2x1  si x0 Dada la función f(x)  12x  x 2  xa si x 0 a) Obtenga el valor de a para que la función sea continua en x 0. Para ese valor de a, ¿sería derivable en x 0?. b) Para a2, estudie su monotonía y extremos relativos. SOCIALES II. 2018 RESERVA 1. EJERCICIO 2. OPCIÓN B",enunciados_PNG/2018 - Funciones CCSS_png/2018_reserva_1_2_opcion_b.png,2018 - Funciones CCSS.pdf,
matesccss,Funciones CCSS,2018,Reserva 2,EJERCICIO 2. OPCION A,a) Calcule la derivada de las funciones e3x f(x) xln(x) g(x) x4 1 b) Obtenga la ecuación de la recta tangente a la gráfica de la función h(x) x 2 6x5 en el punto de abscisa x  2. Represente gráficamente la función h y la recta tangente hallada. SOCIALES II. 2018. RESERVA 2. EJERCICIO 2. OPCION A,enunciados_PNG/2018 - Funciones CCSS_png/2018_reserva_2_2_opcion_a.png,2018 - Funciones CCSS.pdf,
matesccss,Funciones CCSS,2018,Reserva 2,EJERCICIO 2. OPCIÓN B,"ax Se considera la función f(x) con a y b números reales. bx1 a) Calcule los valores de a y b , sabiendo que f(1)1 y que en el punto de abscisa x0 la recta tangente a la gráfica de f es paralela a la recta y  2x1. b) Para ab1, halle la ecuación de sus asíntotas. SOCIALES II. 2018 RESERVA 2. EJERCICIO 2. OPCIÓN B",enunciados_PNG/2018 - Funciones CCSS_png/2018_reserva_2_2_opcion_b.png,2018 - Funciones CCSS.pdf,
matesccss,Funciones CCSS,2018,Reserva 3,EJERCICIO 2 OPCIÓN A,"Los costes de producción de una empresa, en miles de euros, dependen de la cantidad de producto fabricada x, medida en toneladas, según la función f(x) 309x6x 2  x 3. La capacidad máxima de producción es de 2 toneladas. a) Obtenga los intervalos de crecimiento y decrecimiento de la función de costes de la empresa. b) Determine la cantidad que la empresa debe producir para minimizar los costes. ¿Cuál sería dicho coste mínimo? c) ¿Con qué producción la empresa tiene unos costes de producción máximos? SOCIALES II. 2018 RESERVA 3. EJERCICIO 2 OPCIÓN A",enunciados_PNG/2018 - Funciones CCSS_png/2018_reserva_3_2_opcion_a.png,2018 - Funciones CCSS.pdf,
matesccss,Funciones CCSS,2018,Reserva 3,EJERCICIO 2. OPCIÓN B, ax1 si x  1   x Se considera la función f(x)  si 1 x 0  x2  x2 bx si x 0 a) Calcule a y b para que la función sea continua y derivable en x   1 y x0 1 b) Para a2 y b estudie su monotonía. 2 SOCIALES II. 2018. RESERVA 3. EJERCICIO 2. OPCIÓN B,enunciados_PNG/2018 - Funciones CCSS_png/2018_reserva_3_2_opcion_b.png,2018 - Funciones CCSS.pdf,
matesccss,Funciones CCSS,2018,Reserva 4,EJERCICIO 2. OPCIÓN A," x5  si x 3 Se considera la función f(x)  x4  x 2 7x10 si x 3 a) Estudie la continuidad y la derivabilidad de la función f b) Calcule los puntos de corte de la gráfica de f con los ejes de coordenadas. c) Calcule las asíntotas de f, en caso de que existan. SOCIALES II. 2018 RESERVA 4. EJERCICIO 2. OPCIÓN A",enunciados_PNG/2018 - Funciones CCSS_png/2018_reserva_4_2_opcion_a.png,2018 - Funciones CCSS.pdf,
matesccss,Funciones CCSS,2018,Reserva 4,EJERCICIO 2. OPCION B,a) Calcule la derivada de las funciones (x3 1)2 f(x)e5x(x2 5)3 g(x) ln(x2 2) x10 b) Obtenga la ecuación de la recta tangente a la gráfica de la función h(x) en el punto x5 de abscisa x0 SOCIALES II. 2018. RESERVA 4. EJERCICIO 2. OPCION B,enunciados_PNG/2018 - Funciones CCSS_png/2018_reserva_4_2_opcion_b.png,2018 - Funciones CCSS.pdf,
matesccss,Funciones CCSS,2018,Septiembre,EJERCIC IO 2. OPCIÓN A,"El consumo de cereales en una ciudad, en miles de toneladas, viene dado por la función c(t)t 3 15t 2 63t10, para 0t 12, donde t representa el tiempo. a) ¿En qué instante se alcanza el máximo consumo de cereales y cuántas toneladas se consumen en ese momento?. b) ¿En qué intervalo de tiempo decrece el consumo de cereales?. c) Represente gráficamente la función. SOCIALES II. 2018. SEPTIEMBRE. EJERCIC IO 2. OPCIÓN A",enunciados_PNG/2018 - Funciones CCSS_png/2018_septiembre_ejercic_io_2_opcion_a.png,2018 - Funciones CCSS.pdf,
matesccss,Funciones CCSS,2018,Septiembre,EJERCICIO 2. OPCION B,"El beneficio, en miles de euros, que ha obtenido una almazara a lo largo de 50 años viene dado  0.04t 2 2.4t si 0 t 40  por la expresión: B(t)  40t320  si 40 t 50  t Donde t es el tiempo transcurrido. a) Estudie la continuidad y derivabilidad de la función B(t) en el intervalo 0,50. b) Estudie la monotonía de la función B(t) y determine en qué momento fueron mayores los beneficios de la almazara, así como el beneficio máximo. c) Represente la gráfica de la función y explique la evolución del beneficio. SOCIALES II. 2018. SEPTIEMBRE. EJERCICIO 2. OPCION B",enunciados_PNG/2018 - Funciones CCSS_png/2018_septiembre_2_opcion_b.png,2018 - Funciones CCSS.pdf,
matesccss,Funciones CCSS,2019,Junio,EJERCICIO 2. OPCIÓN A,Se considera la función f(x) x3 9x2 a) Obtenga las ecuaciones de las rectas tangentes a la gráfica de la función que sean paralelas a la recta y  3x3 b) Estudie la monotonía y la curvatura de la función f c) Calcule  f(x) dx SOCIALES II. 2019 JUNIO EJERCICIO 2. OPCIÓN A,enunciados_PNG/2019 - Funciones CCSS_png/2019_junio_2_opcion_a.png,2019 - Funciones CCSS.pdf,
matesccss,Funciones CCSS,2019,Junio,EJERCICIO 2. OPCIÓN B," 1  si x0 Sea la función f(x)  x1  x2 a si x0 a) Determine el valor del parámetro a para que f sea continua en todo su dominio. Para ese valor de a, estudie la derivabilidad de f. b) Para a  2, estudie la monotonía y curvatura de la función f. ¿Tiene algún punto de inflexión?. SOCIALES II. 2019. JUNIO. EJERCICIO 2. OPCIÓN B",enunciados_PNG/2019 - Funciones CCSS_png/2019_junio_2_opcion_b.png,2019 - Funciones CCSS.pdf,
matesccss,Funciones CCSS,2019,Reserva 1,EJERCICIO 2. OPCION A,a) Calcule la derivada de las siguientes funciones: 1 1 x f(x) ln g(x)(x2 1)2e2x1   2 1 x b) Obtenga la ecuación de la recta tangente a la gráfica de la función h(x) x 2 6x8 en el punto de abscisa x4. Represente gráficamente la función h y la recta tangente hallada. SOCIALES II. 2019 RESERVA 1. EJERCICIO 2. OPCION A,enunciados_PNG/2019 - Funciones CCSS_png/2019_reserva_1_2_opcion_a.png,2019 - Funciones CCSS.pdf,
matesccss,Funciones CCSS,2019,Reserva 1,EJERCICIO 2. OPCION B,"b Se considera la función f(x)ax2  , con x0, siendo a y b dos parámetros reales. x a) Determine el valor de los parámetros a y b para que f(x) tenga un extremo relativo en el punto (1,3). b) Para a 1 y b2, razone si en el punto (1,3) la función presenta un máximo o un mínimo.  2 c) Calcule  x 2  dx.    x SOCIALES II. 2019 RESERVA 1. EJERCICIO 2. OPCION B",enunciados_PNG/2019 - Funciones CCSS_png/2019_reserva_1_2_opcion_b.png,2019 - Funciones CCSS.pdf,
matesccss,Funciones CCSS,2019,Reserva 2,EJERCICIO 2. OPCION A,"x 2 2x si 2 x1 Se considera la función f(x)  ax2 4x si 1 x4 a) Calcule el valor de a para que la función sea continua en todo su dominio. b) Para a  1, compruebe si es derivable en x1. c) Para a  1, determine los extremos relativos de la función y el valor de la función en dichos extremos. d) Para a  1, represente gráficamente la función en su dominio. SOCIALES II. 2019 RESERVA 2. EJERCICIO 2. OPCION A",enunciados_PNG/2019 - Funciones CCSS_png/2019_reserva_2_2_opcion_a.png,2019 - Funciones CCSS.pdf,
matesccss,Funciones CCSS,2019,Reserva 2,EJERCICIO 2. OPCION B,"x 2 4x1 si x0 a) Estudie la continuidad y la derivabilidad de la función f(x)   ex si x0 b) Dada la función g(x) x 3 bx 2 c, calcule los valores de b y c sabiendo que g tiene un extremo relativo en x  1 y que su gráfica pasa por el punto (1,3). SOCIALES II. 2019 RESERVA 2. EJERCICIO 2. OPCION B",enunciados_PNG/2019 - Funciones CCSS_png/2019_reserva_2_2_opcion_b.png,2019 - Funciones CCSS.pdf,
matesccss,Funciones CCSS,2019,Reserva 3,EJERCICIO 2. OPCION A,"Sea la función f(x) x 3 ax 2 bx1. a) Halle a y b de forma que f tenga un extremo relativo en x1 y la recta tangente a la gráfica de la función f en el punto de abscisa x0 tenga pendiente m  1. b) Para a  1 y b 1, estudie la monotonía y la curvatura de la función f. SOCIALES II. 2019 RESERVA 3. EJERCICIO 2. OPCION A",enunciados_PNG/2019 - Funciones CCSS_png/2019_reserva_3_2_opcion_a.png,2019 - Funciones CCSS.pdf,
matesccss,Funciones CCSS,2019,Reserva 3,EJERCICIO 2. OPCION B,"Unos productores de cereales realizan un estudio para conocer la posible demanda de su producto. Concluyen que la función de demanda de dichos cereales tiene la forma D(x) 200x 3 2100x 2 7200x10000, para 0 x4, donde x es el precio en euros por kilogramo de producto y D(x) es la cantidad de kilogramos de cereales que los consumidores están dispuestos a comprar a dicho precio x. a) ¿Cuál es la cantidad de cereales demandada si el precio es de 0’50 euros por kilogramo? b) Calcule para qué precio se alcanza una demanda mínima del producto y determine dicha demanda. SOCIALES II. 2019 RESERVA 3. EJERCICIO 2. OPCION B",enunciados_PNG/2019 - Funciones CCSS_png/2019_reserva_3_2_opcion_b.png,2019 - Funciones CCSS.pdf,
matesccss,Funciones CCSS,2019,Reserva 4,EJERCICIO 2. OPCION A,3x1 Se considera la función f(x) x . x1 a) Indique el dominio de f y calcule f '(x). 2 b) Calcule la pendiente de la recta tangente a la gráfica de f en el punto de abscisa x . 3 c) Halle los puntos de la gráfica de f en los que la recta tangente a dicha gráfica es horizontal. SOCIALES II. 2019 RESERVA 4. EJERCICIO 2. OPCION A,enunciados_PNG/2019 - Funciones CCSS_png/2019_reserva_4_2_opcion_a.png,2019 - Funciones CCSS.pdf,
matesccss,Funciones CCSS,2019,Reserva 4,EJERCICIO 2. OPCION B,1 Se considera la función f(x) x3 2x2 3x1. 3 a) Estudie su monotonía y halle sus extremos relativos. b) Determine los intervalos de concavidad y convexidad. Calcule su punto de inflexión. c) Calcule la pendiente de la recta tangente a la gráfica de f en el punto de abscisa x0. d) Calcule  f(x) dx. SOCIALES II. 2019 RESERVA 4. EJERCICIO 2. OPCION B,enunciados_PNG/2019 - Funciones CCSS_png/2019_reserva_4_2_opcion_b.png,2019 - Funciones CCSS.pdf,
matesccss,Funciones CCSS,2019,Septiembre,EJERCICIO 2. OPCIÓN A,"El coste de producción de un bien en una fábrica viene dado por C(x)2(2x1)2 1, con 0 x2, donde x es la cantidad producida en millones de kilogramos. a) Estudie el crecimiento y decrecimiento de la función C(x). b) Determine la cantidad a producir para que el coste de producción sea mínimo. ¿Cuál es dicho coste?. c) Realice un esbozo de la gráfica de la función C(x). SOCIALES II. 2019. SEPTIEMBRE. EJERCICIO 2. OPCIÓN A",enunciados_PNG/2019 - Funciones CCSS_png/2019_septiembre_2_opcion_a.png,2019 - Funciones CCSS.pdf,
matesccss,Funciones CCSS,2019,Septiembre,EJERCICIO 2. OPCIÓN B,"De una cierta función f, sabemos que su función derivada es f '(x) 3x2 3 a) Estudie los intervalos de crecimiento y decrecimiento de f, y calcule la abscisa de sus extremos relativos. b) Determine la curvatura de f y halle la abscisa de su punto de inflexión. c) Calcule la función f, sabiendo que su gráfica pasa por el punto (1,3). SOCIALES II. 2019. SEPTIEMBRE. EJERCICIO 2. OPCIÓN B",enunciados_PNG/2019 - Funciones CCSS_png/2019_septiembre_2_opcion_b.png,2019 - Funciones CCSS.pdf,
matesccss,Funciones CCSS,2019,Ponencia 16,,"Se considera la función f(x)ax3 bx11 a) Calcule los valores de a y b para que f(x) tenga un extremo en el punto (2,5) 3 9 b) Para a  y b  , estudie sus extremos relativos. 8 2  6 2  c) Calcule  x 2 3x  dx    x x 2  SOCIALES II. 2019. PONENCIA 16",enunciados_PNG/2019 - Funciones CCSS_png/2019_ponencia_16_.png,2019 - Funciones CCSS.pdf,
matesccss,Funciones CCSS,2019,Ponencia 17,," a x si x 3  Se considera la función dada por f(x)  3a x2 si 3 x 2  x2 8x17 si x 2 a) Determine el valor de a para que f(x) sea continua en todo su dominio. Para ese valor de a ¿es f(x) derivable en todo su dominio?. b) Para a  3, esboce la gráfica de la función f(x). c) Calcule  x 2 8x17  dx SOCIALES II. 2019. PONENCIA 17",enunciados_PNG/2019 - Funciones CCSS_png/2019_ponencia_17_.png,2019 - Funciones CCSS.pdf,
matesccss,Funciones CCSS,2019,Ponencia 18,,4x1 Se considera la función f(x) 2x5 a) Estudie el crecimiento y decrecimiento de la función f(x). b) Calcule las asíntotas de la función f(x).  9  c) Calcule   2  dx  2x5 SOCIALES II. 2019. PONENCIA 18,enunciados_PNG/2019 - Funciones CCSS_png/2019_ponencia_18_.png,2019 - Funciones CCSS.pdf,
matesccss,Funciones CCSS,2019,Ponencia 19,,"Dada la función f(x) 2(xe2x) calcule: a) Los puntos de inflexión de la función f(x), en caso de que existan. b) La ecuación de la recta tangente a la gráfica de f(x) en el punto de abscisa x0. c) Calcule la función F(x) sabiendo que F'(x) f(x) y que su gráfica pasa por el punto (0,2) SOCIALES II. 2019. PONENCIA 19",enunciados_PNG/2019 - Funciones CCSS_png/2019_ponencia_19_.png,2019 - Funciones CCSS.pdf,
matesccss,Funciones CCSS,2019,Ponencia 20,,"De una cierta función f, sabemos que su función derivada es f '(x) 3x2 6x9 a) Estudie los intervalos de crecimiento y decrecimiento de la función f y calcule las abscisas de los puntos extremos relativos. b) Determine la curvatura de la función f y la abscisa de su punto de inflexión. c) Sabiendo que la función f pasa por el punto (0,1), calcule la ecuación de la recta tangente a la gráfica de f en dicho punto. d) Calcule la expresión de la función f, sabiendo que la gráfica de la función pasa por el punto (0,1). SOCIALES II. 2019. PONENCIA 20",enunciados_PNG/2019 - Funciones CCSS_png/2019_ponencia_20_.png,2019 - Funciones CCSS.pdf,
matesccss,Funciones CCSS,2019,Ponencia 21,,"La función de beneficios de una empresa, expresada en miles de euros, depende de la cantidad de producto fabricada, x , expresada en miles de kg, según la función B(x). Si la función de beneficios marginales de la empresa (derivada de la función de beneficios) tiene la expresión 180 B'(x)140 40x, se pide: x1 a) Determine la cantidad a producir por la empresa para maximizar los beneficios. b) Obtenga los intervalos de crecimiento y decrecimiento de la función de beneficios de la empresa. c) Obtenga la expresión de la función de bene ficios B(x), si se considera que, si no se produce nada, el beneficio es nulo, es decir, B(0)0. SOCIALES II. 2019. PONENCIA 21",enunciados_PNG/2019 - Funciones CCSS_png/2019_ponencia_21_.png,2019 - Funciones CCSS.pdf,
matesccss,Funciones CCSS,2020,Junio,EJERCICIO B3,"Se considera la función f(x)ax3 bx4, con a y b números reales. a) (1 Punto) Determine los valores de a y b para que f tenga un extremo relativo en el punto (2,36). b) (0’75 puntos) Para a4 y b 3, estudie la monotonía de f y determine sus extremos relativos. c) (0’75 Puntos) Para a4 y b 3, calcule la función F(x) que verifica F'(x) f(x) y F(2)10. SOCIALES II. 2020. JUNIO. EJERCICIO B3",enunciados_PNG/2020 - Funciones CCSS_png/2020_junio_b3.png,2020 - Funciones CCSS.pdf,
matesccss,Funciones CCSS,2020,Junio,EJERCICIO B4,a) (1’2 puntos) Calcule la derivada de las siguientes funciones ln(x 3 5x) f(x)(5 x 2)2e3x g(x) 1 x 2 b) (1’3 puntos) Calcule el área del recinto acotado por la gráfica de h(x)x2 2x3 y el eje de abscisas SOCIALES II. 2020. JUNIO. EJERCICIO B4,enunciados_PNG/2020 - Funciones CCSS_png/2020_junio_b4.png,2020 - Funciones CCSS.pdf,
matesccss,Funciones CCSS,2020,Reserva 1,EJERCICIO B3,"a) (1’2 puntos) Se considera la función f(x)ax2 bx3. Calcule los valores a y b, sabiendo que la gráfica de f pasa por el punto (2,3) y que la pendiente de la recta tangente a la gráfica de f en dicho punto es m  2. b) (1’3 puntos) Represente gráficamente la función g(x)x2 6x5 y calcule el área comprendida entre la gráfica de la función g, el eje de abscisas y las rectas x2 y x4. SOCIALES II. 2020 RESERVA 1. EJERCICIO B3",enunciados_PNG/2020 - Funciones CCSS_png/2020_reserva_1_b3.png,2020 - Funciones CCSS.pdf,
matesccss,Funciones CCSS,2020,Reserva 1,EJERCICIO B4,x 2  x1 si x0  Se considera la función f(x)  1  si x0  1 x a) (1 punto) Estudie la continuidad y derivabilidad de f en x0. b) (1 punto) Estudie la monotonía y curvatura de f en su dominio. c) (0’5 puntos) Calcule las ecuaciones de las asíntotas de f. SOCIALES II. 2020. RESERVA 1. EJERCICIO B4,enunciados_PNG/2020 - Funciones CCSS_png/2020_reserva_1_b4.png,2020 - Funciones CCSS.pdf,
matesccss,Funciones CCSS,2020,Reserva 2,EJERCICIO B3,"a) (1’2 puntos) Calcule la función derivada de cada una de las siguientes funciones: 12x f(x)ln(3x2 3) g(x)2ex3  x 2(3x4)3 x2 b) (1’3 puntos) Calcule las ecuaciones de las rectas tangentes a las gráficas de las funciones x1 h(x) x2 1 y p(x) , en el punto de abscisa x1. ¿En qué punto se cortan ambas x1 rectas? SOCIALES II. 2020. RESERVA 2. EJERCICIO B3",enunciados_PNG/2020 - Funciones CCSS_png/2020_reserva_2_b3.png,2020 - Funciones CCSS.pdf,
matesccss,Funciones CCSS,2020,Reserva 2,EJERCICIO B4," 1  ax si x  1 2   x1 Se considera la función f(x)  si 1 x 1  x3 x2 bx si x 1   a) (1’5 puntos) Halle a y b para que la función sea continua en todo su dominio. Para esos valores de a y b, ¿es f derivable en x   1? ¿Y en x1? b) (0’5 puntos) Para a  1 y b4, estudie la monotonía de la función f. 2 c) (0’5 puntos) Para a  1 y b4, calcule  f(x)dx 1 SOCIALES II. 2020. RESERVA 2. EJERCICIO B4",enunciados_PNG/2020 - Funciones CCSS_png/2020_reserva_2_b4.png,2020 - Funciones CCSS.pdf,
matesccss,Funciones CCSS,2020,Reserva 3,EJERCICIO B3,"x 2 ax2 si x0  Se considera la función f(x)  xb  si x0  x1 a) (1’2 puntos) Halle a y b para que f sea continua y derivable en x0. b) (0’7 puntos) Para a1 y b 2, halle la ecuación de la recta tangente a la gráfica de f en el punto de abscisa x0. c) (0’6 puntos) Para a1y b1, halle, si existen, las ecuaciones de las asíntotas de f. SOCIALES II. 2020. RESERVA 3. EJERCICIO B3",enunciados_PNG/2020 - Funciones CCSS_png/2020_reserva_3_b3.png,2020 - Funciones CCSS.pdf,
matesccss,Funciones CCSS,2020,Reserva 3,EJERCICIO B4,"El número de bacterias en un determinado cultivo viene dado por la función B(t), donde t representa el tiempo en horas, con 0t 7. La variación instantánea en la población de bacterias en el cultivo viene dada por la derivada de la función B, cuya expresión es B'(t)50000e2t. a) (0’75 puntos) ¿Existe algún instante t en el que el número de bacterias en el cultivo comience a decrecer? b) (1’5 puntos) Obtenga la expresión de la función B(t), sabiendo que en el instante t 0 el número de bacterias en el cultivo era de 40000. c) (0.25 puntos) ¿Cuál es el número de bacterias en el cultivo a la hora y media? SOCIALES II. 2020. RESERVA 3. EJERCICIO B4",enunciados_PNG/2020 - Funciones CCSS_png/2020_reserva_3_b4.png,2020 - Funciones CCSS.pdf,
matesccss,Funciones CCSS,2020,Reserva 4,EJERCICIO B3,"De una función f sabemos que su gráfica pasa por el punto (1,3) y que su derivada es f '(x) 2x6. a) (0’75 puntos) Determine la ecuación de la recta tangente a la gráfica de f en el punto de abscisa x1. b) (1 punto) Estudie la monotonía y la existencia de extremos de la función f. c) (0’75 puntos) Determine la función f y represéntela gráficamente. SOCIALES II. 2020 RESERVA 4. EJERCICIO B3",enunciados_PNG/2020 - Funciones CCSS_png/2020_reserva_4_b3.png,2020 - Funciones CCSS.pdf,
matesccss,Funciones CCSS,2020,Reserva 4,EJERCICIO B4," 2  si x  2 Se considera la función f(x)  x1  x2 a si x  2 a) (1 punto) Calcule el valor de a para que f sea continua en todo su dominio. Para ese valor de a, ¿es derivable la función f? b) (0’5 puntos) Para a   6, halle la ecuación de la recta tangente a la gráfica de f en el punto de abscisa x3. c) (1 punto) Para a   6, esboce la gráfica de f y calcule el área de la región limitada por la gráfica de la función f, el eje de abscisas y las rectas x3 y x5 SOCIALES II. 2020 RESERVA 4. EJERCICIO B4",enunciados_PNG/2020 - Funciones CCSS_png/2020_reserva_4_b4.png,2020 - Funciones CCSS.pdf,
matesccss,Funciones CCSS,2020,Septiembre,EJERCICIO B3," a a si x  0 Se considera la función f(x)  x1   abe x si x  0 a) (1’25 puntos) Calcule los valores de a y b para que la función sea continua y derivable en su dominio. b) (0’75 puntos) Para a  2 y b  2, estudie la monotonía de la función f y calcule sus extremos relativos. c) (0’5 puntos) Para a  2 y b  2, determine las ecuaciones de las asíntotas de f, si existen. SOCIALES II. 2020 SEPTIEMBRE. EJERCICIO B3",enunciados_PNG/2020 - Funciones CCSS_png/2020_septiembre_b3.png,2020 - Funciones CCSS.pdf,
matesccss,Funciones CCSS,2020,Septiembre,EJERCICIO B4,  x 2 si x  2  Se considera la función f(x) x2 6x8 si 2 x  4  x3  si x  4  x a) (1’25 puntos) Estudie la continuidad y derivabilidad de f en su dominio. b) (0’75 puntos) Determine los intervalos de crecimiento y decrecimiento de la función f. 3 c) Calcule  f(x) dx 2 SOCIALES II. 2020 SEPTIEMBRE EJERCICIO B4,enunciados_PNG/2020 - Funciones CCSS_png/2020_septiembre_b4.png,2020 - Funciones CCSS.pdf,
matesccss,Funciones CCSS,2021,Junio,EJERCICIO B3,Se considera la función f(x) x3 4x2 4x a) Estudie su monotonía y calcule sus extremos. b) Represente gráficamente la función. c) Calcule  f(x) dx d) Calcule el área del recinto acotado limitado por la gráfica de f y el eje de abscisas. SOCIALES II. 2021. JUNIO. EJERCICIO B3,enunciados_PNG/2021 - Funciones CCSS_png/2021_junio_b3.png,2021 - Funciones CCSS.pdf,
matesccss,Funciones CCSS,2021,Junio,EJERCICIO B4,"a) Calcule la derivada de las siguientes funciones:  x1 f(x)ln g(x) x 3e2x2    x1 b) Represente gráficamente la parábola h(x) x2  x1, indicando el vértice y los puntos de corte con los ejes coordenados. c) Calcule el área del recinto limitado por la gráfica de h(x) x2  x1, el eje de abscisas y las 1 recta x   y x0 2 SOCIALES II. 2021 JUNIO. EJERCICIO B4",enunciados_PNG/2021 - Funciones CCSS_png/2021_junio_b4.png,2021 - Funciones CCSS.pdf,
matesccss,Funciones CCSS,2021,Reserva 1,EJERCICIO B3," axb si x 1 Se considera la función f(x)  x 2 bxa si x1 a) Halle el valor de b para que f sea continua en . 1 b) Para b , halle el valor de a para que f sea derivable en . 2 1 c) Para a0 y b , estudie el crecimiento y halle las abscisas de los extremos de la función f. 2 1 d) Para a0 y b , represente la región del plano delimitada por la gráfica de f, el eje de 2 abscisas y las rectas x0 y x2. Calcule el área de dicha región. SOCIALES II. 2021 RESERVA 1. EJERCICIO B3",enunciados_PNG/2021 - Funciones CCSS_png/2021_reserva_1_b3.png,2021 - Funciones CCSS.pdf,
matesccss,Funciones CCSS,2021,Reserva 1,EJERCICIO B4,"La cotización en bolsa de una empresa en un determinado día viene expresada, en euros, por la función c(t), con t0,24, medido en horas. La variación instantánea de esta función es la derivada de c, que viene dada por c'(t)0'03t2 0'9t6, con t0,24 a) Estudie los intervalos en los que la función c es creciente. b) Analice los puntos críticos de la función c, indicando en cuáles se alcanza el máximo y el mínimo relativos. c) Halle la expresión analítica de la función c, sabiendo que la cotización en bolsa de la empresa era de 50 euros en el instante inicial SOCIALES II. 2021. RESERVA 1. EJERCICIO B4",enunciados_PNG/2021 - Funciones CCSS_png/2021_reserva_1_b4.png,2021 - Funciones CCSS.pdf,
matesccss,Funciones CCSS,2021,Reserva 2,EJERCICIO B3,"(x1)2 si 2 x0  Se considera la función f(x)   x12 si 0 x 2 a) Estudie la continuidad y derivabilidad de la función f en todo su dominio. b) Calcule los extremos de la función f . c) Represente el recinto que encierra la gráfica de f, las rectas x  1, x 1 y el eje OX. Calcule el área de dicho recinto. SOCIALES II. 2021 RESERVA 2. EJERCICIO B3",enunciados_PNG/2021 - Funciones CCSS_png/2021_reserva_2_b3.png,2021 - Funciones CCSS.pdf,
matesccss,Funciones CCSS,2021,Reserva 2,EJERCICIO B4,"Sea f una función de la que sabemos que la gráfica de su derivada, f ', es una parábola con vértice en el punto (0,8) que corta al eje de abscisas en los puntos (4,0) y (4,0). 1. Dibuje la gráfica de f '. 2 A partir de dicha gráfica, halle los intervalos de crecimiento y decrecimiento de f, así como las abscisas de los extremos relativos de f. 3 Sabiendo que la gráfica de f pasa por el origen de coordenadas, calcule la recta tangente a la gráfica de f en el punto de abscisa x0. b) Calcule la derivada de la función g(x)(3 x 2)e2x1 SOCIALES II. 2021. RESERVA 2. EJERCICIO B4",enunciados_PNG/2021 - Funciones CCSS_png/2021_reserva_2_b4.png,2021 - Funciones CCSS.pdf,
matesccss,Funciones CCSS,2021,Reserva 3,EJERCICIO B3,"2x2a si 4 x 2  Se considera la función f(x) 2x 2 4a si 2 x 2  8xb si 2 x 3  a) Calcule los valores de a y b para que la función sea continua en su dominio. Para esos valores, ¿es f derivable?. b) Para a   2 y b16, estudie la monotonía de la función f y calcule sus extremos relativos y absolutos. c) Para a   2 y b16, calcule el área del recinto limitado por la gráfica de f, el eje OX y las rectas x  2 y x2 SOCIALES II. 2021 RESERVA 3. EJERCICIO B3",enunciados_PNG/2021 - Funciones CCSS_png/2021_reserva_3_b3.png,2021 - Funciones CCSS.pdf,
matesccss,Funciones CCSS,2021,Reserva 3,EJERCICIO B4,"a) Calcule la derivada de las siguientes funciones: f(x)(5x3 4x2)4ln  2x5 4x3  x  g(x) e3x25x (6x2 2)3 11 b) Halle la función h(x), sabiendo que su derivada h'(x)4x 3  x2 4x1 y que h(2) 3 SOCIALES II. 2021 RESERVA 3. EJERCICIO B4",enunciados_PNG/2021 - Funciones CCSS_png/2021_reserva_3_b4.png,2021 - Funciones CCSS.pdf,
matesccss,Funciones CCSS,2021,Reserva 4,EJERCICIO B3," 1 si x  1  x  Se considera la función f(x) 3x2 4 si 1 x 1  2x1 si x 1   a) Estudie la continuidad y la derivabilidad de la función f en todo su dominio. b) Represente gráficamente la función f . c) Calcule el área de la región limitada por la gráfica de la función f, el eje de abscisas y las rectas x0 y x3. SOCIALES II. 2021 RESERVA 4. EJERCICIO B3",enunciados_PNG/2021 - Funciones CCSS_png/2021_reserva_4_b3.png,2021 - Funciones CCSS.pdf,
matesccss,Funciones CCSS,2021,Reserva 4,EJERCICI O B4,"Una fábrica estima que sus costes de producción, expresados en miles de euros, vienen dados por la función f(x) x2 6x10, donde x es la cantidad semanal a producir expresada en miles de kilogramos. a) ¿Cuál debe ser la producción semanal para que el coste sea mínimo? ¿Cuál es dicho coste?. b) Calcule la recta tangente a la función de costes en el punto de abscisa x4. Represente gráficamente la función de costes y la recta tangente hallada. SOCIALES II. 2021. RESERVA 4. EJERCICI O B4",enunciados_PNG/2021 - Funciones CCSS_png/2021_reserva_4_ejercici_o_b4.png,2021 - Funciones CCSS.pdf,
matesccss,Funciones CCSS,2021,Julio,EJERCICIO B3, 2x1 si x0 Se considera la función f(x)  x2 2x si x0 a) Estudie la continuidad y derivabilidad de la función f en su dominio. b) Estudie la monotonía de la función f y calcule el mínimo. 2 c) Calcule  f(x) dx 2 SOCIALES II. 2021 JULIO. EJERCICIO B3,enunciados_PNG/2021 - Funciones CCSS_png/2021_julio_b3.png,2021 - Funciones CCSS.pdf,
matesccss,Funciones CCSS,2021,Julio,EJERCICIO B4,"El número de diagnosticados de COVID-19 por PCR en Andalucía, medido en miles de personas, se aproxima por la siguiente función:  t 2 2t0'3 si 0'2 t 1'8  f(t)  0'1t0'12 si 1'8 t 5  0'5t2 8'3t28'62 si 5 t 10 En donde t es el tiempo, medido en meses, a partir del inicio de conteo en el mes de marzo de 2020 a) Estudie la continuidad y derivabilidad de la función f en su dominio b) ¿En qué instante o instantes es máximo el número de diagnosticados? ¿Cuál es su número?. SOCIALES II. 2021. JULIO. EJERCICIO B4",enunciados_PNG/2021 - Funciones CCSS_png/2021_julio_b4.png,2021 - Funciones CCSS.pdf,
matesccss,Funciones CCSS,2022,Junio,EJERCICIO B3,"a) Se considera la función f(x) x3 ax2 bxc, con a, b y c números reales. Calcule los valores a, b y c, sabiendo que la gráfica de f posee un extremo relativo en el punto de abscisa x3 y que la pendiente de la recta tangente a la gráfica de f en el punto P(0,18) es 3. b) Calcule el área del recinto acotado, limitado por la gráfica de la función g(x) x3 4x2 3x18 y el eje de abscisas. SOCIALES II. 2022 JUNIO. EJERCICIO B3",enunciados_PNG/2022 - Funciones CCSS_png/2022_junio_b3.png,2022 - Funciones CCSS.pdf,
matesccss,Funciones CCSS,2022,Junio,EJERCICIO B4," 6x3 si x 1 a) Se considera la función f(x)  ax2 bx2 si x 1 con a y b números reales. Determine los valores de a y b para que f sea continua y derivable en todo su dominio. b) Calcule el área del recinto acotado, limitado por el eje OX y la gráfica de la función g(x) 2x2 8x6. SOCIALES II. 2022 JUNIO. EJERCICIO B4",enunciados_PNG/2022 - Funciones CCSS_png/2022_junio_b4.png,2022 - Funciones CCSS.pdf,
matesccss,Funciones CCSS,2022,Reserva 1,EJERCICIO B3,"a(x1)2 si 3 x 1  Se considera la función f(x) bx2 con a y b números reales.  2 si 1 x 2  2 a) Determine los valores de a y b para que f sea continua y derivable. b) Para a1 y b2, esboce la gráfica de la función f y calcule el área del recinto limitado por la gráfica de f, el eje OX y las rectas x  2 y x1. SOCIALES II. 2022 RESERVA 1. EJERCICIO B3",enunciados_PNG/2022 - Funciones CCSS_png/2022_reserva_1_b3.png,2022 - Funciones CCSS.pdf,
matesccss,Funciones CCSS,2022,Reserva 1,EJERCICIO B4,x3 Se considera la función f(x) x2 a) Determine el dominio de la función y estudie su monotonía y curvatura. b) Calcule las ecuaciones de las asíntotas de f si existen. Calcule los puntos de corte de la gráfica de f con los ejes de coordenadas. c) Represente la gráfica de la función f. SOCIALES II. 2022. RESERVA 1. EJERCICIO B4,enunciados_PNG/2022 - Funciones CCSS_png/2022_reserva_1_b4.png,2022 - Funciones CCSS.pdf,
matesccss,Funciones CCSS,2022,Reserva 2,EJERCICIO B3,"Los ingresos (I) y costes (C) de una discoteca, en miles de euros, en función del número de horas diarias que permanece abierta, vienen dado por las funciones: I(x) x3  x ; C(x) x3  x2 6. Respectivamente. Sabiendo que la licencia del ayuntamiento no permite que este tipo de local permanezca abierto más de 8 horas diarias, halle: a) La función beneficio en función del número de horas diarias que la discoteca permanece abierta. b) El número de horas que debe permanecer abierta para obtener beneficios. c) En qué momento se tienen las mayores pérdidas y a cuánto ascienden. d) El tiempo que debe permanecer abierta para obtener el máximo beneficio y a cuánto asciende. SOCIALES II. 2022 RESERVA 2. EJERCICIO B3",enunciados_PNG/2022 - Funciones CCSS_png/2022_reserva_2_b3.png,2022 - Funciones CCSS.pdf,
matesccss,Funciones CCSS,2022,Reserva 2,EJERCICIO B4,"2 1 1 25 ax2 bx2 si x1 B(x)  6 6.250 €    Se cons2idera 2 la funció4n f(x)  4 con a y b números reales  si x1  x1 a) Calcule a y b para que la función f sea continua y derivable b) Para a  1 y b1, realice un esbozo de la gráfica de la función f. c) Para a  1 y b1, halle el área del recinto acotado, limitado por la gráfica de f, la recta x 1 y el eje OX. SOCIALES II. 2022. RESERVA 2. EJERCICIO B4",enunciados_PNG/2022 - Funciones CCSS_png/2022_reserva_2_b4.png,2022 - Funciones CCSS.pdf,
matesccss,Funciones CCSS,2022,Reserva 3,EJERCICIO B3, 4x2 16x17 si x  1   1 Se considera la función f(x)  (105x) si 1 x  2 3   3  si x 2  2 a) Estudie la continuidad y derivabilidad de f. b) Represente gráficamente la función f. c) Calcule el área de la región limitada por la gráfica de f y el eje de abscisas entre x  2 y x2 SOCIALES II. 2022 RESERVA 3 EJERCICIO B3,enunciados_PNG/2022 - Funciones CCSS_png/2022_reserva_3_b3.png,2022 - Funciones CCSS.pdf,
matesccss,Funciones CCSS,2022,Reserva 3,EJERCICIO B4,Se considera la función f(x) 3x3 6x2 5 a) Obtenga las ecuaciones de las rectas tangentes a f que sean paralelas a la recta y  3x1 b) Calcule la función F que verifique F'(x) f(x) y F(2)4 SOCIALES II. 2022 RESERVA 3 EJERCICIO B4,enunciados_PNG/2022 - Funciones CCSS_png/2022_reserva_3_b4.png,2022 - Funciones CCSS.pdf,
matesccss,Funciones CCSS,2022,Reserva 4,EJERCICIO B3,"Una empresa de fumigación sabe que los beneficios, en miles de euros, que obtiene en función de las hectáreas que le encargan fumigar mensualmente viene dada por la expresión B(x) x 2 16x48 Además, por problemas de personal, la empresa no puede fumigar más de 10 hectáreas al mes. a) ¿Cuántas hectáreas tiene que fumigar al mes para que la empresa tenga beneficios? b) ¿Cuántas hectáreas tiene que fumigar para obtener el máximo beneficio mensual? ¿A cuánto asciende dicho beneficio?. c) Si un mes ha obtenido un beneficio de 7000 €, ¿cuántas hectáreas ha fumigado? SOCIALES II. 2022 RESERVA 4. EJERCICIO B3",enunciados_PNG/2022 - Funciones CCSS_png/2022_reserva_4_b3.png,2022 - Funciones CCSS.pdf,
matesccss,Funciones CCSS,2022,Reserva 4,EJERCICIO B4," ax2 bx1 si x 1  Se considera la función f(x)  2 , con a y b números reales.  si x1  x a) ¿Para qué valores de a y b la función es continua y derivable en x1? b) Para a  3 y b4, calcule los extremos relativos de f. 3  c) Para a  2 y b3, calcule el valor de la integral f(x)dx 1 SOCIALES II. 2022. RESERVA 4. EJERCICIO B4",enunciados_PNG/2022 - Funciones CCSS_png/2022_reserva_4_b4.png,2022 - Funciones CCSS.pdf,
matesccss,Funciones CCSS,2022,Julio,EJERCICIO B3,"a) Se considera la función f(x) x3 bx2 cx1 donde b y c son números reales. Determine 1 el valor de b y c para que la función f presente un extremo relativo en el punto de abscisa x 3 y además la gráfica de la función f pase por el punto (2,3). a) Dada la función g(x)x3  x2  x1, realice un esbozo de su gráfica estudiando los puntos de corte con los ejes coordenados y su monotonía. Determine el área del recinto acotado, limitado por la gráfica de la función g y el eje de abscisas. SOCIALES II. 2022. JULIO. EJERCICIO B3",enunciados_PNG/2022 - Funciones CCSS_png/2022_julio_b3.png,2022 - Funciones CCSS.pdf,
matesccss,Funciones CCSS,2022,Julio,EJERCICIO B4,"El beneficio, en miles de euros, que se obtiene en una pequeña finca familiar por la venta de aceitunas, en miles de kilogramos, viene dada por la siguiente función: B(x) 0'02x 2 1'3x15, x0. a) Represente la función beneficio y calcule los puntos de corte con el eje OX b) ¿Para qué valores de x la finca no tiene pérdidas?. c) ¿Para qué número de kilogramos el beneficio será máximo? ¿Cuánto vale dicho beneficio? d) ¿Cuántos kilogramos debe vender para obtener un beneficio de 5000 €?. SOCIALES II. 2022 JULIO. EJERCICIO B4",enunciados_PNG/2022 - Funciones CCSS_png/2022_julio_b4.png,2022 - Funciones CCSS.pdf,
matesccss,Funciones CCSS,2023,Junio,EJERCICIO B3,"Se considera la función f(x) x3 3x2 2x a) Halle los puntos de corte con los ejes, los intervalos de crecimiento y decrecimiento, los extremos relativos de f y su curvatura. b) Represente gráficamente la función f. c) Calcule el área del recinto acotado, limitado por la gráfica de f y el eje de abscisas. SOCIALES II. 2023. JUNIO. EJERCICIO B3",enunciados_PNG/2023 - Funciones CCSS_png/2023_junio_b3.png,2023 - Funciones CCSS.pdf,
matesccss,Funciones CCSS,2023,Junio,EJERCICIO B4,"Se desea analizar el valor de las acciones de una empresa en un día. La función v(t) nos indica el valor, en euros, de cada acción de la empresa en función del tiempo t, medido en horas, a partir de la hora de apertura del mercado. De la función v(t) se conoce que su variación instantánea es: v'(t)t2 5t6 t0,6 a) Determine los intervalos de crecimiento y decrecimiento de la función v b) Si en el momento de la apertura del mercado se conoce que v(0)10, halle la función v. c) Si un inversor compró 3000 de estas acciones en el instante t 2 y posteriormente las vendió en el instante t 4, indique a cuánto ascendió la ganancia o la perdida que obtuvo el inversor con esta gestión. d) ¿En qué momentos debería haber realizado este inversor las gestiones de compra y de venta para que la ganancia hubiese sido máxima?. Justifique la respuesta. SOCIALES II. 2023 JUNIO. EJERCICIO B4",enunciados_PNG/2023 - Funciones CCSS_png/2023_junio_b4.png,2023 - Funciones CCSS.pdf,
matesccss,Funciones CCSS,2023,Reserva 1,EJERCICIO B3,a) Calcule la ecuación de la recta tangente a la gráfica de cada una de las siguientes funciones en el punto de abscisa x0 3x 2 5x2  1  f(x) g(x)ln   3x7 3x1 b) Calcule las integrales definidas siguientes: x 1 5 0 e 3  dx  dx 3x4 5 2 3 SOCIALES II. 2023 RESERVA 1 EJERCICIO B3,enunciados_PNG/2023 - Funciones CCSS_png/2023_reserva_1_b3.png,2023 - Funciones CCSS.pdf,
matesccss,Funciones CCSS,2023,Reserva 1,EJERCICIO B4,"x 3 2x2 3 si x1  Se considera la función f(x)  1  1 si x1  x2 a) Estudie la continuidad de f . Si la función no es continua en algún punto, indique el tipo de discontinuidad que presenta. b) Estudie la derivabilidad de f. c) Determine las asíntotas de f. SOCIALES II. 2023. RESERVA 1. EJERCICIO B4",enunciados_PNG/2023 - Funciones CCSS_png/2023_reserva_1_b4.png,2023 - Funciones CCSS.pdf,
matesccss,Funciones CCSS,2023,Reserva 2,EJERCICIO B3,a) Calcule la derivada de las siguientes funciones: ln(x4 2x2) f(x)(7 x2)3e5x g(x) 8 x 3 b) Represente gráficamente la región acotada comprendida entre la recta y  2x6 y la parábola y x2 2x3 y calcule su área. SOCIALES II. 2023. RESERVA 2. EJERCICIO B3,enunciados_PNG/2023 - Funciones CCSS_png/2023_reserva_2_b3.png,2023 - Funciones CCSS.pdf,
matesccss,Funciones CCSS,2023,Reserva 2,EJERCICIO B4,La temperatura en el interior de un equipo de refrigeración durante un día que sufrió un corte de energía viene dada por la función f expresada en grados centígrados y el tiempo t en horas:  9 si 0 t 1  f(t) t 2 12t20 si 1 t 11  9 si 11 t  24  a) Estudie la continuidad de f . b) Represente gráficamente la función. c) Conteste razonadamente a qué hora se produjo el corte de energía y cuánto duró dicho corte. d) El equipo de refrigeración se utiliza para conservar sueros y vacunas. Los sueros se estropean si se alcanzan temperaturas de 20ºC en algún momento. Las vacunas se estropean si están por encima de 0ºC durante más de seis horas. Razone si alguno de esos productos se estropeó ese día. SOCIALES II. 2023. RESERVA 2. EJERCICIO B4,enunciados_PNG/2023 - Funciones CCSS_png/2023_reserva_2_b4.png,2023 - Funciones CCSS.pdf,
matesccss,Funciones CCSS,2023,Reserva 3,EJERCICIO B3,"ax 2 bx6 si x 2'5 a) Se considera la función f(x)  1'4x7 si x 2'5 con a y b números reales. Calcule el valor de los parámetros a y b para que la función sea continua y tenga un máximo en x1. b) Represente gráficamente la función g(x)2x2 2x4 y calcule el área de la región acotada, limitada por la gráfica de dicha función y el eje de abscisas. SOCIALES II. 2023 RESERVA 3. EJERCICIO B3",enunciados_PNG/2023 - Funciones CCSS_png/2023_reserva_3_b3.png,2023 - Funciones CCSS.pdf,
matesccss,Funciones CCSS,2023,Reserva 3,EJERCICIO B4," x2 si 0 x 2   3 Se considera la función f(x)  4  si x 2 x1 a) Estudie la continuidad y derivabilidad de la función f. b) Determine los intervalos de crecimiento y decrecimiento, el máximo de la función y represente gráficamente la función. SOCIALES II. 2023 RESERVA 3. EJERCICIO B4",enunciados_PNG/2023 - Funciones CCSS_png/2023_reserva_3_b4.png,2023 - Funciones CCSS.pdf,
matesccss,Funciones CCSS,2023,Reserva 4,EJERCICIO B3,"x2 4x4 si x 3 Se considera la función f(x)   x4 si x 3 a) Estudie la continuidad y derivabilidad de la función f en todos los puntos de su dominio. b) Represente gráficamente f. c) Calcule el área de la región limitada por la gráfica de f , el eje de abscisas y las rectas x2 y x4 SOCIALES II. 2023 RESERVA 4. EJERCICIO B3",enunciados_PNG/2023 - Funciones CCSS_png/2023_reserva_4_b3.png,2023 - Funciones CCSS.pdf,
matesccss,Funciones CCSS,2023,Reserva 4,EJERCICIO B4,"La función B(t)t 2 21t20 con 0t 15 representa el beneficio, en miles de euros, de una empresa en función de los años, t. a) Si la función I(t) t 2 48t representa los ingresos de esta empresa, en miles de euros, para el mismo intervalo de tiempo, ¿cuál es la función de gastos de dicha empresa? ¿Cuáles son los gastos iniciales?. b) Calcule el momento a partir del cual el beneficio fue positivo. c) Calcule en qué momento el beneficio fue máximo y el valor del mismo. d) Represente gráficamente la función beneficio. SOCIALES II. 2023 RESERVA 4. EJERCICIO B4",enunciados_PNG/2023 - Funciones CCSS_png/2023_reserva_4_b4.png,2023 - Funciones CCSS.pdf,
matesccss,Funciones CCSS,2023,Julio,EJERCICIO B3,"El área quemada de la región plana de la cubierta de plástico de un invernadero, coincide con el área de la región acotada delimitada por las gráficas de las funciones f(x)(x1)2 y g(x)52x donde x está expresado en metros. a) Represente gráficamente la zona deteriorada. b) Para reparar la región quemada, se ha de utilizar plástico cuyo coste es de 15 euros por metro cuadrado. Si en el trabajo de reparación se desperdicia la tercera parte del plástico adquirido, ¿cuánto costará el plástico comprado?. SOCIALES II. 2023. JULIO. EJERCICIO B3",enunciados_PNG/2023 - Funciones CCSS_png/2023_julio_b3.png,2023 - Funciones CCSS.pdf,
matesccss,Funciones CCSS,2023,Julio,EJERCICIO B4,"12t24 Sea la función f(t) , t 0. t3 a) Represente gráficamente la función f, determinando los puntos de corte con los ejes coordenados y las ecuaciones de las asíntotas, y estudiando la monotonía y curvatura de f. b) Si la función f representa los beneficios de una empresa, en millones de euros, donde t indica los años de vida de la empresa: b.1)¿A partir de qué año la empresa deja de tener pérdidas?. Justifique la respuesta b.2) A medida que pasan los años, ¿están limitados los beneficios?. En caso afirmativo, ¿cuál es su límite y por qué?. SOCIALES II. 2023 JULIO. EJERCICIO B4",enunciados_PNG/2023 - Funciones CCSS_png/2023_julio_b4.png,2023 - Funciones CCSS.pdf,
matesccss,Funciones CCSS,2024,Junio,EJERCICIO B3,"a) Calcule las derivadas de las funciones siguientes: f ( x ) = ( x 2 + 2 ) 3  e − 2 x g ( x ) = l n ( 1 ( − 1 2 − x x 2 3 ) ) 2 b) Halle los valores a y b para que sea horizontal la recta tangente a la gráfica de la función h(x)= x 3 +ax2 +3x+b en el punto P ( 1 , 2 ) . SOCIALES II. 2024. JUNIO. EJERCICIO B3",enunciados_PNG/2024 - Funciones CCSS_png/2024_junio_b3.png,2024 - Funciones CCSS.pdf,
matesccss,Funciones CCSS,2024,Junio,EJERCICIO B4,"La velocidad media del viento en la zona de Sierra Nevada, prevista para cierto día, viene dada por la función v ( t ) expresada en km/h, donde t es el tiempo expresado en horas: v ( t ) =  − t t 2 2 + − 3 8 2 t t + − 6 1 0 4 0 s s i i 0 1 0   t  t  1 0 2 4 a) Compruebe que la función v es continua y derivable. b) Represente gráficamente la función, estudiando previamente la monotonía y calculando los extremos absolutos. c) La Agencia Estatal de Meteorología emite avisos de alerta por vientos siguiendo el código de colores: naranja para vientos entre 100 y 140 km/h, y rojo para vientos de más de 140 km/h. Según la previsión, indique si se debe emitir alguna alerta naranja en Sierra Nevada ese día y durante qué horas estaría activa. ¿Se emitirá alerta roja?. SOCIALES II. 2024. JUNIO. EJERCICIO B4",enunciados_PNG/2024 - Funciones CCSS_png/2024_junio_b4.png,2024 - Funciones CCSS.pdf,
matesccss,Funciones CCSS,2024,Reserva 1,EJERCICIO B3,"La superficie de ampliación de un parque de atracciones, en decámetros cuadrados, coincide con el área de la región delimitada por las gráficas de las funciones f ( x ) = − x 2 + 6 x y x2 g(x)= . 5 a) Represente gráficamente la superficie de ampliación del parque de atracciones. b) Si el coste para acondicionar el nuevo suelo es de 75 €/m2, calcule el área de ampliación del parque y el coste total del acondicionamiento. SOCIALES II. 2024. RESERVA 1. EJERCICIO B3",enunciados_PNG/2024 - Funciones CCSS_png/2024_reserva_1_b3.png,2024 - Funciones CCSS.pdf,
matesccss,Funciones CCSS,2024,Reserva 1,EJERCICIO B4,Se consideran las funciones  2− x 2 si −1 x1  f(x)=  g(x)=1 si −1 x 3  (x−2)2 si 1 x  3 a) Estudie la continuidad y derivabilidad de f y g en sus dominios. b) Represente el recinto limitado por las gráficas de ambas funciones y calcule su área. SOCIALES II. 2024 RESERVA 1. EJERCICIO B4,enunciados_PNG/2024 - Funciones CCSS_png/2024_reserva_1_b4.png,2024 - Funciones CCSS.pdf,
matesccss,Funciones CCSS,2024,Reserva 2,EJERCICIO B3,Se considera la función f ( x ) = 1 − 3 4 + x a) Halle el dominio de f y los puntos de corte de su gráfica con los ejes de coordenadas. b) Calcule las asíntotas de la función f. c) Obtenga los puntos donde la recta tangente a la gráfica de f tiene pendiente 1. d) Estudie la curvatura de la función f. SOCIALES II. 2024. RESERVA 2. EJERCICIO B3,enunciados_PNG/2024 - Funciones CCSS_png/2024_reserva_2_b3.png,2024 - Funciones CCSS.pdf,
matesccss,Funciones CCSS,2024,Reserva 2,EJERCICIO B4,"Se considera la función f ( x ) =  − x x 2 2 + − 2 2 x x s s i i x x   2 2 a) Estudie la continuidad y derivabilidad de f b) Represente el recinto limitado por las rectas y = 2x , x = −1 , x =1 y la gráfica de f. Calcule su área. SOCIALES II. 2024 RESERVA 2 EJERCICIO B4",enunciados_PNG/2024 - Funciones CCSS_png/2024_reserva_2_b4.png,2024 - Funciones CCSS.pdf,
matesccss,Funciones CCSS,2024,Reserva 3,EJERCICIO B3,"Se desea analizar la evolución de la población de una localidad. Se conoce que la función f aproxima el número de habitantes que tiene la población para cada tiempo t, medido en meses, con t0,60. El crecimiento de esta población viene dado por la siguiente expresión: f '(t)=400+30 t También se sabe que la población en la actualidad, t = 0, es de 90.000 habitantes a) ¿Cuál será la población dentro de 9 meses?. 16 b) Calcule  f '(t) dt e interprete el resultado. 9 c) Si se entrega una ayuda de 150 € por cada nuevo habitante durante los tres primeros años, calcule la cuantía total aproximada de la ayuda que recibirá la localidad. SOCIALES II. 2024. RESERVA 3. EJERCICIO B3",enunciados_PNG/2024 - Funciones CCSS_png/2024_reserva_3_b3.png,2024 - Funciones CCSS.pdf,
matesccss,Funciones CCSS,2024,Reserva 3,EJERCICIO B4," 3+e x si x1 Se considera la función f(x)=  x2 +ax+2 si x1 a) Determine el valor de a para que la función f sea continua en . Para ese valor de a, ¿es f derivable? b) Para a = − 3, calcule la recta tangente a la gráfica de f en el punto de abscisa x = 0. c) Para a = − 3, represente la región limitada por la gráfica de f, las rectas x = 2 , x = 4 y el eje de abscisas. Calcule el área de dicha región. SOCIALES II. 2024 RESERVA 3. EJERCICIO B4",enunciados_PNG/2024 - Funciones CCSS_png/2024_reserva_3_b4.png,2024 - Funciones CCSS.pdf,
matesccss,Funciones CCSS,2024,Reserva 4,EJERCICIO B3," x2 +ax−1 si x 1   b Se considera la función f(x)=  si 1 x  3 con a y b números reales x   x−1 si x  3   3 a) Determine los valores de a y b para que f sea continua. Para dichos valores, estudie la derivabilidad de f b) Para a = 5 y b= 2, represente el recinto limitado por la gráfica de f, las rectas x = 2, x = 4 y el eje OX. Calcule su área. SOCIALES II. 2024 RESERVA 4. EJERCICIO B3",enunciados_PNG/2024 - Funciones CCSS_png/2024_reserva_4_b3.png,2024 - Funciones CCSS.pdf,
matesccss,Funciones CCSS,2024,Reserva 4,EJERCICIO B4," 1 − x2 + x+1 si x 2   2 Se considera la función f(x)=  con a y b números reales 1  si x 2  x−1 a) Estudie la continuidad, derivabilidad y monotonía de f. Represente gráficamente dicha función. b) Calcule el área del recinto limitado por la gráfica de f, las rectas x = 0 , x = 4 y el eje OX. SOCIALES II. 2024 RESERVA 4. EJERCICIO B4",enunciados_PNG/2024 - Funciones CCSS_png/2024_reserva_4_b4.png,2024 - Funciones CCSS.pdf,
matesccss,Funciones CCSS,2024,Julio,EJERCICIO B3,"2x−6 Dada la función f(x)= 2− x a) Estudie la continuidad y derivabilidad de dicha función. Calcule sus asíntotas. b) Estudie los intervalos de crecimiento y decrecimiento, así como la existencia de extremos relativos. c) Halle los puntos de corte con los ejes de coordenadas y represente gráficamente la función. SOCIALES II. 2024. JULIO. EJERCICIO B3",enunciados_PNG/2024 - Funciones CCSS_png/2024_julio_b3.png,2024 - Funciones CCSS.pdf,
matesccss,Funciones CCSS,2024,Julio,EJERCICIO B4,"Se considera la función f ( x ) =  − x 2 2 + x 4 − x 5 + 3 s s i i x x   4 4 a) Estudie su continuidad y derivabilidad. b) Estudie su monotonía y calcule sus extremos relativos. c) Represente la región del plano limitada por la gráfica de f , las rectas x = 3, x = 5 y el eje de abscisas. Calcule su área SOCIALES II. 2024 JULIO. EJERCICIO B4",enunciados_PNG/2024 - Funciones CCSS_png/2024_julio_b4.png,2024 - Funciones CCSS.pdf,
matesccss,Funciones CCSS,2024,Modelo,EJERCICIO 2,"La cotización en bolsa de una empresa en un determinado día viene expresada, en euros, por la función c ( t ) , con t   0 , 2 4  , medido en horas. La variación instantánea de esta función es la derivada de c, que viene dada por c ' ( t ) = 0 ' 0 3 t 2 − 0 ' 9 t + 6 , con t(0,24) a) Estudie los intervalos en los que la función c es creciente. b) Analice los puntos críticos de la función c, indicando en cuáles se alcanza el máximo y el mínimo relativos. c) Halle la expresión analítica de la función c, sabiendo que la cotización en bolsa de la empresa era de 50 euros en el instante inicial SOCIALES II. 2024. MODELO. EJERCICIO 2",enunciados_PNG/2024 - Funciones CCSS_png/2024_modelo_2.png,2024 - Funciones CCSS.pdf,
matesccss,Funciones CCSS,2025,Junio,EJERCICIO B2,Un periódico digital ha publicado una noticia de última hora. El número de personas que han visto la noticia t horas después de su lanzamiento viene modelado por la función: N ( t ) = 5 0 0 0 0 0  ( 1 − e − 0 '2 t ) ; t  0 a) Estudie la monotonía y curvatura de la función N. b) Represente gráficamente la función N y describa su tendencia a lo largo del tiempo. c) ¿Cuánto tiempo ha debido pasar para que la noticia haya sido vista por 450000 personas?. d) La velocidad de difusión de la noticia (número de personas por hora que han visto la publicación) es N ' ( t ) . ¿Qué conclusión se obtiene al comparar N ' ( t ) en los instantes t = 1 y t = 1 0 ? SOCIALES II. 2025. JUNIO. EJERCICIO B2,enunciados_PNG/2025 - Funciones CCSS_png/2025_junio_b2.png,2025 - Funciones CCSS.pdf,
matesccss,Funciones CCSS,2025,Junio,EJERCICIO B3,"A un paciente con diabetes se le monitoriza durante un día completo, suministrándole un medicamento a mediodía para observar su reacción. La función que aproxima la cantidad de glucosa en sangre (mg/dl) del paciente, en cada instante t(horas) , es: f ( t ) =  5 6 t  2 t 3 − 3 4 − 0 1 t 2 + t 5 2 4 + 6 1 0 8 t + 1 0 8  s s i i 1 0 2   t t   1 2 2 4 . a) Halle en qué periodos de tiempo el nivel de glucosa va aumentando. b) ¿En qué momentos del día el paciente tiene los niveles más alto y más bajo de glucosa en sangre y a cuánto ascienden?. c) ¿En qué momentos, después del mediodía, el paciente tiene 155 mg/dl? SOCIALES II. 2025 JUNIO. EJERCICIO B3",enunciados_PNG/2025 - Funciones CCSS_png/2025_junio_b3.png,2025 - Funciones CCSS.pdf,
matesccss,Funciones CCSS,2025,Reserva 1,EJERCICIO B3," aex+1 x −1  a) Se considera la función: f(x)=  x 2 −2 −1 x 2  blog(12− x) 2 x12  siendo a y b números reales. Determine los valores de a y b para que la función f sea continua en su dominio. b) Represente el recinto acotado, limitado por la recta y = − x + 3 y la parábola y = − x 2 + 5 . Calcule el área del recinto. SOCIALES II. 2025. RESERVA 1. EJERCICIO B3",enunciados_PNG/2025 - Funciones CCSS_png/2025_reserva_1_b3.png,2025 - Funciones CCSS.pdf,
matesccss,Funciones CCSS,2025,Reserva 1,EJERCICIO B4,"El nivel de concentración de un alumno universitario durante un examen viene dado por la siguiente función: f ( t ) =  − t t 2 2 + + 2 a t t + + 1 b 0 0 2 '  5 t   t 2  ' 5 5 donde t es el tiempo en horas y a y b números reales. a) ¿Con qué nivel de concentración el alumno comienza el examen? Determine los valores de a y b para que la función sea continua y derivable en t = 2 ' 5 . b) Para a = − 8 y b = 2 2 ' 5 , esboce la gráfica de la función f, estudiando previamente la monotonía y calculando en qué momentos se alcanzan los niveles máximo y mínimo de concentración. SOCIALES II. 2025. RESERVA 1. EJERCICIO B4",enunciados_PNG/2025 - Funciones CCSS_png/2025_reserva_1_b4.png,2025 - Funciones CCSS.pdf,
matesccss,Funciones CCSS,2025,Reserva 2,EJERCICIO B3,"El índice de audiencia de un programa de radio se puede modelizar por una función del tipo: f ( t ) = a t 2 + b t + c t   0 , 6 0  donde t es el tiempo medido en minutos y a , b , c  . Se sabe que cuando comienza el programa el índice de audiencia es 20 puntos y que a los 40 minutos se alcanza el máximo índice de audiencia, que es 36 puntos. Determine a, b y c y represente gráficamente la función obtenida. b) Calcule la derivada de las siguientes funciones: g ( x ) = l n  x x 2 2 − + 1 1  h ( x ) = ( 2 x − 1 )  e x 2 − x SOCIALES II. 2025 RESERVA 2. EJERCICIO B3",enunciados_PNG/2025 - Funciones CCSS_png/2025_reserva_2_b3.png,2025 - Funciones CCSS.pdf,
matesccss,Funciones CCSS,2025,Reserva 2,EJERCICIO B4,Se considera la función f ( x ) =  1 x 1 0 0 2 + + − 5 x 2 1 5 x 2 s i s i s i − x 2 x    − x 2  2 2 a) Estudie la continuidad y derivabilidad de f en el punto de abscisa x = − 2 . b) Calcule la ecuación de la recta tangente a la gráfica de la función f con pendiente − 1 . c) Represente la región del plano acotada superiormente por la gráfica de f e inferiormente por el eje de abscisas. Calcule el área de dicha región. SOCIALES II. 2025 RESERVA 2. EJERCICIO B4,enunciados_PNG/2025 - Funciones CCSS_png/2025_reserva_2_b4.png,2025 - Funciones CCSS.pdf,
matesccss,Funciones CCSS,2025,Reserva 3,EJERCICIO B3,"Un grupo de emprendedores valora crear una empresa y, para ello, ha encargado un estudio de mercado en el que se estima que los beneficios para los próximos 10 años, en millones de euros, vendrán dados por la función: B ( t ) = t 3 + t 2 − 1 0  t  1 0 donde t representa los años transcurridos desde la apertura de la empresa. a) ¿En qué intervalo de tiempo la empresa no tendrá beneficios? b) ¿En qué momento se alcanza el máximo beneficio y a cuánto asciende su valor? c) ¿Cuánto tiempo ha de pasar para que la empresa obtenga un beneficio de 800.000 €? d) Si la función de beneficios se mantuviera y transcurrieran los años de manera indefinida, ¿A que valor tendería el beneficio de la empresa?. SOCIALES II. 2025 RESERVA 3. EJERCICIO B3",enunciados_PNG/2025 - Funciones CCSS_png/2025_reserva_3_b3.png,2025 - Funciones CCSS.pdf,
matesccss,Funciones CCSS,2025,Reserva 3,EJERCICIO B4,"Las ventas de un producto (en miles de euros), en los 6 primeros años desde que se lanzó una campaña de publicidad, evolucionan de acuerdo con la siguiente función: V ( t ) = 4 t 3 − 2 4 t 2 + 3 6 t + 1 0 0 0  t  6 siendo t el tiempo transcurrido en años. a) Estudie el crecimiento y decrecimiento de las ventas a lo largo de los 6 años. Calcule los extremos. b) Represente gráficamente la función V. c) Calcule el área de la región limitada por la gráfica de V, la recta t = 6y los ejes de coordenadas. SOCIALES II. 2025 RESERVA 3. EJERCICIO B4",enunciados_PNG/2025 - Funciones CCSS_png/2025_reserva_3_b4.png,2025 - Funciones CCSS.pdf,
matesccss,Funciones CCSS,2025,Reserva 4,EJERCICIO B3,"El Cesio 137 es un elemento radioactivo que se usa, entre otros, para tratamientos de radioterapia. La cantidad (en mg) de Cesio 137 que queda en el lugar de almacenamiento, transcurrido un número de años t, viene dada por la función: f ( t ) = 1 0   1 2  t3 0 t  0 a) Calcule los años que deben pasar para que la cantidad de Cesio 137 que quede en el almacén sea la mitad de la que había al inicio. b) Calcule la ecuación de la recta tangente a la gráfica de la función f, en el punto de abscisa t = 1 0 . c) Indique si la función tiene asíntotas horizontales y verticales. En caso afirmativo, calcúlelas. SOCIALES II. 2025 RESERVA 4. EJERCICIO B3",enunciados_PNG/2025 - Funciones CCSS_png/2025_reserva_4_b3.png,2025 - Funciones CCSS.pdf,
matesccss,Funciones CCSS,2025,Julio,EJERCICIO B3,"Trinidad, una persona ahorradora, deposita 5000 € en un fondo de inversión y el capital final que obtiene cuando transcurren t años viene dado por la siguiente función: f ( t ) =  5 0 0 5 0 0  0 ( 0 1  + 1 ' 0 0 ' 5 0 5 t t ) s s i i 0 t   1 t  1 . a) ¿Cuánto tiempo debe mantener invertido el dinero si el capital final que se obtiene es de 5931’10 €?. b) Calcule los intereses que obtiene Trinidad entre el año 2 y el año 4, si se conoce que los intereses que genera esta inversión entre el año t y el año t vienen dado por I = f(t )− f(t ). 1 2 2 1 c) Estudie la continuidad y derivabilidad de la función f d) Estudie la monotonía de la función f y esboce su gráfica. SOCIALES II. 2025 JULIO. EJERCICIO B3",enunciados_PNG/2025 - Funciones CCSS_png/2025_julio_b3.png,2025 - Funciones CCSS.pdf,
matesccss,Funciones CCSS,2026,Modelo,EJERCICIO 2B,"La región que se quiere sembrar con una verdura, coincide con el área de la región acotada delimitada por las gráficas de las funciones f ( x ) = ( x − 1 ) 2 y g ( x ) = 5 − 2 x . a) Represente gráficamente la región acotada delimitada por las gráficas de las funciones f ( x ) y g ( x ) . b) Para realizar dicha siembra, se ha de utilizar simiente cuyo coste es de 150 euros por hectómetro cuadrado. Si en la siembra se desperdicia la tercera parte de la simiente comprada, ¿cuánto costará la simiente que hay que comprar para sembrar toda la región?. c) Si la venta de la verdura producida en cada hectómetro cuadrado supone un ingreso de 300 euros, halle el beneficio obtenido con la venta de toda la cosecha. SOCIALES II. 2026. MODELO. EJERCICIO 2B",enunciados_PNG/2026 - Funciones CCSS_png/2026_modelo_2b.png,2026 - Funciones CCSS.pdf,
matesccss,Funciones CCSS,2026,Junio,EJERCICIO 2,"Se considera la función, siendo a y b números reales: f ( x ) =  3 a 6 x 2 + − 2 0 b x x 1 0 2 0 0 2 5 0 0    x x x    2 0 5 0 6 0 a) Determine los valores de a y b para que la función f sea continua en todo su dominio. 3 b) Para a = 26 y b= − 10 i) Calcule los extremos relativos de f ( x ) . ii) Represente gráficamente f ( x ) . iii) Calcule el área del recinto acotado limitado por el eje OX y la gráfica de la función f ( x ) . SOCIALES II. 2026. JUNIO. EJERCICIO 2",enunciados_PNG/2026 - Funciones CCSS_png/2026_junio_2.png,2026 - Funciones CCSS.pdf,
