asignatura,año,convocatoria,ejercicio,tema,metadata,enunciado,archivo,imagen,aviso
Química,2000,Junio,Ejercicio 1. Opción A,Formulación,QUÍMICA. 2000. JUNIO EJERCICIO 1. OPCIÓN A,"Formule o nombre los siguientes compuestos: a) Óxido de cromo(III); b) Fosfato de calcio;
c) Ácido benzoico; d) BaSO ; e) KNO ; f) CH CH OH.",2000 - Formulación.pdf,enunciados_PNG/2000 - Formulación_png/2000_junio_ejercicio_1_opcion_a_2.png,
Química,2000,Junio,Ejercicio 1. Opción B,Formulación,QUÍMICA. 2000. JUNIO. EJERCICIO 1. OPCIÓN B,"Formule o nombre los compuestos siguientes: a) Sulfato de amonio; b) Hidróxido de cobre(II);
c) Ácido propanoico; d) HI; e) NaHCO ; f) CH NHCH CH .",2000 - Formulación.pdf,enunciados_PNG/2000 - Formulación_png/2000_junio_ejercicio_1_opcion_b_2.png,
Química,2000,Reserva 1,Ejercicio 1. Opción A,Formulación,QUÍMICA. 2000. RESERVA 1. EJERCICIO 1. OPCIÓN A,"Formule o nombre los compuestos siguientes: a) Óxido de platino(IV); b) Yodato de calcio;
c) Benceno; d) H S; e) MnO ; f) CH CH COOCH",2000 - Formulación.pdf,enunciados_PNG/2000 - Formulación_png/2000_reserva_1_ejercicio_1_opcion_a_2.png,
Química,2000,Reserva 1,Ejercicio 1. Opción B,Formulación,QUÍMICA. 2000. RESERVA 1. EJERCICIO 1. OPCIÓN B,"Formule o nombre los compuestos siguientes: a) Hidruro de berilio; b) Carbonato de magnesio;
c) Hexanal; d) AlCl ; e) HgSO ; f) CH CHCHCH",2000 - Formulación.pdf,enunciados_PNG/2000 - Formulación_png/2000_reserva_1_ejercicio_1_opcion_b_2.png,
Química,2000,Reserva 2,Ejercicio 1. Opción A,Formulación,QUÍMICA. 2000. RESERVA 2. EJERCICIO 1. OPCIÓN A,"Formule o nombre los compuestos siguientes: a) Óxido de cobre(I); b) Carbonato de sodio;
c) 2-Butino; d) NH Cl; e) Li SO ; f) CH OHCH OH",2000 - Formulación.pdf,enunciados_PNG/2000 - Formulación_png/2000_reserva_2_ejercicio_1_opcion_a_2.png,
Química,2000,Reserva 2,Ejercicio 1. Opción B,Formulación,QUÍMICA. 2000. RESERVA 2. EJERCICIO 1. OPCIÓN B,"Formule o nombre los compuestos siguientes: a) Fluoruro de hidrógeno; b) Cromato de
mercurio(II) ; c) Tribromometano; d) PCl ; e) NaNO ; f) CH COOH",2000 - Formulación.pdf,enunciados_PNG/2000 - Formulación_png/2000_reserva_2_ejercicio_1_opcion_b_2.png,
Química,2000,Reserva 3,Ejercicio 1. Opción A,Formulación,QUÍMICA. 2000. RESERVA 3. EJERCICIO 1. OPCIÓN A,"Formule o nombre los compuestos siguientes: a) Fluoruro de calcio; b) Óxido de
antimonio(III); c) Nitrobenceno; d) Na O ; e) HClO ; f) CHCH",2000 - Formulación.pdf,enunciados_PNG/2000 - Formulación_png/2000_reserva_3_ejercicio_1_opcion_a_2.png,
Química,2000,Reserva 3,Ejercicio 1. Opción B,Formulación,QUÍMICA. 2000. RESERVA 3. EJERCICIO 1. OPCIÓN B,"Formule o nombre los compuestos siguientes: a) Hidróxido de hierro(III); b) Dióxido de azufre;
c) 2-Cloropropanal; d) PCl ; e) HNO ; f) CH",2000 - Formulación.pdf,enunciados_PNG/2000 - Formulación_png/2000_reserva_3_ejercicio_1_opcion_b_2.png,
Química,2000,Reserva 4,Ejercicio 1. Opción A,Formulación,QUÍMICA. 2000. RESERVA 4. EJERCICIO 1. OPCIÓN A,"Formule o nombre los siguientes compuestos: a) Nitrato de hierro(III); b) Perclorato de
potasio; c) Trietilamina; d) CuO; e) HIO ; f) CH CH OCH CH .",2000 - Formulación.pdf,enunciados_PNG/2000 - Formulación_png/2000_reserva_4_ejercicio_1_opcion_a_2.png,
Química,2000,Reserva 4,Ejercicio 1. Opción B,Formulación,QUÍMICA. 2000. RESERVA 4. EJERCICIO 1. OPCIÓN B,"Formule o nombre los siguientes compuestos: a) Hipobromito de sodio; b) Hidróxido de
estaño(II); c) 1,2-Dibromoeteno; d) CoPO ; e) CaH ; f) CH Cl.",2000 - Formulación.pdf,enunciados_PNG/2000 - Formulación_png/2000_reserva_4_ejercicio_1_opcion_b_2.png,
Química,2000,Septiembre,Ejercicio 1. Opción A,Formulación,QUÍMICA. 2000. SEPTIEMBRE. EJERCICIO 1. OPCIÓN A,"Formule o nombre los compuestos siguientes: a) Pentasulfuro de diarsénico;
b) Hidrogenocarbonato de potasio; c) Ácido 2-hidroxibutanoico; d) Ca(ClO) ; e) N O ;
2 2 5
f) CH COCH",2000 - Formulación.pdf,enunciados_PNG/2000 - Formulación_png/2000_septiembre_ejercicio_1_opcion_a_2.png,
Química,2000,Septiembre,Ejercicio 1. Opción B,Formulación,QUÍMICA. 2000. SEPTIEMBRE. EJERCICIO 1. OPCIÓN B,"Formule o nombre los compuestos siguientes: a) Monóxido de carbono; b) Nitrito de cesio;
c) Propanal; d) ZnO; e) HIO ; f) CH COOCH CH",2000 - Formulación.pdf,enunciados_PNG/2000 - Formulación_png/2000_septiembre_ejercicio_1_opcion_b_2.png,
Química,2001,Junio,Ejercicio 1. Opción A,Formulación,QUÍMICA. 2001. JUNIO. EJERCICIO 1. OPCIÓN A,"Formule o nombre los siguientes compuestos: a) Sulfuro de hidrógeno; b) Nitrito de plata;
c) Clorobenceno; d) Mn(OH) ; e) H SeO ; f) CH CHO",2001 - Formulación.pdf,enunciados_PNG/2001 - Formulación_png/2001_junio_ejercicio_1_opcion_a_2.png,
Química,2001,Junio,Ejercicio 1. Opción B,Formulación,QUÍMICA. 2001. JUNIO. EJERCICIO 1. OPCIÓN B,"Formule o nombre los siguientes compuestos: a) Hidrogenosulfato de potasio; b) Óxido de
vanadio (V); c) Ácido 2-metilpentanoico; d) RbClO ; e) BaCl ; f) CH CH NHCH",2001 - Formulación.pdf,enunciados_PNG/2001 - Formulación_png/2001_junio_ejercicio_1_opcion_b_2.png,
Química,2001,Reserva 1,Ejercicio 1. Opción A,Formulación,QUÍMICA. 2001. RESERVA 1. EJERCICIO 1. OPCIÓN A,"Formule o nombre los siguientes compuestos: a) Sulfito de sodio; b) Hidróxido de níquel(II);
c) Propanal; d) HBrO; e) SnCl ; f) CH CHCHCHCH",2001 - Formulación.pdf,enunciados_PNG/2001 - Formulación_png/2001_reserva_1_ejercicio_1_opcion_a_2.png,
Química,2001,Reserva 1,Ejercicio 1. Opción B,Formulación,QUÍMICA. 2001. RESERVA 1. EJERCICIO 1. OPCIÓN B,"Formule o nombre los siguientes compuestos: a) Ácido cloroso; b) Yoduro de amonio;
c) Ciclohexano; d) As S ; e) KHCO ; f) CH CH COOCH CH",2001 - Formulación.pdf,enunciados_PNG/2001 - Formulación_png/2001_reserva_1_ejercicio_1_opcion_b_2.png,
Química,2001,Reserva 2,Ejercicio 1. Opción A,Formulación,QUÍMICA. 2001. RESERVA 2. EJERCICIO 1. OPCIÓN A,"Formule o nombre los siguientes compuestos: a) Hipoyodito de sodio; b) Óxido de teluro(IV);
c) Fenol; d) LiCl; e) CaH ; f) CH CH OCH CH",2001 - Formulación.pdf,enunciados_PNG/2001 - Formulación_png/2001_reserva_2_ejercicio_1_opcion_a_2.png,
Química,2001,Reserva 2,Ejercicio 1. Opción B,Formulación,QUÍMICA. 2001. RESERVA 2. EJERCICIO 1. OPCIÓN B,"Formule o nombre los siguientes compuestos: a) Perclorato de cromo(III); b) Nitrato de
paladio(II); c) Propanona; d) H SO ; e) CsOH; f) CH CH Br",2001 - Formulación.pdf,enunciados_PNG/2001 - Formulación_png/2001_reserva_2_ejercicio_1_opcion_b_2.png,
Química,2001,Reserva 3,Ejercicio 1. Opción A,Formulación,QUÍMICA. 2001. RESERVA 3. EJERCICIO 1. OPCIÓN A,"Formule o nombre los siguientes compuestos: a) Óxido de magnesio; b) Cromato de
mercurio(I); c) 3-Etil-3-metilpentano; d) PbSO ; e) PH ; f) CH COCH CH",2001 - Formulación.pdf,enunciados_PNG/2001 - Formulación_png/2001_reserva_3_ejercicio_1_opcion_a_2.png,
Química,2001,Reserva 3,Ejercicio 1. Opción B,Formulación,QUÍMICA. 2001. RESERVA 3. EJERCICIO 1. OPCIÓN B,"Formule o nombre los siguientes compuestos: a) Hidróxido de bario; b) Permanganato de litio;
c) Dietil éter; d) Ca (PO ) ; e) B O ; f) CH CH CH Cl",2001 - Formulación.pdf,enunciados_PNG/2001 - Formulación_png/2001_reserva_3_ejercicio_1_opcion_b_2.png,
Química,2001,Reserva 4,Ejercicio 1. Opción A,Formulación,QUÍMICA. 2001. RESERVA 4. EJERCICIO 1. OPCIÓN A,"Formule o nombre los siguientes compuestos: a) Sulfuro de cinc; b) Yodito de cesio;
c) 1,2-Dietilbenceno; d) UO ; e) Sn(NO ) ; f) CH CH COOH",2001 - Formulación.pdf,enunciados_PNG/2001 - Formulación_png/2001_reserva_4_ejercicio_1_opcion_a_2.png,
Química,2001,Reserva 4,Ejercicio 1. Opción B,Formulación,QUÍMICA. 2001. RESERVA 4. EJERCICIO 1. OPCIÓN B,"Formule o nombre los siguientes compuestos: a) Óxido de cobalto (III); b) Tetracloruro de
titanio; c) 1,2,4-Trimetilciclohexano; d) SO ; e) HBrO ; f) CH CH NH",2001 - Formulación.pdf,enunciados_PNG/2001 - Formulación_png/2001_reserva_4_ejercicio_1_opcion_b_2.png,
Química,2001,Septiembre,Ejercicio 1. Opción A,Formulación,QUÍMICA. 2001. SEPTIEMBRE. EJERCICIO 1. OPCIÓN A,"Formule o nombre los siguientes compuestos: a) Cromato de estaño(IV) ; b) Fluoruro de
vanadio(III) ; c) p-Nitrofenol ; d) NaH
2
PO
4
; e) Tl
2
O
3
; f) CH
3
CHCHCH
2
CH",2001 - Formulación.pdf,enunciados_PNG/2001 - Formulación_png/2001_septiembre_ejercicio_1_opcion_a_2.png,
Química,2001,Septiembre,Ejercicio 1. Opción B,Formulación,QUÍMICA. 2001. SEPTIEMBRE. EJERCICIO 1. OPCIÓN B,"Formule o nombre los siguientes compuestos: a) Nitrato de cobre(II) ; b) Hidróxido de cesio ;
c) Ácido benzoico ; d) Bi O ; e) (NH ) S ; f) CH NH",2001 - Formulación.pdf,enunciados_PNG/2001 - Formulación_png/2001_septiembre_ejercicio_1_opcion_b_2.png,
Química,2002,Junio,Ejercicio 1. Opción A,Formulación,QUÍMICA. 2002. JUNIO. EJERCICIO 1. OPCIÓN A,"Formule o nombre los siguientes compuestos: a) Hidróxido de hierro(III); b) Sulfato de
potasio; c) Ciclohexano; d) BaCO ; e) H O ; f) CH CH CHCl",2002 - Formulación.pdf,enunciados_PNG/2002 - Formulación_png/2002_junio_ejercicio_1_opcion_a_2.png,
Química,2002,Junio,Ejercicio 1. Opción B,Formulación,QUÍMICA. 2002. JUNIO. EJERCICIO 1. OPCIÓN B,"Formule o nombre los siguientes compuestos: a) Permanganato de bario; b) Dióxido de azufre;
c) Ácido 3-metilbutanoico; d) NaNO ; e) AgF; f) CH COCH",2002 - Formulación.pdf,enunciados_PNG/2002 - Formulación_png/2002_junio_ejercicio_1_opcion_b_2.png,
Química,2002,Reserva 1,Ejercicio 1. Opción A,Formulación,QUÍMICA. 2002. RESERVA 1. EJERCICIO 1. OPCIÓN A,"Formule o nombre los siguientes compuestos:a) Sulfuro de hidrógeno; b) Óxido de vanadio(V);
c) Ácido 3-metilbutanoico; d) K SO ; e) Hg(OH) ; f) CH CH CHO.",2002 - Formulación.pdf,enunciados_PNG/2002 - Formulación_png/2002_reserva_1_ejercicio_1_opcion_a_2.png,
Química,2002,Reserva 1,Ejercicio 1. Opción B,Formulación,QUÍMICA. 2002. RESERVA 1. EJERCICIO 1. OPCIÓN B,"Formule o nombre los siguientes compuestos: a) Nitrito de hierro(II); b) Peróxido de cobre(II);
c) 3-Pentanona; d) LiH; e) K HPO ; f) CH COOCH CH",2002 - Formulación.pdf,enunciados_PNG/2002 - Formulación_png/2002_reserva_1_ejercicio_1_opcion_b_2.png,
Química,2002,Reserva 2,Ejercicio 1. Opción A,Formulación,QUÍMICA. 2002. RESERVA 2. EJERCICIO 1. OPCIÓN A,"Formule o nombre los siguientes compuestos: a) Hipobromito de sodio; b) Ácido fosfórico ;
c) m-Dimetilbenceno; d) FeO; e) SiI ; f) CH CHCH CH",2002 - Formulación.pdf,enunciados_PNG/2002 - Formulación_png/2002_reserva_2_ejercicio_1_opcion_a_2.png,
Química,2002,Reserva 2,Ejercicio 1. Opción B,Formulación,QUÍMICA. 2002. RESERVA 2. EJERCICIO 1. OPCIÓN B,"Formule o nombre los siguientes compuestos: a) Perclorato de cromo(III); b) Nitrato de
paladio(II); c) 1,3-Propanodiol; d) FeCl ; e) Ag O; f) CH COOCH CH CH .",2002 - Formulación.pdf,enunciados_PNG/2002 - Formulación_png/2002_reserva_2_ejercicio_1_opcion_b_2.png,
Química,2002,Reserva 3,Ejercicio 1. Opción A,Formulación,QUÍMICA. 2002. RESERVA 3. EJERCICIO 1. OPCIÓN A,"Formule o nombre los siguientes compuestos: a) Clorato de calcio; b) Hidróxido de níquel(II);
c) Propanal; d) Na O ; e) Fe S ; f) CH CH NHCH .",2002 - Formulación.pdf,enunciados_PNG/2002 - Formulación_png/2002_reserva_3_ejercicio_1_opcion_a_2.png,
Química,2002,Reserva 3,Ejercicio 1. Opción B,Formulación,QUÍMICA. 2002. RESERVA 3. EJERCICIO 1. OPCIÓN B,"Formule o nombre los siguientes compuestos a) Hidruro de aluminio; b) Hipoyodito de
cobre(II); c) o-Dibromobenceno; d) NH Cl; e) BaCr O ; f) CH CH OCH",2002 - Formulación.pdf,enunciados_PNG/2002 - Formulación_png/2002_reserva_3_ejercicio_1_opcion_b_2.png,
Química,2002,Reserva 4,Ejercicio 1. Opción A,Formulación,QUÍMICA. 2002. RESERVA 4. EJERCICIO 1. OPCIÓN A,"Formule o nombre los siguientes compuestos: a) Nitrato de plata; b) Sulfuro de cobalto(II);
c) o-Nitrofenol; d) SiO ; e) TiF ; f) CH NH",2002 - Formulación.pdf,enunciados_PNG/2002 - Formulación_png/2002_reserva_4_ejercicio_1_opcion_a_2.png,
Química,2002,Reserva 4,Ejercicio 1. Opción B,Formulación,QUÍMICA. 2002. RESERVA 4. EJERCICIO 1. OPCIÓN B,"Formule o nombre los siguientes compuestos: a) Bromato de sodio; b) Ácido sulfuroso;
c) 2-Metil-1-penteno; d) AuCl ; e) LiOH; f) CH CH CH CH OH",2002 - Formulación.pdf,enunciados_PNG/2002 - Formulación_png/2002_reserva_4_ejercicio_1_opcion_b_2.png,
Química,2002,Septiembre,Ejercicio 1. Opción A,Formulación,QUÍMICA. 2002. SEPTIEMBRE. EJERCICIO 1. OPCIÓN A,"Formule o nombre los siguientes compuestos: a) Hidróxido de platino(IV) b) Dióxido de azufre;
c) Propeno; d) KMnO e) CsHSO ; f) CH CH OH",2002 - Formulación.pdf,enunciados_PNG/2002 - Formulación_png/2002_septiembre_ejercicio_1_opcion_a_2.png,
Química,2002,Septiembre,Ejercicio 1. Opción B,Formulación,QUÍMICA. 2002. SEPTIEMBRE. EJERCICIO 1. OPCIÓN B,"Formule o nombre los siguientes compuestos: a) Hidrógenocarbonato de sodio; b) Sulfuro de
plomo(II); c) Benceno; d) Al O ; e) H CrO ; f) CH  CCH",2002 - Formulación.pdf,enunciados_PNG/2002 - Formulación_png/2002_septiembre_ejercicio_1_opcion_b_2.png,
Química,2003,Junio,Ejercicio 1. Opción A,Formulación,QUÍMICA. 2003. JUNIO. EJERCICIO 1. OPCIÓN A,"Formule o nombre los compuestos siguientes: a) Peróxido de bario; b) Ácido clórico; c) 1,2-
Etanodiol; d) MnI ; e) FeSO ; f) CHCH",2003 - Formulación.pdf,enunciados_PNG/2003 - Formulación_png/2003_junio_ejercicio_1_opcion_a_2.png,
Química,2003,Junio,Ejercicio 1. Opción B,Formulación,QUÍMICA. 2003. JUNIO. EJERCICIO 1. OPCIÓN B,"Formule o nombre los compuestos siguientes: a) Hidróxido de plata ; b) Fluoruro de hidrógeno
c) Etanoamida ; d) (NH ) SO ; e) H O ; f) CH CH COOH",2003 - Formulación.pdf,enunciados_PNG/2003 - Formulación_png/2003_junio_ejercicio_1_opcion_b_2.png,
Química,2003,Reserva 1,Ejercicio 1. Opción A,Formulación,QUÍMICA. 2003. RESERVA 1. EJERCICIO 1. OPCIÓN A,"Formule o nombre los compuestos siguientes: a) Sulfito de calcio; b) Hidróxido de estroncio;
c) Metanal; d) PtI ; e) H PO ; f) CH CHCHCH",2003 - Formulación.pdf,enunciados_PNG/2003 - Formulación_png/2003_reserva_1_ejercicio_1_opcion_a_2.png,
Química,2003,Reserva 1,Ejercicio 1. Opción B,Formulación,QUÍMICA. 2003. RESERVA 1. EJERCICIO 1. OPCIÓN B,"Formule o nombre los compuestos siguientes: a) Ácido perclórico; b) Óxido de titanio(IV) ;
c) Fenol ; d) PbF ; e) NH HCO ; f) CH COOCH",2003 - Formulación.pdf,enunciados_PNG/2003 - Formulación_png/2003_reserva_1_ejercicio_1_opcion_b_2.png,
Química,2003,Reserva 2,Ejercicio 1. Opción A,Formulación,QUÍMICA. 2003. RESERVA 2. EJERCICIO 1. OPCIÓN A,"Formule o nombre los compuestos siguientes: a) Óxido de zirconio(IV); b) Sulfuro de
arsénico(III); c) 3-Metilpentano ; d) KMnO ; e) LiH ; f) CH COCH",2003 - Formulación.pdf,enunciados_PNG/2003 - Formulación_png/2003_reserva_2_ejercicio_1_opcion_a_2.png,
Química,2003,Reserva 2,Ejercicio 1. Opción B,Formulación,QUÍMICA. 2003. RESERVA 2. EJERCICIO 1. OPCIÓN B,"Formule o nombre los compuestos siguientes: a) Hidróxido de magnesio; b) Yodato de potasio;
c) Etilmetil éter; d) NaClO; e) H Se; f) CH BrCHBrCH CH",2003 - Formulación.pdf,enunciados_PNG/2003 - Formulación_png/2003_reserva_2_ejercicio_1_opcion_b_2.png,
Química,2003,Reserva 3,Ejercicio 1. Opción A,Formulación,QUÍMICA. 2003. RESERVA 3. EJERCICIO 1. OPCIÓN A,"Formule o nombre los compuestos siguientes: a) Bromuro de hidrógeno; b) Fosfato de litio;
c) 2-Buteno; d) Co(OH) ; e) HNO ; f) CH CHO",2003 - Formulación.pdf,enunciados_PNG/2003 - Formulación_png/2003_reserva_3_ejercicio_1_opcion_a_2.png,
Química,2003,Reserva 3,Ejercicio 1. Opción B,Formulación,QUÍMICA. 2003. RESERVA 3. EJERCICIO 1. OPCIÓN B,"Formule o nombre los compuestos siguientes: a) Hidrogenocarbonato de cesio; b) Óxido de
cadmio; c) o-Dimetilbenceno; d) Al(OH) ; e) CrF ; f) (CH ) N",2003 - Formulación.pdf,enunciados_PNG/2003 - Formulación_png/2003_reserva_3_ejercicio_1_opcion_b_2.png,
Química,2003,Reserva 4,Ejercicio 1. Opción A,Formulación,QUÍMICA. 2003. RESERVA 4. EJERCICIO 1. OPCIÓN A,"Formule o nombre los compuestos siguientes: a) Cromato de calcio; b) Peróxido de estroncio;
c) 2-Pentanona; d) HClO ; e) N O ; f) CH CHCH CHCHCH",2003 - Formulación.pdf,enunciados_PNG/2003 - Formulación_png/2003_reserva_4_ejercicio_1_opcion_a_2.png,
Química,2003,Reserva 4,Ejercicio 1. Opción B,Formulación,QUÍMICA. 2003. RESERVA 4. EJERCICIO 1. OPCIÓN B,"Formule o nombre los compuestos siguientes: a) Sulfuro de cinc; b) Ácido bromoso;
c) Metilpropano; d) CO; e) Fe(NO ) ; f) CH OHCHOHCH OH",2003 - Formulación.pdf,enunciados_PNG/2003 - Formulación_png/2003_reserva_4_ejercicio_1_opcion_b_2.png,
Química,2003,Septiembre,Ejercicio 1. Opción A,Formulación,QUÍMICA. 2003. SEPTIEMBRE. EJERCICIO 1. OPCIÓN A,"Formule o nombre los compuestos siguientes: a) Óxido de cromo(III) ; b) Nitrato de magnesio
c) Ácido benzoico ; d) HgS e) H BO ; f) CHCl",2003 - Formulación.pdf,enunciados_PNG/2003 - Formulación_png/2003_septiembre_ejercicio_1_opcion_a_2.png,
Química,2003,Septiembre,Ejercicio 1. Opción B,Formulación,QUÍMICA. 2003. SEPTIEMBRE. EJERCICIO 1. OPCIÓN B,"Formule o nombre los compuestos siguientes: a) Dihidrogenofosfato de aluminio; b) Cloruro de
estaño(IV) ; c) 2-Propanol ; d) Cu(BrO ) ; e) SbH f) CH OCH",2003 - Formulación.pdf,enunciados_PNG/2003 - Formulación_png/2003_septiembre_ejercicio_1_opcion_b_2.png,
Química,2004,Junio,Ejercicio 1. Opción A,Formulación,QUÍMICA. 2004. JUNIO. EJERCICIO 1. OPCIÓN A,"Formule o nombre los compuestos siguientes: a) Sulfuro de potasio; b) Ácido brómico;
c) Metilciclohexano; d) Bi(OH) ; e) NaH PO ; f) CH  CHCH  CHCH .",2004 - Formulación.pdf,enunciados_PNG/2004 - Formulación_png/2004_junio_ejercicio_1_opcion_a_2.png,
Química,2004,Junio,Ejercicio 1. Opción B,Formulación,QUÍMICA. 2004. JUNIO. EJERCICIO 1. OPCIÓN B,"Formule o nombre los compuestos siguientes: a) Cromato de plata; b) Seleniuro de hidrógeno;
c) Ácido benzoico d) CaH ; e) NO ; f) CH CH OH.",2004 - Formulación.pdf,enunciados_PNG/2004 - Formulación_png/2004_junio_ejercicio_1_opcion_b_2.png,
Química,2004,Reserva 1,Ejercicio 1. Opción A,Formulación,QUÍMICA. 2004. RESERVA 1. EJERCICIO 1. OPCIÓN A,"Formule o nombre los compuestos siguientes: a) Hidróxido de berilio; b) Ácido perclórico;
c) Dietilamina; d) CuBr e) Na Cr O ; f) CH CHO.",2004 - Formulación.pdf,enunciados_PNG/2004 - Formulación_png/2004_reserva_1_ejercicio_1_opcion_a_2.png,
Química,2004,Reserva 1,Ejercicio 1. Opción B,Formulación,QUÍMICA. 2004. RESERVA 1. EJERCICIO 1. OPCIÓN B,"Formule o nombre los compuestos siguientes: a) Hidruro de magnesio; b) Sulfato de potasio;
c) 3-Metilhexano; d) Sb O ; e) HIO ; f) CH CHFCH .",2004 - Formulación.pdf,enunciados_PNG/2004 - Formulación_png/2004_reserva_1_ejercicio_1_opcion_b_2.png,
Química,2004,Reserva 2,Ejercicio 1. Opción A,Formulación,QUÍMICA. 2004. RESERVA 2. EJERCICIO 1. OPCIÓN A,"Formule o nombre los compuestos siguientes: a) Ácido cloroso; b) Hidróxido de magnesio;
c) Metanol; d) Na S; e) CoPO ; f) CH CCH.",2004 - Formulación.pdf,enunciados_PNG/2004 - Formulación_png/2004_reserva_2_ejercicio_1_opcion_a_2.png,
Química,2004,Reserva 2,Ejercicio 1. Opción B,Formulación,QUÍMICA. 2004. RESERVA 2. EJERCICIO 1. OPCIÓN B,"Formule o nombre los compuestos siguientes: a) Óxido de oro(III); b) Nitrito de cinc;
c) o-Bromofenol; d) Al(HSO ) ; e) SiCl ; f) CH CH COOCH .",2004 - Formulación.pdf,enunciados_PNG/2004 - Formulación_png/2004_reserva_2_ejercicio_1_opcion_b_2.png,
Química,2004,Reserva 3,Ejercicio 1. Opción A,Formulación,QUÍMICA. 2004. RESERVA 3. EJERCICIO 1. OPCIÓN A,"Formule o nombre los compuestos siguientes: a) Óxido de platino(II); b) Nitrato de hierro(III);
c) 1,2-Dicloroetano; d) NaH; e) HBrO; f) CH CH COCH .",2004 - Formulación.pdf,enunciados_PNG/2004 - Formulación_png/2004_reserva_3_ejercicio_1_opcion_a_2.png,
Química,2004,Reserva 3,Ejercicio 1. Opción B,Formulación,QUÍMICA. 2004. RESERVA 3. EJERCICIO 1. OPCIÓN B,"Formule o nombre los compuestos siguientes: a) Peróxido de bario; b) Fluoruro de plomo(II) ;
c) Metano d) Bi O ; e) H SO ; f) CH CH CONH",2004 - Formulación.pdf,enunciados_PNG/2004 - Formulación_png/2004_reserva_3_ejercicio_1_opcion_b_2.png,
Química,2004,Reserva 4,Ejercicio 1. Opción A,Formulación,QUÍMICA. 2004. RESERVA 4. EJERCICIO 1. OPCIÓN A,"Formule o nombre los compuestos siguientes: a) Peróxido de estroncio; b) Cromato de
estaño(IV) ; c) 2-Butanol ; d) Li SO ; e) KOH ; f) CH CHBr",2004 - Formulación.pdf,enunciados_PNG/2004 - Formulación_png/2004_reserva_4_ejercicio_1_opcion_a_2.png,
Química,2004,Reserva 4,Ejercicio 1. Opción B,Formulación,QUÍMICA. 2004. RESERVA 4. EJERCICIO 1. OPCIÓN B,"Formule o nombre los compuestos siguientes: a) Hidruro de berilio ; b) Permanganato de sodio
c) Ácido propenoico ; d) N O ; e) Ca(BrO ) ; f) CH OCH",2004 - Formulación.pdf,enunciados_PNG/2004 - Formulación_png/2004_reserva_4_ejercicio_1_opcion_b_2.png,
Química,2004,Septiembre,Ejercicio 1. Opción A,Formulación,QUÍMICA. 2004. SEPTIEMBRE. EJERCICIO 1. OPCIÓN A,"Formule o nombre los compuestos siguientes: a) Fluoruro de hidrógeno ; b) Hidróxido de litio ;
c) Nitrobenceno ; d) Na O ; e) Ni(ClO ) ; f) CH CHCH CH",2004 - Formulación.pdf,enunciados_PNG/2004 - Formulación_png/2004_septiembre_ejercicio_1_opcion_a_2.png,
Química,2004,Septiembre,Ejercicio 1. Opción B,Formulación,QUÍMICA. 2004. SEPTIEMBRE. EJERCICIO 1. OPCIÓN B,"Formule o nombre los compuestos siguientes: a) Nitrito de sodio ; b) Hidrogenocarbonato de
potasio ; c) Ácido 2-hidroxibutanoico ; d) NH Cl ; e) SO ; f) (CH ) N",2004 - Formulación.pdf,enunciados_PNG/2004 - Formulación_png/2004_septiembre_ejercicio_1_opcion_b_2.png,
Química,2005,Junio,Ejercicio 1. Opción A,Formulación,QUÍMICA. 2005. JUNIO. EJERCICIO 1. OPCIÓN A,"Formule o nombre los compuestos siguientes: a) Nitrito de hierro(II); b) Hidruro de berilio;
c) Trimetilamina; d) TiO ; e) KOH; f) HOCH COOH",2005 - Formulación.pdf,enunciados_PNG/2005 - Formulación_png/2005_junio_ejercicio_1_opcion_a_2.png,
Química,2005,Junio,Ejercicio 1. Opción B,Formulación,QUÍMICA. 2005. JUNIO. EJERCICIO 1. OPCIÓN B,"Formule o nombre los compuestos siguientes: a) Yoduro de oro(III); b) Peróxido de hidrógeno;
c) 2-Buteno; d) KMnO ; e) HBrO ; f) CH COCH .",2005 - Formulación.pdf,enunciados_PNG/2005 - Formulación_png/2005_junio_ejercicio_1_opcion_b_2.png,
asignatura_desconocida,2005,Reserva 1,Ejercicio 1. Opción A,Formulación,QUIMICA. 2005. RESERVA 1. EJERCICIO 1. OPCIÓN A,"Formule o nombre los compuestos siguientes : a) Sulfito de manganeso(II); b) Cloruro de
amonio; c) m-Dimetilbenceno; d) CaO; e) GaH ; f) CH COOH.",2005 - Formulación.pdf,enunciados_PNG/2005 - Formulación_png/2005_reserva_1_ejercicio_1_opcion_a_2.png,
asignatura_desconocida,2005,Reserva 1,Ejercicio 1. Opción B,Formulación,QUIMICA. 2005. RESERVA 1. EJERCICIO 1. OPCIÓN B,"Formule o nombre los compuestos siguientes: a) Hidróxido de hierro(III); b) Ácido crómico;
c) 2-Butino; d) N O; e) CdS; f) CH NHCH .",2005 - Formulación.pdf,enunciados_PNG/2005 - Formulación_png/2005_reserva_1_ejercicio_1_opcion_b_2.png,
asignatura_desconocida,2005,Reserva 2,Ejercicio 1. Opción A,Formulación,QUIMICA. 2005. RESERVA 2 EJERCICIO 1. OPCIÓN A,"Formule o nombre los compuestos siguientes: a) Hidrogenosulfato de potasio; b) Óxido de
aluminio; c) Metilbutano; d) SF ; e) HIO; f) CH CHOHCH .",2005 - Formulación.pdf,enunciados_PNG/2005 - Formulación_png/2005_reserva_2_ejercicio_1_opcion_a_2.png,
asignatura_desconocida,2005,Reserva 2,Ejercicio 1. Opción B,Formulación,QUIMICA. 2005. RESERVA 2 EJERCICIO 1. OPCIÓN B,"Formule o nombre los compuestos siguientes: a) Hidróxido de magnesio; b) Yodato de bario;
c) Ácido propanoico; d) H PO ; e) K O ; f) CH CH CHO.",2005 - Formulación.pdf,enunciados_PNG/2005 - Formulación_png/2005_reserva_2_ejercicio_1_opcion_b_2.png,
asignatura_desconocida,2005,Reserva 3,Ejercicio 1 O Pción A,Formulación,QUIMICA. 2005. RESERVA 3 EJERCICIO 1 O PCIÓN A,"Formule o nombre los compuestos siguientes: a) Sulfuro de hidrógeno; b) Tetrahidruro de
silicio; c) Fenol; d) LiClO ; e) MnO ; f) CH CH CHCH CH .",2005 - Formulación.pdf,enunciados_PNG/2005 - Formulación_png/2005_reserva_3_ejercicio_1_o_pcion_a_2.png,
asignatura_desconocida,2005,Reserva 3,Ejercicio 1 Opción B,Formulación,QUIMICA. 2005. RESERVA 3 EJERCICIO 1 OPCIÓN B,"Formule o nombre los compuestos siguientes: a) Sulfato de aluminio; b) Hidróxido de
mercurio(II); c) 2-Metil-3-hexanol; d) HNO ; e) Cl O ; f) CH CH OCH CH .",2005 - Formulación.pdf,enunciados_PNG/2005 - Formulación_png/2005_reserva_3_ejercicio_1_opcion_b_2.png,
asignatura_desconocida,2005,Reserva 4,Ejercicio 1 Opción A,Formulación,QUIMICA. 2005. RESERVA 4 EJERCICIO 1 OPCIÓN A,"Formule o nombre los compuestos siguientes: a) Trióxido de azufre; b) Peróxido de calcio;
c) Ciclohexanona; d) HIO ; e) Al(HSeO ) ; f) CH COOCH CH",2005 - Formulación.pdf,enunciados_PNG/2005 - Formulación_png/2005_reserva_4_ejercicio_1_opcion_a_2.png,
asignatura_desconocida,2005,Reserva 4,Ejercicio 1 Opción B,Formulación,QUIMICA. 2005. RESERVA 4 EJERCICIO 1 OPCIÓN B,"Formule o nombre los compuestos siguientes: a) Ortoarseniato de sodio; b) Cloruro de amonio;
c) 1,4-Butanodiol; d) Co(OH) ; e) NH ; f) CH OCH CH CH .",2005 - Formulación.pdf,enunciados_PNG/2005 - Formulación_png/2005_reserva_4_ejercicio_1_opcion_b_2.png,
Química,2005,Septiembre,Ejercicio 1. Opción A,Formulación,QUÍMICA. 2005. SEPTIEMBRE. EJERCICIO 1. OPCIÓN A,"Formule o nombre los compuestos siguientes: a) Óxido de cobalto(II); b) Dicromato de potasio;
c) Propino; d) Sn(OH) ; e) HBrO ; f) CH CONH",2005 - Formulación.pdf,enunciados_PNG/2005 - Formulación_png/2005_septiembre_ejercicio_1_opcion_a_2.png,
Química,2005,Septiembre,Ejercicio 1. Opción B,Formulación,QUÍMICA. 2005. SEPTIEMBRE. EJERCICIO 1. OPCIÓN B,"Formule o nombre los compuestos siguientes: a) Hidrogenocarbonato de sodio; b) Peróxido de
estroncio; c) Nitrobenceno; d) PH ; e) Ag CrO ; f) CH CH CHClCH CH",2005 - Formulación.pdf,enunciados_PNG/2005 - Formulación_png/2005_septiembre_ejercicio_1_opcion_b_2.png,
Química,2006,Junio,Ejercicio 1. Opción A,Formulación,QUÍMICA. 2006. JUNIO. EJERCICIO 1. OPCIÓN A,"Formule o nombre los compuestos siguientes: a) Nitrato de hierro(II); b) Sulfuro de hidrógeno;
c) 1,3-Butenol; d) As O ; e) Cr(OH) ; f) HCOOH",2006 - Formulación.pdf,enunciados_PNG/2006 - Formulación_png/2006_junio_ejercicio_1_opcion_a_2.png,
Química,2006,Junio,Ejercicio 1. Opción B,Formulación,QUÍMICA. 2006. JUNIO. EJERCICIO 1. OPCIÓN B,"Formule o nombre los compuestos siguientes: a) Ácido nitroso; b) Yoduro de níquel(II);
c) 1,2-Etanodiol; d) HMnO ; e) ZrO ; f) HOCH CHO.",2006 - Formulación.pdf,enunciados_PNG/2006 - Formulación_png/2006_junio_ejercicio_1_opcion_b_2.png,
Química,2006,Reserva 1,Ejercicio 1. Opción A,Formulación,QUÍMICA. 2006. RESERVA 1. EJERCICIO 1. OPCIÓN A,"Formule o nombre los compuestos siguientes: a) Ácido yódico; b) Hidróxido de cromo(III);
c) Butanal; d) Ni (PO ) ; e) SnO ; f) CH CHCH COCH",2006 - Formulación.pdf,enunciados_PNG/2006 - Formulación_png/2006_reserva_1_ejercicio_1_opcion_a_2.png,
Química,2006,Reserva 1,Ejercicio 1. Opción B,Formulación,QUÍMICA. 2006. RESERVA 1. EJERCICIO 1. OPCIÓN B,"Formule o nombre los compuestos siguientes: a) Óxido de mercurio(II); b) Clorato de potasio
c) Ácido 3-metilhexanoico; d) MgH ; e) Co(OH) ; f) CH CH NHCH .",2006 - Formulación.pdf,enunciados_PNG/2006 - Formulación_png/2006_reserva_1_ejercicio_1_opcion_b_2.png,
Química,2006,Reserva 2,Ejercicio 1. Opción A,Formulación,QUÍMICA. 2006. RESERVA 2. EJERCICIO 1. OPCIÓN A,"Formule o nombre los compuestos siguientes: a) Hidrogenocarbonato de sodio; b) Óxido de
manganeso(III); c) Ácido 2-aminobutanoico; d) Na CrO ; e) CuI f) CH CH CH NH",2006 - Formulación.pdf,enunciados_PNG/2006 - Formulación_png/2006_reserva_2_ejercicio_1_opcion_a_2.png,
Química,2006,Reserva 2,Ejercicio 1. Opción B,Formulación,QUÍMICA. 2006. RESERVA 2. EJERCICIO 1. OPCIÓN B,"Formule o nombre los compuestos siguientes: a) Sulfito de estaño(II) b) Hidróxido de cobre(II);
c) m-Dimetilbenceno; d) Ag O; e) KBrO; f) CH OCH CH CH .",2006 - Formulación.pdf,enunciados_PNG/2006 - Formulación_png/2006_reserva_2_ejercicio_1_opcion_b_2.png,
Química,2006,Reserva 3,Ejercicio 1. Opción A,Formulación,QUÍMICA. 2006. RESERVA 3. EJERCICIO 1. OPCIÓN A,"Formule o nombre los compuestos siguientes: a) Óxido de vanadio(V); b) Nitrato de calcio;
c) Ácido pentanoico; d) BaCrO ; e) Mg(OH) ; f) HCHO.",2006 - Formulación.pdf,enunciados_PNG/2006 - Formulación_png/2006_reserva_3_ejercicio_1_opcion_a_2.png,
Química,2006,Reserva 3,Ejercicio 1. Opción B,Formulación,QUÍMICA. 2006. RESERVA 3. EJERCICIO 1. OPCIÓN B,"Formule o nombre los compuestos siguientes: a) Fosfato de cobalto(III); b) Peróxido de bario;
c) Dimetilamina; d) BeH ; e) H SO ; f) CH OCH CH .",2006 - Formulación.pdf,enunciados_PNG/2006 - Formulación_png/2006_reserva_3_ejercicio_1_opcion_b_2.png,
Química,2006,Reserva 4,Ejercicio 1. Opción A,Formulación,QUÍMICA. 2006. RESERVA 4. EJERCICIO 1. OPCIÓN A,"Formule o nombre los compuestos siguientes: a) Yoduro de mercurio(I); b) Hipoclorito de
calcio; c) Fenol; d) N O; e) NH MnO ; f) CH CONH .",2006 - Formulación.pdf,enunciados_PNG/2006 - Formulación_png/2006_reserva_4_ejercicio_1_opcion_a_2.png,
Química,2006,Reserva 4,Ejercicio 1. Opción B,Formulación,QUÍMICA. 2006. RESERVA 4. EJERCICIO 1. OPCIÓN B,"Formule o nombre los compuestos siguientes: a) Nitrito de plata; b) Peróxido de estroncio;
c) Dimetil éter; d) K O; e) FeCl ; f) CH CH CHOHCOOH.",2006 - Formulación.pdf,enunciados_PNG/2006 - Formulación_png/2006_reserva_4_ejercicio_1_opcion_b_2.png,
Química,2006,Septiembre,Ejercicio 1. Opción A,Formulación,QUÍMICA. 2006. SEPTIEMBRE. EJERCICIO 1. OPCIÓN A,"Formule o nombre los compuestos siguientes: a) Sulfito de aluminio; b) Hidróxido de berilio;
c) 1-Butino; d) WO ; e) NH F; f) CH CHCH(CH )CH",2006 - Formulación.pdf,enunciados_PNG/2006 - Formulación_png/2006_septiembre_ejercicio_1_opcion_a_2.png,
Química,2006,Septiembre,Ejercicio 1. Opción B,Formulación,QUÍMICA. 2006. SEPTIEMBRE. EJERCICIO 1. OPCIÓN B,"Formule o nombre los compuestos siguientes: a) Ácido hipocloroso; b) Fosfato de plata;
c) 2-Pentanol; d) PbO ; e) NaH; f) HOOCCH COOH.",2006 - Formulación.pdf,enunciados_PNG/2006 - Formulación_png/2006_septiembre_ejercicio_1_opcion_b_2.png,
Química,2007,Junio,Ejercicio 1. Opción A,Formulación,QUÍMICA. 2007. JUNIO EJERCICIO 1. OPCIÓN A,"Formule o nombre los compuestos siguientes: a) Bromuro de cadmio; b) Sulfato de calcio;
c) 1,3-Dinitrobenceno; d) NaOH; e) CF ; f) CHCCH CH OH.",2007 - Formulación.pdf,enunciados_PNG/2007 - Formulación_png/2007_junio_ejercicio_1_opcion_a_2.png,
Química,2007,Junio,Ejercicio 1. Opción B,Formulación,QUÍMICA. 2007. JUNIO EJERCICIO 1. OPCIÓN B,"Formule o nombre los compuestos siguientes: a) Hidróxido de antimonio(V); b) Perclorato de
berilio; c) Dimetil éter; d) V O ; e) H S ; f) CH CONH",2007 - Formulación.pdf,enunciados_PNG/2007 - Formulación_png/2007_junio_ejercicio_1_opcion_b_2.png,
Química,2007,Reserva 1,Ejercicio 1. Opción A,Formulación,QUÍMICA. 2007. RESERVA 1. EJERCICIO 1. OPCIÓN A,"Formule o nombre los compuestos siguientes: a) Nitrato de magnesio; b) Óxido de cinc;
c) Etilmetilamina; d) Al (CO ) ; e) HCl; f) CH CH CHO.",2007 - Formulación.pdf,enunciados_PNG/2007 - Formulación_png/2007_reserva_1_ejercicio_1_opcion_a_2.png,
Química,2007,Reserva 1,Ejercicio 1. Opción B,Formulación,QUÍMICA. 2007. RESERVA 1. EJERCICIO 1. OPCIÓN B,"Formule o nombre los compuestos siguientes: a) Sulfato de níquel(III); b) Cloruro de amonio;
c) Ácido 2-cloropentanoico; d) OsO ; e) NaH; f) CH OCH CH .",2007 - Formulación.pdf,enunciados_PNG/2007 - Formulación_png/2007_reserva_1_ejercicio_1_opcion_b_2.png,
Química,2007,Reserva 2,Ejercicio 1. Opción A,Formulación,QUÍMICA. 2007. RESERVA 2. EJERCICIO 1. OPCIÓN A,"Formule o nombre los compuestos siguientes: a) Sulfuro de mercurio(II); b) Ácido nítrico;
c) Metilciclohexano; d) B O ; e) CuOH; f) CH CH COCH .",2007 - Formulación.pdf,enunciados_PNG/2007 - Formulación_png/2007_reserva_2_ejercicio_1_opcion_a_2.png,
Química,2007,Reserva 2,Ejercicio 1. Opción B,Formulación,QUÍMICA. 2007. RESERVA 2. EJERCICIO 1. OPCIÓN B,"Formule o nombre los compuestos siguientes: a) Hidróxido de plomo(IV); b) Clorito de bario;
c) 5-Hidroxipentan-2-ona; d) LiHSO ; e) K O ; f) CH CHCHCH .",2007 - Formulación.pdf,enunciados_PNG/2007 - Formulación_png/2007_reserva_2_ejercicio_1_opcion_b_2.png,
Química,2007,Reserva 3,Ejercicio 1. Opción A,Formulación,QUÍMICA. 2007. RESERVA 3. EJERCICIO 1. OPCIÓN A,"Formule o nombre los compuestos siguientes: a) Arseniato de cobalto(II); b) Sulfuro de
galio(III) c) 1,2-Diclorobenceno; d) Sc O ; e) H PO ; f) CH CH CH OH.",2007 - Formulación.pdf,enunciados_PNG/2007 - Formulación_png/2007_reserva_3_ejercicio_1_opcion_a_2.png,
Química,2007,Reserva 3,Ejercicio 1. Opción B,Formulación,QUÍMICA. 2007. RESERVA 3. EJERCICIO 1. OPCIÓN B,"Formule o nombre los compuestos siguientes: a) Permanganato de potasio; b) Seleniuro de
plata; c) Butilamina; d) SO ; e) H O ; f) CH CH CHICH .",2007 - Formulación.pdf,enunciados_PNG/2007 - Formulación_png/2007_reserva_3_ejercicio_1_opcion_b_2.png,
Química,2007,Reserva 4,Ejercicio 1. Opción A,Formulación,QUÍMICA. 2007. RESERVA 4. EJERCICIO 1. OPCIÓN A,"Formule o nombre los compuestos siguientes: a) Yodito de estroncio; b) Hidróxido de
estaño(IV) c) Metilpentan-3-ona; d) SiH ; e) CsCl; f) BrCH CH OH.",2007 - Formulación.pdf,enunciados_PNG/2007 - Formulación_png/2007_reserva_4_ejercicio_1_opcion_a_2.png,
Química,2007,Reserva 4,Ejercicio 1. Opción B,Formulación,QUÍMICA. 2007. RESERVA 4. EJERCICIO 1. OPCIÓN B,"Formule o nombre los compuestos siguientes: a) Cromato de paladio(II); b) Nitrito de
cobre(II); c) Ácido etanoico; d) PtO ; e) HIO ; f) CH CH COOCH .",2007 - Formulación.pdf,enunciados_PNG/2007 - Formulación_png/2007_reserva_4_ejercicio_1_opcion_b_2.png,
Química,2007,Septiembre,Ejercicio 1. Opción A,Formulación,QUÍMICA. 2007. SEPTIEMBRE. EJERCICIO 1. OPCIÓN A,"Formule o nombre los compuestos siguientes: a) Ácido sulfúrico; b) Hipoclorito de sodio;
c) Metilbutano; d) Bi O ; e) PH ; f) CH NH .",2007 - Formulación.pdf,enunciados_PNG/2007 - Formulación_png/2007_septiembre_ejercicio_1_opcion_a_2.png,
Química,2007,Septiembre,Ejercicio 1. Opción B,Formulación,QUÍMICA. 2007. SEPTIEMBRE. EJERCICIO 1. OPCIÓN B,"Formule o nombre los compuestos siguientes: a) Dicromato de hierro(III); b) Sulfato de
manganeso(II); c) Etanal; d) CaH ; e) HClO ; f) ClCH COOH",2007 - Formulación.pdf,enunciados_PNG/2007 - Formulación_png/2007_septiembre_ejercicio_1_opcion_b_2.png,
Química,2008,Junio,Ejercicio 1. Opción A,Formulación,QUÍMICA. 2008. JUNIO EJERCICIO 1. OPCIÓN A,"Formule o nombre los compuestos siguientes: a) Permanganato de cobalto(II); b) Ácido bórico
c) 2-Metilpentano; d) Sr(OH) ; e) KH PO ; f) (CH ) N.",2008 - Formulación.pdf,enunciados_PNG/2008 - Formulación_png/2008_junio_ejercicio_1_opcion_a_2.png,
Química,2008,Junio,Ejercicio 1. Opción B,Formulación,QUÍMICA. 2008. JUNIO EJERCICIO 1. OPCIÓN B,"Formule o nombre los compuestos siguientes: a) Ácido perclórico; b) Seleniuro de hidrógeno;
c) Pent-4-en-2-ol; d) LiH; e) OsO ; f) CH CHO",2008 - Formulación.pdf,enunciados_PNG/2008 - Formulación_png/2008_junio_ejercicio_1_opcion_b_2.png,
Química,2008,Reserva 1,Ejercicio 1. Opción A,Formulación,QUÍMICA. 2008. RESERVA 1 EJERCICIO 1. OPCIÓN A,"Formule o nombre los compuestos siguientes: a) Hidrogenocarbonato de sodio. b) Óxido de
oro(III). c) Metilbutano d) PH . e) HClO . f) CH COOCH .",2008 - Formulación.pdf,enunciados_PNG/2008 - Formulación_png/2008_reserva_1_ejercicio_1_opcion_a_2.png,
Química,2008,Reserva 1,Ejercicio 1. Opción B,Formulación,QUÍMICA. 2008. RESERVA 1 EJERCICIO 1. OPCIÓN B,"Formule o nombre los compuestos siguientes: a) Hidróxido de galio; b) Bromato de estroncio;
c) Propan-1-ol; d) H SO ; e) I O ; f) CH CONH .",2008 - Formulación.pdf,enunciados_PNG/2008 - Formulación_png/2008_reserva_1_ejercicio_1_opcion_b_2.png,
Química,2008,Reserva 2,Ejercicio 1. Opción A,Formulación,QUÍMICA. 2008. RESERVA 2 EJERCICIO 1. OPCIÓN A,"Formule o nombre los compuestos siguientes: a) Dicromato de potasio; b) Hidróxido de
vanadio(V); c) Fenol; d) (NH ) S; e) AlPO ; f) CH CH CH CH CH COOH.",2008 - Formulación.pdf,enunciados_PNG/2008 - Formulación_png/2008_reserva_2_ejercicio_1_opcion_a_2.png,
Química,2008,Reserva 2,Ejercicio 1. Opción B,Formulación,QUÍMICA. 2008. RESERVA 2 EJERCICIO 1. OPCIÓN B,"Formule o nombre los compuestos siguientes: a) Óxido de rubidio; b) Hipoclorito de berilio;
c) Propan-2-amina; d) Sn(CO ) ; e) CCl ; f) CH CH CH",2008 - Formulación.pdf,enunciados_PNG/2008 - Formulación_png/2008_reserva_2_ejercicio_1_opcion_b_2.png,
Química,2008,Reserva 3,Ejercicio 1. Opción A,Formulación,QUÍMICA. 2008. RESERVA 3 EJERCICIO 1. OPCIÓN A,"Formule o nombre los compuestos siguientes: a) Fluoruro de boro; b) Nitrito de cobre(I);
c) Metanal; d) AsH ; e) HIO; f) CH CH CH NH",2008 - Formulación.pdf,enunciados_PNG/2008 - Formulación_png/2008_reserva_3_ejercicio_1_opcion_a_2.png,
Química,2008,Reserva 3,Ejercicio 1. Opción B,Formulación,QUÍMICA. 2008. RESERVA 3 EJERCICIO 1. OPCIÓN B,"Formule o nombre los compuestos siguientes: a) Cromato de plata; b) Peróxido de litio;
c) 1,3-Etilmetilbenceno; d) CO; e) Pb(NO ) ; f) CH COCH CH",2008 - Formulación.pdf,enunciados_PNG/2008 - Formulación_png/2008_reserva_3_ejercicio_1_opcion_b_2.png,
Química,2008,Reserva 4,Ejercicio 1. Opción A,Formulación,QUÍMICA. 2008. RESERVA 4. EJERCICIO 1. OPCIÓN A,"Formule o nombre los compuestos siguientes: a) Carbonato de cinc; b) Óxido de titanio(IV);
c) Ácido etanoico; d) Sc(OH) ; e) HgSO ; f) HCHO.",2008 - Formulación.pdf,enunciados_PNG/2008 - Formulación_png/2008_reserva_4_ejercicio_1_opcion_a_2.png,
Química,2008,Reserva 4,Ejercicio 1. Opción B,Formulación,QUÍMICA. 2008. RESERVA 4. EJERCICIO 1. OPCIÓN B,"Formule o nombre los compuestos siguientes: a) Arseniato de hierro(III). b) Peróxido de
hidrógeno. c) But-3-en-1-ol. d) MgH . e) H S . f) CH CH OCH",2008 - Formulación.pdf,enunciados_PNG/2008 - Formulación_png/2008_reserva_4_ejercicio_1_opcion_b_2.png,
Química,2008,Septiembre,Ejercicio 1. Opción A,Formulación,QUÍMICA. 2008. SEPTIEMBRE. EJERCICIO 1. OPCIÓN A,"Formule o nombre los compuestos siguientes: a) Óxido de paladio(IV); b) Nitrato de
cobalto(III); c) Propanoato de metilo; d) Na O ; e) SiF ; f) CH CH CH",2008 - Formulación.pdf,enunciados_PNG/2008 - Formulación_png/2008_septiembre_ejercicio_1_opcion_a_2.png,
Química,2008,Septiembre,Ejercicio 1. Opción B,Formulación,QUÍMICA. 2008. SEPTIEMBRE. EJERCICIO 1. OPCIÓN B,"Formule o nombre los compuestos siguientes: a) Bromuro de cadmio; b) Ácido selénico;
c) Pent-1,3-dieno; d) Bi O ; e) NH Cl; f) CHCH.",2008 - Formulación.pdf,enunciados_PNG/2008 - Formulación_png/2008_septiembre_ejercicio_1_opcion_b_2.png,
Química,2009,Junio,Ejercicio 1. Opción A,Formulación,QUÍMICA. 2009. JUNIO. EJERCICIO 1. OPCIÓN A,"Formule o nombre los compuestos siguientes: a) Hidróxido de calcio; b) Ácido fosfórico;
c) 1,2-Dimetilbenceno; d) Br O ; e) Fe (SO ) ; f) CH COCH CH",2009 - Formulación.pdf,enunciados_PNG/2009 - Formulación_png/2009_junio_ejercicio_1_opcion_a_2.png,
Química,2009,Junio,Ejercicio 1. Opción B,Formulación,QUÍMICA. 2009. JUNIO. EJERCICIO 1. OPCIÓN B,"Formule o nombre los compuestos siguientes: a) Monóxido de carbono; b) Nitrito de cobre(II);
c) Etilmetil éter; d) LiOH; e) MnS; f) CH CH COOH",2009 - Formulación.pdf,enunciados_PNG/2009 - Formulación_png/2009_junio_ejercicio_1_opcion_b_2.png,
Química,2009,Reserva 1,Ejercicio 1. Opción A,Formulación,QUÍMICA. 2009. RESERVA 1. EJERCICIO 1. OPCIÓN A,"Formule o nombre los compuestos siguientes: a) Telururo de hidrógeno; b) Hidróxido de
mercurio(II); c) Etanal; d) FeCl ; e) K Cr O ; f) CH COCH",2009 - Formulación.pdf,enunciados_PNG/2009 - Formulación_png/2009_reserva_1_ejercicio_1_opcion_a_2.png,
Química,2009,Reserva 1,Ejercicio 1. Opción B,Formulación,QUÍMICA. 2009. RESERVA 1. EJERCICIO 1. OPCIÓN B,"Formule o nombre los compuestos siguientes: a) Cloruro de amonio; b) Ácido selenioso;
c) Etanoato de metilo; d) HClO ; e) Al O ; f) CH CH(NH )COOH.",2009 - Formulación.pdf,enunciados_PNG/2009 - Formulación_png/2009_reserva_1_ejercicio_1_opcion_b_2.png,
Química,2009,Reserva 2,Ejercicio 1. Opción A,Formulación,QUÍMICA. 2009. RESERVA 2. EJERCICIO 1. OPCIÓN A,"Formule o nombre los compuestos siguientes: a) Permanganato de potasio; b) Sulfuro de plata;
c) Heptan-2-ona; d) PtO ; e) Cu(NO ) ; f) CCl",2009 - Formulación.pdf,enunciados_PNG/2009 - Formulación_png/2009_reserva_2_ejercicio_1_opcion_a_2.png,
Química,2009,Reserva 2,Ejercicio 1. Opción B,Formulación,QUÍMICA. 2009. RESERVA 2. EJERCICIO 1. OPCIÓN B,"Formule o nombre los compuestos siguientes: a) Ácido perclórico; b) Hidróxido de paladio(II);
c) Pent-2-eno; d) Na AsO ; e) FeCl ; f) (CH ) CHCH CH CH",2009 - Formulación.pdf,enunciados_PNG/2009 - Formulación_png/2009_reserva_2_ejercicio_1_opcion_b_2.png,
Química,2009,Reserva 3,Ejercicio 1. Opción A,Formulación,QUÍMICA. 2009. RESERVA 3. EJERCICIO 1. OPCIÓN A,"Formule o nombre los compuestos siguientes: a) Amoniaco; b) Hidrogenosulfato de aluminio;
c) Ácido etanoico; d) Ni(OH) ; e) KNO ; f) CH CHCOCH",2009 - Formulación.pdf,enunciados_PNG/2009 - Formulación_png/2009_reserva_3_ejercicio_1_opcion_a_2.png,
Química,2009,Reserva 3,Ejercicio 1. Opción B,Formulación,QUÍMICA. 2009. RESERVA 3. EJERCICIO 1. OPCIÓN B,"Formule o nombre los compuestos siguientes: a) Sulfito de amonio; b) Peróxido de bario;
c) Hexa-1,4-dieno; d) HIO ; e) SO ; f) CH CH NH",2009 - Formulación.pdf,enunciados_PNG/2009 - Formulación_png/2009_reserva_3_ejercicio_1_opcion_b_2.png,
Química,2009,Reserva 4,Ejercicio 1. Opción A,Formulación,QUÍMICA. 2009. RESERVA 4. EJERCICIO 1. OPCIÓN A,"Formule o nombre los compuestos siguientes: a) Acido perbrómico; b) Hidróxido de plata;
c) Dimetilamina; d) NH NO ; e) Cu O; f) CHCl",2009 - Formulación.pdf,enunciados_PNG/2009 - Formulación_png/2009_reserva_4_ejercicio_1_opcion_a_2.png,
Química,2009,Reserva 4,Ejercicio 1. Opción B,Formulación,QUÍMICA. 2009. RESERVA 4. EJERCICIO 1. OPCIÓN B,"Formule o nombre los compuestos siguientes: a) Hidruro de berilio; b) Cromato de bario;
c) Nitrobenceno; d) Ca (PO ) ; e ) H O ; f ) CH CCCH CH Cl",2009 - Formulación.pdf,enunciados_PNG/2009 - Formulación_png/2009_reserva_4_ejercicio_1_opcion_b_2.png,
Química,2009,Septiembre,Ejercicio 1. Opción A,Formulación,QUÍMICA. 2009. SEPTIEMBRE. EJERCICIO 1. OPCIÓN A,"Formule o nombre los compuestos siguientes: a) Fluoruro de calcio; b) Trióxido de wolframio;
c) Metilpropano; d) H S ; e) NaHSO ; f) CH CH(OH)CH",2009 - Formulación.pdf,enunciados_PNG/2009 - Formulación_png/2009_septiembre_ejercicio_1_opcion_a_2.png,
Química,2009,Septiembre,Ejercicio 1. Opción B,Formulación,QUÍMICA. 2009. SEPTIEMBRE. EJERCICIO 1. OPCIÓN B,"Formule o nombre los compuestos siguientes: a) Ácido crómico; b) Hidróxido de cobre(II);
c) Penta-2-ol; d) SrO ; e) AlH ; f) CH CHCH CHCH .",2009 - Formulación.pdf,enunciados_PNG/2009 - Formulación_png/2009_septiembre_ejercicio_1_opcion_b_2.png,
Química,2010,Junio,Ejercicio 1. Opción A,Formulación,QUÍMICA. 2010. JUNIO. EJERCICIO 1. OPCIÓN A,"Formule o nombre los compuestos siguientes: a) Nitrito de plata; b) Hidróxido de magnesio;
c) 1,1 Dicloroetano; d) MoO ; e) Ca (PO ) ; f) CH OHCH OH",2010 - Formulación.pdf,enunciados_PNG/2010 - Formulación_png/2010_junio_ejercicio_1_opcion_a_2.png,
Química,2010,Junio,Ejercicio 1. Opción B,Formulación,QUÍMICA. 2010. JUNIO. EJERCICIO 1. OPCIÓN B,"Formule o nombre los compuestos siguientes: a) Peróxido de rubidio; b) Hidrogenocarbonato
de calcio; c) Butanona; d) BeH ; e) HClO ; f) CH CONH",2010 - Formulación.pdf,enunciados_PNG/2010 - Formulación_png/2010_junio_ejercicio_1_opcion_b_2.png,
Química,2010,Reserva 1,Ejercicio 1. Opción A,Formulación,QUÍMICA. 2010. RESERVA 1. EJERCICIO 1. OPCIÓN A,"Formule o nombre los siguientes compuestos: a) Permanganato de bario; b) Peróxido de
potasio; c) Triclorometano; d) HgO e) ZnS; f) CH CHCH",2010 - Formulación.pdf,enunciados_PNG/2010 - Formulación_png/2010_reserva_1_ejercicio_1_opcion_a_2.png,
Química,2010,Reserva 1,Ejercicio 1. Opción B,Formulación,QUÍMICA. 2010. RESERVA 1. EJERCICIO 1. OPCIÓN B,"Formule o nombre los siguientes compuestos: a) Hidrogenocarbonato de sodio; b) Hidróxido de
cobre(I); c) Pent-1-ino; d) Ca(BrO ) e) PH ; f) CH CH CHO",2010 - Formulación.pdf,enunciados_PNG/2010 - Formulación_png/2010_reserva_1_ejercicio_1_opcion_b_2.png,
Química,2010,Reserva 2,Ejercicio 1. Opción A,Formulación,QUÍMICA. 2010. RESERVA 2. EJERCICIO 1. OPCIÓN A,"Formule o nombre los siguientes compuestos: a) Pentafluoruro de antimonio; b) Óxido de
plomo(II); c) Hex-4-en-2-ol; d) V O e) HNO ; f) CH CCCH",2010 - Formulación.pdf,enunciados_PNG/2010 - Formulación_png/2010_reserva_2_ejercicio_1_opcion_a_2.png,
Química,2010,Reserva 2,Ejercicio 1. Opción B,Formulación,QUÍMICA. 2010. RESERVA 2. EJERCICIO 1. OPCIÓN B,"Formule o nombre los compuestos siguientes: a) Sulfato de manganeso (II); b) Hidróxido de
cesio; c) Fenol; d) TiO ; e) CaHPO ; f) CH CH CH OCH",2010 - Formulación.pdf,enunciados_PNG/2010 - Formulación_png/2010_reserva_2_ejercicio_1_opcion_b_2.png,
Química,2010,Reserva 3,Ejercicio 1. Opción A,Formulación,QUÍMICA. 2010. RESERVA 3. EJERCICIO 1. OPCIÓN A,"Formule o nombre los compuestos siguientes: a) Sulfito de potasio; b) Hidróxido de estroncio;
c) Ciclobutano; d) NaClO; e) CO ; f) CH NHCH",2010 - Formulación.pdf,enunciados_PNG/2010 - Formulación_png/2010_reserva_3_ejercicio_1_opcion_a_2.png,
Química,2010,Reserva 3,Ejercicio 1. Opción B,Formulación,QUÍMICA. 2010. RESERVA 3. EJERCICIO 1. OPCIÓN B,"Formule o nombre los compuestos siguientes: a) Bromuro de hidrógeno; b) Carbonato de
calcio; c) Ácido butanodioico; d) ZnH ; e) AgOH; f) CH CH Cl",2010 - Formulación.pdf,enunciados_PNG/2010 - Formulación_png/2010_reserva_3_ejercicio_1_opcion_b_2.png,
Química,2010,Reserva 4,Ejercicio 1. Opción A,Formulación,QUÍMICA. 2010. RESERVA 4. EJERCICIO 1. OPCIÓN A,"Formule o nombre los compuestos siguientes: a) Dióxido de azufre; b) Ácido hipobromoso;
c) Buta-1,3-dieno; d) Na O ; e) BaCO ; f) CH CH CH COCH",2010 - Formulación.pdf,enunciados_PNG/2010 - Formulación_png/2010_reserva_4_ejercicio_1_opcion_a_2.png,
Química,2010,Reserva 4,Ejercicio 1. Opción B,Formulación,QUÍMICA. 2010. RESERVA 4. EJERCICIO 1. OPCIÓN B,"Formule o nombre los compuestos siguientes: a) Seleniuro de hidrógeno; b) Hidróxido de
cobalto(II); c) Propilamina d) PbCrO e) Au O ; f) CH CH OH",2010 - Formulación.pdf,enunciados_PNG/2010 - Formulación_png/2010_reserva_4_ejercicio_1_opcion_b_2.png,
Química,2010,Septiembre,Ejercicio 1. Opción A,Formulación,QUÍMICA. 2010. SEPTIEMBRE. EJERCICIO 1. OPCIÓN A,"Formule o nombre los siguientes compuestos: a) Peróxido de hidrógeno; b) Hidrogenosulfito de
cobre(II); c) 2,2,4-trimetilpentano; d) KClO e) Fe(OH) ; f) CH COOH",2010 - Formulación.pdf,enunciados_PNG/2010 - Formulación_png/2010_septiembre_ejercicio_1_opcion_a_2.png,
Química,2010,Septiembre,Ejercicio 1. Opción B,Formulación,QUÍMICA. 2010. SEPTIEMBRE. EJERCICIO 1. OPCIÓN B,"Formule o nombre los siguientes compuestos: a) Cromato de plata; b) Óxido de estaño(IV);
c) But-1-eno; d) CaBr e) Zn(OH) ; f) CH CHOHCH",2010 - Formulación.pdf,enunciados_PNG/2010 - Formulación_png/2010_septiembre_ejercicio_1_opcion_b_2.png,
Química,2011,Junio,Ejercicio 1. Opción A,Formulación,QUÍMICA. 2011. JUNIO. EJERCICIO 1. OPCIÓN A,"Formule o nombre los compuestos siguientes: a) Óxido de níquel(III); b) Hidróxido de
estroncio; c) Nitrobenceno; d) PbBr ; e) Zn(NO ) ; f) CH CHCH CH CH",2011 - Formulación.pdf,enunciados_PNG/2011 - Formulación_png/2011_junio_ejercicio_1_opcion_a_2.png,
Química,2011,Junio,Ejercicio 1. Opción B,Formulación,QUÍMICA. 2011. JUNIO. EJERCICIO 1. OPCIÓN B,"Formule o nombre los compuestos siguientes: a) Ácido hipobromoso; b) Hidróxido de
cobre(II); c) Ácido 2-aminopropanoico; d) CaO ; e) NaHCO ; f) CH CHCH CHO",2011 - Formulación.pdf,enunciados_PNG/2011 - Formulación_png/2011_junio_ejercicio_1_opcion_b_2.png,
Química,2011,Reserva 1,Ejercicio 1. Opción A,Formulación,QUÍMICA. 2011. RESERVA 1. EJERCICIO 1. OPCIÓN A,"Formule o nombre los compuestos siguientes: a) Ácido fosfórico; b) Permanganato de bario;
c) Propino; d) SrO; e) Sc(OH) ; f) CH OHCH CH OH",2011 - Formulación.pdf,enunciados_PNG/2011 - Formulación_png/2011_reserva_1_ejercicio_1_opcion_a_2.png,
Química,2011,Reserva 1,Ejercicio 1. Opción B,Formulación,QUÍMICA. 2011. RESERVA 1. EJERCICIO 1. OPCIÓN B,"Formule o nombre los compuestos siguientes: a) Peróxido de Bario; b) Óxido de cobalto(III);
c) But-2-enal; d) HClO; e) CdI ; f) CH CH NH",2011 - Formulación.pdf,enunciados_PNG/2011 - Formulación_png/2011_reserva_1_ejercicio_1_opcion_b_2.png,
Química,2011,Reserva 2,Ejercicio 1. Opción A,Formulación,QUÍMICA. 2011. RESERVA 2. EJERCICIO 1. OPCIÓN A,"Formule o nombre los compuestos siguientes: a) Dióxido de azufre; b) Nitrato de amonio;
c) Pentan-2-ona; d) HClO ; e) Ni Se ; f) CH Cl",2011 - Formulación.pdf,enunciados_PNG/2011 - Formulación_png/2011_reserva_2_ejercicio_1_opcion_a_2.png,
Química,2011,Reserva 2,Ejercicio 1. Opción B,Formulación,QUÍMICA. 2011. RESERVA 2. EJERCICIO 1. OPCIÓN B,"Formule o nombre los compuestos siguientes: a) Carbonato de aluminio; b) Yoduro de
plomo(II); c) Ácido propinoico; d) Ca(OH) ; e) HBrO ; f) CH CHOHCH COOH",2011 - Formulación.pdf,enunciados_PNG/2011 - Formulación_png/2011_reserva_2_ejercicio_1_opcion_b_2.png,
Química,2011,Reserva 3,Ejercicio 1. Opción A,Formulación,QUÍMICA. 2011. RESERVA 3. EJERCICIO 1. OPCIÓN A,"Formule o nombre los compuestos siguientes: a) Hidróxido de hierro(II); b) Sulfuro de
hidrógeno; c) Metilbenceno; d) Mg(HSO ) ; e) H PO ; f) CH CH(CH )CH(CH )CH CH",2011 - Formulación.pdf,enunciados_PNG/2011 - Formulación_png/2011_reserva_3_ejercicio_1_opcion_a_2.png,
Química,2011,Reserva 3,Ejercicio 1. Opción B,Formulación,QUÍMICA. 2011. RESERVA 3. EJERCICIO 1. OPCIÓN B,"Formule o nombre los compuestos siguientes: a) Peróxido de sodio; b) Hidrogenosulfito de
cinc; c) Propano-1,2-diol; d) CuCl ; e) Pb(HS) ; f) CH CHO",2011 - Formulación.pdf,enunciados_PNG/2011 - Formulación_png/2011_reserva_3_ejercicio_1_opcion_b_2.png,
Química,2011,Reserva 4,Ejercicio 1. Opción A,Formulación,QUÍMICA. 2011. RESERVA 4. EJERCICIO 1. OPCIÓN A,"Formule o nombre los compuestos siguientes: a) Óxido de níquel(II); b) Carbonato de sodio;
c) 1,1-Dicloroetano; d) AgOH; e) NaH; f) CHCCH",2011 - Formulación.pdf,enunciados_PNG/2011 - Formulación_png/2011_reserva_4_ejercicio_1_opcion_a_2.png,
Química,2011,Reserva 4,Ejercicio 1. Opción B,Formulación,QUÍMICA. 2011. RESERVA 4. EJERCICIO 1. OPCIÓN B,"Formule o nombre los compuestos siguientes: a) Bromuro de hidrógeno; b) Ácido nitroso;
c) 2-Metilbut-2-eno; d) K O ; e) Pb(ClO ) ; f) CH COCH CH",2011 - Formulación.pdf,enunciados_PNG/2011 - Formulación_png/2011_reserva_4_ejercicio_1_opcion_b_2.png,
Química,2011,Septiembre,Ejercicio 1. Opción A,Formulación,QUÍMICA. 2011. SEPTIEMBRE. EJERCICIO 1. OPCIÓN A,"Formule o nombre los compuestos siguientes: a) Óxido de calcio; b) Ácido bórico;
c) Hepta-2,4-dieno; d) Na SO ; e) SnS ; f) CH CHCHOH",2011 - Formulación.pdf,enunciados_PNG/2011 - Formulación_png/2011_septiembre_ejercicio_1_opcion_a_2.png,
Química,2011,Septiembre,Ejercicio 1. Opción B,Formulación,QUÍMICA. 2011. SEPTIEMBRE. EJERCICIO 1. OPCIÓN B,"Formule o nombre los compuestos siguientes: a) Sulfuro de manganeso(III);
b) Hidrogenocarbonato de cadmio; c) Ácido benzoico; d) K Cr O ; e) Rb O ;
2 2 7 2 2",2011 - Formulación.pdf,enunciados_PNG/2011 - Formulación_png/2011_septiembre_ejercicio_1_opcion_b_2.png,
Química,2012,Junio,Ejercicio 1. Opción A,Formulación,QUÍMICA. 2012. JUNIO. EJERCICIO 1. OPCIÓN A,"Formule o nombre los compuestos siguientes: a) Bromato de aluminio; b) Tetrahidruro de
silicio; c) Penta-1,3-dieno; d) KH PO ; e) CaO; f) CH CHO",2012 - Formulación.pdf,enunciados_PNG/2012 - Formulación_png/2012_junio_ejercicio_1_opcion_a_2.png,
Química,2012,Junio,Ejercicio 1. Opción B,Formulación,QUÍMICA. 2012. JUNIO. EJERCICIO 1. OPCIÓN B,"Formule o nombre los compuestos siguientes: a) Ácido selenioso; b) Óxido de titanio(IV);
c) Etanamina; d) SF ; e) KNO ; f) CH CH COCH CH",2012 - Formulación.pdf,enunciados_PNG/2012 - Formulación_png/2012_junio_ejercicio_1_opcion_b_2.png,
asignatura_desconocida,2012,Reserva 1,Ejercicio 1. Opción A,Formulación,QUIMICA. 2012. RESERVA 1. EJERCICIO 1. OPCIÓN A,"Formule o nombre los compuestos siguientes: a) Ácido clórico; b) Seleniuro de hidrógeno;
c) Propanal; d) SiCl ; e) NaHCO ; f) CH OCH .",2012 - Formulación.pdf,enunciados_PNG/2012 - Formulación_png/2012_reserva_1_ejercicio_1_opcion_a_2.png,
asignatura_desconocida,2012,Reserva 1,Ejercicio 1. Opción B,Formulación,QUIMICA. 2012. RESERVA 1. EJERCICIO 1. OPCIÓN B,"Formule o nombre los compuestos siguientes: a) Fosfato de hierro(III); b) Hidruro de berilio;
c) Nitrobenceno; d) CO; e) CuBr ; f) CH NH .",2012 - Formulación.pdf,enunciados_PNG/2012 - Formulación_png/2012_reserva_1_ejercicio_1_opcion_b_2.png,
asignatura_desconocida,2012,Reserva 2,Ejercicio 1. Opción A,Formulación,QUIMICA. 2012. RESERVA 2. EJERCICIO 1. OPCIÓN A,"Formule o nombre los siguientes compuestos: a) Dicromato de plata; b) Hidróxido de
vanadio(V) ; c) Butan-2-ol; d) MnO ; e) HIO ; f) CH COOH",2012 - Formulación.pdf,enunciados_PNG/2012 - Formulación_png/2012_reserva_2_ejercicio_1_opcion_a_2.png,
asignatura_desconocida,2012,Reserva 2,Ejercicio 1. Opción B,Formulación,QUIMICA. 2012. RESERVA 2. EJERCICIO 1. OPCIÓN B,"Formule o nombre los compuestos siguientes: a) Peróxido de calcio; b) Sulfuro de hidrógeno;
c) 1,2-Dicloroetano; d) KMnO ; e) LiH; f) HCHO.",2012 - Formulación.pdf,enunciados_PNG/2012 - Formulación_png/2012_reserva_2_ejercicio_1_opcion_b_2.png,
asignatura_desconocida,2012,Reserva 3,Ejercicio 1. Opción A,Formulación,QUIMICA. 2012. RESERVA 3. EJERCICIO 1. OPCIÓN A,"Formule o nombre los compuestos siguientes: a) Ácido fosfórico; b) Bromuro de magnesio;
c) Ácido benzoico; d) K SO ; e) Be(OH) ; f) CH CHO",2012 - Formulación.pdf,enunciados_PNG/2012 - Formulación_png/2012_reserva_3_ejercicio_1_opcion_a_2.png,
asignatura_desconocida,2012,Reserva 3,Ejercicio 1. Opción B,Formulación,QUIMICA. 2012. RESERVA 3. EJERCICIO 1. OPCIÓN B,"Formule o nombre los compuestos siguientes: a) Nitrato de hierro(III); b) Óxido de litio;
c) Metanol; d) CaH ; e) HBrO; f) CH CHCH CHCH",2012 - Formulación.pdf,enunciados_PNG/2012 - Formulación_png/2012_reserva_3_ejercicio_1_opcion_b_2.png,
asignatura_desconocida,2012,Reserva 4,Ejercicio 1. Opción A,Formulación,QUIMICA. 2012. RESERVA 4. EJERCICIO 1. OPCIÓN A,"Formule o nombre los compuestos siguientes: a) Peróxido de estroncio; b) Nitrato de hierro(II)
c) Dietilamina; d) H S; e) Cr(OH) ; f) CH COCH",2012 - Formulación.pdf,enunciados_PNG/2012 - Formulación_png/2012_reserva_4_ejercicio_1_opcion_a_2.png,
asignatura_desconocida,2012,Reserva 4,Ejercicio 1. Opción B,Formulación,QUIMICA. 2012. RESERVA 4. EJERCICIO 1. OPCIÓN B,"Formule o nombre los compuestos siguientes: a) Hipoyodito de calcio; b) Óxido de cobalto(III)
c) Fenol; d) NaHSO ; e) CuH ; f) CH CH CONH",2012 - Formulación.pdf,enunciados_PNG/2012 - Formulación_png/2012_reserva_4_ejercicio_1_opcion_b_2.png,
Química,2012,Septiembre,Ejercicio 1. Opción A,Formulación,QUÍMICA. 2012. SEPTIEMBRE. EJERCICIO 1. OPCIÓN A,"Formule o nombre los compuestos siguientes: a) Hidróxido de estaño(IV); b) Perclorato de
sodio; c) Propino; d) K O ; e) (NH ) S; f) CH COOCH",2012 - Formulación.pdf,enunciados_PNG/2012 - Formulación_png/2012_septiembre_ejercicio_1_opcion_a_2.png,
Química,2012,Septiembre,Ejercicio 1. Opción B,Formulación,QUÍMICA. 2012. SEPTIEMBRE. EJERCICIO 1. OPCIÓN B,"Formule o nombre los compuestos siguientes: a) Hidruro de magnesio; b) Ácido nítrico;
c) 1,2-Dimetilbenceno; d) Na CrO ; e) CsCl; f) HOCH CHO",2012 - Formulación.pdf,enunciados_PNG/2012 - Formulación_png/2012_septiembre_ejercicio_1_opcion_b_2.png,
Química,2013,Junio,Ejercicio 1. Opción A,Formulación,QUÍMICA. 2013. JUNIO. EJERCICIO 1. OPCIÓN A,"Formule o nombre los compuestos siguientes: a) Hidróxido de paladio(II); b) Ácido sulfúrico;
c) Ácido 2-aminopropanoico; d) BeH ; e) Ag AsO ; f) CH CH CH OH",2013 - Formulación.pdf,enunciados_PNG/2013 - Formulación_png/2013_junio_ejercicio_1_opcion_a_2.png,
Química,2013,Junio,Ejercicio 1. Opción B,Formulación,QUÍMICA. 2013. JUNIO. EJERCICIO 1. OPCIÓN B,"Formule o nombre los compuestos siguientes: a) Peróxido de bario; b) Hidróxido de magnesio;
c) Etanamida; d) Sn(IO ) ; e) V O ; f) CH COCH CH CH",2013 - Formulación.pdf,enunciados_PNG/2013 - Formulación_png/2013_junio_ejercicio_1_opcion_b_2.png,
Química,2013,Reserva 1,Ejercicio 1. Opción A,Formulación,QUÍMICA. 2013. RESERVA 1. EJERCICIO 1. OPCIÓN A,"Formule o nombre los siguientes compuestos: a) Nitrato de hierro(II); b) Cromato de potasio;
c) Ácido but-3-enoico d) Sc S ; e) CaO ; f) (CH ) CHCH",2013 - Formulación.pdf,enunciados_PNG/2013 - Formulación_png/2013_reserva_1_ejercicio_1_opcion_a_2.png,
Química,2013,Reserva 1,Ejercicio 1. Opción B,Formulación,QUÍMICA. 2013. RESERVA 1. EJERCICIO 1. OPCIÓN B,"Formule o nombre los siguientes compuestos: a) Amoniaco; b) Hidrogenosulfito de cobre(II);
c) Butan-2-ol; d) WO ; e) KMnO ; f) CH CHClCOOH",2013 - Formulación.pdf,enunciados_PNG/2013 - Formulación_png/2013_reserva_1_ejercicio_1_opcion_b_2.png,
Química,2013,Reserva 2,Ejercicio 1. Opción A,Formulación,QUÍMICA. 2013. RESERVA 2. EJERCICIO 1. OPCIÓN A,"Formule o nombre los siguientes compuestos: a) Sulfuro de cadmio; b) Hidróxido de hierro(III)
c) Ácido 2-bromobutanoico; d) CrO ; e) Hg(ClO ) ; f) CH COCH",2013 - Formulación.pdf,enunciados_PNG/2013 - Formulación_png/2013_reserva_2_ejercicio_1_opcion_a_2.png,
Química,2013,Reserva 2,Ejercicio 1. Opción B,Formulación,QUÍMICA. 2013. RESERVA 2. EJERCICIO 1. OPCIÓN B,"Formule o nombre los siguientes compuestos: a) Dióxido de titanio; b) Fosfato de níquel(II);
c) Ciclohexano; d) CaCO ; e) H O ; f) CH CH CH CHO",2013 - Formulación.pdf,enunciados_PNG/2013 - Formulación_png/2013_reserva_2_ejercicio_1_opcion_b_2.png,
Química,2013,Reserva 3,Ejercicio 1. Opción A,Formulación,QUÍMICA. 2013. RESERVA 3. EJERCICIO 1. OPCIÓN A,"Formule o nombre los siguientes compuestos: a) Hidróxido de plomo(II); b) Ácido cloroso;
c) But-1-ino; d) Cr O ; e) Ba(MnO ) ; f) CH",2013 - Formulación.pdf,enunciados_PNG/2013 - Formulación_png/2013_reserva_3_ejercicio_1_opcion_a_2.png,
Química,2013,Reserva 3,Ejercicio 1. Opción B,Formulación,QUÍMICA. 2013. RESERVA 3. EJERCICIO 1. OPCIÓN B,"Formule o nombre los siguientes compuestos: a) Cloruro de amonio; b) Carbonato de rubidio;
c) Ciclopentano; d) Bi O ; e) CCl ; f) CH CHClCH",2013 - Formulación.pdf,enunciados_PNG/2013 - Formulación_png/2013_reserva_3_ejercicio_1_opcion_b_2.png,
Química,2013,Reserva 4,Ejercicio 1. Opción A,Formulación,QUÍMICA. 2013. RESERVA 4. EJERCICIO 1. OPCIÓN A,"Formule o nombre los siguientes compuestos: a) Óxido de molibdeno(IV); b) Nitrato de
amonio; c) Metoxietano d) NaClO; e) CaH ; f) CH CONH",2013 - Formulación.pdf,enunciados_PNG/2013 - Formulación_png/2013_reserva_4_ejercicio_1_opcion_a_2.png,
Química,2013,Reserva 4,Ejercicio 1. Opción B,Formulación,QUÍMICA. 2013. RESERVA 4. EJERCICIO 1. OPCIÓN B,"Formule o nombre los siguientes compuestos: a) Clorato de cobalto(III); b) Sulfuro de cinc;
c) Etanoato de etilo d) Au O ; e) Pt(OH) ; f) CH CH NHCH",2013 - Formulación.pdf,enunciados_PNG/2013 - Formulación_png/2013_reserva_4_ejercicio_1_opcion_b_2.png,
Química,2013,Septiembre,Ejercicio 1. Opción A,Formulación,QUÍMICA. 2013. SEPTIEMBRE. EJERCICIO 1. OPCIÓN A,"Formule o nombre los compuestos siguientes: a) Óxido de cromo(III); b) Ácido perclórico;
c) 2,2-Dimetilbutano; d) H SO ; e) NaH; f) CH COOCH",2013 - Formulación.pdf,enunciados_PNG/2013 - Formulación_png/2013_septiembre_ejercicio_1_opcion_a_2.png,
Química,2013,Septiembre,Ejercicio 1. Opción B,Formulación,QUÍMICA. 2013. SEPTIEMBRE. EJERCICIO 1. OPCIÓN B,"Formule o nombre los siguientes compuestos: a) Ácido nitroso; b) Hidróxido de plomo(IV);
c) Nitrobenceno d) HIO ; e) Ba (PO ) ; f) (CH ) N",2013 - Formulación.pdf,enunciados_PNG/2013 - Formulación_png/2013_septiembre_ejercicio_1_opcion_b_2.png,
Química,2014,Junio,Ejercicio 1. Opción A,Formulación,QUÍMICA. 2014. JUNIO. EJERCICIO 1. OPCIÓN A,"Formule o nombre los compuestos siguientes: a) Fluoruro de amonio; b) Hidróxido de cadmio;
c) 1-Bromo-2-cloropropano; d) PbO; e) Hg(ClO ) ; f) CH COOCH",2014 - Formulación.pdf,enunciados_PNG/2014 - Formulación_png/2014_junio_ejercicio_1_opcion_a_2.png,
Química,2014,Junio,Ejercicio 1. Opción B,Formulación,QUÍMICA. 2014. JUNIO. EJERCICIO 1. OPCIÓN B,"Formule o nombre los compuestos siguientes: a) Ácido selénico; b) Fosfato de cobalto(II);
c) Ciclopenteno; d) Mg(OH) ; e) Na O ; f) CH CHOHCHO",2014 - Formulación.pdf,enunciados_PNG/2014 - Formulación_png/2014_junio_ejercicio_1_opcion_b_2.png,
Química,2014,Reserva 1,Ejercicio 1. Opción A,Formulación,QUÍMICA. 2014. RESERVA 1. EJERCICIO 1. OPCIÓN A,"Formule o nombre los siguientes compuestos: a) Nitrito de hierro(II); b) Ácido hipocloroso;
c) 2,3,4-trimetilpentano; d) Ag S; e) Ba(MnO ) ; f) CH CCCH",2014 - Formulación.pdf,enunciados_PNG/2014 - Formulación_png/2014_reserva_1_ejercicio_1_opcion_a_2.png,
Química,2014,Reserva 1,Ejercicio 1. Opción B,Formulación,QUÍMICA. 2014. RESERVA 1. EJERCICIO 1. OPCIÓN B,"Formule o nombre los siguientes compuestos: a) Nitruro de plomo(IV); b) Sulfato de rubidio;
c) Ciclohexa-1,3-dieno; d) Bi(OH) ; e) H CO ; f) CH CHClCH",2014 - Formulación.pdf,enunciados_PNG/2014 - Formulación_png/2014_reserva_1_ejercicio_1_opcion_b_2.png,
Química,2014,Reserva 2,Ejercicio 1. Opción A,Formulación,QUÍMICA. 2014. RESERVA 2. EJERCICIO 1. OPCIÓN A,"Formule o nombre los siguientes compuestos: a) Hidróxido de estroncio; b) Dicromato de
bario; c) Ácido 2,3-dihidroxibutanoico; d) Al O ; e) H MnO ; f) CH CH CONH .",2014 - Formulación.pdf,enunciados_PNG/2014 - Formulación_png/2014_reserva_2_ejercicio_1_opcion_a_2.png,
Química,2014,Reserva 2,Ejercicio 1. Opción B,Formulación,QUÍMICA. 2014. RESERVA 2. EJERCICIO 1. OPCIÓN B,"Formule o nombre los siguientes compuestos: a) Cromato de plata; b) Hidrogenocarbonato de
potasio; c) Penta-1,4-diino; d) BaO ; e) Ni(OH) ; f) CH OHCOOH",2014 - Formulación.pdf,enunciados_PNG/2014 - Formulación_png/2014_reserva_2_ejercicio_1_opcion_b_2.png,
Química,2014,Reserva 3,Ejercicio 1. Opción A,Formulación,QUÍMICA. 2014. RESERVA 3. EJERCICIO 1. OPCIÓN A,"Formule o nombre los siguientes compuestos: a) Óxido de plomo(IV); b) Ácido periódico;
c) 2,2-diclorobutano; d) K PO ; e) LiOH; f) CH CH CHO.",2014 - Formulación.pdf,enunciados_PNG/2014 - Formulación_png/2014_reserva_3_ejercicio_1_opcion_a_2.png,
Química,2014,Reserva 3,Ejercicio 1. Opción B,Formulación,QUÍMICA. 2014. RESERVA 3. EJERCICIO 1. OPCIÓN B,"Formule o nombre los siguientes compuestos: a) Ácido bórico; b) Hidruro de berilio;
c) 1,2-diclorobenceno; d) ZnSO ; e) SF ; f) CH CHOHCOOH.",2014 - Formulación.pdf,enunciados_PNG/2014 - Formulación_png/2014_reserva_3_ejercicio_1_opcion_b_2.png,
Química,2014,Reserva 4,Ejercicio 1. Opción A,Formulación,QUÍMICA. 2014. RESERVA 4. EJERCICIO 1. OPCIÓN A,"Formule o nombre los siguientes compuestos: a) Peróxido de sodio; b) Hidróxido de plata;
c) Propanodial; d) BaSO ; e) HIO ; f) CH OCH CH .",2014 - Formulación.pdf,enunciados_PNG/2014 - Formulación_png/2014_reserva_4_ejercicio_1_opcion_a_2.png,
Química,2014,Reserva 4,Ejercicio 1. Opción B,Formulación,QUÍMICA. 2014. RESERVA 4. EJERCICIO 1. OPCIÓN B,"Formule o nombre los siguientes compuestos: a) Nitrito de cinc; b) Sulfuro de amonio;
c) Etanoato de propilo; d) HClO; e) Pd(OH) ; f) CH NHCH .",2014 - Formulación.pdf,enunciados_PNG/2014 - Formulación_png/2014_reserva_4_ejercicio_1_opcion_b_2.png,
Química,2014,Septiembre,Ejercicio 1. Opción A,Formulación,QUÍMICA. 2014. SEPTIEMBRE. EJERCICIO 1. OPCIÓN A,"Formule o nombre los compuestos siguientes: a) Hidróxido de cobre(I); b) Ácido nitroso;
c) 3-Hidroxibutanal; d) MgH ; e) Li AsO ; f) (CH CH ) N",2014 - Formulación.pdf,enunciados_PNG/2014 - Formulación_png/2014_septiembre_ejercicio_1_opcion_a_2.png,
Química,2014,Septiembre,Ejercicio 1. Opción B,Formulación,QUÍMICA. 2014. SEPTIEMBRE. EJERCICIO 1. OPCIÓN B,"Formule o nombre los compuestos siguientes: a) Óxido de cobalto(III); b) Hidrogenosulfato de
hierro(II); c) Propanamida; d) Hg(BrO ) ; e) HIO ; f) (CH ) CHCOCH",2014 - Formulación.pdf,enunciados_PNG/2014 - Formulación_png/2014_septiembre_ejercicio_1_opcion_b_2.png,
Química,2015,Junio,Ejercicio 1. Opción A,Formulación,QUÍMICA. 2015. JUNIO. EJERCICIO 1. OPCIÓN A,"Formule o nombre los compuestos siguientes: a) Hidróxido de hierro(III); b) Dicromato de
potasio; c) 1,2-Diclorobenceno; d) K O ; e) H AsO ; f) CH CHNH COOH",2015 - Formulación.pdf,enunciados_PNG/2015 - Formulación_png/2015_junio_ejercicio_1_opcion_a_2.png,
Química,2015,Junio,Ejercicio 1. Opción B,Formulación,QUÍMICA. 2015. JUNIO. EJERCICIO 1. OPCIÓN B,"Formule o nombre los compuestos siguientes: a) Óxido de manganeso(VII); b) Ácido clórico;
c) Butan-2-amina; d) CaH ; e) NaHSO ; f) HCHO",2015 - Formulación.pdf,enunciados_PNG/2015 - Formulación_png/2015_junio_ejercicio_1_opcion_b_2.png,
Química,2015,Reserva 1,Ejercicio 1. Opción A,Formulación,QUÍMICA. 2015. RESERVA 1. EJERCICIO 1. OPCIÓN A,"Formule o nombre los siguientes compuestos: a) Óxido de vanadio(V); b) Nitrato de calcio;
c) Ácido pentanoico; d) AlCl ; e) H TeO ; f) CH OCH CH .",2015 - Formulación.pdf,enunciados_PNG/2015 - Formulación_png/2015_reserva_1_ejercicio_1_opcion_a_2.png,
Química,2015,Reserva 1,Ejercicio 1. Opción B,Formulación,QUÍMICA. 2015. RESERVA 1. EJERCICIO 1. OPCIÓN B,"Formule o nombre los siguientes compuestos: a) Carbonato de cobre(II); b) Hidróxido de
aluminio; c) 2-Yodopropano; d) HClO ; e) MgS; f) CH CH COOCH .",2015 - Formulación.pdf,enunciados_PNG/2015 - Formulación_png/2015_reserva_1_ejercicio_1_opcion_b_2.png,
Química,2015,Reserva 2,Ejercicio 1. Opción A,Formulación,QUÍMICA. 2015. RESERVA 2. EJERCICIO 1. OPCIÓN A,"Formule o nombre los siguientes compuestos: a) Dióxido de titanio; b) Sulfato de amonio;
c) Ácido 2-bromobutanoico; d) NaClO ; e) KMnO ; f) CH CH CH CHO.",2015 - Formulación.pdf,enunciados_PNG/2015 - Formulación_png/2015_reserva_2_ejercicio_1_opcion_a_2.png,
Química,2015,Reserva 2,Ejercicio 1. Opción B,Formulación,QUÍMICA. 2015. RESERVA 2. EJERCICIO 1. OPCIÓN B,"Formule o nombre los siguientes compuestos: a) Hidrogenocarbonato de níquel(II); b) Ácido
nitroso; c) 1,3,5-Trimetilbenceno; d) Cd(OH) ; e) Al S ; f) CH ClCOOH.",2015 - Formulación.pdf,enunciados_PNG/2015 - Formulación_png/2015_reserva_2_ejercicio_1_opcion_b_2.png,
Química,2015,Reserva 3,Ejercicio 1. Opción A,Formulación,QUÍMICA. 2015. RESERVA 3. EJERCICIO 1. OPCIÓN A,"Formule o nombre los siguientes compuestos: a) Seleniuro de plata; b) Nitrito de cobre(II);
c) 3-Metilpentan-2-ona; d) Sb O ; e) NaClO; f) (CH ) CHCH COOH.",2015 - Formulación.pdf,enunciados_PNG/2015 - Formulación_png/2015_reserva_3_ejercicio_1_opcion_a_2.png,
Química,2015,Reserva 3,Ejercicio 1. Opción B,Formulación,QUÍMICA. 2015. RESERVA 3. EJERCICIO 1. OPCIÓN B,"Formule o nombre los siguientes compuestos: a) Cromato de paladio(IV); b) Hidróxido de
estaño(IV); c) Etino; d) Fe(HSO ) ; e) MgBr ; f) CHCl .",2015 - Formulación.pdf,enunciados_PNG/2015 - Formulación_png/2015_reserva_3_ejercicio_1_opcion_b_2.png,
Química,2015,Reserva 4,Ejercicio 1. Opción A,Formulación,QUÍMICA. 2015. RESERVA 4. EJERCICIO 1. OPCIÓN A,"Formule o nombre los siguientes compuestos: a) Bromato de berilio; b) Sulfuro de amonio;
c) 4-Bromo-5-etiloctano; d) BaO ; e) Pb(NO ) ; f) CH CH .",2015 - Formulación.pdf,enunciados_PNG/2015 - Formulación_png/2015_reserva_4_ejercicio_1_opcion_a_2.png,
Química,2015,Reserva 4,Ejercicio 1. Opción B,Formulación,QUÍMICA. 2015. RESERVA 4. EJERCICIO 1. OPCIÓN B,"Formule o nombre los siguientes compuestos: a) Cloruro de calcio; b) Óxido de níquel(II);
c) 2,3,4-Trimetilpentano; d) H SO ; e) Ag CrO ; f) CH CHO",2015 - Formulación.pdf,enunciados_PNG/2015 - Formulación_png/2015_reserva_4_ejercicio_1_opcion_b_2.png,
Química,2015,Septiembre,Ejercicio 1. Opción A,Formulación,QUÍMICA. 2015. SEPTIEMBRE. EJERCICIO 1. OPCIÓN A,"Formule o nombre los compuestos siguientes: a) Peróxido de bario; b) Sulfuro de galio(III);
c) Butan-2-ol; d) WO ; e) H SeO ; f) CH CHICH",2015 - Formulación.pdf,enunciados_PNG/2015 - Formulación_png/2015_septiembre_ejercicio_1_opcion_a_2.png,
Química,2015,Septiembre,Ejercicio 1. Opción B,Formulación,QUÍMICA. 2015. SEPTIEMBRE. EJERCICIO 1. OPCIÓN B,"Formule o nombre los compuestos siguientes: a) Arseniato de cobalto(II); b) Hidróxido de
magnesio; c) Tetracloruro de carbono; d) NaH; e) Hg(ClO ) ; f) CH CONH",2015 - Formulación.pdf,enunciados_PNG/2015 - Formulación_png/2015_septiembre_ejercicio_1_opcion_b_2.png,
Química,2016,Junio,Ejercicio 1. Opción A,Formulación,QUÍMICA. 2016. JUNIO. EJERCICIO 1. OPCIÓN A,"Formule o nombre los compuestos siguientes: a) Hidróxido de niquel(III); b) Ácido peryódico;
c) Nitrobenceno; d) CrO ; e) ZnH ; f) CH CHOHCHO",2016 - Formulación.pdf,enunciados_PNG/2016 - Formulación_png/2016_junio_ejercicio_1_opcion_a_2.png,
Química,2016,Junio,Ejercicio 1. Opción B,Formulación,QUÍMICA. 2016. JUNIO. EJERCICIO 1. OPCIÓN B,"Formule o nombre los compuestos siguientes: a) Nitruro de aluminio; b) Hidrogenocromato de
cobre(II); c) 3-metilbut-1-ino; d) Sb O ; e) Au S; f) CH BrCH Br",2016 - Formulación.pdf,enunciados_PNG/2016 - Formulación_png/2016_junio_ejercicio_1_opcion_b_2.png,
Química,2016,Reserva 1,Ejercicio 1. Opción A,Formulación,QUÍMICA. 2016. RESERVA 1. EJERCICIO 1. OPCIÓN A,"Formule o nombre los siguientes compuestos: a) Óxido de vanadio(V); b) Ácido nitroso;
c) Metilpropeno; d) SF ; e) CaCr O ; f) CH OCH CH CH .",2016 - Formulación.pdf,enunciados_PNG/2016 - Formulación_png/2016_reserva_1_ejercicio_1_opcion_a_2.png,
Química,2016,Reserva 1,Ejercicio 1. Opción B,Formulación,QUÍMICA. 2016. RESERVA 1. EJERCICIO 1. OPCIÓN B,"Formule o nombre los siguientes compuestos: a) Hidróxido de berilio; b) Permanganato de
bario; c) Propanoato de metilo; d) PtO ; e) H AsO ; f) (CH ) CHCH CHO.",2016 - Formulación.pdf,enunciados_PNG/2016 - Formulación_png/2016_reserva_1_ejercicio_1_opcion_b_2.png,
Química,2016,Reserva 2,Ejercicio 1. Opción A,Formulación,QUÍMICA. 2016. RESERVA 2. EJERCICIO 1. OPCIÓN A,"Formule o nombre los siguientes compuestos: a) Carbonato de rubidio; b) Sulfuro de cobre(II);
c) Penta-1,3-dieno; d) Sb O ; e) NaH PO ; f) CH CBrCH CH .",2016 - Formulación.pdf,enunciados_PNG/2016 - Formulación_png/2016_reserva_2_ejercicio_1_opcion_a_2.png,
Química,2016,Reserva 2,Ejercicio 1. Opción B,Formulación,QUÍMICA. 2016. RESERVA 2. EJERCICIO 1. OPCIÓN B,"Formule o nombre los siguientes compuestos: a) Óxido de plomo(IV); b) Ácido sulfuroso;
c) Etanoato de propilo; d) MnBr ; e) Bi(OH) ; f) CHCCCH.",2016 - Formulación.pdf,enunciados_PNG/2016 - Formulación_png/2016_reserva_2_ejercicio_1_opcion_b_2.png,
Química,2016,Reserva 3,Ejercicio 1. Opción A,Formulación,QUÍMICA. 2016. RESERVA 3. EJERCICIO 1. OPCIÓN A,"Formule o nombre los siguientes compuestos: a) Fluoruro de cadmio; b) Ácido selenioso;
c) Etanamida; d) AlH ; e) SnCrO ; f) CH CHCH OH.",2016 - Formulación.pdf,enunciados_PNG/2016 - Formulación_png/2016_reserva_3_ejercicio_1_opcion_a_2.png,
Química,2016,Reserva 3,Ejercicio 1. Opción B,Formulación,QUÍMICA. 2016. RESERVA 3. EJERCICIO 1. OPCIÓN B,"Formule o nombre los siguientes compuestos: a) Disulfuro de carbono; b) Hidróxido de
oro(III); c) 3-Clorofenol; d) Sr(ClO) ; e) BeH ; f) CH Br .",2016 - Formulación.pdf,enunciados_PNG/2016 - Formulación_png/2016_reserva_3_ejercicio_1_opcion_b_2.png,
Química,2016,Septiembre,Ejercicio 1. Opción A,Formulación,QUÍMICA. 2016. SEPTIEMBRE. EJERCICIO 1. OPCIÓN A,"Formule o nombre los compuestos siguientes: a) Óxido de platino(II); b) Sulfito de cadmio;
c) Ciclopenteno; d) (NH ) S; e) Cr(OH) ; f) CH C(CH ) CH CH",2016 - Formulación.pdf,enunciados_PNG/2016 - Formulación_png/2016_septiembre_ejercicio_1_opcion_a_2.png,
Química,2016,Septiembre,Ejercicio 1. Opción B,Formulación,QUÍMICA. 2016. SEPTIEMBRE. EJERCICIO 1. OPCIÓN B,"Formule o nombre los compuestos siguientes: a) Hidruro de estaño(IV); b) Ácido carbónico;
c) Ácido 3-cloropropanoico; d) SrI ; e) CoPO ; f) (CH ) CHCONH",2016 - Formulación.pdf,enunciados_PNG/2016 - Formulación_png/2016_septiembre_ejercicio_1_opcion_b_2.png,
Química,2017,Junio,Ejercicio 1. Opción A,Formulación,QUÍMICA. 2017. JUNIO. EJERCICIO 1. OPCIÓN A,"Formule o nombre los compuestos siguientes: a) Peróxido de sodio; b) Cromato de plata;
c) Etanamida; d) ZnI ; e) H SO ; f) CHCl",2017 - Formulación.pdf,enunciados_PNG/2017 - Formulación_png/2017_junio_ejercicio_1_opcion_a_2.png,
Química,2017,Junio,Ejercicio 1. Opción B,Formulación,QUÍMICA. 2017. JUNIO. EJERCICIO 1. OPCIÓN B,"Formule o nombre los compuestos siguientes: a) Óxido de zinc; b) Ácido hipobromoso;
c) Etil metil éter; d) K S; e) Mg(NO ) ; f) CH CH(CH )COOH",2017 - Formulación.pdf,enunciados_PNG/2017 - Formulación_png/2017_junio_ejercicio_1_opcion_b_2.png,
Química,2017,Reserva 1,Ejercicio 1. Opción A,Formulación,QUÍMICA. 2017. RESERVA 1. EJERCICIO 1. OPCIÓN A,"Formule o nombre los siguientes compuestos a) Cloruro de aluminio; b) Hidróxido de
cobalto(II); c) Propanoato de metilo; d) PbO ; e) K AsO ; f) HCHO.",2017 - Formulación.pdf,enunciados_PNG/2017 - Formulación_png/2017_reserva_1_ejercicio_1_opcion_a_2.png,
Química,2017,Reserva 1,Ejercicio 1. Opción B,Formulación,QUÍMICA. 2017. RESERVA 1. EJERCICIO 1. OPCIÓN B,"Formule o nombre los siguientes compuestos: a) Trióxido de selenio; b) Fosfato de cobre(II);
c) Etilbenceno; d) Au S; e) Mg(OH) ; f) CH CH(NH )COOH.",2017 - Formulación.pdf,enunciados_PNG/2017 - Formulación_png/2017_reserva_1_ejercicio_1_opcion_b_2.png,
Química,2017,Reserva 2,Ejercicio 1. Opción A,Formulación,QUÍMICA. 2017. RESERVA 2. EJERCICIO 1. OPCIÓN A,"Formule o nombre los siguientes compuestos: a) Dihidruro de plomo; b) Ácido cloroso;
c) Pentano-2,4-diona; d) Ag O; e) K Cr O ; f) CH OHCH OH.",2017 - Formulación.pdf,enunciados_PNG/2017 - Formulación_png/2017_reserva_2_ejercicio_1_opcion_a_2.png,
Química,2017,Reserva 2,Ejercicio 1. Opción B,Formulación,QUÍMICA. 2017. RESERVA 2. EJERCICIO 1. OPCIÓN B,"Formule o nombre los siguientes compuestos: a) Dióxido de paladio; b) Hidrogenosulfato de
sodio; c) 1,2-Dicloropropano; d) Na P; e) Ni(OH) ; f) CH CHCH CH CH OH.",2017 - Formulación.pdf,enunciados_PNG/2017 - Formulación_png/2017_reserva_2_ejercicio_1_opcion_b_2.png,
Química,2017,Reserva 3,Ejercicio 1. Opción A,Formulación,QUÍMICA. 2017. RESERVA 3. EJERCICIO 1. OPCIÓN A,"Formule o nombre los siguientes compuestos: a) Óxido de litio; b) Yodato de hierro(III);
c) Dimetilamina; d) PH ; e) HBrO ; f) CH CHOHCH .",2017 - Formulación.pdf,enunciados_PNG/2017 - Formulación_png/2017_reserva_3_ejercicio_1_opcion_a_2.png,
Química,2017,Reserva 3,Ejercicio 1. Opción B,Formulación,QUÍMICA. 2017. RESERVA 3. EJERCICIO 1. OPCIÓN B,"Formule o nombre los siguientes compuestos: a) Fluoruro de rubidio; b) Sulfato de níquel(II);
c) Metilciclopentano; d) Sb O ; e) KNO ; f) CH CHBr.",2017 - Formulación.pdf,enunciados_PNG/2017 - Formulación_png/2017_reserva_3_ejercicio_1_opcion_b_2.png,
Química,2017,Reserva 4,Ejercicio 1. Opción A,Formulación,QUÍMICA. 2017. RESERVA 4. EJERCICIO 1. OPCIÓN A,"Formule o nombre los siguientes compuestos: a) Óxido de mercurio(I); b) Permanganato de
bario; c) Propanal; d) HBr; e) Ca(ClO ) ; f) CH CH CONH .",2017 - Formulación.pdf,enunciados_PNG/2017 - Formulación_png/2017_reserva_4_ejercicio_1_opcion_a_2.png,
Química,2017,Reserva 4,Ejercicio 1. Opción B,Formulación,QUÍMICA. 2017. RESERVA 4. EJERCICIO 1. OPCIÓN B,"Formule o nombre los siguientes compuestos: a) Sulfuro de bario; b) Nitrato de potasio;
c) Butanona; d) Mn O ; e) CuIO ; f) CH CH(CH )CHCH .",2017 - Formulación.pdf,enunciados_PNG/2017 - Formulación_png/2017_reserva_4_ejercicio_1_opcion_b_2.png,
Química,2017,Septiembre,Ejercicio 1. Opción A,Formulación,QUÍMICA. 2017. SEPTIEMBRE. EJERCICIO 1. OPCIÓN A,"Formule o nombre los compuestos siguientes: a) Dihidruro de cobalto; b) Hipoyodito de
mercurio(II); c) Ácido butanodioico; d) SrO ; e) H AsO ; f) CH CH CH NH",2017 - Formulación.pdf,enunciados_PNG/2017 - Formulación_png/2017_septiembre_ejercicio_1_opcion_a_2.png,
Química,2017,Septiembre,Ejercicio 1. Opción B,Formulación,QUÍMICA. 2017. SEPTIEMBRE. EJERCICIO 1. OPCIÓN B,"Formule o nombre los compuestos siguientes: a) Cloruro de amonio; b) Ácido fosfórico;
c) But-2-ino; d) CaO ; e) Cu(NO ) ; f) CH COOCH",2017 - Formulación.pdf,enunciados_PNG/2017 - Formulación_png/2017_septiembre_ejercicio_1_opcion_b_2.png,
Química,2018,Junio,Ejercicio 1. Opción A,Formulación,QUÍMICA. 2018. JUNIO. EJERCICIO 1. OPCIÓN A,"Formule o nombre los compuestos siguientes: a) Peróxido de calcio; b) Sulfato de zinc;
c) Butanamida; d) Ag S; e) HBrO ; f) CH CHBrCHBrCH",2018 - Formulación.pdf,enunciados_PNG/2018 - Formulación_png/2018_junio_ejercicio_1_opcion_a_2.png,
Química,2018,Junio,Ejercicio 1. Opción B,Formulación,QUÍMICA. 2018. JUNIO. EJERCICIO 1. OPCIÓN B,"Formule o nombre los compuestos siguientes: a) Óxido de aluminio; b) Ácido nitroso;
c) Dietil éter; d) MgF ; e) Cu(NO ) ; f) CH CH CH(CH )CH COOH",2018 - Formulación.pdf,enunciados_PNG/2018 - Formulación_png/2018_junio_ejercicio_1_opcion_b_2.png,
Química,2018,Reserva 1,Ejercicio 1. Opción A,Formulación,QUÍMICA. 2018. RESERVA 1. EJERCICIO 1. OPCIÓN A,"Formule o nombre los siguientes compuestos: a) Dihidruro de estroncio; b) Ácido hipocloroso;
c) Etil propil éter; d) MgO ; e) Li SO ; f) CH NHCH CH",2018 - Formulación.pdf,enunciados_PNG/2018 - Formulación_png/2018_reserva_1_ejercicio_1_opcion_a_2.png,
Química,2018,Reserva 1,Ejercicio 1. Opción B,Formulación,QUÍMICA. 2018. RESERVA 1. EJERCICIO 1. OPCIÓN B,"Formule o nombre los siguientes compuestos: a) Hidróxido de zinc; b) Sulfito de calcio;
c) p-Metilfenol; d) CH ; e) KHCO ; f) CH ClCH CH(CH )CH",2018 - Formulación.pdf,enunciados_PNG/2018 - Formulación_png/2018_reserva_1_ejercicio_1_opcion_b_2.png,
Química,2018,Reserva 2,Ejercicio 1. Opción A,Formulación,QUÍMICA. 2018. RESERVA 2. EJERCICIO 1. OPCIÓN A,"Formule o nombre los siguientes compuestos: a) Hidruro de boro; b) Hipoclorito de estaño(IV);
c) Ácido metilpropanoico; d) KBr; e) HIO ; f) CH CH NHCH CH CH",2018 - Formulación.pdf,enunciados_PNG/2018 - Formulación_png/2018_reserva_2_ejercicio_1_opcion_a_2.png,
Química,2018,Reserva 2,Ejercicio 1. Opción B,Formulación,QUÍMICA. 2018. RESERVA 2. EJERCICIO 1. OPCIÓN B,"Formule o nombre los siguientes compuestos: a) Tetracloruro de carbono; b) Ácido fosfórico;
c) Pent-3-en-2-ona; d) H Se; e) NH NO ; f) CH CH(CH )CH OH",2018 - Formulación.pdf,enunciados_PNG/2018 - Formulación_png/2018_reserva_2_ejercicio_1_opcion_b_2.png,
Química,2018,Reserva 3,Ejercicio 1. Opción A,Formulación,QUÍMICA. 2018. RESERVA 3. EJERCICIO 1. OPCIÓN A,"Formule o nombre los siguientes compuestos: a) Fluoruro de bario; b) Hidróxido de cobre(II);
c) Etanoato de propilo; d) SnO ; e) PbCO 4; f) CH CHBrCHO",2018 - Formulación.pdf,enunciados_PNG/2018 - Formulación_png/2018_reserva_3_ejercicio_1_opcion_a_2.png,
Química,2018,Reserva 3,Ejercicio 1. Opción B,Formulación,QUÍMICA. 2018. RESERVA 3. EJERCICIO 1. OPCIÓN B,"Formule o nombre los siguientes compuestos: a) Trióxido de dicobalto; b) Sulfito de sodio;
c) 1,2-Dimetilbenceno; d) HgI ; e) Pb(OH) 4; f) CH CHOHCOOH",2018 - Formulación.pdf,enunciados_PNG/2018 - Formulación_png/2018_reserva_3_ejercicio_1_opcion_b_2.png,
Química,2018,Reserva 4,Ejercicio 1. Opción A,Formulación,QUÍMICA. 2018. RESERVA 4. EJERCICIO 1. OPCIÓN A,"Formule o nombre los siguientes compuestos: a) Pentacloruro de fósforo; b) Yodato de litio;
c) Propanamida; d) K O ; e) HBrO; f) CH COCH OH",2018 - Formulación.pdf,enunciados_PNG/2018 - Formulación_png/2018_reserva_4_ejercicio_1_opcion_a_2.png,
Química,2018,Reserva 4,Ejercicio 1. Opción B,Formulación,QUÍMICA. 2018. RESERVA 4. EJERCICIO 1. OPCIÓN B,"Formule o nombre los siguientes compuestos: a) Sulfuro de cadmio; b) Ácido carbónico;
c) Propanoato de etilo; d) BaO ; e) Ca(NO ) ; f) CH CHCHCH",2018 - Formulación.pdf,enunciados_PNG/2018 - Formulación_png/2018_reserva_4_ejercicio_1_opcion_b_2.png,
Química,2018,Septiembre,Ejercicio 1. Opción A,Formulación,QUÍMICA. 2018. SEPTIEMBRE. EJERCICIO 1. OPCIÓN A,"Formule o nombre los siguientes compuestos: a) Óxido de hierro(III); b) Hipoclorito de sodio;
c) Pentanal; d) H S; e) Ca(NO ) ; f) CH CONH",2018 - Formulación.pdf,enunciados_PNG/2018 - Formulación_png/2018_septiembre_ejercicio_1_opcion_a_2.png,
Química,2018,Septiembre,Ejercicio 1. Opción B,Formulación,QUÍMICA. 2018. SEPTIEMBRE. EJERCICIO 1. OPCIÓN B,"Formule o nombre los siguientes compuestos: a) Yoduro de cobre(I); b) Fosfato de magnesio;
c) Hexano-2,4-diona; d) Ni O ; e) AgBrO ; f) CH CH C(CH )CH",2018 - Formulación.pdf,enunciados_PNG/2018 - Formulación_png/2018_septiembre_ejercicio_1_opcion_b_2.png,
Química,2019,Junio,Ejercicio 1. Opción A,Formulación,QUÍMICA. 2019. JUNIO. EJERCICIO 1. OPCIÓN A,"Formule o nombre los compuestos siguientes: a) Óxido de vanadio(V); b) Hidruro de magnesio;
c) N-Metiletanamina; d) Sr(OH) ; e) Sn(IO ) ; f) CH CHBrCOOH",2019 - Formulación.pdf,enunciados_PNG/2019 - Formulación_png/2019_junio_ejercicio_1_opcion_a_2.png,
Química,2019,Junio,Ejercicio 1. Opción B,Formulación,QUÍMICA. 2019. JUNIO. EJERCICIO 1. OPCIÓN B,"Formule o nombre los compuestos siguientes: a) Peróxido de estroncio; b) Bromuro de
hidrógeno; c) 4-Metilpentan-2-ona; d) Mn O ; e) H AsO ; f) CH COOCH",2019 - Formulación.pdf,enunciados_PNG/2019 - Formulación_png/2019_junio_ejercicio_1_opcion_b_2.png,
Química,2019,Reserva 1,Ejercicio 1. Opción A,Formulación,QUÍMICA. 2019. RESERVA 1. EJERCICIO 1. OPCIÓN A,"Formule o nombre los siguientes compuestos: a) Cloruro de amonio; b) Ácido nitroso;
c) Etanoato de propilo; d) CaO ; e) Hg(BrO ) ; f) CH CHFCH CH .",2019 - Formulación.pdf,enunciados_PNG/2019 - Formulación_png/2019_reserva_1_ejercicio_1_opcion_a_2.png,
Química,2019,Reserva 1,Ejercicio 1. Opción B,Formulación,QUÍMICA. 2019. RESERVA 1. EJERCICIO 1. OPCIÓN B,"Formule o nombre los siguientes compuestos: a) Hidruro de berilio; b) Hidróxido de
hierro(III); c) Fenilamina; d) TeO ; e) H SO ; f) CH CH(CH )COOH.",2019 - Formulación.pdf,enunciados_PNG/2019 - Formulación_png/2019_reserva_1_ejercicio_1_opcion_b_2.png,
Química,2019,Reserva 2,Ejercicio 1. Opción A,Formulación,QUÍMICA. 2019. RESERVA 2. EJERCICIO 1. OPCIÓN A,"Formule o nombre los siguientes compuestos: a) Peróxido de sodio; b) Sulfuro de cinc;
c) p-Metilfenol; d) H SeO ; e) KMnO ; f) (CH ) CHCOCH .",2019 - Formulación.pdf,enunciados_PNG/2019 - Formulación_png/2019_reserva_2_ejercicio_1_opcion_a_2.png,
Química,2019,Reserva 2,Ejercicio 1. Opción B,Formulación,QUÍMICA. 2019. RESERVA 2. EJERCICIO 1. OPCIÓN B,"Formule o nombre los siguientes compuestos: a) Hidróxido de cobre(I); b) Ácido sulfúrico;
c) Etanamida; d) CrO ; e) BeH ; f) CH CH COOCH CH .",2019 - Formulación.pdf,enunciados_PNG/2019 - Formulación_png/2019_reserva_2_ejercicio_1_opcion_b_2.png,
Química,2019,Reserva 3,Ejercicio 1. Opción A,Formulación,QUÍMICA. 2019. RESERVA 3. EJERCICIO 1. OPCIÓN A,"Formule o nombre los siguientes compuestos: a) Hidróxido de níquel(III); b) Hipoclorito de
sodio; c) 2,2,4-Trimetilpentano; d) Au S; e) HNO ; f) CH OHCHOHCH OH.",2019 - Formulación.pdf,enunciados_PNG/2019 - Formulación_png/2019_reserva_3_ejercicio_1_opcion_a_2.png,
Química,2019,Reserva 3,Ejercicio 1. Opción B,Formulación,QUÍMICA. 2019. RESERVA 3. EJERCICIO 1. OPCIÓN B,"Formule o nombre los siguientes compuestos: a) Óxido de manganeso(VII); b) Ácido
peryódico; c) 1,1,2-Trimetilciclopentano; d) VH ; e) CaCO ; f) CH CH CONH .",2019 - Formulación.pdf,enunciados_PNG/2019 - Formulación_png/2019_reserva_3_ejercicio_1_opcion_b_2.png,
Química,2019,Reserva 4,Ejercicio 1. Opción A,Formulación,QUÍMICA. 2019. RESERVA 4. EJERCICIO 1. OPCIÓN A,"Formule o nombre los siguientes compuestos: a) Óxido de cobalto(III); b) Nitrato de hierro(II);
c) Penta-1,3-dieno; d) Ni(OH) ; e) H MnO ; f) CH OHCH OH.",2019 - Formulación.pdf,enunciados_PNG/2019 - Formulación_png/2019_reserva_4_ejercicio_1_opcion_a_2.png,
Química,2019,Reserva 4,Ejercicio 1. Opción B,Formulación,QUÍMICA. 2019. RESERVA 4. EJERCICIO 1. OPCIÓN B,"Formule o nombre los siguientes compuestos: a) Sulfuro de cobre(II); b) Ácido carbónico;
c) 1,3,5-Trimetilbenceno; d) BaO ; e) Ag CrO ; f) CH OCH CH .",2019 - Formulación.pdf,enunciados_PNG/2019 - Formulación_png/2019_reserva_4_ejercicio_1_opcion_b_2.png,
Química,2019,Septiembre,Ejercicio 1. Opción A,Formulación,QUÍMICA. 2019. SEPTIEMBRE. EJERCICIO 1. OPCIÓN A,"Formule o nombre los compuestos siguientes: a) Hidruro de plomo(IV); b) Bromato de
aluminio; c) Ácido benzoico; d) Au O ; e) Bi(OH) ; f) (CH ) N",2019 - Formulación.pdf,enunciados_PNG/2019 - Formulación_png/2019_septiembre_ejercicio_1_opcion_a_2.png,
Química,2019,Septiembre,Ejercicio 1. Opción B,Formulación,QUÍMICA. 2019. SEPTIEMBRE. EJERCICIO 1. OPCIÓN B,"Formule o nombre los compuestos siguientes: a) Peróxido de bario; b) Fluoruro de amonio;
c) Propanodial; d) ZnH ; e) H TeO ; f) CH CH(CH )CONH",2019 - Formulación.pdf,enunciados_PNG/2019 - Formulación_png/2019_septiembre_ejercicio_1_opcion_b_2.png,
Química,2020,Junio,Ejercicio A1,Formulación,QUÍMICA. 2020. JUNIO. EJERCICIO A1,"Formule o nombre los compuestos siguientes: a) Bromuro de hidrógeno; b) Óxido de
plomo(IV); c) Hidruro de Bario; d) V O ; e) CaHPO ; f) H SO",2020 - Formulación.pdf,enunciados_PNG/2020 - Formulación_png/2020_junio_ejercicio_a1_2.png,
Química,2020,Junio,Ejercicio A2,Formulación,QUÍMICA. 2020. JUNIO. EJERCICIO A2,"Formule o nombre los compuestos siguientes: a) Permanganato de bario; b) Hidróxido de
cesio; c) Pent-2-ino; d) Hg SO ; e) CoBr ; f) CH CH CH OCH",2020 - Formulación.pdf,enunciados_PNG/2020 - Formulación_png/2020_junio_ejercicio_a2_2.png,
Química,2020,Reserva 1,Ejercicio A1,Formulación,QUÍMICA. 2020. RESERVA 1. EJERCICIO A1,"Formule o nombre los compuestos siguientes: a) Sulfito de potasio; b) Peróxido de sodio;
c) Ácido cloroso; d) BaCO ; e) SO ; f) Sr(OH)",2020 - Formulación.pdf,enunciados_PNG/2020 - Formulación_png/2020_reserva_1_ejercicio_a1_2.png,
Química,2020,Reserva 1,Ejercicio A2,Formulación,QUÍMICA. 2020. RESERVA 1. EJERCICIO A2,"Formule o nombre los compuestos siguientes: a) Pentafluoruro de antimonio; b) Fosfato de
calcio; c) Ácido butanodioico; d) ZnH ; e) Au O ; f) CH CH CHO",2020 - Formulación.pdf,enunciados_PNG/2020 - Formulación_png/2020_reserva_1_ejercicio_a2_2.png,
Química,2020,Reserva 2,Ejercicio A1,Formulación,QUÍMICA. 2020. RESERVA 2. EJERCICIO A1,"Formule o nombre los compuestos siguientes: a) Hidrogenocarbonato de plata; b) Hidróxido de
cobre(I); c) Bromuro de cesio; d) HNO ; e) PH ; f) SiO",2020 - Formulación.pdf,enunciados_PNG/2020 - Formulación_png/2020_reserva_2_ejercicio_a1_2.png,
Química,2020,Reserva 2,Ejercicio A2,Formulación,QUÍMICA. 2020. RESERVA 2. EJERCICIO A2,"Formule o nombre los compuestos siguientes: a) Nitrato de manganeso(II); b) Dihidruro de
estroncio; c) Pent-4-en-2-ol; d) PbO; e) CaS; f) CH CH CONH",2020 - Formulación.pdf,enunciados_PNG/2020 - Formulación_png/2020_reserva_2_ejercicio_a2_2.png,
Química,2020,Reserva 3,Ejercicio A1,Formulación,QUÍMICA. 2020. RESERVA 3. EJERCICIO A1,"Formule o nombre los compuestos siguientes: a) Cromato de plata; b) Dióxido de estaño;
c) Ácido nitroso; d) CaBr ; e) Zn(OH) ; f) Na SO",2020 - Formulación.pdf,enunciados_PNG/2020 - Formulación_png/2020_reserva_3_ejercicio_a1_2.png,
Química,2020,Reserva 3,Ejercicio A2,Formulación,QUÍMICA. 2020. RESERVA 3. EJERCICIO A2,"Formule o nombre los compuestos siguientes: a) Nitruro de aluminio; b) Ácido hipocloroso;
c) Buta-1,3-dieno; d) K O ; e) Ca(BrO ) ; f) CH CH COCH",2020 - Formulación.pdf,enunciados_PNG/2020 - Formulación_png/2020_reserva_3_ejercicio_a2_2.png,
Química,2020,Reserva 4,Ejercicio A1,Formulación,QUÍMICA. 2020. RESERVA 4. EJERCICIO A1,"Formule o nombre los compuestos siguientes: a) Peróxido de hidrógeno; b) Hidrogenosulfito de
sodio; c) Hidruro de boro; d) AgBr; e) Au(OH) ; f) Ca(NO )",2020 - Formulación.pdf,enunciados_PNG/2020 - Formulación_png/2020_reserva_4_ejercicio_a1_2.png,
Química,2020,Reserva 4,Ejercicio A2,Formulación,QUÍMICA. 2020. RESERVA 4. EJERCICIO A2,"Formule o nombre los compuestos siguientes: a) Pentafluoruro de fósforo; b) Hidróxido de
niquel(II); c) Propanoato de etilo; d) PbCrO ; e) FeH ; f) CH COOH",2020 - Formulación.pdf,enunciados_PNG/2020 - Formulación_png/2020_reserva_4_ejercicio_a2_2.png,
Química,2020,Septiembre,Ejercicio A1,Formulación,QUÍMICA. 2020. SEPTIEMBRE. EJERCICIO A1,"Formule o nombre los compuestos siguientes: a) Peróxido de rubidio; b) Hidrogenofosfato de
calcio; c) Hidróxido de plata; d) SrH ; e) KClO ; f) NiO",2020 - Formulación.pdf,enunciados_PNG/2020 - Formulación_png/2020_septiembre_ejercicio_a1_2.png,
Química,2020,Septiembre,Ejercicio A2,Formulación,QUÍMICA. 2020. SEPTIEMBRE. EJERCICIO A2,"Formule o nombre los compuestos siguientes: a) Sulfuro de cobre(I); b) Dióxido de azufre;
c) 2-Hidroxipropanal; d) H AsO ; e) PtO ; f) CH CONH",2020 - Formulación.pdf,enunciados_PNG/2020 - Formulación_png/2020_septiembre_ejercicio_a2_2.png,
Química,2021,Junio,Ejercicio A1,Formulación,QUÍMICA. 2021. JUNIO. EJERCICIO A1,"Formule o nombre los compuestos siguientes: a) Tricloruro de cromo; b) Carbonato de bario;
c) Óxido de vanadio(V); d) PbH ; e) Fe (PO ) ; f) HNO",2021 - Formulación.pdf,enunciados_PNG/2021 - Formulación_png/2021_junio_ejercicio_a1_2.png,
Química,2021,Junio,Ejercicio A2,Formulación,QUÍMICA. 2021. JUNIO. EJERCICIO A2,"Formule o nombre los compuestos siguientes: a) Bromato de potasio; b) Hidróxido de
aluminio; c) 4-Metilfenol; d) H SO ; e) TiO ; f) (CH ) CHCH CHO",2021 - Formulación.pdf,enunciados_PNG/2021 - Formulación_png/2021_junio_ejercicio_a2_2.png,
Química,2021,Reserva 1,Ejercicio A1,Formulación,QUÍMICA. 2021. RESERVA 1. EJERCICIO A1,"Formule o nombre los compuestos siguientes: a) Hidróxido de amonio; b) Clorato de potasio;
c) Óxido de cinc; d) MgSO ; e) AsH ; f) SnBr",2021 - Formulación.pdf,enunciados_PNG/2021 - Formulación_png/2021_reserva_1_ejercicio_a1_2.png,
Química,2021,Reserva 1,Ejercicio A2,Formulación,QUÍMICA. 2021. RESERVA 1. EJERCICIO A2,"Formule o nombre los compuestos siguientes: a) Ácido sulfuroso; b) Hidróxido de cobre(II);
c) 3,3-Dimetilciclopenteno; d) Mn O ; e) CoS; f) CH FCOOH",2021 - Formulación.pdf,enunciados_PNG/2021 - Formulación_png/2021_reserva_1_ejercicio_a2_2.png,
Química,2021,Reserva 2,Ejercicio A1,Formulación,QUÍMICA. 2021. RESERVA 2. EJERCICIO A1,"Formule o nombre los compuestos siguientes: a) Sulfuro de hidrógeno; b) Dióxido de estaño;
c) Nitrato de cobre(II); d) HBrO; e) Ag CrO ; f) Fe(OH)",2021 - Formulación.pdf,enunciados_PNG/2021 - Formulación_png/2021_reserva_2_ejercicio_a1_2.png,
Química,2021,Reserva 2,Ejercicio A2,Formulación,QUÍMICA. 2021. RESERVA 2. EJERCICIO A2,"Formule o nombre los compuestos siguientes: a) Tetracloruro de carbono; b) Hidrogenosulfato
de sodio; c) Octan-2-ol; d) H PO ; e) As O ; f) CH CHCH(CH )",2021 - Formulación.pdf,enunciados_PNG/2021 - Formulación_png/2021_reserva_2_ejercicio_a2_2.png,
Química,2021,Reserva 3,Ejercicio A1,Formulación,QUÍMICA. 2021. RESERVA 3. EJERCICIO A1,"Formule o nombre los compuestos siguientes: a) Pentacloruro de fósforo; b) Peróxido de calcio;
c) Yodato de mercurio(II); d) Fe O ; e) NiH ; f) NH Br",2021 - Formulación.pdf,enunciados_PNG/2021 - Formulación_png/2021_reserva_3_ejercicio_a1_2.png,
Química,2021,Reserva 3,Ejercicio A2,Formulación,QUÍMICA. 2021. RESERVA 3. EJERCICIO A2,"Formule o nombre los compuestos siguientes: a) Ácido cloroso; b) Dihidrogenofosfato de sodio;
c) Nitrobenceno; d) PbO; e) CaS; f) CH CBrCH CH CH",2021 - Formulación.pdf,enunciados_PNG/2021 - Formulación_png/2021_reserva_3_ejercicio_a2_2.png,
Química,2021,Reserva 4,Ejercicio A1,Formulación,QUÍMICA. 2021. RESERVA 4. EJERCICIO A1,"Formule o nombre los compuestos siguientes: a) Ácido hipocloroso; b) Sulfuro de cadmio;
c) Permanganato de potasio; d) Ag O; e) Al(OH) ; f) PbCrO",2021 - Formulación.pdf,enunciados_PNG/2021 - Formulación_png/2021_reserva_4_ejercicio_a1_2.png,
Química,2021,Reserva 4,Ejercicio A2,Formulación,QUÍMICA. 2021. RESERVA 4. EJERCICIO A2,"Formule o nombre los compuestos siguientes: a) Nitrito de sodio; b) Hidróxido de cobalto(II);
c) Metanol; d) KBr; e) H BO ; f) CH CH CH COOH",2021 - Formulación.pdf,enunciados_PNG/2021 - Formulación_png/2021_reserva_4_ejercicio_a2_2.png,
Química,2021,Julio,Ejercicio A1,Formulación,QUÍMICA. 2021. JULIO. EJERCICIO A1,"Formule o nombre los compuestos siguientes: a) Peróxido de mercurio(II); b) Hidruro de litio;
c) Hidrogenocarbonato de bario; d) HBrO ; e) Cd(OH) ; f) Ca (PO )",2021 - Formulación.pdf,enunciados_PNG/2021 - Formulación_png/2021_julio_ejercicio_a1_2.png,
Química,2021,Julio,Ejercicio A2,Formulación,QUÍMICA. 2021. JULIO. EJERCICIO A2,"Formule o nombre los compuestos siguientes: a) Hidróxido de platino(IV); b) Ácido peryódico;
c) 3-Etil-3-metilpent-1-ino; d) P O ; e) Fe(HSO ) ; f) (CH ) CCONH",2021 - Formulación.pdf,enunciados_PNG/2021 - Formulación_png/2021_julio_ejercicio_a2_2.png,
Química,2022,Junio,Ejercicio A1,Formulación,QUÍMICA. 2022. JUNIO. EJERCICIO A1,"Formule o nombre los compuestos siguientes: a) Bromato de aluminio; b) Sulfuro de
antimonio(V); c) 1,1-Dicloro-2-metilciclohexano; d) PtO ; e) Cr(OH) ; f) CH NO",2022 - Formulación.pdf,enunciados_PNG/2022 - Formulación_png/2022_junio_ejercicio_a1_2.png,
Química,2022,Junio,Ejercicio A2,Formulación,QUÍMICA. 2022. JUNIO. EJERCICIO A2,"Formule o nombre los compuestos siguientes: a) Nitrato de hierro(III); b) Hidróxido de
estaño(IV); c) Tricloroetanamida; d) CaCl ; e) HClO ; f) CH CH CH COOCH CH",2022 - Formulación.pdf,enunciados_PNG/2022 - Formulación_png/2022_junio_ejercicio_a2_2.png,
Química,2022,Reserva 1,Ejercicio A1,Formulación,QUÍMICA. 2022. RESERVA 1. EJERCICIO A1,"Formule o nombre los compuestos siguientes: a) Sulfuro de manganeso(III); b) Fosfato de
aluminio; c) 1,2-Diclorobenceno; d) CrO ; e) MgH ; f) CH CH COOCH",2022 - Formulación.pdf,enunciados_PNG/2022 - Formulación_png/2022_reserva_1_ejercicio_a1_2.png,
Química,2022,Reserva 1,Ejercicio A2,Formulación,QUÍMICA. 2022. RESERVA 1. EJERCICIO A2,"Formule o nombre los compuestos siguientes: a) Hidróxido de cobalto(II);
b) Hidrogenocarbonato de magnesio; c) Metilbenceno; d) MoO ; e) Ni Se ;
3 2 3
f) CH OHCH CH COOH",2022 - Formulación.pdf,enunciados_PNG/2022 - Formulación_png/2022_reserva_1_ejercicio_a2_2.png,
Química,2022,Reserva 2,Ejercicio A1,Formulación,QUÍMICA. 2022. RESERVA 2. EJERCICIO A1,"Formule o nombre los compuestos siguientes: a) Bromuro de magnesio; b) Hipoyodito de
calcio; c) Ciclobuteno; d) NaH; e) Ba(MnO ) ; f) CH FCH COOH",2022 - Formulación.pdf,enunciados_PNG/2022 - Formulación_png/2022_reserva_2_ejercicio_a1_2.png,
Química,2022,Reserva 2,Ejercicio A2,Formulación,QUÍMICA. 2022. RESERVA 2. EJERCICIO A2,"Formule o nombre los compuestos siguientes: a) Dicromato de plata; b) Hidróxido de
hierro(II); c) Ácido propanodioico; d) HNO ; e) Li O; f) CH BrCH CHBrCH Br",2022 - Formulación.pdf,enunciados_PNG/2022 - Formulación_png/2022_reserva_2_ejercicio_a2_2.png,
Química,2022,Reserva 3,Ejercicio A1,Formulación,QUÍMICA. 2022. RESERVA 3. EJERCICIO A1,"Formule o nombre los compuestos siguientes: a) Peróxido de estroncio; b) Hidrogenosulfito de
mercurio(II); c) Ciclopropano; d) KNO ; e) V(OH) ; f) (CH ) CHCH CHO",2022 - Formulación.pdf,enunciados_PNG/2022 - Formulación_png/2022_reserva_3_ejercicio_a1_2.png,
Química,2022,Reserva 3,Ejercicio A2,Formulación,QUÍMICA. 2022. RESERVA 3. EJERCICIO A2,"Formule o nombre los compuestos siguientes: a) Ácido perclórico; b) Dihidruro de plomo;
c) 2-Nitropropeno; d) Ba(ClO) ; e) PtO; f) CH CH(OH)CH(OH)COOH",2022 - Formulación.pdf,enunciados_PNG/2022 - Formulación_png/2022_reserva_3_ejercicio_a2_2.png,
Química,2022,Reserva 4,Ejercicio A1,Formulación,QUÍMICA. 2022. RESERVA 4. EJERCICIO A1,"Formule o nombre los compuestos siguientes: a) Hidróxido de vanadio(V); b) Cromato de
oro(III); c) Benzoato de metilo; d) Na CO ; e) CoH ; f) CH CH CH CH(CH )CH OH",2022 - Formulación.pdf,enunciados_PNG/2022 - Formulación_png/2022_reserva_4_ejercicio_a1_2.png,
Química,2022,Reserva 4,Ejercicio A2,Formulación,QUÍMICA. 2022. RESERVA 4. EJERCICIO A2,"Formule o nombre los compuestos siguientes: a) Ácido nítrico; b) Hidróxido de plomo(II);
c) 2-Cloropropanal; d) Al O ; e) Au S; f) CH OCH",2022 - Formulación.pdf,enunciados_PNG/2022 - Formulación_png/2022_reserva_4_ejercicio_a2_2.png,
Química,2022,Julio,Ejercicio A1,Formulación,QUÍMICA. 2022. JULIO. EJERCICIO A1,"Formule o nombre los compuestos siguientes: a) Seleniuro de hidrógeno; b) Óxido de
estaño(IV); c) Pentan-2-ona; d) HClO ; e) CaCO ; f) CH OHCH(CH )",2022 - Formulación.pdf,enunciados_PNG/2022 - Formulación_png/2022_julio_ejercicio_a1_2.png,
Química,2022,Julio,Ejercicio A2,Formulación,QUÍMICA. 2022. JULIO. EJERCICIO A2,"Formule o nombre los compuestos siguientes: a) Hexafluoruro de azufre; b) Hidrogenofosfato
de potasio; c) Hexan-2-amina; d) HBrO; e) TiO ; f) CH CHCH CONH",2022 - Formulación.pdf,enunciados_PNG/2022 - Formulación_png/2022_julio_ejercicio_a2_2.png,
Química,2024,Junio,Ejercicio A1,Formulación,QUÍMICA. 2024. JUNIO. EJERCICIO A1,"Formule o nombre los compuestos siguientes: a) Sulfuro de hidrógeno; b) Perclorato de
cromo(III); c) Ácido hidroxietanoico; d) C o ( O H )
3
; e) H I O ;
f) C H
3
C H ( C H
3
) C H ( C H
3
) C H
2
C H",2023 - Formulación.pdf,enunciados_PNG/2023 - Formulación_png/2024_junio_ejercicio_a1_2.png,
Química,2024,Junio,Ejercicio A2,Formulación,QUÍMICA. 2024. JUNIO. EJERCICIO A2,"Formule o nombre los compuestos siguientes: a) Peróxido de estroncio; b) Nitrato de magnesio;
c) 1,2-diclorobenceno; d) P b F
2
; e) C u ( B r O
2
)
2
; f) C H
3
N H C H",2023 - Formulación.pdf,enunciados_PNG/2023 - Formulación_png/2024_junio_ejercicio_a2_2.png,
Química,2024,Reserva 1,Ejercicio A1,Formulación,QUÍMICA. 2024. RESERVA 1. EJERCICIO A1,"Formule o nombre los siguientes compuestos: a) Fluoruro de estroncio; b) Sulfito de amonio;
c) But-3-en-1-ol; d) M n
2
O
7
; e) H C l O
2
; f) ( C H
3
)
3",2023 - Formulación.pdf,enunciados_PNG/2023 - Formulación_png/2024_reserva_1_ejercicio_a1_2.png,
Química,2024,Reserva 1,Ejercicio A2,Formulación,QUÍMICA. 2024. RESERVA 1. EJERCICIO A2,"Formule o nombre los siguientes compuestos: a) Óxido de plomo(II); b) Ácido bórico;
c) o-Bromofenol; d) K
2
O
2
; e) Mg(HSO ) ; f)
4 2
C H
3
C H
2
O C H
2
C H",2023 - Formulación.pdf,enunciados_PNG/2023 - Formulación_png/2024_reserva_1_ejercicio_a2_2.png,
Química,2024,Reserva 2,Ejercicio A1,Formulación,QUÍMICA. 2024. RESERVA 2. EJERCICIO A1,"Formule o nombre los siguientes compuestos: a) Óxido de platino(IV); b) Perclorato de potasio;
c) Nitrobenceno; d) H I O
3
; e) H g S O
3
; f) C H
3
C O C H
2
C H
2
C H",2023 - Formulación.pdf,enunciados_PNG/2023 - Formulación_png/2024_reserva_2_ejercicio_a1_2.png,
Química,2024,Reserva 2,Ejercicio A2,Formulación,QUÍMICA. 2024. RESERVA 2. EJERCICIO A2,"Formule o nombre los siguientes compuestos: a) Hidróxido de cesio; b) Permanganato de litio;
c) Etanamida; d) ( N H
4
)
2
S ; e) P H
3
; f) C H
2
= C H C H
2
C H = C H",2023 - Formulación.pdf,enunciados_PNG/2023 - Formulación_png/2024_reserva_2_ejercicio_a2_2.png,
Química,2024,Reserva 3,Ejercicio A1,Formulación,QUÍMICA. 2024. RESERVA 3. EJERCICIO A1,"Formule o nombre los siguientes compuestos: a) Hidróxido de vanadio(V); b) Bromato de
aluminio; c) Etilbenceno; d) CuH ; e)
2
H
3
A s O
3
; f) H O O C C H
2",2023 - Formulación.pdf,enunciados_PNG/2023 - Formulación_png/2024_reserva_3_ejercicio_a1_2.png,
Química,2024,Reserva 3,Ejercicio A2,Formulación,QUÍMICA. 2024. RESERVA 3. EJERCICIO A2,"Formule o nombre los siguientes compuestos: a) Óxido de aluminio; b) Ácido cloroso;
c) But-2-ino; d) S n ( O H )
2
; e) B a ( M n O
4
)
2
; f) C H
3
C H
2
C O N H",2023 - Formulación.pdf,enunciados_PNG/2023 - Formulación_png/2024_reserva_3_ejercicio_a2_2.png,
Química,2024,Reserva 4,Ejercicio A1,Formulación,QUÍMICA. 2024. RESERVA 4. EJERCICIO A1,"Formule o nombre los siguientes compuestos: a) Óxido de molibdeno(IV); b) Sulfato de
manganeso(II); c) Penta-1,3-dieno; d) A l ( O H )
3
; e) HClO ; f)
4
C H
3",2023 - Formulación.pdf,enunciados_PNG/2023 - Formulación_png/2024_reserva_4_ejercicio_a1_2.png,
Química,2024,Reserva 4,Ejercicio A2,Formulación,QUÍMICA. 2024. RESERVA 4. EJERCICIO A2,"Formule o nombre los siguientes compuestos: a) Fluoruro de plata; b) Ácido nitroso;
c) p-metilfenol; d) O Cl ; e)
7 2
C a ( H C O
3
)
2
; f) C H
3
O C H
2
C H",2023 - Formulación.pdf,enunciados_PNG/2023 - Formulación_png/2024_reserva_4_ejercicio_a2_2.png,
Química,2024,Julio,Ejercicio A1,Formulación,QUÍMICA. 2024. JULIO. EJERCICIO A1,"Formule o nombre los siguientes compuestos: a) Sulfuro de plomo(II); b) Hidróxido de berilio;
c) Etanoato de metilo; d) T i F
4
; e) N i
3
( P O
4
)
2
; f) C H
3
C H
2
C H
2
N H",2023 - Formulación.pdf,enunciados_PNG/2023 - Formulación_png/2024_julio_ejercicio_a1_2.png,
Química,2024,Julio,Ejercicio A2,Formulación,QUÍMICA. 2024. JULIO. EJERCICIO A2,"Formule o nombre los siguientes compuestos: a) Peróxido de hidrógeno; b) Arsenato de
hierro(III); c) 2,2,4-trimetilpentano; d) O
3
I
2
; e) C r ( O H )
3
; f) C H
3
C H
2",2023 - Formulación.pdf,enunciados_PNG/2023 - Formulación_png/2024_julio_ejercicio_a2_2.png,
Química,2024,Junio,Ejercicio A1,Formulación,QUÍMICA. 2024. JUNIO. EJERCICIO A1,"Formule o nombre los compuestos siguientes: a) Sulfuro de hidrógeno; b) Perclorato de
cromo(III); c) Ácido hidroxietanoico; d) C o ( O H )
3
; e) H I O ;
f) C H
3
C H ( C H
3
) C H ( C H
3
) C H
2
C H",2024 - Formulación.pdf,enunciados_PNG/2024 - Formulación_png/2024_junio_ejercicio_a1_2.png,
Química,2024,Junio,Ejercicio A2,Formulación,QUÍMICA. 2024. JUNIO. EJERCICIO A2,"Formule o nombre los compuestos siguientes: a) Peróxido de estroncio; b) Nitrato de magnesio;
c) 1,2-diclorobenceno; d) P b F
2
; e) C u ( B r O
2
)
2
; f) C H
3
N H C H",2024 - Formulación.pdf,enunciados_PNG/2024 - Formulación_png/2024_junio_ejercicio_a2_2.png,
Química,2024,Reserva 1,Ejercicio A1,Formulación,QUÍMICA. 2024. RESERVA 1. EJERCICIO A1,"Formule o nombre los siguientes compuestos: a) Fluoruro de estroncio; b) Sulfito de amonio;
c) But-3-en-1-ol; d) M n
2
O
7
; e) H C l O
2
; f) ( C H
3
)
3",2024 - Formulación.pdf,enunciados_PNG/2024 - Formulación_png/2024_reserva_1_ejercicio_a1_2.png,
Química,2024,Reserva 1,Ejercicio A2,Formulación,QUÍMICA. 2024. RESERVA 1. EJERCICIO A2,"Formule o nombre los siguientes compuestos: a) Óxido de plomo(II); b) Ácido bórico;
c) o-Bromofenol; d) K
2
O
2
; e) Mg(HSO ) ; f)
4 2
C H
3
C H
2
O C H
2
C H",2024 - Formulación.pdf,enunciados_PNG/2024 - Formulación_png/2024_reserva_1_ejercicio_a2_2.png,
Química,2024,Reserva 2,Ejercicio A1,Formulación,QUÍMICA. 2024. RESERVA 2. EJERCICIO A1,"Formule o nombre los siguientes compuestos: a) Óxido de platino(IV); b) Perclorato de potasio;
c) Nitrobenceno; d) H I O
3
; e) H g S O
3
; f) C H
3
C O C H
2
C H
2
C H",2024 - Formulación.pdf,enunciados_PNG/2024 - Formulación_png/2024_reserva_2_ejercicio_a1_2.png,
Química,2024,Reserva 2,Ejercicio A2,Formulación,QUÍMICA. 2024. RESERVA 2. EJERCICIO A2,"Formule o nombre los siguientes compuestos: a) Hidróxido de cesio; b) Permanganato de litio;
c) Etanamida; d) ( N H
4
)
2
S ; e) P H
3
; f) C H
2
= C H C H
2
C H = C H",2024 - Formulación.pdf,enunciados_PNG/2024 - Formulación_png/2024_reserva_2_ejercicio_a2_2.png,
Química,2024,Reserva 3,Ejercicio A1,Formulación,QUÍMICA. 2024. RESERVA 3. EJERCICIO A1,"Formule o nombre los siguientes compuestos: a) Hidróxido de vanadio(V); b) Bromato de
aluminio; c) Etilbenceno; d) CuH ; e)
2
H
3
A s O
3
; f) H O O C C H
2",2024 - Formulación.pdf,enunciados_PNG/2024 - Formulación_png/2024_reserva_3_ejercicio_a1_2.png,
Química,2024,Reserva 3,Ejercicio A2,Formulación,QUÍMICA. 2024. RESERVA 3. EJERCICIO A2,"Formule o nombre los siguientes compuestos: a) Óxido de aluminio; b) Ácido cloroso;
c) But-2-ino; d) S n ( O H )
2
; e) B a ( M n O
4
)
2
; f) C H
3
C H
2
C O N H",2024 - Formulación.pdf,enunciados_PNG/2024 - Formulación_png/2024_reserva_3_ejercicio_a2_2.png,
Química,2024,Reserva 4,Ejercicio A1,Formulación,QUÍMICA. 2024. RESERVA 4. EJERCICIO A1,"Formule o nombre los siguientes compuestos: a) Óxido de molibdeno(IV); b) Sulfato de
manganeso(II); c) Penta-1,3-dieno; d) A l ( O H )
3
; e) HClO ; f)
4
C H
3",2024 - Formulación.pdf,enunciados_PNG/2024 - Formulación_png/2024_reserva_4_ejercicio_a1_2.png,
Química,2024,Reserva 4,Ejercicio A2,Formulación,QUÍMICA. 2024. RESERVA 4. EJERCICIO A2,"Formule o nombre los siguientes compuestos: a) Fluoruro de plata; b) Ácido nitroso;
c) p-metilfenol; d) O Cl ; e)
7 2
C a ( H C O
3
)
2
; f) C H
3
O C H
2
C H",2024 - Formulación.pdf,enunciados_PNG/2024 - Formulación_png/2024_reserva_4_ejercicio_a2_2.png,
Química,2024,Julio,Ejercicio A1,Formulación,QUÍMICA. 2024. JULIO. EJERCICIO A1,"Formule o nombre los siguientes compuestos: a) Sulfuro de plomo(II); b) Hidróxido de berilio;
c) Etanoato de metilo; d) T i F
4
; e) N i
3
( P O
4
)
2
; f) C H
3
C H
2
C H
2
N H",2024 - Formulación.pdf,enunciados_PNG/2024 - Formulación_png/2024_julio_ejercicio_a1_2.png,
Química,2024,Julio,Ejercicio A2,Formulación,QUÍMICA. 2024. JULIO. EJERCICIO A2,"Formule o nombre los siguientes compuestos: a) Peróxido de hidrógeno; b) Arsenato de
hierro(III); c) 2,2,4-trimetilpentano; d) O
3
I
2
; e) C r ( O H )
3
; f) C H
3
C H
2",2024 - Formulación.pdf,enunciados_PNG/2024 - Formulación_png/2024_julio_ejercicio_a2_2.png,
Química,2025,Junio,Ejercicio 4A,Formulación,QUÍMICA. 2025. JUNIO. EJERCICIO 4A,"Nombre o formule los siguientes compuestos: a) C H
3
− C H = C H − C H = C H
2
;
b) CH −CH(OH)−CH −CN; c) 3-Metilpent-2-eno; d) Etanamida",2025 - Formulación.pdf,enunciados_PNG/2025 - Formulación_png/2025_junio_ejercicio_4a_2.png,
Química,2025,Reserva 1,Ejercicio 4A,Formulación,QUÍMICA. 2025. RESERVA 1. EJERCICIO 4A,"Nombre o formule los siguientes compuestos: a) C H
2
= C H − C H
2
O H ;
b) C H
3
− C ( C H
3
)
2",2025 - Formulación.pdf,enunciados_PNG/2025 - Formulación_png/2025_reserva_1_ejercicio_4a_2.png,
Química,2025,Reserva 2,Ejercicio 4A,Formulación,QUÍMICA. 2025. RESERVA 2. EJERCICIO 4A,"Nombre o formule los siguientes compuestos: a) C H
2
= C H − C H
2
− N H
2
; b) C H
3
− O − C H
3
;",2025 - Formulación.pdf,enunciados_PNG/2025 - Formulación_png/2025_reserva_2_ejercicio_4a_2.png,
Química,2025,Julio,Ejercicio 4A,Formulación,QUÍMICA. 2025. JULIO. EJERCICIO 4A,"Nombre o formule los siguientes compuestos: a) CH −CH −O−CH ;
3 2 3
b) C H
3
− C H ( C H
3
) − C H
2",2025 - Formulación.pdf,enunciados_PNG/2025 - Formulación_png/2025_julio_ejercicio_4a_2.png,
