asignatura,año,convocatoria,ejercicio,tema,metadata,enunciado,archivo,imagen,aviso
Química,2000,Junio,Ejercicio 3. Opción B,Equilibrio Químico,QUÍMICA. 2000. JUNIO. EJERCICIO 3. OPCIÓN B,"En la tabla adjunta se recogen los valores, a distintas temperaturas, de la constante del
equilibrio químico:
2SO (g) 2SO (g)O (g)
3 2 2
T (º K) 298 400 600 800 1000
K 2'821025 1'781016 1' 98108 1'29103 2'64101
p
a) Justifique si la reacción anterior es endotérmica o exotérmica.
b) Explique cómo afecta al equilibrio un aumento de la presión, manteniendo constante la
temperatura.
c) Calcule, a 298 ºK, la constante K , del equilibrio: 2SO (g)O (g) 2SO (g)",2000 - Equilibrio Químico.pdf,enunciados_PNG/2000 - Equilibrio Químico_png/2000_junio_ejercicio_3_opcion_b_2.png,
Química,2000,Reserva 1,Ejercicio 5. Opción A,Equilibrio Químico,QUÍMICA. 2000. RESERVA 1. EJERCICIO 5. OPCIÓN A,"A 613º K, el valor de K para la reacción: Fe O (s)3H (g) 2Fe(s)3H O(g) es 0’064. Si
c 2 3 2 2
en el equilibrio anterior, la presión parcial del hidrógeno es de una atmósfera, calcule:
a) La concentración de hidrógeno.",2000 - Equilibrio Químico.pdf,enunciados_PNG/2000 - Equilibrio Químico_png/2000_reserva_1_ejercicio_5_opcion_a_2.png,
Química,2000,Reserva 1,Ejercicio 3. Opción B,Equilibrio Químico,QUÍMICA. 2000. RESERVA 1. EJERCICIO 3. OPCIÓN B,"Suponga el siguiente sistema en equilibrio: UO (s)4HF(g) UF (g)2H O(g).
2 4 2
Explique hacia dónde se desplaza el equilibrio cuando:
a) Se adiciona UO (s) al sistema.
2
b) Se elimina HF(g)",2000 - Equilibrio Químico.pdf,enunciados_PNG/2000 - Equilibrio Químico_png/2000_reserva_1_ejercicio_3_opcion_b_2.png,
Química,2000,Reserva 1,Ejercicio 4. Opción B,Equilibrio Químico,QUÍMICA. 2000. RESERVA 1. EJERCICIO 4. OPCIÓN B,"Dada la reacción: CO(g)NO (g) CO (g)NO(g)
2 2
a) Dibuje el diagrama de entalpía teniendo en cuenta que las energías de activación para la
reacción directa e inversa son 134 kJ/mol y 360 kJ/mol.",2000 - Equilibrio Químico.pdf,enunciados_PNG/2000 - Equilibrio Químico_png/2000_reserva_1_ejercicio_4_opcion_b_2.png,
Química,2000,Reserva 2,Ejercicio 3. Opción B,Equilibrio Químico,QUÍMICA. 2000. RESERVA 2. EJERCICIO 3. OPCIÓN B,"Indique, razonadamente, si las siguientes afirmaciones son verdaderas o falsas:
a) La velocidad de una reacción aumenta al disminuir la temperatura a la que se realiza.
b) La velocidad de una reacción aumenta al disminuir la energía de activación.",2000 - Equilibrio Químico.pdf,enunciados_PNG/2000 - Equilibrio Químico_png/2000_reserva_2_ejercicio_3_opcion_b_2.png,
Química,2000,Reserva 2,Ejercicio 6. Opción B,Equilibrio Químico,QUÍMICA. 2000. RESERVA 2. EJERCICIO 6. OPCIÓN B,"En un recipiente de 2 litros se introduce una cierta cantidad deNaHCO , se extrae el aire
3
existente en el mismo, se cierra y se caliente a 400 ºC, produciéndose la reacción de
descomposición siguiente: 2NaHCO (s) Na CO (s)CO (g)H O(g)
3 2 3 2 2
Una vez alcanzado el equilibrio, la presión dentro del recipiente es de 0’962 atm. Calcula:
a) La constante de equilibrio K de esa reacción.
p
b) La cantidad de NaHCO que se ha descompuesto expresada en moles y en gramos.
3",2000 - Equilibrio Químico.pdf,enunciados_PNG/2000 - Equilibrio Químico_png/2000_reserva_2_ejercicio_6_opcion_b_2.png,
Química,2000,Reserva 3,Ejercicio 6. Opción A,Equilibrio Químico,QUÍMICA. 2000. RESERVA 3. EJERCICIO 6. OPCIÓN A,"En un recipiente se introduce una cierta cantidad de SbCl y se calienta a 182 ºC, alcanzando
5
la presión de una atmósfera y estableciéndose el equilibrio: SbCl (g) SbCl (g)Cl (g)
5 3 2
Sabiendo que en las condiciones anteriores el SbCl se disocia en un 29’2%. Calcule:
5
a) Las constantes de equilibrio K y K
c p
b) La presión total necesaria para que, a esa te mperatura, el SbCl se disocie en un 60%
5",2000 - Equilibrio Químico.pdf,enunciados_PNG/2000 - Equilibrio Químico_png/2000_reserva_3_ejercicio_6_opcion_a_2.png,
Química,2000,Reserva 4,Ejercicio 6. Opción A,Equilibrio Químico,QUÍMICA. 2000. RESERVA 4. EJERCICIO 6. OPCIÓN A,"A 523 ºK las concentraciones de PCl ,PCl y Cl en equilibrio para la reacción:
5 3 2
PCl (g) PCl (g) Cl (g)
5 3 2
son 0’809 M, 0’190 M y 0’190 M, respectivamente. Calcule a esa temperatura:
a) Las presiones parciales de las tres especies en el equilibrio.
b) La constante K de la reacción.",2000 - Equilibrio Químico.pdf,enunciados_PNG/2000 - Equilibrio Químico_png/2000_reserva_4_ejercicio_6_opcion_a_2.png,
Química,2000,Septiembre,Ejercicio 6. Opción A,Equilibrio Químico,QUÍMICA. 2000. SEPTIEMBRE. EJERCICIO 6. OPCIÓN A,"Para el equilibrio I (g)H (g) 2HI(g), la constante de equilibrio K es 54’8 a la
2 2 c
temperatura de 425º C. Calcule: a) Las concentraciones de todas las especies en el equilibrio si
se calientan, a la citada temperatura, 0’60 moles de HI y 0’10 moles de H en un recipiente de
2",2000 - Equilibrio Químico.pdf,enunciados_PNG/2000 - Equilibrio Químico_png/2000_septiembre_ejercicio_6_opcion_a_2.png,
Química,2003,Junio,Ejercicio 6. Op Ción A,Equilibrio Químico,QUÍMICA. 2003. JUNIO. EJERCICIO 6. OP CIÓN A,"Para la reacción en equilibrio: SO Cl (g) SO (g)Cl (g)
2 2 2 2
la constante K  2'4 , a 375º K.
p
A esta temperatura, se introducen 0’050 moles de SO Cl en un recipiente cerrado de 1 litro de
2 2
capacidad. En el equilibrio, calcule:
a) Las presiones parciales de cada uno de los gases presentes.
b) El grado de disociación del SO Cl a esa temperatura.
2 2",2003 - Equilibrio Químico.pdf,enunciados_PNG/2003 - Equilibrio Químico_png/2003_junio_ejercicio_6_op_cion_a_2.png,
Química,2003,Reserva 1,Ejercicio 3. Opción A,Equilibrio Químico,QUÍMICA. 2003. RESERVA 1. EJERCICIO 3. OPCIÓN A,"a) Describa el efecto de un catalizador sobre el equilibrio químico.
b) Defina cociente de reacción Q .
c",2003 - Equilibrio Químico.pdf,enunciados_PNG/2003 - Equilibrio Químico_png/2003_reserva_1_ejercicio_3_opcion_a_2.png,
Química,2003,Reserva 1,Ejercicio 5. Opción B,Equilibrio Químico,QUÍMICA. 2003. RESERVA 1. EJERCICIO 5. OPCIÓN B,"Para la reacción en equilibrio: SnO (s)2 H (g) Sn(s)2 H O(g)
2 2 2
a 750º C, la presión total del sistema es 32’0 mm de Hg y la presión parcial del agua 23’7 mm
de Hg. Calcule:
a) El valor de la constante K para dicha reacción, a 750º C.
p
b) El número de moles de vapor de agua y de hidrógeno presentes en el equilibrio, sabiendo
que el volumen del reactor es de dos litros.",2003 - Equilibrio Químico.pdf,enunciados_PNG/2003 - Equilibrio Químico_png/2003_reserva_1_ejercicio_5_opcion_b_2.png,
Química,2003,Reserva 2,Ejercicio 6. Opción A,Equilibrio Químico,QUÍMICA. 2003. RESERVA 2. EJERCICIO 6. OPCIÓN A,"En un recipiente de 5 litros se introducen 1’84 moles de nitrógeno y 1’02 moles de oxígeno. Se
calienta el recipiente hasta 2000º C estableciéndose el equilibrio:
N (g)O (g) 2 NO(g)
2 2
En estas condiciones reacciona el 3% del nitrógeno existente. Calcule:
a) El valor de K a dicha temperatura.
c
b) La presión total en el recipiente, una vez alc anzado el equilibrio.",2003 - Equilibrio Químico.pdf,enunciados_PNG/2003 - Equilibrio Químico_png/2003_reserva_2_ejercicio_6_opcion_a_2.png,
Química,2003,Reserva 3,Ejercicio 3. Opción B,Equilibrio Químico,QUÍMICA. 2003. RESERVA 3. EJERCICIO 3. OPCIÓN B,"a) Dibuje el diagrama entálpico de la reacción: CH CH H  CH CH
2 2 2 3 3
sabiendo que la reacción directa es exotérmica y muy lenta, a presión atmosférica y
temperatura ambiente.
b) ¿Cómo se modifica el diagrama entálpico de la reacción anterior por efecto de un
catalizador positivo?",2003 - Equilibrio Químico.pdf,enunciados_PNG/2003 - Equilibrio Químico_png/2003_reserva_3_ejercicio_3_opcion_b_2.png,
Química,2003,Reserva 3,Ejercicio 6. Opción B,Equilibrio Químico,QUÍMICA. 2003. RESERVA 3. EJERCICIO 6. OPCIÓN B,"En un recipiente de 5 litros se introducen 0’28 moles de N O a 50ºC. A esa temperatura el
2 4
N O se disocia según: N O (g) 2NO (g)
2 4 2 4 2
Al llegar al equilibrio, la presión total es de 2 atm. Calcule:
a) El grado de disociación del N O a esa temperatura.
2 4
b) El valor de K a 50ºC.
p",2003 - Equilibrio Químico.pdf,enunciados_PNG/2003 - Equilibrio Químico_png/2003_reserva_3_ejercicio_6_opcion_b_2.png,
Química,2003,Reserva 4,Ejercicio 3. Opción A,Equilibrio Químico,QUÍMICA. 2003. RESERVA 4. EJERCICIO 3. OPCIÓN A,"Dado el equilibrio: 2SO (g)O (g) 2SO (g) H0
2 2 3
a) Explique cómo aumentaría el número de moles deSO , sin adicionar ni eliminar ninguna de
3
las sustancias presentes en el equilibrio.
b) Escriba la expresión deK .
p",2003 - Equilibrio Químico.pdf,enunciados_PNG/2003 - Equilibrio Químico_png/2003_reserva_4_ejercicio_3_opcion_a_2.png,
Química,2003,Reserva 4,Ejercicio 5. Opción B,Equilibrio Químico,QUÍMICA. 2003. RESERVA 4. EJERCICIO 5. OPCIÓN B,"A 1200º C el valor de la constante K es 1'04103 para el equilibrio: Br (g) 2Br(g)
c 2
Si la concentración inicial de bromo molecular es 1 M, calcule:
a) El tanto por ciento de Br que se encuentra disociado.
2",2003 - Equilibrio Químico.pdf,enunciados_PNG/2003 - Equilibrio Químico_png/2003_reserva_4_ejercicio_5_opcion_b_2.png,
Química,2003,Septiembre,Ejercicio 3. Opción A,Equilibrio Químico,QUÍMICA. 2003. SEPTIEMBRE. EJERCICIO 3. OPCIÓN A,"Dados los equilibrios:
3 F (g)Cl (g) 2 ClF (g)
2 2 3
H (g)Cl (g) 2 HCl(g)
2 2
2 NOCl(g) 2 NO(g)Cl (g)
2
a) Indique cuál de ellos no se afectará por un cambio de volumen, a temperatura constante.
b) ¿Cómo afectará a cada equilibrio un incremento en el número de moles de cloro?
c) ¿Cómo influirá en los equilibrios un aumento de presión en los mismos?",2003 - Equilibrio Químico.pdf,enunciados_PNG/2003 - Equilibrio Químico_png/2003_septiembre_ejercicio_3_opcion_a_2.png,
Química,2003,Septiembre,Ejercicio 6. Opción B,Equilibrio Químico,QUÍMICA. 2003. SEPTIEMBRE. EJERCICIO 6. OPCIÓN B,"El cloruro de amonio se descompone según la reacción:
NH Cl(s) NH (g)HCl(g)
4 3
En un recipiente de 5 litros, en el que previamente se ha hecho el vacío, se introducen 2’5 g de
cloruro de amonio y se calientan a 300º C hasta que se alcanza el equilibrio. El valor de K a
p
dicha temperatura es 1'2103. Calcule:
a) La presión total de la mezcla en equilibrio.
b) La masa de cloruro de amonio sólido que queda en el recipiente.",2003 - Equilibrio Químico.pdf,enunciados_PNG/2003 - Equilibrio Químico_png/2003_septiembre_ejercicio_6_opcion_b_2.png,
Química,2004,Junio,Ejercicio 3. Opción B,Equilibrio Químico,QUÍMICA. 2004. JUNIO. EJERCICIO 3. OPCIÓN B,"Se ha comprobado experimentalmente que la reacción 2ABC es de primer orden
respecto al reactivo A y de primer orden respecto al reactivo B.
a) Escriba la ecuación de velocidad.
b) ¿Cuál es el orden total de la reacción?",2004 - Equilibrio Químico.pdf,enunciados_PNG/2004 - Equilibrio Químico_png/2004_junio_ejercicio_3_opcion_b_2.png,
Química,2004,Junio,Ejercicio 6. Opción B,Equilibrio Químico,QUÍMICA. 2004. JUNIO. EJERCICIO 6. OPCIÓN B,"En un recipiente de 10 litros a 800º K, se introducen 1 mol de CO(g) y 1 mol de H O(g).
2
Cuando se alcanza el equilibrio representado por la ecuación:
CO(g)H O(g) CO (g)H (g)
2 2 2
el recipiente contiene 0’655 moles de CO y 0’655 moles de H .
2 2
Calcule:
a) Las concentraciones de los cuatro gases en el equilibrio.
b) El valor de las constantes Kc y Kp para dicha reacción a 800º K.",2004 - Equilibrio Químico.pdf,enunciados_PNG/2004 - Equilibrio Químico_png/2004_junio_ejercicio_6_opcion_b_2.png,
Química,2004,Reserva 1,Ejercicio 3. Opción A,Equilibrio Químico,QUÍMICA. 2004. RESERVA 1. EJERCICIO 3. OPCIÓN A,"Considérese el siguiente sistema en equilibrio:
1
SO (g) SO (g) O (g) H 0
3 2 2 2
Justifique la veracidad o falsedad de las siguientes afirmaciones:
a) Al aumentar la concentración de oxígeno, el equilibrio no se desplaza porque no puede
variar la constante de equilibrio.
b) Al aumentar la presión total el equilibrio se desplaza hacia la izquierda.",2004 - Equilibrio Químico.pdf,enunciados_PNG/2004 - Equilibrio Químico_png/2004_reserva_1_ejercicio_3_opcion_a_2.png,
Química,2004,Reserva 1,Ejercicio 5. Opción B,Equilibrio Químico,QUÍMICA. 2004. RESERVA 1. EJERCICIO 5. OPCIÓN B,"En un recipiente de 10 litros de capacidad se introducen 2 moles del compuesto A y 1 mol del
compuesto B. Se calienta a 300ºC y se establece el siguiente equilibrio:
A(g)3B(g) 2C(g)
Cuando se alcanza el equilibrio, el número de moles de B es igual al de C. Calcule:
a) El número de moles de cada componente en el equilibrio.
b) El valor de las constantes K y K a esa temperatura.
c p",2004 - Equilibrio Químico.pdf,enunciados_PNG/2004 - Equilibrio Químico_png/2004_reserva_1_ejercicio_5_opcion_b_2.png,
Química,2004,Reserva 2,Ejercicio 6. Opción B,Equilibrio Químico,QUÍMICA. 2004. RESERVA 2. EJERCICIO 6. OPCIÓN B,"El yoduro de amonio sólido se descompone en amoniaco y yoduro de hidrógeno, gases, según la
ecuación:
NH I(s) NH (g)HI(g)
4 3
A 673º K la constante de equilibrio K es 0’215.
p
En un matraz de 5 litros se introducen 15 g de NH I sólido y se calienta a esa temperatura
4
hasta que se alcanza el equilibrio. Calcule:
a) La presión total dentro del matraz, en el equilibrio.
b) La masa de NH I que queda sin descomponer una vez alcanzado el equilibrio.
4",2004 - Equilibrio Químico.pdf,enunciados_PNG/2004 - Equilibrio Químico_png/2004_reserva_2_ejercicio_6_opcion_b_2.png,
Química,2004,Reserva 4,Ejercicio 3. Opción A,Equilibrio Químico,QUÍMICA. 2004. RESERVA 4. EJERCICIO 3. OPCIÓN A,"Para el siguiente sistema en equilibrio: H (g)I (g) 2HI(g) H  0
2 2
a) Indique razonadamente cómo afectará al equilibrio un aumento de la temperatura.
b) Establezca la relación existente entre K y K para este equilibrio.
c p
c) Si para la reacción directa el valor de K es 0’016 a 800º K, ¿cuál será el valor de K para la
c c",2004 - Equilibrio Químico.pdf,enunciados_PNG/2004 - Equilibrio Químico_png/2004_reserva_4_ejercicio_3_opcion_a_2.png,
Química,2004,Reserva 4,Ejercicio 5. Opción B,Equilibrio Químico,QUÍMICA. 2004. RESERVA 4. EJERCICIO 5. OPCIÓN B,"En un recipiente de 4 litros, a una cierta temperatura, se introducen las cantidades de HCl, O
2
y Cl indicadas en la tabla, estableciéndose el siguiente equilibrio:
2
4HCl(g)O (g) 2H O(g)2Cl (g)
2 2 2
HCl O H O Cl
2 2 2
Moles iniciales 0’16 0 ’08 0 0’02
Moles en equilibrio 0’06
Calcule:
a) Los datos necesarios para completar la tabl a.
b) El valor de k a esa temperatura.",2004 - Equilibrio Químico.pdf,enunciados_PNG/2004 - Equilibrio Químico_png/2004_reserva_4_ejercicio_5_opcion_b_2.png,
Química,2004,Septiembre,Ejercici O 3. Opción A,Equilibrio Químico,QUÍMICA. 2004. SEPTIEMBRE. EJERCICI O 3. OPCIÓN A,"Para el siguiente sistema en equilibrio: SnO (s)2H (g) 2H O(g)Sn(s)
2 2 2
el valor de la constante K a 900º K es 1’5 y a 1100º K es 10. Razone si para conseguir una
p
mayor producción de estaño deberá:
a) Aumentar la temperatura.
b) Aumentar la presión.",2004 - Equilibrio Químico.pdf,enunciados_PNG/2004 - Equilibrio Químico_png/2004_septiembre_ejercici_o_3_opcion_a_2.png,
Química,2004,Septiembre,Ejercici O 6. Opción B,Equilibrio Químico,QUÍMICA. 2004. SEPTIEMBRE. EJERCICI O 6. OPCIÓN B,"En un matraz de 2 litros se introducen 12 g de PCl y se calienta hasta 300 ºC. Al establecerse
5
el siguiente equilibrio de disociación: PCl (g) Cl (g)PCl (g)
5 2 3
la presión total de la mezcla es de 2’12 atm, a esa temperatura.
Calcule:
a) El grado de disociación del PCl en las condiciones señaladas.
5
b) El valor de K a 300 ºC.
p",2004 - Equilibrio Químico.pdf,enunciados_PNG/2004 - Equilibrio Químico_png/2004_septiembre_ejercici_o_6_opcion_b_2.png,
Química,2005,Junio,Ejercicio 3. Opción B,Equilibrio Químico,QUÍMICA. 2005. JUNIO. EJERCICIO 3. OPCIÓN B,"La ecuación de velocidad: vkA2 B, corresponde a la reacción química: ABC.
a) Indique si la constante k es independiente de la temperatura.
b) Razone si la reacción es de primer orden con respecto de A y de primer orden con respecto",2005 - Equilibrio Químico.pdf,enunciados_PNG/2005 - Equilibrio Químico_png/2005_junio_ejercicio_3_opcion_b_2.png,
Química,2005,Junio,Ejercicio 6. Opción B,Equilibrio Químico,QUÍMICA. 2005. JUNIO. EJERCICIO 6. OPCIÓN B,"El NO y el SO reaccionan según la ecuación:
2 2
NO (g)SO (g) NO(g)SO (g)
2 2 3
Una vez alcanzado el equilibrio, la composición de la mezcla contenida en un recipiente de 1
litro de capacidad es: 0’6 moles de SO , 0’4 moles de NO, 0’1 moles de NO y 0’8 moles de
3 2
SO . Calcule:
2
a) El valor de K , en esas condiciones de equilib rio.
p
b) La cantidad de moles de NO que habría que añadir al recipiente, en las mismas condiciones,
para que la cantidad de NO fuera de 0’3 moles.",2005 - Equilibrio Químico.pdf,enunciados_PNG/2005 - Equilibrio Químico_png/2005_junio_ejercicio_6_opcion_b_2.png,
asignatura_desconocida,2005,Reserva 1,Ejercicio 3. Opción A,Equilibrio Químico,QUIMICA. 2005. RESERVA 1. EJERCICIO 3. OPCIÓN A,"En la siguiente tabla se presentan los valores de la constante de equilibrio y la temperatura,
para la síntesis del amoniaco: N (g)  3H (g) 2NH (g)
2 2 3
Temperatura ºC 25 200 300 400 500
K 6'0105 0'65 1'1102 6'2104 7'4105
c
Justifique si las siguientes afirmaciones son verdaderas o falsas:
a) La reacción directa es endotérmica.",2005 - Equilibrio Químico.pdf,enunciados_PNG/2005 - Equilibrio Químico_png/2005_reserva_1_ejercicio_3_opcion_a_2.png,
asignatura_desconocida,2005,Reserva 1,Ejercicio 5. Opción B,Equilibrio Químico,QUIMICA. 2005. RESERVA 1. EJERCICIO 5. OPCIÓN B,"Cuando se calienta el pentacloruro de fósforo se disocia según:
PCl (g) PCl (g)  Cl (g)
5 3 2
A 250ºC, la constante K es igual a 1’79. Un recipiente de 1’00 dm3, que contiene inicialmente
p
0’01 mol de PCl se calienta hasta 250ºC. Una vez alcanzado el equilibrio, calcule:
5
a) El grado de disociación del PCl en las condiciones señaladas.
5
b) Las concentraciones de todas las especies quí micas presentes en el equilibrio.",2005 - Equilibrio Químico.pdf,enunciados_PNG/2005 - Equilibrio Químico_png/2005_reserva_1_ejercicio_5_opcion_b_2.png,
asignatura_desconocida,2005,Reserva 2,Ejercicio 3 Opción A,Equilibrio Químico,QUIMICA. 2005. RESERVA 2 EJERCICIO 3 OPCIÓN A,"Considérese el siguiente sistema en equilibrio:
2NO(g) N (g)  O (g) H0 182 kJ
2 2
Justifique la veracidad o falsedad de las siguientes afirmaciones: a) La constante de equilibrio,
K , aumenta al añadir NO. b) K aumenta con la temperatura. c) Una disminución de
c c
temperatura favorece la formación de N (g) y O (g).",2005 - Equilibrio Químico.pdf,enunciados_PNG/2005 - Equilibrio Químico_png/2005_reserva_2_ejercicio_3_opcion_a_2.png,
asignatura_desconocida,2005,Reserva 2,Ejercicio 5 O Pción B,Equilibrio Químico,QUIMICA. 2005. RESERVA 2 EJERCICIO 5 O PCIÓN B,"A 298º K se establece el equilibrio siguiente: NH HS(s) NH (g)  H S(g)
4 3 2
Sabiendo que la capacidad del recipiente es 100 litros y que a esa temperaturaK 0'108,
p
c alcule: a) La presión total ejercida por la mezcla gaseosa, una vez alcanzado el equilibrio.
b ) La cantidad de sólido que quedará sin reaccionar si la cantidad inicial de hidrogenosulfuro
de amonio es 102 g. Datos: R = 0’082 atmL K1mol1. Masas atómicas: H = 1; S = 32;",2005 - Equilibrio Químico.pdf,enunciados_PNG/2005 - Equilibrio Químico_png/2005_reserva_2_ejercicio_5_o_pcion_b_2.png,
asignatura_desconocida,2005,Reserva 4,Ejercicio 6 Opción B,Equilibrio Químico,QUIMICA. 2005. RESERVA 4 EJERCICIO 6 OPCIÓN B,"El etano, en presencia de un catalizador, se transforma en eteno e hidrógeno, estableciéndose el
siguiente equilibrio:
C H (g) C H (g)  H (g)
2 6 2 4 2
A 900º K, la constante de equilibrio K es 5'1102. A la presión total de 1 atm, calcule: a) El
p",2005 - Equilibrio Químico.pdf,enunciados_PNG/2005 - Equilibrio Químico_png/2005_reserva_4_ejercicio_6_opcion_b_2.png,
Química,2005,Septiembre,Ejercicio 3. Opción A,Equilibrio Químico,QUÍMICA. 2005. SEPTIEMBRE. EJERCICIO 3. OPCIÓN A,"1
Dado el siguiente sistema en equilibrio: SO (g) O (g) SO (g) H197'6Kj
2 2 2 3
a) Explique tres formas de favorecer la formación de SO (g).
3
b) Deduzca la relación entre las constantesK yK , para esta reacción.",2005 - Equilibrio Químico.pdf,enunciados_PNG/2005 - Equilibrio Químico_png/2005_septiembre_ejercicio_3_opcion_a_2.png,
Química,2005,Septiembre,Ejercicio 6. Opción B,Equilibrio Químico,QUÍMICA. 2005. SEPTIEMBRE. EJERCICIO 6. OPCIÓN B,"A 1000º K se establece el siguiente equilibrio: I (g) 2I(g)
2
Sabiendo que cuando la concentración inicial de I es 0’02 M, su grado de disociación es 2’14
2
% , calcule: a) El valor de K a esa temperatura. b) El grado de disociación del I , cuando su
c 2",2005 - Equilibrio Químico.pdf,enunciados_PNG/2005 - Equilibrio Químico_png/2005_septiembre_ejercicio_6_opcion_b_2.png,
Química,2006,Junio,Ejercicio 6. Opción A,Equilibrio Químico,QUÍMICA. 2006. JUNIO. EJERCICIO 6. OPCIÓN A,"A 670º K, un recipiente de un litro contiene una mezcla gaseosa en equilibrio de 0’003 moles de
hidrógeno, 0’003 moles de yodo y 0’024 moles de yoduro de hidrógeno, según:
H (g)I (g) 2HI(g)
2 2
En estas condiciones, calcule:
a) El valor de K yK .
c p
b) La presión total en el recipiente y las presio nes parciales de los gases de la mezcla.",2006 - Equilibrio Químico.pdf,enunciados_PNG/2006 - Equilibrio Químico_png/2006_junio_ejercicio_6_opcion_a_2.png,
Química,2006,Reserva 2,Ejercicio 3. Opción A,Equilibrio Químico,QUÍMICA. 2006. RESERVA 2. EJERCICIO 3. OPCIÓN A,"1
Considere el siguiente sistema en equilibrio: SO (g) SO (g)  O (g) H0
3 2 2 2
Justifique la veracidad o falsedad de las siguientes afirmaciones:
a) Al aumentar la concentración de oxígeno el equilibrio no se desplaza, porque no puede
variar la constante de equilibrio.
b) Un aumento de la presión total provoca el d esplazamiento del equilibrio hacia la izquierda.",2006 - Equilibrio Químico.pdf,enunciados_PNG/2006 - Equilibrio Químico_png/2006_reserva_2_ejercicio_3_opcion_a_2.png,
Química,2006,Reserva 2,Ejercicio 5. Opción B,Equilibrio Químico,QUÍMICA. 2006. RESERVA 2. EJERCICIO 5. OPCIÓN B,"Un recipiente de un litro de capacidad, a 35 ºC, contiene una mezcla gaseosa en equilibrio de
1’251 g de NO y 5’382 g de N O , según: 2 NO N O
2 2 4 2 2 4
Calcule:
a) Los valores de las constantes K y K a esa temperatura.
c p
b) Las presiones parciales de cada gas y la presión total en el equilibrio.",2006 - Equilibrio Químico.pdf,enunciados_PNG/2006 - Equilibrio Químico_png/2006_reserva_2_ejercicio_5_opcion_b_2.png,
Química,2006,Reserva 3,Ejercicio 3. Opción A,Equilibrio Químico,QUÍMICA. 2006. RESERVA 3. EJERCICIO 3. OPCIÓN A,"Considérese el siguiente sistema en equilibrio: MX (g) MX (g)  X (g)
5 3 2
A 200 ºC la constante de equilibrio K vale 0’022. En un momento dado las concentraciones de
c
las sustancias presentes son: MX  0'04 M, MX  0'40 M y X  0'20 M.
 5  3  2
a) Razone si, en esas condiciones, el sistema está en equilibrio. En el caso en que no estuviera en
equilibrio ¿cómo evolucionaría para alcanzarl o?",2006 - Equilibrio Químico.pdf,enunciados_PNG/2006 - Equilibrio Químico_png/2006_reserva_3_ejercicio_3_opcion_a_2.png,
Química,2006,Reserva 3,Ejercicio 5. Opción B,Equilibrio Químico,QUÍMICA. 2006. RESERVA 3. EJERCICIO 5. OPCIÓN B,"Al calentar pentacloruro de fósforo a 250 ºC, en un reactor de 1 litro de capacidad, se
descompone según:
PCl (g) PCl (g)  Cl (g)
5 3 2
Si una vez alcanzado el equilibrio, el grado de disociación es 0’8 y la presión total de una
atmósfera, calcule:
a) El número de moles de PCl iniciales.
5
b) La constante K a esa temperatura.
p",2006 - Equilibrio Químico.pdf,enunciados_PNG/2006 - Equilibrio Químico_png/2006_reserva_3_ejercicio_5_opcion_b_2.png,
Química,2006,Reserva 4,Ejercicio 3. Opción A,Equilibrio Químico,QUÍMICA. 2006. RESERVA 4. EJERCICIO 3. OPCIÓN A,"Para el sistema: SnO (s)  2H (g) 2H O(g)  Sn(s) , el valor de la constante K es 1’5
2 2 2 p
a 900º K y 10 a 1100º K. Razone si para conseguir una mayor producción de estaño deberá:
a) Aumentar la temperatura.
b) Aumentar la presión.",2006 - Equilibrio Químico.pdf,enunciados_PNG/2006 - Equilibrio Químico_png/2006_reserva_4_ejercicio_3_opcion_a_2.png,
Química,2006,Reserva 4,Ejercicio 6. Opción B,Equilibrio Químico,QUÍMICA. 2006. RESERVA 4. EJERCICIO 6. OPCIÓN B,"Se establece el siguiente equilibrio: C(s)  CO (g) 2CO(g)
2
A 600 ºC y 2 atmósferas, la fase gaseosa contiene 5 moles de dióxido de carbono por cada 100
moles de monóxido de carbono, calcule:
a) Las fracciones molares y las presiones parciales de los gases en el equilibrio.
b) Los valores de K y K a esa temperatura.
c p",2006 - Equilibrio Químico.pdf,enunciados_PNG/2006 - Equilibrio Químico_png/2006_reserva_4_ejercicio_6_opcion_b_2.png,
Química,2006,Septiembre,Ejercicio 3. Opción B,Equilibrio Químico,QUÍMICA. 2006. SEPTIEMBRE. EJERCICIO 3. OPCIÓN B,"La reacción: A2B  2CDes de primer orden con respecto a cada uno de los reactivos.
a) Escriba la ecuación de velocidad.
b) Indique el orden total de la reacción.",2006 - Equilibrio Químico.pdf,enunciados_PNG/2006 - Equilibrio Químico_png/2006_septiembre_ejercicio_3_opcion_b_2.png,
Química,2006,Septiembre,Ejercicio 6. Opción B,Equilibrio Químico,QUÍMICA. 2006. SEPTIEMBRE. EJERCICIO 6. OPCIÓN B,"En un recipiente de 10 litros de capacidad se introducen 2 moles del compuesto A y 1 mol del
compuesto B. Se calienta a 300 ºC y se establece el siguiente equilibrio:
A(g)3B(g) 2C(g)
Cuando se alcanza el equilibrio, el número de moles de B es igual al de C. Calcule:
a) El número de moles de cada componente en la mezcla.
b) El valor de las constantes K y K a esa temperatura.
c p",2006 - Equilibrio Químico.pdf,enunciados_PNG/2006 - Equilibrio Químico_png/2006_septiembre_ejercicio_6_opcion_b_2.png,
Química,2007,Junio,Ejercicio 3. Opción B,Equilibrio Químico,QUÍMICA. 2007. JUNIO EJERCICIO 3. OPCIÓN B,"Indique, razonadamente, si las siguientes afirmaciones son verdaderas o falsas:
a) Para una reacción exotérmica, la energía de activación de la reacción directa es menor que la
energía de activación de la reacción inversa.
b) La velocidad de la reacción no depende de la temperatura.",2007 - Equilibrio Químico.pdf,enunciados_PNG/2007 - Equilibrio Químico_png/2007_junio_ejercicio_3_opcion_b_2.png,
Química,2007,Junio,Ejercicio 6. Opc Ión B,Equilibrio Químico,QUÍMICA. 2007. JUNIO EJERCICIO 6. OPC IÓN B,"En un recipiente de un litro de capacidad, en el que previamente se ha hecho el vacío, se
introducen 6 g de PCl . Se calienta a 250º y se establece el siguiente equilibrio:
5
PCl (g) PCl (g)  Cl (g)
5 3 2
Si la presión total en el equilibrio es 2 atmósferas, calcule:
a) El grado de disociación del PCl .
5
b) El valor de la constante K a esa temperatura.
p",2007 - Equilibrio Químico.pdf,enunciados_PNG/2007 - Equilibrio Químico_png/2007_junio_ejercicio_6_opc_ion_b_2.png,
Química,2007,Reserva 1,Ejercicio 3. Opción A,Equilibrio Químico,QUÍMICA. 2007. RESERVA 1. EJERCICIO 3. OPCIÓN A,"Dado el equilibrio: N (g)  3H (g) 2NH (g) H0 92'22kJ
2 2 3
Justifique la influencia sobre el mismo de:
a) Un aumento de la presión total.
b) Una disminución de la concentración de N .
2",2007 - Equilibrio Químico.pdf,enunciados_PNG/2007 - Equilibrio Químico_png/2007_reserva_1_ejercicio_3_opcion_a_2.png,
Química,2007,Reserva 1,Ejercicio 5. Opción B,Equilibrio Químico,QUÍMICA. 2007. RESERVA 1. EJERCICIO 5. OPCIÓN B,"El cloruro de nitrosilo se forma según la reacción: 2NO(g)  Cl (g) 2NOCl(g).
2
El valor de K es 4'6104 a 298 ºK. Cuando se alcanza el equilibrio a esa temperatura, en un
c
matraz de 1’5 litros hay 4’125 moles de NOCl y 0’1125 moles de Cl . Calcule:
2
a) La presión parcial de NO en el equilibrio.
b) La presión total del sistema en el equilibrio.",2007 - Equilibrio Químico.pdf,enunciados_PNG/2007 - Equilibrio Químico_png/2007_reserva_1_ejercicio_5_opcion_b_2.png,
Química,2007,Reserva 2,Ejercicio 6. Opción A,Equilibrio Químico,QUÍMICA. 2007. RESERVA 2. EJERCICIO 6. OPCIÓN A,"El hidrogenosulfuro de amonio, NH SHse descompone a temperatura ambiente según:
4
NH SH(s) NH (g)  H S(g)
4 3 2
El valor de K es 0’108, a 25 ºC. En un recipiente, en el que se ha hecho el vacío, se introduce
p
una muestra de NH SH a esa temperatura, calcule:
4
a) La presión total en el equilibrio.
b) El valor de K a esa temperatura.
c",2007 - Equilibrio Químico.pdf,enunciados_PNG/2007 - Equilibrio Químico_png/2007_reserva_2_ejercicio_6_opcion_a_2.png,
Química,2007,Reserva 4,Ejercicio 3. Opción A,Equilibrio Químico,QUÍMICA. 2007. RESERVA 4. EJERCICIO 3. OPCIÓN A,"En un recipiente cerrado se establece el equilibrio:
2C(s)  O (g) 2CO(g) H0 221kJ
2
Razone cómo varía la concentración de oxígeno:
a) Al añadir C(s).
b) Al aumentar el volumen del recipiente.",2007 - Equilibrio Químico.pdf,enunciados_PNG/2007 - Equilibrio Químico_png/2007_reserva_4_ejercicio_3_opcion_a_2.png,
Química,2007,Reserva 4,Ejercicio 6. Opción B,Equilibrio Químico,QUÍMICA. 2007. RESERVA 4. EJERCICIO 6. OPCIÓN B,"En un recipiente vacío se introduce cierta cantidad de NaHCO y a 120ºC se establece el
3
siguiente equilibrio: 2NaHCO (s) Na CO (s)  H O(g)  CO (g)
3 2 3 2 2
Si la presión en el equilibrio es 1720 mm de Hg, calcule:
a) Las presiones parciales de CO y H O en el equilibrio.
2 2
b) Los valores de las constantes K y K a esa temperatura.
c p",2007 - Equilibrio Químico.pdf,enunciados_PNG/2007 - Equilibrio Químico_png/2007_reserva_4_ejercicio_6_opcion_b_2.png,
Química,2007,Septiembre,Ejercicio 3. Opción A,Equilibrio Químico,QUÍMICA. 2007. SEPTIEMBRE. EJERCICIO 3. OPCIÓN A,"Considérese el siguiente sistema en equilibrio: CO (g)  C(s) 2CO(g)
2
a) Escriba las expresiones de las constantes K y K .
c p",2007 - Equilibrio Químico.pdf,enunciados_PNG/2007 - Equilibrio Químico_png/2007_septiembre_ejercicio_3_opcion_a_2.png,
Química,2007,Septiembre,Ejercicio 5. Opción B,Equilibrio Químico,QUÍMICA. 2007. SEPTIEMBRE. EJERCICIO 5. OPCIÓN B,"En un matraz, en el que se ha practicado previamente el vacío, se introduce cierta cantidad de
NaHCO y se calienta a 100 º C. Sabiendo que la presión en el equilibrio es 0’962 atm, calcule:
3
a) La constante K para la descomposición del NaHCO , a esa temperatura, según:
p 3
2NaHCO (s) Na CO (s)  H O(g)  CO (g)
3 2 3 2 2
b) La cantidad de NaHCO descompuesto si el matraz tiene una capacidad de 2 litros.
3",2007 - Equilibrio Químico.pdf,enunciados_PNG/2007 - Equilibrio Químico_png/2007_septiembre_ejercicio_5_opcion_b_2.png,
Química,2008,Reserva 1,Ejercicio 6 Opción A,Equilibrio Químico,QUÍMICA. 2008. RESERVA 1 EJERCICIO 6 OPCIÓN A,"Para el proceso Haber:
N (g)  3H (g) 2NH (g)
2 2 3
el valor de K es 1'45105, a 500ºC. En una mezcla en equilibrio de los tres gases, a esa
p
temperatura, la presión parcial de H es 0’928 atmósferas y la de N es 0’432 atmósferas.
2 2
Calcule:
a) La presión total en el equilibrio.
b) El valor de la constante K .
c",2008 - Equilibrio Químico.pdf,enunciados_PNG/2008 - Equilibrio Químico_png/2008_reserva_1_ejercicio_6_opcion_a_2.png,
Química,2008,Reserva 2,Ejercicio 3 . Opción A,Equilibrio Químico,QUÍMICA. 2008. RESERVA 2 EJERCICIO 3 . OPCIÓN A,"Al calentar cloruro de amonio en un recipiente cerrado se establece el siguiente equilibrio:
NH Cl(s) HCl(g)  NH (g)
4 3
Justifique cómo afectará a la posición del equilibrio:
a) Una disminución de la presión total.
b) La extracción de amoniaco del recipiente.
c) La adición de NH Cl sólido.",2008 - Equilibrio Químico.pdf,enunciados_PNG/2008 - Equilibrio Químico_png/2008_reserva_2_ejercicio_3_opcion_a_2.png,
Química,2008,Reserva 2,Ejercicio 6. Opción B,Equilibrio Químico,QUÍMICA. 2008. RESERVA 2 EJERCICIO 6. OPCIÓN B,"El óxido de mercurio (II) contenido en un recipiente cerrado se descompone a 380ºC según:
2HgO(s) 2Hg(g)  O (g)
2
Sabiendo que a esa temperatura el valor de K es 0’186, calcule:
p
a) Las presiones parciales de O y de Hg en el equilibrio.
2
b) La presión total en el equilibrio y el valor de K a esa temperatura.
c",2008 - Equilibrio Químico.pdf,enunciados_PNG/2008 - Equilibrio Químico_png/2008_reserva_2_ejercicio_6_opcion_b_2.png,
Química,2008,Reserva 3,Ejercicio 3. Opción A,Equilibrio Químico,QUÍMICA. 2008. RESERVA 3 EJERCICIO 3. OPCIÓN A,"Escriba las expresiones de las constantes K y K y establezca la relación entre ambas para
c p
los siguientes equilibrios:
a) CO(g)  Cl (g) COCl (g)
2 2
b) 2HgO(s) 2Hg(l)  O (g)",2008 - Equilibrio Químico.pdf,enunciados_PNG/2008 - Equilibrio Químico_png/2008_reserva_3_ejercicio_3_opcion_a_2.png,
Química,2008,Reserva 3,Ejercicio 5 . Opción B,Equilibrio Químico,QUÍMICA. 2008. RESERVA 3 EJERCICIO 5 . OPCIÓN B,"En un matraz de 7’5 litros, en el que se ha practicado previamente el vacío, se introducen 0’50
moles de H y 0’50 moles de I y se calienta a 448ºC, estableciéndose el siguiente equilibrio:
2 2
H (g)  I (g) 2HI(g)
2 2
Sabiendo que el valor de K es 50, calcule:
c
a) La constante K a esa temperatura.
p",2008 - Equilibrio Químico.pdf,enunciados_PNG/2008 - Equilibrio Químico_png/2008_reserva_3_ejercicio_5_opcion_b_2.png,
Química,2008,Reserva 4,Ejercicio 3. Opción A,Equilibrio Químico,QUÍMICA. 2008. RESERVA 4. EJERCICIO 3. OPCIÓN A,"Dado el equilibrio: 4HCl(g)  O (g) 2H O(g)  2Cl (g) H0 115kJ
2 2 2
Razone el efecto que tendrá sobre éste cada uno de los siguientes cambios:
a) Aumentar la temperatura.
b) Aumentar la presión total.",2008 - Equilibrio Químico.pdf,enunciados_PNG/2008 - Equilibrio Químico_png/2008_reserva_4_ejercicio_3_opcion_a_2.png,
Química,2008,Reserva 4,Ejercicio 5. Opción B,Equilibrio Químico,QUÍMICA. 2008. RESERVA 4. EJERCICIO 5. OPCIÓN B,"Dado el equilibrio: 2HI(g) H (g)  I (g)
2 2
Si la concentración inicial de HI es 0’1 M y cuando se alcanza el equilibrio, a 520ºC, la
concentración de H es 0’01 M, calcule:
2
a) La concentración de I y de HI en el equilibrio.
2
b) El valor de las constantes K y K a esa temperatura.",2008 - Equilibrio Químico.pdf,enunciados_PNG/2008 - Equilibrio Químico_png/2008_reserva_4_ejercicio_5_opcion_b_2.png,
Química,2008,Septiembre,Ejercici O 3. Opción B,Equilibrio Químico,QUÍMICA. 2008. SEPTIEMBRE. EJERCICI O 3. OPCIÓN B,"A una hipotética reacción química, A  B  C, le corresponde la siguiente ecuación de
velocidad: vkAB. Indique:
a) El orden de la reacción respecto de A.
b) El orden total de la reacción.",2008 - Equilibrio Químico.pdf,enunciados_PNG/2008 - Equilibrio Químico_png/2008_septiembre_ejercici_o_3_opcion_b_2.png,
Química,2008,Septiembre,Ejercicio 6. Opción B,Equilibrio Químico,QUÍMICA. 2008. SEPTIEMBRE. EJERCICIO 6. OPCIÓN B,"En un recipiente de 200 mL de capacidad, en el que previamente se ha hecho el vacío, se
introducen 0’40 g deN O . Se cierra el recipiente, se calienta a 45ºC y se establece el siguiente
2 4
equilibrio:
N O (g) 2NO (g)
2 4 2
Sabiendo que a esa temperatura el N O se ha disociado un 41’6%, calcule:
2 4
a) El valor de la constante K .
c
b) El valor de la constante K .
p",2008 - Equilibrio Químico.pdf,enunciados_PNG/2008 - Equilibrio Químico_png/2008_septiembre_ejercicio_6_opcion_b_2.png,
Química,2009,Junio,Ejercicio 3. Opción B,Equilibrio Químico,QUÍMICA. 2009. JUNIO. EJERCICIO 3. OPCIÓN B,"Para el proceso: 2NO(g)  2H (g)  N (g)  2H O(g)
2 2 2
La ecuación de velocidad es vk NO2 H .
 2 
a) Indique el orden de la reacción con respecto a cada uno de los reactivos.
b) ¿Cuál es el orden total de la reacción?.",2009 - Equilibrio Químico.pdf,enunciados_PNG/2009 - Equilibrio Químico_png/2009_junio_ejercicio_3_opcion_b_2.png,
Química,2009,Junio,Ejercicio 6. Op Ción B,Equilibrio Químico,QUÍMICA. 2009. JUNIO. EJERCICIO 6. OP CIÓN B,"A 30º C y 1 atm el N O se encuentra disociado en un 20% según el siguiente equilibrio:
2 4
N O (g) 2NO (g)
2 4 2
Calcule:
a) El valor de las constantes K y K , a esa temperatura.
p c
b) El porcentaje de disociación a 30º C y 0’1 atm de presión total.",2009 - Equilibrio Químico.pdf,enunciados_PNG/2009 - Equilibrio Químico_png/2009_junio_ejercicio_6_op_cion_b_2.png,
Química,2009,Reserva 1,Ejercicio 3. Opción A,Equilibrio Químico,QUÍMICA. 2009. RESERVA 1. EJERCICIO 3. OPCIÓN A,"Considere el siguiente sistema general en equilibrio:
aA(g)  bB(g) cC(g)  dD(g) H0
a) Indique razonadamente en qué caso serán iguales los valores de las constantes K y K .
C P
b) Justifique cómo afectará al sistema la continua eliminación del producto C formado.
c) Razone cómo afectará al sistema una disminución de la temperatura manteniendo el",2009 - Equilibrio Químico.pdf,enunciados_PNG/2009 - Equilibrio Químico_png/2009_reserva_1_ejercicio_3_opcion_a_2.png,
Química,2009,Reserva 1,Ejercicio 6. Opción B,Equilibrio Químico,QUÍMICA. 2009. RESERVA 1. EJERCICIO 6. OPCIÓN B,"En un matraz de 2 L, en el que se ha practicado previamente el vacío, se introducen 0’40 moles
de COCl y se calienta a 900ºC, estableciéndose el siguiente equilibrio:
2
COCl (g) CO(g)  Cl (g)
2 2
Sabiendo que a esa temperatura el valor de K es 0’083, calcule:
C
a) Las concentraciones de cada una de las especies en el equilibrio.",2009 - Equilibrio Químico.pdf,enunciados_PNG/2009 - Equilibrio Químico_png/2009_reserva_1_ejercicio_6_opcion_b_2.png,
Química,2009,Reserva 2,Ejercicio 3. Opción A,Equilibrio Químico,QUÍMICA. 2009. RESERVA 2. EJERCICIO 3. OPCIÓN A,"Escriba la expresión de la constante K , para cada uno de los siguientes equilibrios:
C
a) 2H O(g)  2SO (g) 2H S(g)  3O (g)
2 2 2 2
b) 2HBr(g) H (g)  Br (l)
2 2
c) CaCO (s) CaO(s)  CO (g)",2009 - Equilibrio Químico.pdf,enunciados_PNG/2009 - Equilibrio Químico_png/2009_reserva_2_ejercicio_3_opcion_a_2.png,
Química,2009,Reserva 2,Ejercicio 5. Opción B,Equilibrio Químico,QUÍMICA. 2009. RESERVA 2. EJERCICIO 5. OPCIÓN B,"El proceso Deacon tiene lugar según: 4HCl(g)  O (g) 2Cl (g)  2H O(g)
2 2 2
A 390ºC se mezclan 0'080 moles de HCl y 0'100 moles de O y cuando se establece el equilibrio
2
hay 0'034 moles de Cl y la presión total es 1 atm. Calcule:
2
a) La constante K a esa temperatura.
P
b) El volumen del recipiente que contiene la m ezcla.",2009 - Equilibrio Químico.pdf,enunciados_PNG/2009 - Equilibrio Químico_png/2009_reserva_2_ejercicio_5_opcion_b_2.png,
Química,2009,Reserva 3,Ejercicio 6. Opción A,Equilibrio Químico,QUÍMICA. 2009. RESERVA 3. EJERCICIO 6. OPCIÓN A,"En un recipiente de 2 L de capacidad, en el que previamente se ha hecho el vacío, se introducen
2 moles de CuO. Se cierra el recipiente, se calienta a 1024ºC y se establece el siguiente
equilibrio: 4CuO(s) 2Cu O(s)  O (g)
2 2
Sabiendo que el valor de la constante K , es 0'49 a esa temperatura, calcule:
P
a) La concentración molar de oxígeno en el equilibrio.
b) Los gramos de CuO que hay en el equilibrio .",2009 - Equilibrio Químico.pdf,enunciados_PNG/2009 - Equilibrio Químico_png/2009_reserva_3_ejercicio_6_opcion_a_2.png,
Química,2009,Septiembre,Ejercici O 3. Opción A,Equilibrio Químico,QUÍMICA. 2009. SEPTIEMBRE. EJERCICI O 3. OPCIÓN A,"Considere el siguiente sistema en equilibrio:
I (g)  5CO (g) 5CO(g)  I O (s) H1175kJ
2 2 2 5
Justifique el efecto que tendrá sobre los parámetros que se indican el cambio que se propone:
Cambio Efecto sobre
a) Aumento de la temperatura K
C
b) Adición de I O (s) Cantidad de I
2 5 2",2009 - Equilibrio Químico.pdf,enunciados_PNG/2009 - Equilibrio Químico_png/2009_septiembre_ejercici_o_3_opcion_a_2.png,
Química,2009,Septiembre,Ejercicio 5. Opción B,Equilibrio Químico,QUÍMICA. 2009. SEPTIEMBRE. EJERCICIO 5. OPCIÓN B,"El CO reacciona con el H S a altas temperaturas según:
2 2
CO (g)  H S(g) CO(g)  H O(g)
2 2 2
Se introducen 4’4 g de CO en un recipiente de 2’5 litros, a 337 ºC, y una cantidad suficiente
2
de H S para que, una vez alcanzado el equilibrio, la presión total sea 10 atm. En la mezcla en
2
equilibrio hay 0’01 mol de agua. Calcule:
a) El número de moles de cada una de las espe cies en el equilibrio.
b) El valor de las constantes K y K a esa t emperatura.
C P",2009 - Equilibrio Químico.pdf,enunciados_PNG/2009 - Equilibrio Químico_png/2009_septiembre_ejercicio_5_opcion_b_2.png,
Química,2010,Junio,Ejercicio 5. Opc Ión B,Equilibrio Químico,QUÍMICA. 2010. JUNIO. EJERCICIO 5. OPC IÓN B,"En un recipiente de 1 litro de capacidad, en el que previamente se ha hecho el vacío, se
introducen 0’1 mol de NO, 0’05 moles de H y 0’1 mol de agua. Se calienta el matraz y se
2
establece el equilibrio: 2NO(g)  2H (g) N (g)  2H O(g)
2 2 2
Sabiendo que cuando se establece el equilibrio la concentración de NO es 0’062 M, calcule:
a) La concentración de todas las especies en el equilibrio.
b) El valor de la constante K a esa temperatura.",2010 - Equilibrio Químico.pdf,enunciados_PNG/2010 - Equilibrio Químico_png/2010_junio_ejercicio_5_opc_ion_b_2.png,
Química,2010,Reserva 1,Ejercicio 6. Opción A,Equilibrio Químico,QUÍMICA. 2010. RESERVA 1. EJERCICIO 6. OPCIÓN A,"En un recipiente de 1 L de capacidad, en el que previamente se ha hecho el vacío, se introducen
0’37 moles de metanol. Se cierra el recipiente, y a 20 ºC y se establece el siguiente equilibrio:
CH OH(g) 2H (g)  CO(g)
3 2
Sabiendo que la presión total en el equilibrio es 9’4 atmósferas, calcule:
a) El valor de las constantes K y K , a esa temperatura.
p c
b) El grado de disociación en las condiciones del equilibrio.",2010 - Equilibrio Químico.pdf,enunciados_PNG/2010 - Equilibrio Químico_png/2010_reserva_1_ejercicio_6_opcion_a_2.png,
Química,2010,Reserva 2,Ejercicio 3. Opción B,Equilibrio Químico,QUÍMICA. 2010. RESERVA 2. EJERCICIO 3. OPCIÓN B,"1
Se sabe que, en ciertas condiciones, la reacción N  O  N O es de primer orden
2 2 2 2
respecto al oxígeno y de segundo orden respecto al nitrógeno. En esas condiciones:
a) Escriba la ecuación de velocidad.
b) Indique cuál es el orden total de la reacción.",2010 - Equilibrio Químico.pdf,enunciados_PNG/2010 - Equilibrio Químico_png/2010_reserva_2_ejercicio_3_opcion_b_2.png,
Química,2010,Reserva 2,Ejercicio 6. Opción B,Equilibrio Químico,QUÍMICA. 2010. RESERVA 2. EJERCICIO 6. OPCIÓN B,"En un recipiente de 1 L, a 20 ºC, se introducen 51 g de NH HS. Transcurrido un tiempo las
4
concentraciones son 0’13 M para cada gas. Sabiendo que a esa temperatura el valor de K es
c
0’2 para el equilibrio: NH HS(s) H S(g)  NH (g)
4 2 3
a) Demuestre que el sistema no se encuentra en equilibrio y calcule la concentración de cada
especie una vez alcanzado el mismo.
b) Calcule la cantidad en gramos de NH HS qu e queda una vez alcanzado el equilibrio.
4",2010 - Equilibrio Químico.pdf,enunciados_PNG/2010 - Equilibrio Químico_png/2010_reserva_2_ejercicio_6_opcion_b_2.png,
Química,2010,Reserva 3,Ejercicio 3. Opción A,Equilibrio Químico,QUÍMICA. 2010. RESERVA 3. EJERCICIO 3. OPCIÓN A,"A 25º C y 1 atmósfera, se establece el equilibrio:
N (g)  O (g) 2NO(g) H180'2kJ
2 2
Razone sobre la veracidad o falsedad de las siguientes afirmaciones:
a) La constante de equilibrio se duplica si se duplica la presión.
b) La reacción se desplaza hacia la izquierda si se aumenta la temperatura.",2010 - Equilibrio Químico.pdf,enunciados_PNG/2010 - Equilibrio Químico_png/2010_reserva_3_ejercicio_3_opcion_a_2.png,
Química,2010,Septiembre,Ejercicio 3. Opción A,Equilibrio Químico,QUÍMICA. 2010. SEPTIEMBRE. EJERCICIO 3. OPCIÓN A,"En un recipiente cerrado se establece el siguiente equilibrio:
2 HgO(s) 2 Hg(l)  O (g) H0
2
a) Escriba las expresiones de las constantes K y K .
c p
b) ¿Cómo afecta al equilibrio un aumento de la presión parcial de oxígeno?",2010 - Equilibrio Químico.pdf,enunciados_PNG/2010 - Equilibrio Químico_png/2010_septiembre_ejercicio_3_opcion_a_2.png,
Química,2010,Septiembre,Ejercicio 6. Opción B,Equilibrio Químico,QUÍMICA. 2010. SEPTIEMBRE. EJERCICIO 6. OPCIÓN B,"En un matraz de 20 L, a 25 ºC, se encuentran en equilibrio 2,14 mol de N O y 0,50 mol de
2 4
NO según: N O (g) 2 NO (g)
2 2 4 2
a) Calcule el valor de las constantes K y K a esa temperatura.
c p
b) ¿Cuál es la concentración de NO cuando se restablece el equilibrio después de introducir
2
dos moles adicionales de N O , a la misma temperatura?",2010 - Equilibrio Químico.pdf,enunciados_PNG/2010 - Equilibrio Químico_png/2010_septiembre_ejercicio_6_opcion_b_2.png,
Química,2011,Junio,Ejercicio 3. Opción A,Equilibrio Químico,QUÍMICA. 2011. JUNIO. EJERCICIO 3. OPCIÓN A,"Al calentar yodo en una atmósfera de dióxido de carbono, se produce monóxido de carbono y
pentóxido de diyodo: I (g)  5CO (g) 5CO(g)  I O (s) H1.175kJ
2 2 2 5
Justifique el efecto que tendrán los cambios que se proponen:
a) Disminución del volumen sobre el valor de la constante K .
C
b) Adición de I sobre la cantidad de CO.
2
c) Reducción de la temperatura sobre la cantida d de CO .",2011 - Equilibrio Químico.pdf,enunciados_PNG/2011 - Equilibrio Químico_png/2011_junio_ejercicio_3_opcion_a_2.png,
Química,2011,Junio,Ejercicio 6. Op Ción B,Equilibrio Químico,QUÍMICA. 2011. JUNIO. EJERCICIO 6. OP CIÓN B,"En un recipiente de 2 L se introducen 2’1 mol de CO y 1’6 mol de H y se calienta a 1800 ºC.
2 2
Una vez alcanzado el siguiente equilibrio:
CO (g)  H (g) CO(g)  H O(g)
2 2 2
Se analiza la mezcla y se encuentra que hay 0’9 mol de CO . Calcule:
2
a) La concentración de cada especie en el equilibrio.
b) El valor de las constantes K y K a esa temperatura.",2011 - Equilibrio Químico.pdf,enunciados_PNG/2011 - Equilibrio Químico_png/2011_junio_ejercicio_6_op_cion_b_2.png,
Química,2011,Reserva 1,Ejercicio 3. Opción B,Equilibrio Químico,QUÍMICA. 2011. RESERVA 1. EJERCICIO 3. OPCIÓN B,"La ecuación de velocidad vkNO2 O  corresponde a la reacción:
 2
2NO(g)  O (g)  2NO (g)
2 2
Conteste razonadamente a las siguientes cuestiones:
a) ¿Se puede considerar que, durante el transcurso de la reacción química, la velocidad de la
reacción permanece constante?
b) ¿Cuál es el orden total de la reacción?",2011 - Equilibrio Químico.pdf,enunciados_PNG/2011 - Equilibrio Químico_png/2011_reserva_1_ejercicio_3_opcion_b_2.png,
Química,2011,Reserva 1,Ejercicio 6. Opción B,Equilibrio Químico,QUÍMICA. 2011. RESERVA 1. EJERCICIO 6. OPCIÓN B,"Cuando se mezclan 0’40 moles de gas xenón con 0’80 moles de gas flúor en un recipiente de 2
litros a cierta temperatura, se observa que el 60 % del xenón reacciona con el flúor formando
XeF gaseoso.
4
a) Calcule el valor de K a esa temperatura, para la reacción: Xe(g)  2F (g) XeF (g)
c 2 4
b) ¿Cuántos moles de F se deben añadir a la cantidad inicial para que la conversión sea del 75
2",2011 - Equilibrio Químico.pdf,enunciados_PNG/2011 - Equilibrio Químico_png/2011_reserva_1_ejercicio_6_opcion_b_2.png,
Química,2011,Reserva 2,Ejercicio 5. Opción B,Equilibrio Químico,QUÍMICA. 2011. RESERVA 2. EJERCICIO 5. OPCIÓN B,"En un recipiente de 1 litro de capacidad, en el que previamente se ha hecho el vacío, se
introducen 0’1 mol deSbCl , 0’1 mol de Cl y 1 mol de SbCl . A 200 ºC se establece el
3 2 5
equilibrio: SbCl (g) SbCl (g)  Cl (g)
5 3 2
Sabiendo que a esa temperatura K vale 2'2102:
c
a) Determine si el sistema está en equilibrio y, s i no lo está, el sentido en el que va a evolucionar.",2011 - Equilibrio Químico.pdf,enunciados_PNG/2011 - Equilibrio Químico_png/2011_reserva_2_ejercicio_5_opcion_b_2.png,
Química,2011,Reserva 3,Ejercicio 6. Opción A,Equilibrio Químico,QUÍMICA. 2011. RESERVA 3. EJERCICIO 6. OPCIÓN A,"La descomposición del HgO sólido a 420 ºC se produce según:
2HgO(s) 2Hg(s)  O (g)
2
En un matraz en el que previamente se ha hecho el vacío, se introduce una cierta cantidad de
HgO y se calienta a 420 ºC. Sabiendo que la presión total en el equilibrio es 0’510 atmósferas,
calcule:
a) El valor de las constantes K y K a esa temperatura.
c p
b) La cantidad de HgO expresada en gramos que se ha descompuesto si el matraz tiene una
capacidad de 5 litros.",2011 - Equilibrio Químico.pdf,enunciados_PNG/2011 - Equilibrio Químico_png/2011_reserva_3_ejercicio_6_opcion_a_2.png,
Química,2011,Reserva 4,Ejercicio 3. Opción A,Equilibrio Químico,QUÍMICA. 2011. RESERVA 4. EJERCICIO 3. OPCIÓN A,"Considere el siguiente sistema en equilibrio: 3O (g) 2O (g) H0 284 kJ
2 3
Razone cuál sería el efecto de:
a) Aumentar la presión del sistema disminuyendo el volumen.
b) Añadir O a la mezcla en equilibrio.
2",2011 - Equilibrio Químico.pdf,enunciados_PNG/2011 - Equilibrio Químico_png/2011_reserva_4_ejercicio_3_opcion_a_2.png,
Química,2012,Junio,Ejercicio 5. Opción B,Equilibrio Químico,QUÍMICA. 2012. JUNIO. EJERCICIO 5. OPCIÓN B,"En una vasija de 10 L mantenida a 270ºC y previamente evacuada se introducen 2’5 moles de
pentacloruro de fósforo y se cierra herméticamente. La presión en el interior comienza
entonces a elevarse debido a la disociación térmica del pentacloruro:
PCl (g) PCl (g)  Cl (g)
5 3 2
Cuando se alcanza el equilibrio la presión es de 15’6 atm.
a) Calcule el número de moles de cada especie en el equilibrio.
b) Obtenga los valores de K y K .
c p",2012 - Equilibrio Químico.pdf,enunciados_PNG/2012 - Equilibrio Químico_png/2012_junio_ejercicio_5_opcion_b_2.png,
asignatura_desconocida,2012,Reserva 1,Ejercicio 6. Opción A,Equilibrio Químico,QUIMICA. 2012. RESERVA 1. EJERCICIO 6. OPCIÓN A,"A la temperatura de 60 ºC la constante de equilibrio para la reacción de disociación:
N O (g) 2NO (g), K  2'49.
2 4 2 p
Determine:
a) El valor de Kc.
b) El grado de disociación del citado compuesto a la misma temperatura cuando la presión del
recipiente es de 1 atm.",2012 - Equilibrio Químico.pdf,enunciados_PNG/2012 - Equilibrio Químico_png/2012_reserva_1_ejercicio_6_opcion_a_2.png,
asignatura_desconocida,2012,Reserva 2,Ejercicio 3. Opción A,Equilibrio Químico,QUIMICA. 2012. RESERVA 2. EJERCICIO 3. OPCIÓN A,"El metanol se prepara industrialmente según el proceso siguiente:
CO(g)  2H (g) CH OH(g) H0 0
2 3
Razona como afecta al rendimiento de la reacción:
a) Aumentar la temperatura.
b) Retirar del reactor el CH OH(g).
3",2012 - Equilibrio Químico.pdf,enunciados_PNG/2012 - Equilibrio Químico_png/2012_reserva_2_ejercicio_3_opcion_a_2.png,
asignatura_desconocida,2012,Reserva 2,Ejercicio 6. Opción B,Equilibrio Químico,QUIMICA. 2012. RESERVA 2. EJERCICIO 6. OPCIÓN B,"El cianuro de amonio se descompone según el equilibrio: NH CN(s) NH (g)  HCN(g)
4 3
Cuando se introduce una cantidad de cianuro de amonio en un recipiente de 2 L en el que
previamente se ha hecho el vacío, se descompone en parte y cuando se alcanza el equilibrio a la
temperatura de 11 ºC la presión es de 0’3 atm. Calcule:
a) Los valores de K y K para dicho equilibrio.
c p
b) La cantidad máxima de cianuro de amonio que puede descomponerse a 11 ºC en un
recipiente de 2L.",2012 - Equilibrio Químico.pdf,enunciados_PNG/2012 - Equilibrio Químico_png/2012_reserva_2_ejercicio_6_opcion_b_2.png,
asignatura_desconocida,2012,Reserva 3,Ejercicio 3. Opción A,Equilibrio Químico,QUIMICA. 2012. RESERVA 3. EJERCICIO 3. OPCIÓN A,"Dado el sistema de equilibrio representado por la siguiente ecuación:
NH HS(s) NH (g)  H S(g)
4 3 2
Indique, razonadamente, cómo varían las concentraciones de las especies participantes en la
reacción en cada uno de los siguientes casos, manteniendo la temperatura y el volumen del
reactor constante:
a) Se añade una cantidad de NH HS(s).
4
b) Se añade una cantidad deNH (g).
3
c) Se elimina una cantidad de H S(g).",2012 - Equilibrio Químico.pdf,enunciados_PNG/2012 - Equilibrio Químico_png/2012_reserva_3_ejercicio_3_opcion_a_2.png,
asignatura_desconocida,2012,Septiembre,Ejercicio 3. Opción B,Equilibrio Químico,QUIMICA. 2012. SEPTIEMBRE. EJERCICIO 3. OPCIÓN B,"En una reacción endotérmica: a) Dibuja el diagrama entálpico de la reacción. b) ¿Cuál es
mayor, la energía de activación directa o la inversa? c) ¿Cómo afectará al diagrama anterior la",2012 - Equilibrio Químico.pdf,enunciados_PNG/2012 - Equilibrio Químico_png/2012_septiembre_ejercicio_3_opcion_b_2.png,
asignatura_desconocida,2012,Septiembre,Ejercicio 6. Opción B,Equilibrio Químico,QUIMICA. 2012. SEPTIEMBRE. EJERCICIO 6. OPCIÓN B,"En un recipiente que tiene una capacidad de 4L, se introducen 5 moles de COBr (g) y se
2
calienta hasta una temperatura de 350 K. Si la constante de disociación del COBr (g) para dar
2
CO(g) y Br (g) es K  0'190. Determine: a) El grado de disociación y la concentración de las
2 c
especies en equilibrio. b) A continuación, a la misma temperatura, se añaden 4 moles de CO al
sistema. Determine la nueva concentración de todas las especies una vez alcanzado el",2012 - Equilibrio Químico.pdf,enunciados_PNG/2012 - Equilibrio Químico_png/2012_septiembre_ejercicio_6_opcion_b_2.png,
Química,2013,Junio,Ejercicio 3. Op Ción B,Equilibrio Químico,QUÍMICA. 2013. JUNIO. EJERCICIO 3. OP CIÓN B,"Para la reacción: A(g)  B(g)  C(g) el valor de la constante de velocidad a una cierta
temperatura es 1,5103 Lmol1s1
a) ¿Cuál es el orden de la reacción?.
b) ¿Cuál es la ecuación de velocidad?.
c) A esa misma temperatura, ¿cuál será la velocidad de la reacción cuando la concentración de",2013 - Equilibrio Químico.pdf,enunciados_PNG/2013 - Equilibrio Químico_png/2013_junio_ejercicio_3_op_cion_b_2.png,
Química,2013,Junio,Ejercicio 6. Opción B,Equilibrio Químico,QUÍMICA. 2013. JUNIO. EJERCICIO 6. OPCIÓN B,"A 350ºK la constante de equilibrio K de la reacción de descomposición del bromuro de
c
carbonilo vale 0,205: COBr (g) CO(g)  Br (g). Si en un recipiente de 3L se introducen
2 2
3,75 moles de bromuro de carbonilo y se calienta hasta alcanzar esa temperatura:
a) ¿Cuáles son las concentraciones de todas las especies en el equilibrio?.",2013 - Equilibrio Químico.pdf,enunciados_PNG/2013 - Equilibrio Químico_png/2013_junio_ejercicio_6_opcion_b_2.png,
Química,2013,Reserva 1,Ejercicio 5. Opción B,Equilibrio Químico,QUÍMICA. 2013. RESERVA 1. EJERCICIO 5. OPCIÓN B,"Una mezcla gaseosa de 1 L, constituida inicialmente por 7,94 mol de gas dihidrógeno (H ) y
2
5,30 mol de gas diyodo (I ), se calienta a 445 ºC, formándose en el equilibrio 9,52 mol de
2
yoduro de hidrógeno gaseoso.
a) Calcule el valor de la constante de equilibrio K , a dicha temperatura.
c
b) Si hubiésemos partido de 4 mol de gas dihidrógeno y 2 mol de gas diyodo, ¿cuántos moles de",2013 - Equilibrio Químico.pdf,enunciados_PNG/2013 - Equilibrio Químico_png/2013_reserva_1_ejercicio_5_opcion_b_2.png,
Química,2013,Reserva 2,Ejercicio 3. Opción A,Equilibrio Químico,QUÍMICA. 2013. RESERVA 2. EJERCICIO 3. OPCIÓN A,"Para la siguiente reacción en equilibrio: 2BaO (s) 2BaO(s)  O (g) H0
2 2
a) Escriba la expresión de las constantes de equilibrio K y K .
c p
b) Justifique en qué sentido se desplazará el equilibrio si se eleva la temperatura.",2013 - Equilibrio Químico.pdf,enunciados_PNG/2013 - Equilibrio Químico_png/2013_reserva_2_ejercicio_3_opcion_a_2.png,
Química,2013,Reserva 3,Ejercicio 3. Opción A,Equilibrio Químico,QUÍMICA. 2013. RESERVA 3. EJERCICIO 3. OPCIÓN A,"A 298º K se establece el siguiente equilibrio químico: 2NO(g)  O (g) 2NO (g) H0.
2 2
Razone la veracidad o falsedad de las siguientes afirmaciones:
a) La relación entre K y K esK  K RT.
c p p c
b) Si se aumenta la temperatura K aumenta.
c
c) El equilibrio se puede desplazar en el sentido de los productos con la adición de un",2013 - Equilibrio Químico.pdf,enunciados_PNG/2013 - Equilibrio Químico_png/2013_reserva_3_ejercicio_3_opcion_a_2.png,
Química,2013,Reserva 3,Ejercicio 6. Opción B,Equilibrio Químico,QUÍMICA. 2013. RESERVA 3. EJERCICIO 6. OPCIÓN B,"Se introduce una cantidad de NaHCO sólido en un recipiente de 2 L a 100ºC y se establece el
3
siguiente equilibrio: 2NaHCO (s) Na CO (s)  H O(g)  CO (g). Si el valor de K a
3 2 3 2 2 p
esa temperatura es 0,231, calcule:
a) La presión de CO y los gramos de carbonato de sodio en el equilibrio.
2
b) Las concentraciones de las especies gaseosas en el equilibrio, al añadir al equilibrio anterior
0,01 mol de gas CO .
2",2013 - Equilibrio Químico.pdf,enunciados_PNG/2013 - Equilibrio Químico_png/2013_reserva_3_ejercicio_6_opcion_b_2.png,
Química,2013,Septiembre,Ejercicio 6. Opción A,Equilibrio Químico,QUÍMICA. 2013. SEPTIEMBRE. EJERCICIO 6. OPCIÓN A,"A 473º K y 2 atm de presión total, el PCl se disocia en un 50% en PCl y Cl . Calcule:
5 3 2
a) Las presiones parciales de cada gas en el equilibrio.
b) Las constantes K y K .
c p",2013 - Equilibrio Químico.pdf,enunciados_PNG/2013 - Equilibrio Químico_png/2013_septiembre_ejercicio_6_opcion_a_2.png,
Química,2014,Junio,Ejercicio 3. Opc Ión A,Equilibrio Químico,QUÍMICA. 2014. JUNIO. EJERCICIO 3. OPC IÓN A,"En el equilibrio: C(s)  2H (g) CH (g) H0 75 kJ. Prediga, razonadamente, cómo
2 4
se modificará el equilibrio cuando se realicen los siguientes cambios:
a) Una disminución de la temperatura.
b) La adición deC(s).
c) Una disminución de la presión de H , manteniendo la temperatura constante.",2014 - Equilibrio Químico.pdf,enunciados_PNG/2014 - Equilibrio Químico_png/2014_junio_ejercicio_3_opc_ion_a_2.png,
Química,2014,Reserva 1,Ejercicio 3. Opción A,Equilibrio Químico,QUÍMICA. 2014. RESERVA 1. EJERCICIO 3. OPCIÓN A,"Dada la reacción: 4NH (g)  3O (g) 2N (g)  6H O(l) H0 80'4 kJ . Razone:
3 2 2 2
a) Cómo tendría que modificarse la temperatura para aumentar la proporción de nitrógeno
molecular en la mezcla.
b) Cómo influiría en el equilibrio la inyección de oxígeno molecular en el reactor en el que se
encuentra la mezcla.
c) Cómo tendría que modificarse la presión para aumentar la cantidad de NH en la mezcla.",2014 - Equilibrio Químico.pdf,enunciados_PNG/2014 - Equilibrio Químico_png/2014_reserva_1_ejercicio_3_opcion_a_2.png,
Química,2014,Reserva 1,Ejercicio 6. Opción B,Equilibrio Químico,QUÍMICA. 2014. RESERVA 1. EJERCICIO 6. OPCIÓN B,"En una cámara de vacío y a 448ºC se hacen reaccionar 0,5 moles de I (g) y 0,5 moles de
2
H (g). Si la capacidad de la cámara es de 10 litros y el valor de Kc a dicha temperatura es de
2
50, determine para la reacción: H (g)  I (g) 2HI(g).
2 2
a) El valor de K .
p
b) Presión total y presiones parciales de cada g as en el interior de la cámara, una vez alcanzado
el equilibrio.",2014 - Equilibrio Químico.pdf,enunciados_PNG/2014 - Equilibrio Químico_png/2014_reserva_1_ejercicio_6_opcion_b_2.png,
Química,2014,Reserva 2,Ejercicio 5. Opción B,Equilibrio Químico,QUÍMICA. 2014. RESERVA 2. EJERCICIO 5. OPCIÓN B,"El fosgeno es un gas venenoso que se descompone según la reacción:
COCl (g)  CO(g)  Cl (g)
2 2
A la temperatura de 900ºC el valor de la constante K para el proceso anterior de 0’083. Si en
c
un recipiente de 2 L se introducen, a la temperatura indicada, 0’4 mol de COCl , calcule:
2
a) Las concentraciones de todas las especies en equilibrio.",2014 - Equilibrio Químico.pdf,enunciados_PNG/2014 - Equilibrio Químico_png/2014_reserva_2_ejercicio_5_opcion_b_2.png,
Química,2014,Reserva 3,Ejercicio 6. Opción A,Equilibrio Químico,QUÍMICA. 2014. RESERVA 3. EJERCICIO 6. OPCIÓN A,"Cuando el óxido de mercurio (sólido) se calienta en un recipiente cerrado en el que se ha hecho
el vacío, se disocia reversiblemente en vapor de Hg y O hasta alcanzar una presión total que
2
en el equilibrio a 380ºC vale 141 mmHg, según 2HgO(s) 2Hg(g)  O (g)Calcule:
2
a) Las presiones parciales de cada componente en el equilibrio.
b) El valor de K .",2014 - Equilibrio Químico.pdf,enunciados_PNG/2014 - Equilibrio Químico_png/2014_reserva_3_ejercicio_6_opcion_a_2.png,
Química,2014,Septiembre,Ejercicio 3. Opción B,Equilibrio Químico,QUÍMICA. 2014. SEPTIEMBRE. EJERCICIO 3. OPCIÓN B,"La ecuación de velocidad de cierta reacción es vkA2 B. Razone si las siguientes
proposiciones son verdaderas o falsas:
a) La unidad de la constante de velocidad es mol1Ls
b) Si se duplican las concentraciones de A y B, en igualdad de condiciones, la velocidad de la
reacción será ocho veces mayor.",2014 - Equilibrio Químico.pdf,enunciados_PNG/2014 - Equilibrio Químico_png/2014_septiembre_ejercicio_3_opcion_b_2.png,
Química,2014,Septiembre,Ejercicio 6. Opción B,Equilibrio Químico,QUÍMICA. 2014. SEPTIEMBRE. EJERCICIO 6. OPCIÓN B,"El cianuro de amonio, a 11º C, se descompone según la reacción:
NH CN(s) NH (g)  HCN(g)
4 3
En un recipiente de 2 litros de capacidad, en el que previamente se ha hecho el vacío, se
introduce una cierta cantidad de cianuro de amonio y se calienta a 11º C. Cuando se alcanza el
equilibrio, la presión total es de 0,3 atm. Calcule:
a) K y K .
C p
b) La masa de cianuro de amonio que se descompondrá en las condiciones anteriores.",2014 - Equilibrio Químico.pdf,enunciados_PNG/2014 - Equilibrio Químico_png/2014_septiembre_ejercicio_6_opcion_b_2.png,
asignatura_desconocida,2015,Junio,Ejercicio 4. Opción A,Equilibrio Químico,QUIMICA. 2015. JUNIO. EJERCICIO 4. OPCIÓN A,"Cuando a una reacción se le añade un catalizador, justifique si las siguientes afirmaciones son
verdaderas o falsas:
a) La entalpía de la reacción disminuye.
b) La energía de activación no varía",2015 - Equilibrio Químico.pdf,enunciados_PNG/2015 - Equilibrio Químico_png/2015_junio_ejercicio_4_opcion_a_2.png,
Química,2015,Junio,Ejercicio 5. Opción B,Equilibrio Químico,QUÍMICA. 2015. JUNIO. EJERCICIO 5. OPCIÓN B,"Para la reacción en equilibrio a 25ºC: 2ICl(s) I (s)  Cl (g), K  0'24. En un
2 2 p
recipiente de 2 litros en el que se ha hecho el vacío se introducen 2 moles de ICl(s).
a) ¿Cuál será la concentración de Cl (g) cuando se alcance el equilibrio?.
2
b) ¿Cuántos gramos de ICl(s) quedarán en el equilibrio?.",2015 - Equilibrio Químico.pdf,enunciados_PNG/2015 - Equilibrio Químico_png/2015_junio_ejercicio_5_opcion_b_2.png,
Química,2015,Reserva 1,Ejercicio 6. Opción A,Equilibrio Químico,QUÍMICA. 2015. RESERVA 1. EJERCICIO 6. OPCIÓN A,"1
Dado el siguiente equilibrio: SO (g)  O (g) SO (g). Se introducen 128 g de SO y
2 2 2 3 2
64 g de O en un recipiente cerrado de 2 L en el que previamente se ha hecho el vacío. Se
2
calienta la mezcla y cuando se ha alcanzado el equilibrio, a 830ºC, ha reaccionado el 80% del
SO inicial. Calcule:
2
a) La composición (en moles) de la mezcla en eq uilibrio y el valor de K .
c
b) La presión parcial de cada componente e n la mezcla de equilibrio y, a partir de estas
presiones parciales, calcule el valor de K .
p",2015 - Equilibrio Químico.pdf,enunciados_PNG/2015 - Equilibrio Químico_png/2015_reserva_1_ejercicio_6_opcion_a_2.png,
Química,2015,Reserva 2,Ejercicio 3. Opción B,Equilibrio Químico,QUÍMICA. 2015. RESERVA 2. EJERCICIO 3. OPCIÓN B,"Para la reacción: 2A  B  C, se ha comprobado experimentalmente que es de primer
orden respecto al reactivo A y de segundo orden respecto al reactivo B.
a) Escriba la ecuación de velocidad.
b) ¿Cuál es el orden total de la reacción?",2015 - Equilibrio Químico.pdf,enunciados_PNG/2015 - Equilibrio Químico_png/2015_reserva_2_ejercicio_3_opcion_b_2.png,
Química,2015,Reserva 2,Ejercicio 6. Opción B,Equilibrio Químico,QUÍMICA. 2015. RESERVA 2. EJERCICIO 6. OPCIÓN B,"En el proceso Deacon, el cloro (g) se obtiene según el siguiente equilibrio:
4HCl(g)  O (g) 2H O(g)  2Cl (g)
2 2 2
Se introducen 32’85 g de HCl(g) y 38’40 g de O (g) en un recipiente cerrado de 10 L en el
2
que previamente se ha hecho el vacío. Se calienta la mezcla a 390ºC y cuando se ha alcanzado el
equilibrio a esta temperatura se observa la formación de 28’40 g de Cl (g).
2
a) Calcule el valor de K .
c
b) Calcule la presión parcial de cada componen te en la mezcla de equilibrio y, a partir de estas
presiones parciales, calcule el valor de K .
p",2015 - Equilibrio Químico.pdf,enunciados_PNG/2015 - Equilibrio Químico_png/2015_reserva_2_ejercicio_6_opcion_b_2.png,
Química,2015,Reserva 3,Ejercicio 3. Opción A,Equilibrio Químico,QUÍMICA. 2015. RESERVA 3. EJERCICIO 3. OPCIÓN A,"Para el equilibrio: Ca(HCO ) (s) CaCO (s)  CO (g)  H O(g) H0
3 2 3 2 2
Razone si las siguientes proposiciones son verdaderas o falsas:
a) Los valores de las constantes K y K son iguales.
c p
b) Un aumento de la temperatura desplaza el equilibrio hacia la derecha.",2015 - Equilibrio Químico.pdf,enunciados_PNG/2015 - Equilibrio Químico_png/2015_reserva_3_ejercicio_3_opcion_a_2.png,
Química,2015,Reserva 3,Ejercicio 6. Opción B,Equilibrio Químico,QUÍMICA. 2015. RESERVA 3. EJERCICIO 6. OPCIÓN B,"En un recipiente de 2’0 L, en el que previamente se ha realizado el vacío, se introducen 0’20
moles de CO (g), 0’10 moles de H (g) y 0’16 moles de H O(g). A continuación se establece
2 2 2
el siguiente equilibrio a 500 K: CO (g)  H (g) CO(g)  H O(g)
2 2 2
a) Si en el equilibrio la presión parcial del agua es 3’51 atm, calcule las presiones parciales en el
equilibrio de CO , H y CO.
2 2
b) Calcule K y K para el equilibrio a 500 K.
p c",2015 - Equilibrio Químico.pdf,enunciados_PNG/2015 - Equilibrio Químico_png/2015_reserva_3_ejercicio_6_opcion_b_2.png,
Química,2015,Reserva 4,Ejercicio 3. Opción A,Equilibrio Químico,QUÍMICA. 2015. RESERVA 4. EJERCICIO 3. OPCIÓN A,"Razone el efecto que tendrán sobre el siguiente equilibrio cada uno de los cambios:
4HCl(g)  O (g) 2H O(g)  2Cl (g) H0 115 kJ
2 2 2
a) Aumentar la temperatura.
b) Eliminar parcialmente HCl(g).",2015 - Equilibrio Químico.pdf,enunciados_PNG/2015 - Equilibrio Químico_png/2015_reserva_4_ejercicio_3_opcion_a_2.png,
Química,2016,Junio,Ejercicio 6. Opc Ión A,Equilibrio Químico,QUÍMICA. 2016. JUNIO. EJERCICIO 6. OPC IÓN A,"En un recipiente de 14 litros se introducen 3’2 moles de N (g) y 3 moles de H (g). Cuando se
2 2
alcanza el equilibrio: N (g)3H (g) 2NH (g) a 200ºC se obtienen 1’6 moles de
2 2 3
amoniaco. Calcule:
a) El número de moles de H (g) y de N (g) en el equilibrio y el valor de la presión total.
2 2
b) los valores de las constantes K y K a 200ºC.
c p",2016 - Equilibrio Químico.pdf,enunciados_PNG/2016 - Equilibrio Químico_png/2016_junio_ejercicio_6_opc_ion_a_2.png,
Química,2016,Reserva 2,Ejercicio 5. Opción B,Equilibrio Químico,QUÍMICA. 2016. RESERVA 2. EJERCICIO 5. OPCIÓN B,"En un recipiente de 5 L se introducen 3,2 g de COCl . A 300 K se establece el equilibrio:
2
COCl (g) CO(g)Cl (g), siendo el valor de la presión total del equilibrio de 180 mmHg.
2 2
Calcule, en las condiciones del equilibrio:
a) Las presiones parciales de los componentes del equilibrio.
b) Las constantes de equilibrio K y K .
c p",2016 - Equilibrio Químico.pdf,enunciados_PNG/2016 - Equilibrio Químico_png/2016_reserva_2_ejercicio_5_opcion_b_2.png,
Química,2016,Reserva 3,Ejercicio 3. Opción A,Equilibrio Químico,QUÍMICA. 2016. RESERVA 3. EJERCICIO 3. OPCIÓN A,"Dado el siguiente equilibrio para la obtención de hidrógeno: CH (g) C(s)2H (g) H0
4 2
a) Escriba la expresión de la constante de equilibrio K .
p
b) Justifique cómo afecta una disminución del volumen de reacción a la cantidad de H (g)
2
obtenida.
c) Justifique cómo afecta un aumento de la temperatura a la cantidad de H (g) obtenida.",2016 - Equilibrio Químico.pdf,enunciados_PNG/2016 - Equilibrio Químico_png/2016_reserva_3_ejercicio_3_opcion_a_2.png,
Química,2016,Reserva 3,Ejercicio 6. Opción B,Equilibrio Químico,QUÍMICA. 2016. RESERVA 3. EJERCICIO 6. OPCIÓN B,"Para la reacción en equilibrio SnO (s)2H (g) Sn(s)2H O(g), a 750ºC, la presión total
2 2 2
del sistema es 32,0 mmHg y la presión parcial del agua 23,7 mmHg. Calcule:
a) El valor de la constante K para dicha reacción, a 750ºC.
p
b) Los moles de H O(g) y de H (g) presentes en el equilibrio, sabiendo que el volumen del
2 2
reactor es de 2 L.",2016 - Equilibrio Químico.pdf,enunciados_PNG/2016 - Equilibrio Químico_png/2016_reserva_3_ejercicio_6_opcion_b_2.png,
asignatura_desconocida,2016,Septiembre,Ejercicio 3. Opción A,Equilibrio Químico,QUIMICA. 2016. SEPTIEMBRE. EJERCICIO 3. OPCIÓN A,"La síntesis industrial del metanol se rige por el siguiente equilibrio homogéneo:
CO(g)  2H (g) CH OH(g) H112'86kJ
2 3
A 300ºC, K 9'28103. Responda verdadero o falso, de forma razonada:
p
a) El valor de K será mayor que el de K .
c p
b) Aumentando la presión se obtendrá mayor rendimiento en el proceso de síntesis.",2016 - Equilibrio Químico.pdf,enunciados_PNG/2016 - Equilibrio Químico_png/2016_septiembre_ejercicio_3_opcion_a_2.png,
Química,2017,Junio,Ejercicio 5. Opc Ión A,Equilibrio Químico,QUÍMICA. 2017. JUNIO. EJERCICIO 5. OPC IÓN A,"Para el equilibrio: H (g)CO (g) H O(g)CO(g), la constante K 4'40 a 200 K.
2 2 2 c
Calcule:
a) Las concentraciones en el equilibrio cuando se introducen simultáneamente 1 mol de H y 1
2
mol de CO en un reactor de 4’68 L a dicha temperatura.
2
b) La presión parcial de cada especie en el equilibrio y el valor de K .
p",2017 - Equilibrio Químico.pdf,enunciados_PNG/2017 - Equilibrio Químico_png/2017_junio_ejercicio_5_opc_ion_a_2.png,
Química,2017,Reserva 1,Ejercicio 3. Opción A,Equilibrio Químico,QUÍMICA. 2017. RESERVA 1. EJERCICIO 3. OPCIÓN A,"En el equilibrio: C(s)  O (g) CO (g)
2 2
a) Escriba las expresiones de K y K .
c p
b) Obtenga, para este equilibrio, la relación entre ambas.",2017 - Equilibrio Químico.pdf,enunciados_PNG/2017 - Equilibrio Químico_png/2017_reserva_1_ejercicio_3_opcion_a_2.png,
Química,2017,Reserva 1,Ejercicio 5. Opción B,Equilibrio Químico,QUÍMICA. 2017. RESERVA 1. EJERCICIO 5. OPCIÓN B,"En un recipiente de 4 litros, a una cierta temperatura, se introducen 0,16 moles de HCl, 0,08
moles de O y 0,02 moles de Cl , estableciéndose el siguiente equilibrio:
2 2
4HCl(g)  O (g) 2H O(g)  2Cl (g)
2 2 2
Cuando se alcanza el equilibrio hay 0,06 moles de HCl. Calcule:
a) Los moles de O , H O y Cl en el equilibrio.
2 2 2
b) El valor de K a esa temperatura.",2017 - Equilibrio Químico.pdf,enunciados_PNG/2017 - Equilibrio Químico_png/2017_reserva_1_ejercicio_5_opcion_b_2.png,
Química,2017,Reserva 2,Ejercicio 3. Opción A,Equilibrio Químico,QUÍMICA. 2017. RESERVA 2. EJERCICIO 3. OPCIÓN A,"Sea el sistema en equilibrio: CaCO (s) CaO(s)  CO (g), indique, razonadamente, si las
3 2
siguientes afirmaciones son verdaderas o falsas:
a) La presión total del reactor será igual a la presión parcial del CO .
2
b) Si se añade más CaCO (s) se produce más CO .
3 2
c) K y K son iguales.",2017 - Equilibrio Químico.pdf,enunciados_PNG/2017 - Equilibrio Químico_png/2017_reserva_2_ejercicio_3_opcion_a_2.png,
Química,2017,Reserva 2,Ejercicio 5. Opción B,Equilibrio Químico,QUÍMICA. 2017. RESERVA 2. EJERCICIO 5. OPCIÓN B,"La deshidrogenación del alcohol bencílico para fabricar benzaldehído (un agente aromatizante)
es un proceso de equilibrio descrito por la ecuación:
C H CH OH(g) C H CHO(g)  H (g)
6 5 2 6 5 2
A 523 K el valor de la constante de equilibrio K  0'558.
p
a) Si colocamos 1,2 g de alcohol bencílico en un matraz cerrado de 2 L a 523 K, ¿cuál será la
presión parcial de benzaldehído cuando se alc ance el equilibrio?
b) ¿Cuál es el valor de la constante K a esa temperatura?
c",2017 - Equilibrio Químico.pdf,enunciados_PNG/2017 - Equilibrio Químico_png/2017_reserva_2_ejercicio_5_opcion_b_2.png,
Química,2017,Reserva 3,Ejercicio 3. Opción A,Equilibrio Químico,QUÍMICA. 2017. RESERVA 3. EJERCICIO 3. OPCIÓN A,"Indique verdadero o falso para las siguientes afirmaciones, justificando la respuesta:
a) En una reacción del tipo A  B  C, el orden total es siempre 2.
b) Al aumentar la temperatura a la que se realiza una reacción aumenta siempre la velocidad.
c) En un equilibrio la presencia de un catalizador aumenta únicamente la velocidad de la",2017 - Equilibrio Químico.pdf,enunciados_PNG/2017 - Equilibrio Químico_png/2017_reserva_3_ejercicio_3_opcion_a_2.png,
Química,2017,Reserva 3,Ejercicio 5. Opción B,Equilibrio Químico,QUÍMICA. 2017. RESERVA 3. EJERCICIO 5. OPCIÓN B,"A 200ºC y presión de 1 atm, el PCl se disocia en PCl y Cl , en un 48,5%. Calcule:
5 3 2
a) Las fracciones molares de todas las especies en el equilibrio.
b) K y K .
c p",2017 - Equilibrio Químico.pdf,enunciados_PNG/2017 - Equilibrio Químico_png/2017_reserva_3_ejercicio_5_opcion_b_2.png,
Química,2017,Reserva 4,Ejercicio 5. Opción A,Equilibrio Químico,QUÍMICA. 2017. RESERVA 4. EJERCICIO 5. OPCIÓN A,"Para el equilibrio: 2HI(g) I (g)  H (g), la constante K a 425ºC vale 1'82 102.
2 2 c
Calcule:
a) Las concentraciones de todas las especies en equilibrio si se calientan a la citada temperatura
0,60 mol de HI y 0,10 mol de H en un recipiente de 1 L de capacidad.
2
b) El grado de disociación del HI y K .",2017 - Equilibrio Químico.pdf,enunciados_PNG/2017 - Equilibrio Químico_png/2017_reserva_4_ejercicio_5_opcion_a_2.png,
Química,2017,Septiembre,Ejercicio 4. Opción B,Equilibrio Químico,QUÍMICA. 2017. SEPTIEMBRE. EJERCICIO 4. OPCIÓN B,"La reacción: A  2B  C  D  E, tiene como ecuación de velocidad: vkA2 B.
a) ¿Cuáles son los ordenes parciales de la reacción y el orden total?.
b) Deduzca las unidades de la constante de velocidad.",2017 - Equilibrio Químico.pdf,enunciados_PNG/2017 - Equilibrio Químico_png/2017_septiembre_ejercicio_4_opcion_b_2.png,
asignatura_desconocida,2017,Septiembre,Ejercicio 5. Opción B,Equilibrio Químico,QUIMICA. 2017. SEPTIEMBRE. EJERCICIO 5. OPCIÓN B,"El cianuro de amonio se descompone según el equilibrio:
NH CN(s) NH (g) HCN(g)
4 3
Cuando se introduce una cantidad de cianuro de amonio en un recipiente de 2 L en el que
previamente se ha hecho el vacio, se descompone en parte y cuando se alcanza el equilibrio a la
temperatura de 11ºC la presión es de 0’3 atm. Calcule:
a) Los valores de K y K para dicho equilibr io.
c p
b) La cantidad máxima de NH CN(en gramos) que puede descomponerse a 11ºC en un
4
recipiente de 2 L.",2017 - Equilibrio Químico.pdf,enunciados_PNG/2017 - Equilibrio Químico_png/2017_septiembre_ejercicio_5_opcion_b_2.png,
Química,2018,Junio,Ejercicio 5. Opc Ión A,Equilibrio Químico,QUÍMICA. 2018. JUNIO. EJERCICIO 5. OPC IÓN A,"En un reactor de 5 L se introducen inicialmente 0’8 moles de CS y 0’8 moles de H . A 300ºC
2 2
se establece el equilibrio: CS (g)4H (g) CH (g)2H S(g), siendo la concentración de
2 2 4 2
CH de 0’025 mol/L. Calcule:
4
a) La concentración molar de todas las especies en el equilibrio.
b) K y K a dicha temperatura.",2018 - Equilibrio Químico.pdf,enunciados_PNG/2018 - Equilibrio Químico_png/2018_junio_ejercicio_5_opc_ion_a_2.png,
Química,2018,Reserva 1,Ejercicio 3. Opción A,Equilibrio Químico,QUÍMICA. 2018. RESERVA 1. EJERCICIO 3. OPCIÓN A,"Para la obtención de O se utiliza la siguiente reacción:
2
4KO (s)  2CO (g) 2K CO (s)  3O
2 2 2 3 2
Sabiendo que K es 28,5 a 25°C, justifique si las siguientes afirmaciones son verdaderas o
p
falsas:
a) Una vez alcanzado el equilibrio, la presión total del sistema es la presión parcial de O
2
elevado al cubo.
b) La constante K tiene un valor de 28,5.
c
c) Un aumento de la cantidad de KO implica una mayor obtención de O",2018 - Equilibrio Químico.pdf,enunciados_PNG/2018 - Equilibrio Químico_png/2018_reserva_1_ejercicio_3_opcion_a_2.png,
Química,2018,Reserva 1,Ejercicio 5. Opción B,Equilibrio Químico,QUÍMICA. 2018. RESERVA 1. EJERCICIO 5. OPCIÓN B,"En un recipiente de 2 L y a 100ºC se encontró que los moles de N O y NO eran 0,4 y 0,6
2 4 2
respectivamente. Sabiendo que K a dicha temperatura es de 0,212 para la reacción:
c
N O (g) 2NO (g)
2 4 2
a) Razone si el sistema se encuentra en equilibrio.
b) Calcule las concentraciones de NO y N O en el equilibrio.",2018 - Equilibrio Químico.pdf,enunciados_PNG/2018 - Equilibrio Químico_png/2018_reserva_1_ejercicio_5_opcion_b_2.png,
Química,2018,Reserva 2,Ejercicio 4. Opción B,Equilibrio Químico,QUÍMICA. 2018. RESERVA 2. EJERCICIO 4. OPCIÓN B,"La reacción CO(g)  NO (g) CO (g)  NO(g) tiene la siguiente ecuación de velocidad
2 2
obtenida experimentalmente: vkNO 
2
. Justifique si son verdaderas o falsas las siguientes
 2
afirmaciones:
a) La velocidad de desaparición del CO es igual a la velocidad de desaparición del NO .
2
b) La constante de velocidad no depende de l a temperatura porque la reacción se produce en
fase gaseosa.
c) El orden total de la reacción es 1 porque l a velocidad solo depende de la concentración de
NO .",2018 - Equilibrio Químico.pdf,enunciados_PNG/2018 - Equilibrio Químico_png/2018_reserva_2_ejercicio_4_opcion_b_2.png,
Química,2018,Reserva 2,Ejercicio 5. Opción B,Equilibrio Químico,QUÍMICA. 2018. RESERVA 2. EJERCICIO 5. OPCIÓN B,"En un recipiente de 2 L se introducen 4,90 g de CuO y se calienta hasta 1025ºC, alcanzándose
el equilibrio siguiente: 4CuO(s) 2Cu O(s)  O (g) Si la presión total en el equilibrio es
2 2
de 0,5 atm, calcule:
a) Los moles de O que se han formado y la cantidad de CuO que queda sin descomponer.
2
b) Las constantes K y K a esa temperatura.
p c",2018 - Equilibrio Químico.pdf,enunciados_PNG/2018 - Equilibrio Químico_png/2018_reserva_2_ejercicio_5_opcion_b_2.png,
Química,2018,Reserva 3,Ejercicio 3. Opción A,Equilibrio Químico,QUÍMICA. 2018. RESERVA 3. EJERCICIO 3. OPCIÓN A,"Explique cómo afecta al siguiente equilibrio: 3Fe(s)  4H O(g) Fe O (s)  4 H (g)
2 3 4 2
a) Un aumento del volumen del recipiente donde se lleva a cabo la reacción.
b) Un aumento de la concentración de H .
2",2018 - Equilibrio Químico.pdf,enunciados_PNG/2018 - Equilibrio Químico_png/2018_reserva_3_ejercicio_3_opcion_a_2.png,
Química,2018,Reserva 3,Ejercicio 5. Opción B,Equilibrio Químico,QUÍMICA. 2018. RESERVA 3. EJERCICIO 5. OPCIÓN B,"A temperaturas elevadas, el BrF se descompone según la reacción:
5
2BrF (g) Br (g)  5F (g)
5 2 2
En un recipiente herméticamente cerrado de 10 L, se introducen 0,1 moles de BrF y se deja
5
que el sistema alcance el equilibrio a 1500 K. Si en el equilibrio la presión total es de 2,12 atm,
calcule:
a) El número de moles de cada gas en el equilibrio.
b) El valor de K y K .
c p",2018 - Equilibrio Químico.pdf,enunciados_PNG/2018 - Equilibrio Químico_png/2018_reserva_3_ejercicio_5_opcion_b_2.png,
Química,2018,Reserva 4,Ejercicio 3. Opción A,Equilibrio Químico,QUÍMICA. 2018. RESERVA 4. EJERCICIO 3. OPCIÓN A,"Experimentalmente se halla que la reacción A  B  C, en fase gaseosa, es de orden 2
respecto de A.
a) Escriba la ecuación de velocidad.
b) Explique cómo variará la velocidad de reacción si el volumen disminuye a la mitad.
c) Calcule la velocidad cuando A0,3M, si la constante de velocidad es",2018 - Equilibrio Químico.pdf,enunciados_PNG/2018 - Equilibrio Químico_png/2018_reserva_4_ejercicio_3_opcion_a_2.png,
Química,2018,Reserva 4,Ejercicio 5. Opción B,Equilibrio Químico,QUÍMICA. 2018. RESERVA 4. EJERCICIO 5. OPCIÓN B,"El NaHCO (s) se utiliza en la fabricación del pan. Su descomposición térmica desprende CO
3 2
, produciendo pequeñas burbujas en la masa que hacen que suba el pan al hornearlo. Para la
reacción: 2NaHCO (s) Na CO (s)  H O(g)  CO (g), K tiene un valor de 3,25 a
3 2 3 2 2 p
125ºC. Si se calientan a esa temperatura 100 g de NaHCO (s) en un recipiente cerrado de 2 L
3
de capacidad, calcule:
a) El valor de la presión parcial de cada uno de los gases y la presión total cuando se alcance el
equilibrio.
b) La masa de NaHCO que se ha descompuesto y la masa de todos los sólidos que quedan en
3
el recipiente.
Datos: R0,082 atmLK 1mol1.",2018 - Equilibrio Químico.pdf,enunciados_PNG/2018 - Equilibrio Químico_png/2018_reserva_4_ejercicio_5_opcion_b_2.png,
asignatura_desconocida,2018,Septiembre,Ejercicio 5. Opción A,Equilibrio Químico,QUIMICA. 2018. SEPTIEMBRE. EJERCICIO 5. OPCIÓN A,"Se añade el mismo número de moles de CO que de H en un recipiente cerrado de 2 L que se
2 2
encuentra a 1259 K, estableciéndose el siguiente equilibrio:
H (g)  CO (g) H O(g)  CO(g)
2 2 2
Una vez alcanzado el equilibrio, la concentración de CO es 0,16 M y el valor de K es 1,58.
c
Calcule:
a) Las concentraciones del resto de los gases en el equilibrio.
b) La presión total del sistema en el equilibrio.",2018 - Equilibrio Químico.pdf,enunciados_PNG/2018 - Equilibrio Químico_png/2018_septiembre_ejercicio_5_opcion_a_2.png,
Química,2019,Junio,Ejercicio 3. Opc Ión A,Equilibrio Químico,QUÍMICA. 2019. JUNIO. EJERCICIO 3. OPC IÓN A,"Uno de los métodos utilizados industrialmente para la obtención de dihidrógeno consiste en
hacer pasar una corriente de vapor de agua sobre carbón al rojo, según la reacción:
C(s)  H O(g) CO(g)H (g) H131'2kJmol 1
2 2
Explique cómo afectan los siguientes cambios al rendimiento de producción de H
2
a) La adición de C(s)
b) El aumento de temperatura.",2019 - Equilibrio Químico.pdf,enunciados_PNG/2019 - Equilibrio Químico_png/2019_junio_ejercicio_3_opc_ion_a_2.png,
Química,2019,Junio,Ejercicio 5. Op Ción B,Equilibrio Químico,QUÍMICA. 2019. JUNIO. EJERCICIO 5. OP CIÓN B,"En un recipiente de 2 L se introducen 0’043 moles de NOCl(g) y 0’01 moles de Cl (g). Se
2
cierra, se calienta hasta una temperatura de 30ºC y se deja que alcance el equilibrio:
2NOCl(g) Cl (g)  2NO(g).
2
Calcule:
a) El valor de K sabiendo que en el equilibrio se encuentran 0’031 moles de NOCl(g).
c
b) La presión total y las presiones parciales de cada gas en el equilibrio.",2019 - Equilibrio Químico.pdf,enunciados_PNG/2019 - Equilibrio Químico_png/2019_junio_ejercicio_5_op_cion_b_2.png,
Química,2019,Reserva 1,Ejercicio 4. Opción B,Equilibrio Químico,QUÍMICA. 2019. RESERVA 1. EJERCICIO 4. OPCIÓN B,"Si la reacción 2A  B  C es de primer orden, justifique si son verdaderas o falsas las
siguientes afirmaciones:
a) La velocidad de la reacción disminuye al formarse cantidades crecientes de B y C.
b) La ecuación de velocidad es
vA2
.",2019 - Equilibrio Químico.pdf,enunciados_PNG/2019 - Equilibrio Químico_png/2019_reserva_1_ejercicio_4_opcion_b_2.png,
Química,2019,Reserva 1,Ejercicio 5. Opción B,Equilibrio Químico,QUÍMICA. 2019. RESERVA 1. EJERCICIO 5. OPCIÓN B,"En un recipiente de 5 L se introducen 1 mol de SO y 1 mol de O y se calienta a 727 ºC,
2 2
produciéndose la siguiente reacción: 2SO (g)  O (g) 2 SO (g). Una vez alcanzado el
2 2 3
equilibrio, se analiza la mezcla encontrando que hay 0,15 moles de SO . Calcule:
2
a) Los gramos de SO que se forman.
3
b) El valor de la constante de equilibrio K .
c",2019 - Equilibrio Químico.pdf,enunciados_PNG/2019 - Equilibrio Químico_png/2019_reserva_1_ejercicio_5_opcion_b_2.png,
Química,2019,Reserva 2,Ejercicio 5. Opción A,Equilibrio Químico,QUÍMICA. 2019. RESERVA 2. EJERCICIO 5. OPCIÓN A,"La descomposición del hidrogenosulfuro de amonio según la reacción
NH HS(s) NH (g) H S(g)
4 3 2
es un proceso endotérmico. Una muestra de 6,16 g del sólido se coloca en un recipiente al vacío
de 4 L a 24 ºC. Una vez alcanzado el equilibrio la presión total en el interior es de 0,709 atm.
Calcule:
a) El valor de K para la reacción.
p
b) El porcentaje de sólido que se ha descompues to.",2019 - Equilibrio Químico.pdf,enunciados_PNG/2019 - Equilibrio Químico_png/2019_reserva_2_ejercicio_5_opcion_a_2.png,
Química,2019,Reserva 3,Ejercicio 3. Opción A,Equilibrio Químico,QUÍMICA. 2019. RESERVA 3. EJERCICIO 3. OPCIÓN A,"La reacción elemental A  B  C es de orden 1 para cada reactivo.
a) Escriba la ecuación de velocidad correspondiente a dicha reacción.
b) A una determinada temperatura la velocidad inicial es de 6'68 molL1s1 y las
concentraciones de A y B son 0'17 molL1, calcule la constante de velocidad indicando sus
unidades.",2019 - Equilibrio Químico.pdf,enunciados_PNG/2019 - Equilibrio Químico_png/2019_reserva_3_ejercicio_3_opcion_a_2.png,
Química,2019,Reserva 3,Ejercicio 5. Opción B,Equilibrio Químico,QUÍMICA. 2019. RESERVA 3. EJERCICIO 5. OPCIÓN B,"En un matraz de 5 L se introduce una mezcla de 0,92 moles de N y 0,51 moles de O . Se
2 2
calienta la mezcla hasta 2200 K, estableciéndose el equilibrio N (g)  O (g) 2NO(g).
2 2
Teniendo en cuenta que en estas condiciones reacciona el 1,09 % del N inicial con el O
2 2
correspondiente, calcule:
a) La concentración de todos los compuestos en el equilibrio a 2200 K.
b) El valor de las constantes K y K a esa temperatura.
c p",2019 - Equilibrio Químico.pdf,enunciados_PNG/2019 - Equilibrio Químico_png/2019_reserva_3_ejercicio_5_opcion_b_2.png,
Química,2019,Reserva 4,Ejercicio 5. Opción A,Equilibrio Químico,QUÍMICA. 2019. RESERVA 4. EJERCICIO 5. OPCIÓN A,"Cuando el óxido de mercurio HgO(s) se calienta en un recipiente cerrado, en el que se ha
hecho el vacío, se disocia reversiblemente en vapor de mercurio y oxígeno, de acuerdo con el
equilibrio: 2HgO(s) 2Hg(g)  O (g). Tras alcanzar el equilibrio, la presión total fue de
2
0,185 atm a 380 ºC. Calcule:
a) Las presiones parciales de cada uno de los componentes gaseosos.
b) El valor de las constantes de equilibrio K y K .
p c",2019 - Equilibrio Químico.pdf,enunciados_PNG/2019 - Equilibrio Químico_png/2019_reserva_4_ejercicio_5_opcion_a_2.png,
Química,2019,Septiembre,Ejercicio 3. Opción A,Equilibrio Químico,QUÍMICA. 2019. SEPTIEMBRE. EJERCICIO 3. OPCIÓN A,"Un recipiente de 2 L contiene 1’37 moles de FeBr , 2’42 moles de FeBr y 1’34 moles de Br ,
3 2 2
a una temperatura dada. Sabiendo que para la reacción 2FeBr (s) 2FeBr (g)  Br (g),
3 2 2
la constante de equilibrio, K , a esa temperatura, vale 0’683, responda razonadamente a las
c
siguientes cuestiones:
a) ¿Se encuentra el sistema en equilibrio?.
b) Si no lo está, ¿en qué sentido evolucionará?.",2019 - Equilibrio Químico.pdf,enunciados_PNG/2019 - Equilibrio Químico_png/2019_septiembre_ejercicio_3_opcion_a_2.png,
Química,2019,Septiembre,Ejercicio 5. Opción B,Equilibrio Químico,QUÍMICA. 2019. SEPTIEMBRE. EJERCICIO 5. OPCIÓN B,"La obtención de dicloro mediante el proceso Deacon tiene lugar por medio de la siguiente
reacción: 4HCl(g)  O (g) 2Cl (g)  2H O(g)
2 2 2
Si a 390ºC se mezclan 0'08 moles de HCl y 0'1 moles de O se forman, a la presión total de 1
2
atmósfera, 3'32102 moles de Cl . Calcule:
2
a) El volumen del recipiente que contiene la mezcla.
b) El valor de K a esa temperatura.
P",2019 - Equilibrio Químico.pdf,enunciados_PNG/2019 - Equilibrio Químico_png/2019_septiembre_ejercicio_5_opcion_b_2.png,
Química,2020,Junio,B2,Equilibrio Químico,QUÍMICA. 2020. JUNIO. B2,"Justifique la veracidad o falsedad de las siguientes afirmaciones:
a) Para un equilibrio, K nunca puede ser más pequeña que K .
p c
b) Para aumentar la concentración de NO en el equilibrio:
2
N O (g) 2NO (g) , H58'2kJ/mol
2 4 2
tendremos que calentar el sistema.
c) Un incremento de presión en el siguiente equilibrio:
2C(s)  2H O(g) CO (g)  CH (g)
2 2 4",2020 - Equilibrio Químico.pdf,enunciados_PNG/2020 - Equilibrio Químico_png/2020_junio_b2_2.png,
Química,2020,Junio,C1,Equilibrio Químico,QUÍMICA. 2020. JUNIO. C1,"En un recipiente cerrado y vacío de 5 L de capacidad, a 727ºC, se introducen 1 mol de selenio y
1 mol de dihidrógeno, alcanzándose el equilibrio siguiente: Se(g)  H (g) H Se(g)
2 2
Cuando se alcanza el equilibrio se observa que la presión en el interior del recipiente es de 18’1
atm. Calcule:
a) Las concentraciones de cada una de las especies en el equilibrio.
b) El valor de K y de K .
p c",2020 - Equilibrio Químico.pdf,enunciados_PNG/2020 - Equilibrio Químico_png/2020_junio_c1_2.png,
Química,2020,Reserva 1,Ejercicio C1,Equilibrio Químico,QUÍMICA. 2020. RESERVA 1. EJERCICIO C1,"En un recipiente de 5 litros se introducen 2’0 moles de PCl (g) y 1,0 mol de PCl (g). La
5 3
temperatura se eleva a 250ºC, estableciéndose el siguiente equilibrio:
PCl (g) Cl (g)PCl (g)
5 2 3
Sabiendo que K para la reacción a esa misma temperatura es 0’042, calcule:
c
a) La concentración de Cl (g) en el equilibrio.
2
b) El valor de K a esa misma temperatura y la presión en el recipiente una vez alcanzado el
p
equilibrio.",2020 - Equilibrio Químico.pdf,enunciados_PNG/2020 - Equilibrio Químico_png/2020_reserva_1_ejercicio_c1_2.png,
Química,2020,Reserva 2,Ejercicio C1,Equilibrio Químico,QUÍMICA. 2020. RESERVA 2. EJERCICIO C1,"El cloruro de nitrosilo (NOCl) se forma según la reacción: 2NO(g)  Cl (g) 2NOCl(g),
2
cuya K 4'6104 a 298 K. En el equilibrio, en un matraz de 1’5 L, hay 4’125 moles de NOCl
c
y 0’2215 moles de Cl . Calcule:
2
a) La presión parcial del NO en el equilibrio.
b) El valor de K a esa temperatura y la presión total del matraz en el equilibrio.
p",2020 - Equilibrio Químico.pdf,enunciados_PNG/2020 - Equilibrio Químico_png/2020_reserva_2_ejercicio_c1_2.png,
Química,2020,Reserva 3,Ejercicio B2,Equilibrio Químico,QUÍMICA. 2020. RESERVA 3. EJERCICIO B2,"En el siguiente equilibrio: 2NO (g) 2NO(g)  O (g), razone si las siguientes afirmaciones
2 2
son correctas o no:
a) Un aumento de la presión en el sistema favorece la formación de NO.
b) Un aumento de la concentración de O desplaza el equilibrio a la izquierda.
2
c) K es igual a K .",2020 - Equilibrio Químico.pdf,enunciados_PNG/2020 - Equilibrio Químico_png/2020_reserva_3_ejercicio_b2_2.png,
Química,2020,Reserva 3,Ejercicio C1,Equilibrio Químico,QUÍMICA. 2020. RESERVA 3. EJERCICIO C1,"En un recipiente de 10 L se introducen 0’61 moles de CO y 0’39 moles de H calentando
2 2
hasta 1250 ºC. Una vez alcanzado el equilibrio según la reacción:
CO (g)  H (g) CO(g)  H O(g)
2 2 2
Se analiza la mezcla de gases, encontrándose 0’35 moles de CO .
2
a) Calcule la presión total en el equilibrio.
b) Calcule el valor de K y K a esa temperatura.",2020 - Equilibrio Químico.pdf,enunciados_PNG/2020 - Equilibrio Químico_png/2020_reserva_3_ejercicio_c1_2.png,
Química,2020,Reserva 4,Ejercicio B2,Equilibrio Químico,QUÍMICA. 2020. RESERVA 4. EJERCICIO B2,"Indique de forma razonada si las siguientes afirmaciones son verdaderas o falsas:
a) La velocidad de una reacción es independiente de la concentración de los reactivos.
b) La unidad de la constante de velocidad de una reacción de orden uno es s1.",2020 - Equilibrio Químico.pdf,enunciados_PNG/2020 - Equilibrio Químico_png/2020_reserva_4_ejercicio_b2_2.png,
Química,2020,Reserva 4,Ejercicio C1,Equilibrio Químico,QUÍMICA. 2020. RESERVA 4. EJERCICIO C1,"El cloruro de amonio se descompone según la reacción:
NH Cl(s) NH (g)HCl(g)
4 3
En un recipiente de 5 litros, en el que previamente se ha hecho el vacío, se introducen 2’5 g de
cloruro de amonio y se calientan a 300º C hasta que se alcanza el equilibrio. El valor de K a
p
dicha temperatura es 1'2103. Calcule:
a) La presión total de la mezcla en equilibrio.
b) La masa de cloruro de amonio sólido que queda en el recipiente.",2020 - Equilibrio Químico.pdf,enunciados_PNG/2020 - Equilibrio Químico_png/2020_reserva_4_ejercicio_c1_2.png,
Química,2020,Septiembre,B6,Equilibrio Químico,QUÍMICA. 2020. SEPTIEMBRE. B6,"La reacción: A2B  C, es de orden cero con respecto a A, orden 2 respecto a B y su
constante de velocidad vale 0'053 mol1Ls1
a) ¿Cuál es el orden total de la reacción.
b) ¿Cuál es la velocidad si las concentraciones iniciales de A y de B son 0’48 M y 0’35 M,
respectivamente?.",2020 - Equilibrio Químico.pdf,enunciados_PNG/2020 - Equilibrio Químico_png/2020_septiembre_b6_2.png,
Química,2020,Septiembre,C1,Equilibrio Químico,QUÍMICA. 2020. SEPTIEMBRE. C1,"Para la reacción en equilibrio SnO (s)2H (g) Sn(s)2H O(g), a 750ºC, la presión total
2 2 2
del sistema es 32,0 mmHg y la presión parcial del agua 23,7 mmHg. Calcule:
a) El valor de la constante K para dicha reacción, a 750ºC.
p
b) Los moles de H O(g) y de H (g) presentes en el equilibrio, sabiendo que el volumen del
2 2
reactor es de 2 L.",2020 - Equilibrio Químico.pdf,enunciados_PNG/2020 - Equilibrio Químico_png/2020_septiembre_c1_2.png,
Química,2021,Junio,Ejercicio B2,Equilibrio Químico,QUÍMICA. 2021. JUNIO. EJERCICIO B2,"Dada la reacción a 25ºC y 1 atm de presión N (g)  O (g) 2NO(g) , H180'2kJ,
2 2
razone si son verdaderas o falsas las siguientes afirmaciones:
a) La constante de equilibrio K se duplica si se duplica la presión.
p
b) El sentido de la reacción se favorece hacia la izquierda si se aumenta la temperatura.",2021 - Equilibrio Químico.pdf,enunciados_PNG/2021 - Equilibrio Químico_png/2021_junio_ejercicio_b2_2.png,
asignatura_desconocida,2021,Junio,Ejercicio C1,Equilibrio Químico,QUIMICA. 2021. JUNIO. EJERCICIO C1,"Para la reacción de disociación del N O gaseoso, N O (g) 2NO (g), la constante de
2 4 2 4 2
equilibrio K vale 2’49 a 60 ºC.
p
a) Sabiendo que la presión total en el equilibrio es de 1 atm, calcule el grado de disociación del
N O a esa temperatura y las presiones parciales de las especies en el equilibrio.
2 4
b) Determine el valor de Kc.",2021 - Equilibrio Químico.pdf,enunciados_PNG/2021 - Equilibrio Químico_png/2021_junio_ejercicio_c1_2.png,
Química,2021,Reserva 1,Ejercicio B6,Equilibrio Químico,QUÍMICA. 2021. RESERVA 1. EJERCICIO B6,"La reacción CO(g)  NO (g) CO (g)  NO(g) tiene la siguiente ecuación de velocidad
2 2
obtenida experimentalmente: vkNO 
2
. Justifique si son verdaderas o falsas las siguientes
 2
afirmaciones:
a) La velocidad de desaparición del CO es igual a la velocidad de desaparición del NO .
2
b) La constante de velocidad no depende de l a temperatura porque la reacción se produce en
fase gaseosa.
c) El orden total de la reacción es 1 porque l a velocidad solo depende de la concentración de
NO .",2021 - Equilibrio Químico.pdf,enunciados_PNG/2021 - Equilibrio Químico_png/2021_reserva_1_ejercicio_b6_2.png,
asignatura_desconocida,2021,Reserva 1,Ejercicio C1,Equilibrio Químico,QUIMICA. 2021. RESERVA 1. EJERCICIO C1,"La descomposición del cianuro de amonio a 11ºC en un recipiente de 2 L alcanza una presión
total de 0’3 atm cuando se establece el siguiente equilibrio:
NH CN(s) NH (g) HCN(g)
4 3
a) Determine K y K .
c p
b) Si se parte de 1’0 g de cianuro de amonio, calcule la masa que queda sin descomponer en las
mismas condiciones de presión y temperatura.",2021 - Equilibrio Químico.pdf,enunciados_PNG/2021 - Equilibrio Químico_png/2021_reserva_1_ejercicio_c1_2.png,
Química,2021,Reserva 2,Ejercicio C1,Equilibrio Químico,QUÍMICA. 2021. RESERVA 2. EJERCICIO C1,"Se introduce cierta cantidad de A(s) en un matraz de 2 L. A 100ºC, el equilibrio
A(s) B(s)C(g)D(g) se alcanza cuando la presión es de 0’962 atm. Calcule:
a) La constante K de dicho equilibrio.
p
b) La masa de A(s) que se descompone.",2021 - Equilibrio Químico.pdf,enunciados_PNG/2021 - Equilibrio Químico_png/2021_reserva_2_ejercicio_c1_2.png,
Química,2021,Reserva 3,Ejercicio C1,Equilibrio Químico,QUÍMICA. 2021. RESERVA 3 EJERCICIO C1,"A la temperatura de 400ºC, cuando la presión total del sistema es de 710 mmHg, el amoniaco se
encuentra disociado un 40% en nitrógeno e hidrógeno, según la reacción:
2NH (g) N (g)  3H (g)
3 2 2
Calcule:
a) La presión parcial de cada uno de los productos de reacción en el equilibrio.
b) El valor de las constantes de equilibrio K y K a dicha temperatura.
p c",2021 - Equilibrio Químico.pdf,enunciados_PNG/2021 - Equilibrio Químico_png/2021_reserva_3_ejercicio_c1_2.png,
Química,2021,Reserva 4,Ejercicio B2,Equilibrio Químico,QUÍMICA. 2021. RESERVA 4. EJERCICIO B2,"Para la siguiente reacción: 2NO(g)  2H (g)  N (g)  2H O(g), la ecuación de
2 2 2
velocidad hallada experimentalmente es: vk NO2 H .
 2 
a) ¿Cuáles son los ordenes parciales de reacción?. ¿Y el orden total?.
b) Si la constante de velocidad para esta reacción a 1000 K es 6'0104 L2mol2s1, calcule
la velocidad de reacción cuando  NO0'01 5 M y H  0'035 M.
 2 
c) ¿Cómo afectará a la velocidad de reacción un aumento de la presión, si se mantiene",2021 - Equilibrio Químico.pdf,enunciados_PNG/2021 - Equilibrio Químico_png/2021_reserva_4_ejercicio_b2_2.png,
Química,2021,Reserva 4,Ejercicio C1,Equilibrio Químico,QUÍMICA. 2021. RESERVA 4. EJERCICIO C1,"Se calienta NOCl puro a 240ºC en un recipiente de 1 L, estableciéndose el siguiente equilibrio:
2NOCl(g) 2NO(g)  Cl (g)
2
Sabiendo que la presión total en el equilibrio es de 1 atm y la presión parcial de NOCl es de
0’64 atm:
a) Calcule las presiones parciales de NO y Cl en el equilibrio.
2
b) Determine K y K .
p c",2021 - Equilibrio Químico.pdf,enunciados_PNG/2021 - Equilibrio Químico_png/2021_reserva_4_ejercicio_c1_2.png,
Química,2021,Julio,Ejercicio B2,Equilibrio Químico,QUÍMICA. 2021. JULIO. EJERCICIO B2,"Dado el equilibrio N F (g) 2NF (g) con H0  38'5 kJ, razone los cambios que se
2 4 2
producen si:
a) La mezcla de reacción se calienta.
b) El gas NF se elimina de la mezcla de reacción a temperatura y volumen constante.
2",2021 - Equilibrio Químico.pdf,enunciados_PNG/2021 - Equilibrio Químico_png/2021_julio_ejercicio_b2_2.png,
Química,2021,Julio,Ejercicio C1,Equilibrio Químico,QUÍMICA. 2021. JULIO. EJERCICIO C1,"En un recipiente de 250 mL se introducen 0’46 g de N O (g) y se calienta hasta 40ºC,
2 4
disociándose el N O (g) en un 42% al alcanzar el siguiente equilibrio: N O (g) 2NO (g)
2 4 2 4 2
a) Calcule la constante K del equilibrio.
c
b) Determine la presión total en el equilibrio y el valor de K .
p",2021 - Equilibrio Químico.pdf,enunciados_PNG/2021 - Equilibrio Químico_png/2021_julio_ejercicio_c1_2.png,
Química,2022,Junio,Ejercicio B2,Equilibrio Químico,QUÍMICA. 2022. JUNIO. EJERCICIO B2,"La reacción: A  B  C  D es de primer orden con respecto a A y de segundo orden con
respecto a B.
a) Escriba la ecuación de velocidad de dicha reacción.
b) Determine el orden total de la reacción.",2022 - Equilibrio Químico.pdf,enunciados_PNG/2022 - Equilibrio Químico_png/2022_junio_ejercicio_b2_2.png,
Química,2022,Junio,Ejercicio C1,Equilibrio Químico,QUÍMICA. 2022. JUNIO. EJERCICIO C1,"En un matraz de 5 L se introducen 14’5 g de yoduro de amonio (NH I) sólido. Cuando se
4
calienta a 650 K se descompone según la ecuación:
NH I(s) NH (g)HI(g) K 7'6105
4 3 c
Calcule una vez alcanzado el equilibrio:
a) El valor de K a 650 K y la presión total dentro del matraz.
p
b) Los moles de NH I que quedan en el matraz.
4",2022 - Equilibrio Químico.pdf,enunciados_PNG/2022 - Equilibrio Químico_png/2022_junio_ejercicio_c1_2.png,
Química,2022,Reserva 1,Ejercicio C 1,Equilibrio Químico,QUÍMICA. 2022. RESERVA 1. EJERCICIO C 1,"Se introducen 0’035 moles de I en un recipiente de 2 L, se cierra y se calienta a 1000 K. En
2
estas condiciones, el I gaseoso se encuentra en equilibrio según la siguiente ecuación:
2
I (g) 2I(g)
2
Si la presión total que se alcanza en el equilibrio es de 1’69 atm, calcule:
a) Las concentraciones de las especies en el equi librio y el grado de disociación del I .
2
b) Los valores de K y K .
c p",2022 - Equilibrio Químico.pdf,enunciados_PNG/2022 - Equilibrio Químico_png/2022_reserva_1_ejercicio_c_1_2.png,
Química,2022,Reserva 2,Ejercicio B2,Equilibrio Químico,QUÍMICA. 2022. RESERVA 2. EJERCICIO B2,"El denominado gas de síntesis (CO y H ) posee muchas aplicaciones en la industria química y
2
puede obtenerse mediante la siguiente reacción:
CH (g)  H O(g) CO(g)  3H (g) H0
4 2 2
Justifique si las siguientes actuaciones mejorarían el rendimiento de la obtención de gas de
síntesis:
a) Aumentar la temperatura a volumen consta nte.
b) Aumentar la concentración de vapor de agu a.",2022 - Equilibrio Químico.pdf,enunciados_PNG/2022 - Equilibrio Químico_png/2022_reserva_2_ejercicio_b2_2.png,
Química,2022,Reserva 2,Ejercicio C 1,Equilibrio Químico,QUÍMICA. 2022. RESERVA 2. EJERCICIO C 1,"En la reacción: N (g)3H (g) 2NH (g) a 300ºC, las concentraciones de N , H y
2 2 3 2 2
NH en el equilibrio son, respectivamente, 0’076 M, 0’228M y 0’084 M.
3
a) Si la concentración inicial de NH es cero, calcule las concentraciones iniciales de N y H .
3 2 2
b) Calcule el valor de K y la presión total en el equilibrio, sabiendo que el volumen del
p
recipiente de reacción es de 2 L.",2022 - Equilibrio Químico.pdf,enunciados_PNG/2022 - Equilibrio Químico_png/2022_reserva_2_ejercicio_c_1_2.png,
Química,2022,Reserva 3,Ejercicio B2,Equilibrio Químico,QUÍMICA. 2022. RESERVA 3. EJERCICIO B2,"El hidrogenocarbonato de sodio se descompone según el equilibrio:
2NaHCO (s) Na CO (s)  CO (g)  H O(g) H0
3 2 3 2 2
a) Escriba la expresión de la constante de equilibrio K .
p
b) Justifique cómo afecta al equilibrio la adición de NaHCO .
3
c) El hidrogenocarbonato de sodio se usa como impulsor en repostería, ya que las burbujas de
CO hacen que suba la masa y sea más esponjosa. Justifique si horneando la masa a mayor
2",2022 - Equilibrio Químico.pdf,enunciados_PNG/2022 - Equilibrio Químico_png/2022_reserva_3_ejercicio_b2_2.png,
Química,2022,Reserva 3,Ejercicio C 1,Equilibrio Químico,QUÍMICA. 2022. RESERVA 3. EJERCICIO C 1,"Las erupciones volcánicas emiten dióxido de azufre (SO ) que en contacto con el oxígeno de la
2
atmósfera da lugar a trióxido de azufre (SO ), uno de los gases de la lluvia ácida,
3
estableciéndose el siguiente equilibrio: 2SO (g)  O (g) 2 SO (g)
2 2 3
Se ha realizado un experimento en el laboratorio, introduciendo 0’015 moles de SO y el
2
mismo número de moles de O en un matraz de 100 mL. Después de calentarlo a 1000 K, la
2
concentración de SO en el equilibrio es de 0’024 M. Calcule:
3
a) La constante K a 1000 K y la fracción mola r de SO .
c 3
b) La presión en el interior del recipiente y el va lor de K a 1000 K.
p",2022 - Equilibrio Químico.pdf,enunciados_PNG/2022 - Equilibrio Químico_png/2022_reserva_3_ejercicio_c_1_2.png,
Química,2022,Reserva 4,B6,Equilibrio Químico,QUÍMICA. 2022. RESERVA 4. B6,"A una cierta temperatura, la velocidad de la reacción A(g)  B(g) es 0'020 molL1s1
cuando la concentración de A es 0’10 M. Sabiendo que se trata de una reacción de segundo
orden con respecto a A:
a) Escriba la ecuación de velocidad de dicha reacción.
b) Calcule el valor de su constante de velocidad, indicando las unidades de esta.",2022 - Equilibrio Químico.pdf,enunciados_PNG/2022 - Equilibrio Químico_png/2022_reserva_4_b6_2.png,
Química,2022,Reserva 4,Ejercicio C1,Equilibrio Químico,QUÍMICA. 2022. RESERVA 4. EJERCICIO C1,"En un recipiente de 2 L se introducen 1 g de carbono sólido y 0’1 mol de dióxido de carbono
gaseoso. Cuando se calienta a 200ºC se obtiene monóxido de carbono gaseoso, según la
siguiente ecuación: C(s)  CO (g) 2CO(g) K 0'036
2 c
Calcule:
a) Los moles de CO y CO en el equilibrio.
2
b) La presión total y la masa de C que no reac ciona.",2022 - Equilibrio Químico.pdf,enunciados_PNG/2022 - Equilibrio Químico_png/2022_reserva_4_ejercicio_c1_2.png,
Química,2022,Julio,Ejercicio C1,Equilibrio Químico,QUÍMICA. 2022. JULIO. EJERCICIO C1,"El SbCl se descompone en un 6’8 % a 190ºC de acuerdo con la reacción:
5
SbCl (g) SbCl (g)  Cl (g) K 9'3102
5 3 2 p
Se introduce una cantidad de SbCl en un recipiente de 0’5 L y se calienta a 190ºC.Calcular:
5
a) La masa en gramos de SbCl inicial.
5
b) Las presiones parciales de cada especie y la presión total en el equilibrio",2022 - Equilibrio Químico.pdf,enunciados_PNG/2022 - Equilibrio Químico_png/2022_julio_ejercicio_c1_2.png,
Química,2023,Junio,Ejercicio C1,Equilibrio Químico,QUÍMICA. 2023. JUNIO. EJERCICIO C1,"Dado el siguiente equilibrio: 2SO (g)  O (g) 2SO (g).
2 2 3
Se introducen 128 g de SO y 64 g de O en un recipiente cerrado de 2 L. Se calienta la
2 2
mezcla y cuando se ha alcanzado el equilibrio, a 830ºC, ha reaccionado el 80% del SO inicial.
2
Calcule:
a) La composición (en moles) de la mezcla en eq uilibrio y el valor de K .
c
b) La presión total de la mezcla en el equilibrio y el valor de K .
p",2023 - Equilibrio Químico.pdf,enunciados_PNG/2023 - Equilibrio Químico_png/2023_junio_ejercicio_c1_2.png,
Química,2023,Reserva 1,Ejercicio B6,Equilibrio Químico,QUÍMICA. 2023. RESERVA 1. EJERCICIO B6,"La reacción: X2Y  M, es de orden dos respecto a Y, de orden cero respecto a X y su
constante de velocidad es 0'053 mol1Ls1. Justifique:
a) ¿Cuál es el orden total de la reacción?.
b) ¿Cuál es la velocidad si las concentraciones iniciales de X y de Y son 0’4 M y 0’5 M,
respectivamente?.",2023 - Equilibrio Químico.pdf,enunciados_PNG/2023 - Equilibrio Químico_png/2023_reserva_1_ejercicio_b6_2.png,
Química,2023,Reserva 1,Ejercicio C1,Equilibrio Químico,QUÍMICA. 2023. RESERVA 1. EJERCICIO C1,"La constante K es 0'24 para la siguiente reacción en equilibrio a 25ºC
p
2ICl(s) I (s)  Cl (g)
2 2
En un recipiente de 2 litros en el que se ha hecho el vacío se introducen 2 moles de ICl(s).
Calcule:
a) La concentración de Cl cuando se alcance el equilibrio.
2
b) Los gramos de ICl quedarán en el equilibrio.",2023 - Equilibrio Químico.pdf,enunciados_PNG/2023 - Equilibrio Químico_png/2023_reserva_1_ejercicio_c1_2.png,
Química,2023,Reserva 2,Ejercicio B6,Equilibrio Químico,QUÍMICA. 2023. RESERVA 2. EJERCICIO B6,"Para la reacción: A(g)  B(g)  C(g)  D(g), que no es de orden cero, explique de forma
razonada si las siguientes afirmaciones son verdaderas o falsas:
a) El reactivo A se consume más rápido que el reactivo B.
b) A temperatura constante, al aumentar la presión aumenta la velocidad de reacción.",2023 - Equilibrio Químico.pdf,enunciados_PNG/2023 - Equilibrio Químico_png/2023_reserva_2_ejercicio_b6_2.png,
Química,2023,Reserva 2,Ejercicio C1,Equilibrio Químico,QUÍMICA. 2023. RESERVA 2. EJERCICIO C1,"En un recipiente cerrado de 0’5 L, en el que previamente se ha realizado el vacio, se introducen
1 g de H y 1 g de H S . Se eleva la temperatura de la mezcla hasta 1670 K, alcanzándose el
2 2
equilibrio: 2H S(g) 2H (g)  S (g)
2 2 2
En el equilibrio, la fracción molar de S en la mezcla gaseosa es 0’015. Calcule:
2
a) Las presiones parciales de cada especie en el equilibrio
b) El valor de K yK a 1670 K.
c p",2023 - Equilibrio Químico.pdf,enunciados_PNG/2023 - Equilibrio Químico_png/2023_reserva_2_ejercicio_c1_2.png,
Química,2023,Reserva 3,Ejercicio C1,Equilibrio Químico,QUÍMICA. 2023. RESERVA 3. EJERCICIO C1,"A 200ºC y presión de 1 atm, el PCl se disocia en PCl y Cl , en un 48,5%, según el siguiente
5 3 2
equilibrio: PCl (g) PCl (g)  Cl (g)
5 3 2
a) Las fracciones molares de todas las especies en el equilibrio.
b) K y K .
c p",2023 - Equilibrio Químico.pdf,enunciados_PNG/2023 - Equilibrio Químico_png/2023_reserva_3_ejercicio_c1_2.png,
Química,2023,Reserva 4,Ejercicio B 2,Equilibrio Químico,QUÍMICA. 2023. RESERVA 4. EJERCICIO B 2,"En un reactor de 1 L a 1000 K, se establece el siguiente equilibrio:
CO(g)  H O(g) CO (g)  H (g) H42kJmol1
2 2 2
Explique si la cantidad de H aumenta, disminuye o permanece constante:
2
a) Tras la adición de catalizador.
b) Al aumentar la temperatura.",2023 - Equilibrio Químico.pdf,enunciados_PNG/2023 - Equilibrio Químico_png/2023_reserva_4_ejercicio_b_2_2.png,
Química,2023,Reserva 4,Ejercicio C1,Equilibrio Químico,QUÍMICA. 2023. RESERVA 4. EJERCICIO C1,"En un matraz de 1’75 L, en el que previamente se ha hecho el vacio, se introducen 0’1 mol de
CO y 1 mol de COCl . A continuación se establece el siguiente equilibrio a 668 K:
2
CO(g)Cl (g) COCl (g)
2 2
Si en el equilibrio la presión parcial de Cl es 10 atm, calcule:
2
a) Las presiones parciales de CO y COCl en el equilibrio.
2
b) Los valores de K y K para la reacción a 668 K
c p",2023 - Equilibrio Químico.pdf,enunciados_PNG/2023 - Equilibrio Químico_png/2023_reserva_4_ejercicio_c1_2.png,
Química,2023,Julio,Ejercicio B2,Equilibrio Químico,QUÍMICA. 2023. JULIO. EJERCICIO B2,"Justifique si las siguientes afirmaciones son verdaderas o falsas:
a) En una reacción entre gases del tipo: A(g)  2B(g) 2C(g); los valores de K y K
C P
son iguales.
b) Para una reacción endotérmica en equilibrio, se produce un incremento de la cantidad de
productos al aumentar la temperatura.",2023 - Equilibrio Químico.pdf,enunciados_PNG/2023 - Equilibrio Químico_png/2023_julio_ejercicio_b2_2.png,
Química,2023,Julio,Ejercicio C1,Equilibrio Químico,QUÍMICA. 2023. JULIO. EJERCICIO C1,"En un recipiente de 2 L se introducen 4,90 g de CuO y se calienta hasta 1025ºC, alcanzándose
el equilibrio siguiente: 4CuO(s) 2Cu O(s)  O (g) Si la presión total en el equilibrio es
2 2
de 0,5 atm, calcule:
a) Los moles de O que se han formado y la cantidad de CuO que queda sin descomponer.
2
b) Las constantes K y K a esa temperatura.
p c",2023 - Equilibrio Químico.pdf,enunciados_PNG/2023 - Equilibrio Químico_png/2023_julio_ejercicio_c1_2.png,
asignatura_desconocida,2024,Junio,Ejercicio B2,Equilibrio Químico,QUIMICA. 2024. JUNIO. EJERCICIO B2,"El metanol se prepara industrialmente según el proceso siguiente:
C O ( g ) + 2 H
2
( g ) C H
3
O H ( g )  H 0  0
Razone como afectaría al rendimiento de la reacción:
a) Aumentar la temperatura.
b) Retirar del reactor el CH OH a medida que se vaya produciendo.
3",2024 - Equilibrio Químico.pdf,enunciados_PNG/2024 - Equilibrio Químico_png/2024_junio_ejercicio_b2_2.png,
Química,2024,Junio,Ejercicio C1,Equilibrio Químico,QUÍMICA. 2024. JUNIO. EJERCICIO C1,"El N
2
O
4
se descompone en N O
2
, estableciéndose el siguiente equilibrio:
N
2
O
4
( g ) 2 N O
2
( g )
En un recipiente de 0’5 litros se introducen 0’025 moles de N O a 250ºC. Una vez alcanzado el
2 4
equilibrio, la presión total es de 3’86 atm. Calcule:
a) La presión parcial de cada gas en el equilibrio y el valor de K
p
a la temperatura dada.
b) El grado de disociación del N
2
O
4
y el valor de K
c
a la temperatura dada.",2024 - Equilibrio Químico.pdf,enunciados_PNG/2024 - Equilibrio Químico_png/2024_junio_ejercicio_c1_2.png,
Química,2024,Reserva 1,Ejercicio B2,Equilibrio Químico,QUÍMICA. 2024. RESERVA 1. EJERCICIO B2,"La reacción en fase gaseosa: 2 A + B → 3 C es de orden dos respecto de A y de orden uno
respecto de B.
a) Escriba la ecuación de velocidad en función de las concentraciones de A y B e indique el
orden total de la reacción.
b) Indique las unidades de la velocidad de reacción y de la constante cinética para esta
reacción.
c) Razone cómo afectará a la velocidad de reacción un aumento de la temperatura a volumen",2024 - Equilibrio Químico.pdf,enunciados_PNG/2024 - Equilibrio Químico_png/2024_reserva_1_ejercicio_b2_2.png,
Química,2024,Reserva 1,Ejercicio C1,Equilibrio Químico,QUÍMICA. 2024. RESERVA 1. EJERCICIO C1,"Se introducen 2 g de C a C O
3
en un recipiente de 2 L y se calienta a 800 ºC estableciéndose el
siguiente equilibrio: C a C O
3
( s ) C a O ( s ) + C O
2
( g )
Calcule:
a) Las constantes K
p
y K
c
a esa temperatura si la presión en el equilibrio es de 0,236 atm.
b) Los gramos de C a C O
3
y de CaO que hay en el recipiente después de que se alcance el
equilibrio.",2024 - Equilibrio Químico.pdf,enunciados_PNG/2024 - Equilibrio Químico_png/2024_reserva_1_ejercicio_c1_2.png,
Química,2024,Reserva 2,Ejercicio C1,Equilibrio Químico,QUÍMICA. 2024. RESERVA 2. EJERCICIO C1,"En un recipiente de 10 L se introduce el mismo número de moles de I
2
y H
2
. Se calienta a
623 K y se obtienen 2 moles de HI, de acuerdo con el siguiente equilibrio:
H
2
( g ) + I
2
( g ) 2 H I ( g )
Calcule:
a) Los moles de I
2
y H
2
que se han introducido y la presión total en el equilibrio.
b) El valor de K
p
y el porcentaje de H
2
que ha reaccionado.
Datos: R = 0 ' 0 8 2 a t m  L  K − 1  m o l − 1 ; K = 60",2024 - Equilibrio Químico.pdf,enunciados_PNG/2024 - Equilibrio Químico_png/2024_reserva_2_ejercicio_c1_2.png,
Química,2024,Reserva 3,Ejercicio B6,Equilibrio Químico,QUÍMICA. 2024. RESERVA 3. EJERCICIO B6,"La reacción A + B → C es de orden cero con respecto a A, orden 2 con respecto a B y su
constante de velocidad vale 0'027 mol−1Ls−1. Responda a las siguientes preguntas,
justificando la respuesta:
a) ¿Cuál es el orden total de la reacción?
b) ¿Cuál es la velocidad si las concentraciones iniciales de A y de B son 0,48 M y 0,35 M,
respectivamente?",2024 - Equilibrio Químico.pdf,enunciados_PNG/2024 - Equilibrio Químico_png/2024_reserva_3_ejercicio_b6_2.png,
Química,2024,Reserva 3,Ejercicio C1,Equilibrio Químico,QUÍMICA. 2024. RESERVA 3. EJERCICIO C1,"Al calentar H g O ( s ) a 400 ºC en un recipiente cerrado se obtiene H g ( g ) y O
2
( g ) ,
estableciéndose el siguiente equilibrio: 2HgO(s) 2Hg(g) + O (g)
2
Si la presión total cuando se alcanza el equilibrio es de 0,195 atm, calcule:
a) Las presiones parciales de cada gas en el equilibrio y el valor de K a 400 ºC.
p
b) El valor de K
c
a 400 ºC y los moles de HgO que se han descompuesto si el recipiente tiene
un volumen de 2 L.",2024 - Equilibrio Químico.pdf,enunciados_PNG/2024 - Equilibrio Químico_png/2024_reserva_3_ejercicio_c1_2.png,
Química,2024,Reserva 4,Ejercicio C1,Equilibrio Químico,QUÍMICA. 2024. RESERVA 4. EJERCICIO C1,"El cloro gaseoso, C l
2
( g ) , se obtiene industrialmente a partir de HCl(g) y O
2
( g ) , de acuerdo
con la siguiente ecuación: 4 H C l ( g ) + O
2
( g ) 2 H
2
O ( g ) + 2 C l
2
( g )
Se introducen 32,85 g de HCl y 38,40 g de O
2
en un recipiente cerrado de 10 L y se calienta la
mezcla de reacción a 390 ºC. Cuando se alcanza el equilibrio se observa que la presión parcial
del C l
2
( g ) vale 2,175 atm. Calcule:
a) Las concentraciones de todos los gases en el equilibrio.
b) Las constantes K
c
y K
p
a 390 ºC.",2024 - Equilibrio Químico.pdf,enunciados_PNG/2024 - Equilibrio Químico_png/2024_reserva_4_ejercicio_c1_2.png,
Química,2024,Julio,Ejercicio B2,Equilibrio Químico,QUÍMICA. 2024. JULIO. EJERCICIO B2,"El bromuro de amonio es un sólido cristalino que se descompone en un proceso endotérmico
según el siguiente equilibrio: N H
4
B r ( s ) N H
3
( g ) + H B r ( g )
En un reactor en el que se ha alcanzado el equilibrio anterior:
a) Explique si la cantidad de NH Br(s) aumenta, disminuye o no se modifica al introducir
4
NH (g) en el reactor.
3
b) Justifique qué ocurre si duplicamos el volumen del reactor a temperatura constante.
c) Razone si el valor de la constante de equilibrio a 400ºC será mayor, menor o igual que a",2024 - Equilibrio Químico.pdf,enunciados_PNG/2024 - Equilibrio Químico_png/2024_julio_ejercicio_b2_2.png,
asignatura_desconocida,2024,Julio,Ejercicio C1,Equilibrio Químico,QUIMICA. 2024. JULIO. EJERCICIO C1,"Se introduce 0,1 mol de P C l
5
en un matraz cerrado de 0,5 L y se calienta a 525 ºC,
disociándose un 48% según la siguiente reacción: P C l
5
( g ) P C l
3
( g ) + C l
2
( g )
Calcule:
a) Las concentraciones de los gases en el equilibrio y el valor de K
c
a esa temperatura.
b) La presión total en el interior del matraz cuando se alcanza el equilibrio y el valor de K a
p
esa temperatura.",2024 - Equilibrio Químico.pdf,enunciados_PNG/2024 - Equilibrio Químico_png/2024_julio_ejercicio_c1_2.png,
Química,2025,Junio,Ejercicio 2B,Equilibrio Químico,QUÍMICA. 2025. JUNIO. EJERCICIO 2B,"La reacción química 2 A + B → C tiene como ecuación de velocidad v = k   A  2   B  . Responda
razonadamente:
a) ¿Cuál es el orden total de la reacción?.
b) Determine las unidades de la constante de velocidad.
c) ¿Se puede considerar que, durante el transcurso de la reacción química, la velocidad de la
reacción permanece constante?.",2025 - Equilibrio Químico.pdf,enunciados_PNG/2025 - Equilibrio Químico_png/2025_junio_ejercicio_2b_2.png,
Química,2025,Junio,Ejercicio 3A,Equilibrio Químico,QUÍMICA. 2025. JUNIO. EJERCICIO 3A,"El equilibrio de descomposición del N a H C O
3
puede expresarse como:
2 N a H C O
3
( s ) N a
2
C O
3
( s ) + H
2
O ( g ) + C O
2
( g )
Para estudiar este equilibrio en el laboratorio, se depositaron 200 g de NaHCO (s) en un
3
recipiente cerrado de 25 L, en el que previamente se hizo el vacío y se calentó a 110ºC. La presión
en el interior del recipiente, una vez alcanzado el equilibrio, fue de 1’65 atm. Calcule:
a) La masa de N a H C O
3
( s ) que queda en el recipiente tras alcanzarse el equilibrio a 110ºC.
b) El valor de K
p
y K
c
a esa temperatura.
Datos: R = 0 , 0 8 2 a t m  L  K − 1  m o l − 1 .",2025 - Equilibrio Químico.pdf,enunciados_PNG/2025 - Equilibrio Químico_png/2025_junio_ejercicio_3a_2.png,
Química,2025,Reserva 1,Ejercicio 2A,Equilibrio Químico,QUÍMICA. 2025. RESERVA 1. EJERCICIO 2A,"Explique cómo afectan los siguientes cambios al equilibrio:
H
2
( g ) + I
2
( g ) 2 H I ( g )  H = 5 1 , 8 k J
a) Elevar la temperatura.
b) Retirar H
2
.
c) Introducir HI.",2025 - Equilibrio Químico.pdf,enunciados_PNG/2025 - Equilibrio Químico_png/2025_reserva_1_ejercicio_2a_2.png,
Química,2025,Reserva 2,Ejercicio 2B,Equilibrio Químico,QUÍMICA. 2025. RESERVA 2. EJERCICIO 2B,"La reacción A + 2 B → C es de primer orden respecto a cada uno de los reactivos. Cuando la
concentración de A es 0,2 M y la de B es 0,8 M, la velocidad de formación de C es
5 ' 6  1 0 − 1 m o l  L − 1  s − 1
a) Determine la constante de velocidad.
b) ¿Cuánto valdrá la velocidad en el momento en que  A  = 0 , 1 m o l  L − 1 y  B  = 0 , 4 m o l  L − 1 .
c) ¿Cuál es el orden total de la reacción?.",2025 - Equilibrio Químico.pdf,enunciados_PNG/2025 - Equilibrio Químico_png/2025_reserva_2_ejercicio_2b_2.png,
Química,2025,Julio,Ejercicio 3A,Equilibrio Químico,QUÍMICA. 2025. JULIO. EJERCICIO 3A,"El N O
2
se descompone según el equilibrio: 2 N O
2
( g ) 2 N O ( g ) + O
2
( g )
En un recipiente de 2 L a 25º C se introduce NO (g) hasta que su presión es 21,1 atm.
2
Posteriormente, se calienta a 300º C hasta alcanzar el equilibrio y se observa que la presión es 50
atm.
a) Calcule el valor de K .
c
b) Calcule el valor de K y el grado de disociación del NO en esas condiciones.
p 2",2025 - Equilibrio Químico.pdf,enunciados_PNG/2025 - Equilibrio Químico_png/2025_julio_ejercicio_3a_2.png,
Química,2026,Junio,Ejercicio 2B,Equilibrio Químico,QUÍMICA. 2026. JUNIO. EJERCICIO 2B,"Dada la ecuación elemental C O + C l
2
→ C O C l
2
, justifique si son verdaderas o falsas las
siguientes afirmaciones:
a) Su ecuación de velocidad es v = k   C O    C l
2
   C O C l
2
 .
b) La velocidad de reacción varía durante el transcurso de la reacción.
c) La constante k es independiente de la temperatura.
d) Si duplicamos la concentración de C l
2",2026 - Equilibrio Químico.pdf,enunciados_PNG/2026 - Equilibrio Químico_png/2026_junio_ejercicio_2b_2.png,
Química,2026,Junio,Ejercicio 3A,Equilibrio Químico,QUÍMICA. 2026. JUNIO. EJERCICIO 3A,"En un recipiente de 2 L, en el que inicialmente se ha hecho el vacío, se introducen 2 g de C y 4,4
g de CO y se calienta a 1000 K, estableciéndose el siguiente equilibrio:
2
C ( s ) + C O
2
( g ) 2 C O ( g )
a) Determine la presión parcial del CO en el equilibrio, sabiendo que K
c
= 0 ' 1 6 4 .
b) Calcule K
p
y la masa de carbono que queda sin reaccionar en el recipiente.",2026 - Equilibrio Químico.pdf,enunciados_PNG/2026 - Equilibrio Químico_png/2026_junio_ejercicio_3a_2.png,
