asignatura,asignatura_carpeta,año,convocatoria,ejercicio,tema,info_ejercicio,enunciado,archivo,imagen,aviso
Química,Química,2000,Junio,Ejercicio 2. Opción B,Conf. Electrónica,QUÍMICA. 2000. JUNIO. EJERCICIO 2. OPCIÓN B,"Los números atómicos de los elementos P y Mn son 15 y 25, respectivamente.
a) Escriba la configuración electrónica de cada uno de ellos.
b) Indique los números cuánticos que corresponden a los electrones situados, en cada caso, en",2000 - Conf. Electrónica.pdf,enunciados_PNG/2000 - Conf. Electrónica_png/Química_2000_junio_ejercicio_2_opcion_b.png,
Química,Química,2000,Reserva 1,Ejercicio 4. Opción A,Conf. Electrónica,QUÍMICA. 2000. RESERVA 1. EJERCICIO 4. OPCIÓN A,"Los elementos Na, Al, y Cl tienen números atómicos 11, 13 y 17, respectivamente.
a) Escriba la configuración electrónica de cada elemento.
b) Escriba la configuración electrónica de los iones Na ,Al3 yCl.",2000 - Conf. Electrónica.pdf,enunciados_PNG/2000 - Conf. Electrónica_png/Química_2000_reserva_1_ejercicio_4_opcion_a.png,
Química,Química,2000,Reserva 2,Ejercicio 2. Opción A,Conf. Electrónica,QUÍMICA. 2000. RESERVA 2. EJERCICIO 2. OPCIÓN A,"Tres elementos tienen de número atómico 25, 35 y 38, respectivamente.
a) Escriba la configuración electrónica de los mismos.
b) Indique, razonadamente, el grupo y el periodo a que pertenece cada uno de los elementos
anteriores.
c) Indique, razonando la respuesta, el carácter metálico o no metálico de cada uno de los",2000 - Conf. Electrónica.pdf,enunciados_PNG/2000 - Conf. Electrónica_png/Química_2000_reserva_2_ejercicio_2_opcion_a.png,
Química,Química,2000,Reserva 3,Ejercicio 2. Opción A,Conf. Electrónica,QUÍMICA. 2000. RESERVA 3. EJERCICIO 2. OPCIÓN A,"Los elementos A y B tienen, en sus últimos niveles, las configuraciones:
A4s2p65s1 y B3s2p6d104s2p4.
Justifique: a) Si A es metal o no metal. b) Qué elemento tendrá mayor afinidad electrónica.",2000 - Conf. Electrónica.pdf,enunciados_PNG/2000 - Conf. Electrónica_png/Química_2000_reserva_3_ejercicio_2_opcion_a.png,
Química,Química,2000,Reserva 4,Ejercicio 2. Opción B,Conf. Electrónica,QUÍMICA. 2000. RESERVA 4. EJERCICIO 2. OPCIÓN B,"Los números atómicos de los elementos Br y Rb son 35 y 37, respectivamente.
a) Escriba la configuración electrónica de ambos elementos.
b) Indique el ión más estable de cada elemento y su configuración electrónica.",2000 - Conf. Electrónica.pdf,enunciados_PNG/2000 - Conf. Electrónica_png/Química_2000_reserva_4_ejercicio_2_opcion_b.png,
Química,Química,2000,Septiembre,Ejercici O 2. Opción B,Conf. Electrónica,QUÍMICA. 2000. SEPTIEMBRE. EJERCICI O 2. OPCIÓN B,"Las dos tablas siguientes corresponden a radios atómicos:
Elemento Li Be B C N O F
0 1’23 0’89 0’80 0’77 0’70 0’66 0’64
R (A)
Elemento Li Na K Rb Cs
0 1’23 1’57 2’03 2’16 2’35
R (A)
a) Justifique la variación del radio en el pe riodo. b) Justifique la variación del radio en el",2000 - Conf. Electrónica.pdf,enunciados_PNG/2000 - Conf. Electrónica_png/Química_2000_septiembre_ejercici_o_2_opcion_b.png,
Química,Química,2001,Junio,Ejercicio 2. Opción A,Conf. Electrónica,QUÍMICA. 2001. JUNIO. EJERCICIO 2. OPCIÓN A,"Los átomos neutros X, Y, Z, tienen las siguientes configuraciones:
X1s22s2p1; Y1s22s2p5; Z1s22s2p63s2.
a) Indique el grupo y el periodo en el que se encuentran. b) Ordénelos, razonadamente, de",2001 - Conf. Electrónica.pdf,enunciados_PNG/2001 - Conf. Electrónica_png/Química_2001_junio_ejercicio_2_opcion_a.png,
Química,Química,2001,Reserva 1,Ejercicio 2. Opción A,Conf. Electrónica,QUÍMICA. 2001. RESERVA 1. EJERCICIO 2. OPCIÓN A,"Escriba las configuraciones electrónicas del átomo e iones siguientes: Al (Z = 13), Na (Z = 11),",2001 - Conf. Electrónica.pdf,enunciados_PNG/2001 - Conf. Electrónica_png/Química_2001_reserva_1_ejercicio_2_opcion_a.png,
Química,Química,2001,Reserva 2,Ejercicio 2. Opción B,Conf. Electrónica,QUÍMICA. 2001. RESERVA 2. EJERCICIO 2. OPCIÓN B,"Los elementos X, Y y Z tienen números atómicos 13, 20 y 35, respectivamente. a) Escriba la
configuración electrónica de cada uno de ellos. b) ¿Serían estables los iones X2, Y2 y Z2 ?",2001 - Conf. Electrónica.pdf,enunciados_PNG/2001 - Conf. Electrónica_png/Química_2001_reserva_2_ejercicio_2_opcion_b.png,
Química,Química,2001,Reserva 3,Ejercicio 2. Opción B,Conf. Electrónica,QUÍMICA. 2001. RESERVA 3. EJERCICIO 2. OPCIÓN B,"Dadas las siguientes configuraciones electrónicas pertenecientes a elementos neutros:
A(1s22s22p2); B(1s22s22p5); C(1s22s22p63s23p64s1); D(1s22s22p4).
Indique razonadamente: a) El grupo y periodo al que pertenece cada elemento. b) El elemento
de mayor y el de menor energía de ionización. c) El elemento de mayor y el de menor radio",2001 - Conf. Electrónica.pdf,enunciados_PNG/2001 - Conf. Electrónica_png/Química_2001_reserva_3_ejercicio_2_opcion_b.png,
Química,Química,2001,Reserva 4,Ejercicio 2. Opción A,Conf. Electrónica,QUÍMICA. 2001. RESERVA 4. EJERCICIO 2. OPCIÓN A,"Dados los siguientes grupos de números cuánticos (n, l, m): (3, 2, 0); (2, 3, 0); (3, 3, 2); (3, 0, 0);
(2, -1, 1); (4, 2, 0). Indique: a) Cuáles no son permitidos y por qué. b) Los orbitales atómicos",2001 - Conf. Electrónica.pdf,enunciados_PNG/2001 - Conf. Electrónica_png/Química_2001_reserva_4_ejercicio_2_opcion_a.png,
Química,Química,2001,Septiembre,Ejercicio 2. Opción A,Conf. Electrónica,QUÍMICA. 2001. SEPTIEMBRE. EJERCICIO 2. OPCIÓN A,,2001 - Conf. Electrónica.pdf,enunciados_PNG/2001 - Conf. Electrónica_png/Química_2001_septiembre_ejercicio_2_opcion_a.png,
Mates CCSS,Mates CCSS,2001,Junio,Ejercicio 3. Parte I. Opción A,Probabilidad,SOCIALES II. 2001. JUNIO. EJERCICIO 3. PARTE I. OPCIÓN A,"Dos urnas A y B, que contienen bolas de colores, tienen la siguiente composición:
A : 5 blancas, 3 negras y 2 rojas; B : 4 blancas y 6 negras
También tenemos un dado que tiene 4 caras marcadas con la letra A y las otras dos con la letra
B. Tiramos el dado y sacamos una bola al azar de la urna que indica el dado.
a) ¿Cuál es la probabilidad de que esa bola sea blanca?
b) ¿Cuál es la probabilidad de que esa bola sea roja?
c) La bola extraída ha resultado ser blanca, ¿cuál es la probabilidad de que proceda de la urna",2001 - Probabilidad.pdf,enunciados_PNG/2001 - Probabilidad_png/Mates CCSS_2001_junio_ejercicio_3_parte_i_opcion_a.png,
Mates CCSS,Mates CCSS,2001,Junio,Ejercicio 3. Parte I. Opción B,Probabilidad,SOCIALES II. 2001. JUNIO. EJERCICIO 3. PARTE I. OPCIÓN B,"En el experimento aleatorio de lanzar una moneda tres veces se consideran los siguientes sucesos:
A: “sacar al menos una cara y una cruz”.
B: “sacar a lo sumo una cara”.
a) Determine el espacio muestral asociado a ese experimento y los sucesos A y B.",2001 - Probabilidad.pdf,enunciados_PNG/2001 - Probabilidad_png/Mates CCSS_2001_junio_ejercicio_3_parte_i_opcion_b.png,
asignatura_desconocida,Mates CCSS,2001,Reserva 1,Ejercicio 3. Parte I. Opción A,Probabilidad,S OCIALES II. 2001 RESERVA 1. EJERCICIO 3. PARTE I. OPCIÓN A,"2
Dado un espacio muestral E se consideran los sucesos A y B, cuyas probabilidades son P(A)
3
1
y P(B) .
2
a) ¿Pueden ser los sucesos A y B incompatibles? ¿Por qué?
b) Suponiendo que los sucesos A y B son independientes, calculeP(AB).",2001 - Probabilidad.pdf,enunciados_PNG/2001 - Probabilidad_png/asignatura_desconocida_2001_reserva_1_ejercicio_3_parte_i_opcion_a.png,
asignatura_desconocida,Mates CCSS,2001,Reserva 1,Ejercicio 3. Parte I. Opción B,Probabilidad,S OCIALES II. 2001 RESERVA 1. EJERCICIO 3. PARTE I. OPCIÓN B,"E l 35 % de los estudiantes de un centro docente practica el fútbol. El 70 % de los que practican
e l fútbol estudia Matemáticas, así como el 25 % de los que no practican el fútbol. Calcule la
p robabilidad de que al elegir, al azar, un estudiante de ese centro:
a ) Estudie Matemáticas.",2001 - Probabilidad.pdf,enunciados_PNG/2001 - Probabilidad_png/asignatura_desconocida_2001_reserva_1_ejercicio_3_parte_i_opcion_b.png,
asignatura_desconocida,Mates CCSS,2001,Reserva 2,Ejercicio 3. Parte I. Opción A,Probabilidad,S OCIALES II. 2001. RESERVA 2. EJERCICIO 3. PARTE I. OPCIÓN A,"D os cajas, A y B, tienen el siguiente contenido:
La A: 5 monedas de 1 euro y 3 de 10 pesetas.
La B: 4 monedas de 1 euro, 4 de 10 pesetas y 2 de 25 pesetas.
D e una de las cajas elegida al azar, se extrae una moneda.
a ) ¿Cuál es la probabilidad de que sea de 1 euro?
b ) Si la moneda extraída resulta ser de 10 pesetas, ¿cuál es la probabilidad de que proceda de la",2001 - Probabilidad.pdf,enunciados_PNG/2001 - Probabilidad_png/asignatura_desconocida_2001_reserva_2_ejercicio_3_parte_i_opcion_a.png,
Mates CCSS,Mates CCSS,2001,Reserva 2,Ejercicio 3. Parte I. Opción B,Probabilidad,SOCIALES II. 2001. RESERVA 2. EJERCICIO 3. PARTE I. OPCIÓN B,"5
La probabilidad de que un jugador A marque un gol de penalti es de , mientras que la de otro
6
4
j ugador B es . Si cada uno lanza un penalti,
5
a) Halle la probabilidad de que marque gol uno solo de los dos jugadores.",2001 - Probabilidad.pdf,enunciados_PNG/2001 - Probabilidad_png/Mates CCSS_2001_reserva_2_ejercicio_3_parte_i_opcion_b.png,
Mates CCSS,Mates CCSS,2001,Reserva 3,Ejercicio 3. Parte I. Opción A,Probabilidad,SOCIALES II. 2001. RESERVA 3. EJERCICIO 3. PARTE I. OPCIÓN A,"1 1 1
Sean A y B dos sucesos tales que P(A) , P(B) y P(AB) . Calcule:
2 3 4
a ) P(A/B)y P(B/ A). b) P(AB). c) P(AC B).",2001 - Probabilidad.pdf,enunciados_PNG/2001 - Probabilidad_png/Mates CCSS_2001_reserva_3_ejercicio_3_parte_i_opcion_a.png,
asignatura_desconocida,Mates CCSS,2001,Reserva 3,Ejercicio 3. Parte I. Opción B,Probabilidad,S OCIALES II. 2001. RESERVA 3. EJERCICIO 3. PARTE I. OPCIÓN B,"E n un cineclub hay 80 películas; 60 son de “acción” y 20 de “terror”. Susana elige una película al
a zar y se la lleva. A continuación Luís elige otra película al azar.
a ) ¿Cuál es la probabilidad de que tanto Susana como Luís elijan películas de acción?",2001 - Probabilidad.pdf,enunciados_PNG/2001 - Probabilidad_png/asignatura_desconocida_2001_reserva_3_ejercicio_3_parte_i_opcion_b.png,
asignatura_desconocida,Mates CCSS,2001,Reserva 4,Ejercicio 3. Parte I. Opción A,Probabilidad,S OCIALES II. 2001. RESERVA 4. EJERCICIO 3. PARTE I. OPCIÓN A,"E n una ciudad el 60 % de sus habitantes son aficionados al fútbol, el 30 % son aficionados al
b aloncesto y el 25 % a ambos deportes.
a ) ¿Son independientes los sucesos “ser aficionado al fútbol” y “ser aficionado al baloncesto”?.
b ) Si una persona no es aficionada al fútbol, ¿cuál es la probabilidad de que no sea aficionada al
b aloncesto?
c ) Si una persona no es aficionada al baloncesto, ¿cuál es la probabilidad de que sea aficionada al",2001 - Probabilidad.pdf,enunciados_PNG/2001 - Probabilidad_png/asignatura_desconocida_2001_reserva_4_ejercicio_3_parte_i_opcion_a.png,
asignatura_desconocida,Mates CCSS,2001,Reserva 4,Ejercicio 3. Parte I. Opción B,Probabilidad,S OCIALES II. 2001 RESERVA 4. EJERCICIO 3. PARTE I. OPCIÓN B,"T enemos un cofre A con 2 monedas de oro y 3 de plata, un cofre B con 5 monedas de oro y 4 de
p lata y un tercer cofre C con 2 monedas de oro. Elegimos un cofre al azar y sacamos una
m oneda.
a ) Calcule la probabilidad de que sea de oro. b) Sabiendo que ha sido de plata, calcule la",2001 - Probabilidad.pdf,enunciados_PNG/2001 - Probabilidad_png/asignatura_desconocida_2001_reserva_4_ejercicio_3_parte_i_opcion_b.png,
Mates CCSS,Mates CCSS,2001,Septiembre,Ejercicio 3. Parte I. Opción A,Probabilidad,SOCIALES II. 2001. SEPTIEMBRE. EJERCICIO 3. PARTE I. OPCIÓN A,"Una caja contiene 10 tornillos, de los que dos son defectuosos.
a) Si vamos extrayendo tornillos, uno tras otro, hasta localizar los dos defectuosos, ¿cuál es la
probabilidad de necesitar exactamente tres extracciones para localizarlos?.
b) Si extraemos solo dos tornillos, y el segundo ha resultado ser defectuoso, ¿cuál es la",2001 - Probabilidad.pdf,enunciados_PNG/2001 - Probabilidad_png/Mates CCSS_2001_septiembre_ejercicio_3_parte_i_opcion_a.png,
Mates CCSS,Mates CCSS,2001,Septiembre,Ejercicio 3. Parte I. Opción B,Probabilidad,SOCIALES II. 2001. SEPTIEMBRE. EJERCICIO 3. PARTE I. OPCIÓN B,"Disponemos de tres dados, uno de los cuales está trucado. La probabilidad de sacar 5 con el
dado trucado es 0’25, siendo los otros resultados equiprobables. Se elige un dado al azar y se
realiza un lanzamiento con él.
a) Determine la probabilidad de obtener un 2.",2001 - Probabilidad.pdf,enunciados_PNG/2001 - Probabilidad_png/Mates CCSS_2001_septiembre_ejercicio_3_parte_i_opcion_b.png,
Mates CCSS,Mates CCSS,2002,Junio,Ejercicio 3. Parte I. Opción A,Probabilidad,SOCIALES II. 2002. JUNIO. EJERCICIO 3. PARTE I. OPCIÓN A,"Los alumnos de Bachillerato de un I.E.S. proceden de 3 localidades A, B y C, siendo un 20% de
A, un 30% de B y el resto de C. El 80% de los alumnos de A cursa 1º de Bachillerato y el resto 2º.
El 50% de los alumnos de B cursa 1º de Bachillerato y el resto 2º. El 60% de los alumnos de C
cursa 1º de Bachillerato y el resto 2º.
a) Seleccionado, al azar, un alumno de Bachillerato de ese I.E.S., ¿cuál es la probabilidad de que
sea de 2º?.
b) Si elegimos, al azar, un alumno de Bachillerato de ese I.E.S. y éste es un alumno de 1º, ¿cuál es",2002 - Probabilidad.pdf,enunciados_PNG/2002 - Probabilidad_png/Mates CCSS_2002_junio_ejercicio_3_parte_i_opcion_a.png,
asignatura_desconocida,Mates CCSS,2002,Junio,Ejercicio 3. Parte I. Opción B,Probabilidad,S OCIALES II. 2002. JUNIO. EJERCICIO 3. PARTE I. OPCIÓN B,"S egún la estadística de los resultados en las Pruebas de Acceso en una provincia andaluza, en
s eptiembre de 2001, el número de alumnas presentadas es 840, de las que han aprobado un 70%
m ientras que el número de alumnos presentados es 668, habiendo aprobado un 75% de éstos.
a ) Elegida, al azar, una persona presentada a las Pruebas, ¿cuál es la probabilidad de que haya
a probado?.",2002 - Probabilidad.pdf,enunciados_PNG/2002 - Probabilidad_png/asignatura_desconocida_2002_junio_ejercicio_3_parte_i_opcion_b.png,
asignatura_desconocida,Mates CCSS,2002,Reserva 1,Ejercicio 3. Parte I. Opción A,Probabilidad,S OCIALES II. 2002 RESERVA 1. EJERCICIO 3. PARTE I. OPCIÓN A,"U na urna contiene 15 bolas, de las cuales 6 son azules y 9 son rojas. Se extraen sucesivamente y
s in reemplazamiento, 3 bolas, al azar.
a ) Describa el espacio muestral asociado al experimento.
b ) Determine la probabilidad de que se extraiga, al menos, una bola azul.",2002 - Probabilidad.pdf,enunciados_PNG/2002 - Probabilidad_png/asignatura_desconocida_2002_reserva_1_ejercicio_3_parte_i_opcion_a.png,
asignatura_desconocida,Mates CCSS,2002,Reserva 1,Ejercicio 3. Parte I. Opción B,Probabilidad,S OCIALES II. 2002 RESERVA 1. EJERCICIO 3. PARTE I. OPCIÓN B,"T enemos 3 estuches de lápices A, B y C. El estuche A tiene 9 lápices, de los cuales 3 son negros; el
B contiene 7 lápices, de los cuales 2 son negros; el C contiene 5 lápices de los que 1 es negro.
a ) Si tomamos, al azar, un lápiz del estuche B, ¿cuál es la probabilidad de que sea negro?
b ) Si elegimos, al azar, uno de los 3 estuches y de éste tomamos, al azar, un lápiz, ¿cuál es la",2002 - Probabilidad.pdf,enunciados_PNG/2002 - Probabilidad_png/asignatura_desconocida_2002_reserva_1_ejercicio_3_parte_i_opcion_b.png,
asignatura_desconocida,Mates CCSS,2002,Reserva 2,Ejercicio 3. Parte I. Opción A,Probabilidad,S OCIALES II. 2002. RESERVA 2. EJERCICIO 3. PARTE I. OPCIÓN A,"E l despertador de Pedro no funciona bien, pues el 20 % de las veces no suena. Cuando suena,
P edro llega tarde a clase con probabilidad 0’2; pero si no suena, la probabilidad de que llegue
t arde a clase es 0’9.
a ) Calcule la probabilidad de que Pedro llegue a tiempo.
b ) Determine la probabilidad de que el despertador haya funcionado bien, si sabemos que Pedro",2002 - Probabilidad.pdf,enunciados_PNG/2002 - Probabilidad_png/asignatura_desconocida_2002_reserva_2_ejercicio_3_parte_i_opcion_a.png,
asignatura_desconocida,Mates CCSS,2002,Reserva 2,Ejercicio 3. Parte I. Opción B,Probabilidad,S OCIALES II. 2002. RESERVA 2. EJERCICIO 3. PARTE I. OPCIÓN B,"L as instalaciones de un club tienen una sala de medios audiovisuales y una de informática. El
6 0% de los socios utiliza la 1ª, el 30 % la 2ª y el 20 % ambas.
a ) Calcule la probabilidad de que un socio, elegido al azar, no utilice ninguna de las dos salas.
b ) Si se sabe que un socio utiliza la sala de audiovisuales, ¿cuál es la probabilidad de que no",2002 - Probabilidad.pdf,enunciados_PNG/2002 - Probabilidad_png/asignatura_desconocida_2002_reserva_2_ejercicio_3_parte_i_opcion_b.png,
asignatura_desconocida,Mates CCSS,2002,Reserva 3,Ejercicio 3. Parte I. Opción A,Probabilidad,S OCIALES II. 2002. RESERVA 3. EJERCICIO 3. PARTE I. OPCIÓN A,"E n un colectivo de personas, el 80 % tiene más de 35 años. De los mayores de 35 años, el 40 %
s on mujeres. De los que no han superado los 35 años, el 45 % son hombres.
S e elige una persona, al azar, de ese colectivo.
a ) ¿Cuál es la probabilidad de que sea mujer?
b ) ¿Cuál es la probabilidad de que no haya superado los 35 años sabiendo que se ha elegido un",2002 - Probabilidad.pdf,enunciados_PNG/2002 - Probabilidad_png/asignatura_desconocida_2002_reserva_3_ejercicio_3_parte_i_opcion_a.png,
asignatura_desconocida,Mates CCSS,2002,Reserva 3,Ejercicio 3. Parte I. Opción B,Probabilidad,S OCIALES II. 2002. RESERVA 3. EJERCICIO 3. PARTE I. OPCIÓN B,"D e una bolsa que contiene 4 monedas de 2 euros, 5 de 1 euro y 3 de 0’20 euros, se extraen dos
m onedas, al azar, sucesivamente y sin devolverlas a la bolsa.
a ) Calcule las probabilidades de los siguientes sucesos:
A = “la suma de las dos monedas es inferior a 2’20 euros”.
B = “al menos una de las dos monedas es de 0’20 euros”.",2002 - Probabilidad.pdf,enunciados_PNG/2002 - Probabilidad_png/asignatura_desconocida_2002_reserva_3_ejercicio_3_parte_i_opcion_b.png,
asignatura_desconocida,Mates CCSS,2002,Reserva 4,Ejercicio 3. Parte I. Opción A,Probabilidad,S OCIALES II. 2002. RESERVA 4. EJERCICIO 3. PARTE I. OPCIÓN A,"S e dispone de una baraja española de 40 cartas (10 de oros, 10 de copas, 10 de espadas y 10 de
b astos). Se saca una carta, al azar, y, sin devolverla, se saca otra, al azar.
a ) Calcule la probabilidad de que ninguna de las dos cartas sea de oros.
b ) Sabiendo que la 2ª carta extraída ha sido de copas, calcule la probabilidad de que también lo",2002 - Probabilidad.pdf,enunciados_PNG/2002 - Probabilidad_png/asignatura_desconocida_2002_reserva_4_ejercicio_3_parte_i_opcion_a.png,
asignatura_desconocida,Mates CCSS,2002,Reserva 4,Ejercicio 3. Parte I. Opción B,Probabilidad,S OCIALES II. 2002 RESERVA 4. EJERCICIO 3. PARTE I. OPCIÓN B,"J uan y Pedro juegan a obtener la puntuación más alta lanzando sus dados. El dado de Juan tiene
c uatro caras con la puntuación 5 y las otras dos caras con el 1. El dado de Pedro tiene dos caras
c on el 6, otras dos con el 4 y las otras dos con el 1.
a ) ¿Cuál es la probabilidad de que gane Pedro?",2002 - Probabilidad.pdf,enunciados_PNG/2002 - Probabilidad_png/asignatura_desconocida_2002_reserva_4_ejercicio_3_parte_i_opcion_b.png,
Mates CCSS,Mates CCSS,2002,Septiembre,Ejercicio 3. Parte I. Opción A,Probabilidad,SOCIALES II. 2002. SEPTIEMBRE. EJERCICIO 3. PARTE I. OPCIÓN A,"El partido A y el partido B concurren a unas elecciones en un municipio donde el 55 % de los
votantes son mujeres. Se sabe que el 40 % de los hombres votan al partido A y el 50 % al B. El
60 % de las mujeres votan al partido A y el 20 % al B. El resto de electores no vota.
a) Halle la probabilidad de que una persona, elegida al azar, no vote.
b) Sabiendo que una persona, elegida al azar, ha votado al partido A, halle la probabilidad de",2002 - Probabilidad.pdf,enunciados_PNG/2002 - Probabilidad_png/Mates CCSS_2002_septiembre_ejercicio_3_parte_i_opcion_a.png,
Mates CCSS,Mates CCSS,2002,Septiembre,Ejercicio 3. Parte I. Opción B,Probabilidad,SOCIALES II. 2002. SEPTIEMBRE. EJERCICIO 3. PARTE I. OPCIÓN B,"En una ciudad, el 60 % de los niños usa zapatillas deportivas, el 50 % usa ropa deportiva y el
20 % usa ambas prendas.
a) ¿Cuál es la probabilidad de que un niño, elegido al azar, no use ninguna de las dos prendas?",2002 - Probabilidad.pdf,enunciados_PNG/2002 - Probabilidad_png/Mates CCSS_2002_septiembre_ejercicio_3_parte_i_opcion_b.png,
Química,Química,2000,Junio,Ejercicio 4. Opción A,Ácido Base,QUÍMICA. 2000. JUNIO EJERCICIO 4. OPCIÓN A,"Complete los siguientes equilibrios ácido-base identificando, de forma razonada, los pares
ácido- base conjugados:
a) H O CO 2 H O
2 3 3
b) NH  OH H O
4 2
c) F H O OH ",2000 - Ácido Base.pdf,enunciados_PNG/2000 - Ácido Base_png/Química_2000_junio_ejercicio_4_opcion_a.png,
Química,Química,2000,Junio,Ejercicio 6. Opción B,Ácido Base,QUÍMICA. 2000. JUNIO. EJERCICIO 6. OPCIÓN B,"a) Calcule los gramos del ácido acético CH COOH que se deben disolver en agua para obtener
3
500 mL de una disolución que tenga un pH = 2’72.
b) Describa el material y el procedimiento a seguir para preparar la disolución anterior.
Datos: K 1'8105; Masas atómicas: H = 1; C = 12; O = 16",2000 - Ácido Base.pdf,enunciados_PNG/2000 - Ácido Base_png/Química_2000_junio_ejercicio_6_opcion_b.png,
Química,Química,2000,Reserva 1,Ejercicio 3. Opción A,Ácido Base,QUÍMICA. 2000. RESERVA 1. EJERCICIO 3. OPCIÓN A,"La fenolftaleína es un indicador ácido-base que cambia de incoloro a rosa en el intervalo de pH
8 (incoloro) a pH 9’5 (rosa).
a) ¿Qué color presentará este indicador en una disolución acuosa de cloruro amónico, NH Cl?.
4
b) ¿Qué color presentará este indicador en una disolución de NaOH 103M?. Razone las",2000 - Ácido Base.pdf,enunciados_PNG/2000 - Ácido Base_png/Química_2000_reserva_1_ejercicio_3_opcion_a.png,
Química,Química,2000,Reserva 1,Ejercicio 6. Opción B,Ácido Base,QUÍMICA. 2000. RESERVA 1. EJERCICIO 6. OPCIÓN B,"A 15 g de ácido acético (CH COOH) se añade la cantidad suficiente de agua para obtener 500
3
mL de disolución. Calcule:
a) El pH de la disolución que resulta.
b) El grado de disociación del ácido acético.
Datos: K 1'8105: Masas atómicas: H = 1; C = 12; O = 16",2000 - Ácido Base.pdf,enunciados_PNG/2000 - Ácido Base_png/Química_2000_reserva_1_ejercicio_6_opcion_b.png,
Química,Química,2000,Reserva 2,Ejercicio 3. Opción A,Ácido Base,QUÍMICA. 2000. RESERVA 2. EJERCICIO 3. OPCIÓN A,"a) Escriba el equilibrio de hidrólisis del ión amonio (NH ), identificando en el mismo las
4
especies que actúan como ácido o como base de Brönsted.
b) Razone cómo variará la concentración de ión amonio al añadir una disolución de NaOH.",2000 - Ácido Base.pdf,enunciados_PNG/2000 - Ácido Base_png/Química_2000_reserva_2_ejercicio_3_opcion_a.png,
Química,Química,2000,Reserva 3,Ejercicio 5. Opción A,Ácido Base,QUÍMICA. 2000. RESERVA 3. EJERCICIO 5. OPCIÓN A,"a) Calcule los gramos de NaOH que se necesitan para preparar 250 mL de una disolución
acuosa de pH = 13.
b) Describa el material necesario y el procedimiento a seguir para preparar la disolución de
NaOH.",2000 - Ácido Base.pdf,enunciados_PNG/2000 - Ácido Base_png/Química_2000_reserva_3_ejercicio_5_opcion_a.png,
Química,Química,2000,Reserva 3,Ejercicio 3. Opción B,Ácido Base,QUÍMICA. 2000. RESERVA 3. EJERCICIO 3. OPCIÓN B,"En 500 mL de una disolución acuosa 0’1 M de NaOH
a) ¿Cuál es la concentración de iones OH?.
b) ¿Cuál es la concentración de iones H O?.
3",2000 - Ácido Base.pdf,enunciados_PNG/2000 - Ácido Base_png/Química_2000_reserva_3_ejercicio_3_opcion_b.png,
Química,Química,2000,Reserva 4,Ejercicio 4. Opción A,Ácido Base,QUÍMICA. 2000. RESERVA 4. EJERCICIO 4. OPCIÓN A,"Se preparan disoluciones acuosas de las siguientes sales: CaCl ,NH Cl y Na CO . Indique
2 4 2 3",2000 - Ácido Base.pdf,enunciados_PNG/2000 - Ácido Base_png/Química_2000_reserva_4_ejercicio_4_opcion_a.png,
Química,Química,2000,Reserva 4,Ejercicio 5. Opción B,Ácido Base,QUÍMICA. 2000. RESERVA 4. EJERCICIO 5. OPCIÓN B,"A 25 ºC, la constante del equilibrio:
NH H O NH  OH
3 2 4
es 1'8105. Se añaden 7 gramos de amoniaco a la cantidad de agua necesaria para obtener
500 mL de disolución.
a) Calcule el pH de la disolución.
b) Calcule el grado de disociación del amoniac o.",2000 - Ácido Base.pdf,enunciados_PNG/2000 - Ácido Base_png/Química_2000_reserva_4_ejercicio_5_opcion_b.png,
Química,Química,2000,Septiembre,Ejercicio 4. Opción A,Ácido Base,QUÍMICA. 2000. SEPTIEMBRE. EJERCICIO 4. OPCIÓN A,"a) Aplicando la teoría de Brónsted y Lowry, en disolución acuosa, razone si son ácidos o bases
las especies HCO  y NH . b) Indique cuáles son las bases conjugadas de los ácidos H O y
3 3 3
HNO . c) Indique cuáles son los ácidos conjugados de las bases Cl y HSO .",2000 - Ácido Base.pdf,enunciados_PNG/2000 - Ácido Base_png/Química_2000_septiembre_ejercicio_4_opcion_a.png,
Química,Química,2001,Junio,Ejercicio 3. Opción A,Ácido Base,QUÍMICA. 2001. JUNIO. EJERCICIO 3. OPCIÓN A,"a) ¿Cuál es el pH de 50 mL de una disolución de HCl 0’5 M? b) Si añadimos agua a los 50 mL
de la disolución anterior hasta alcanzar un volumen de 500 mL, ¿cuál será el nuevo pH?
c) Describa el procedimiento a seguir y el material necesario para preparar la disolución más",2001 - Ácido Base.pdf,enunciados_PNG/2001 - Ácido Base_png/Química_2001_junio_ejercicio_3_opcion_a.png,
Química,Química,2001,Junio,Ejercicio 5. Opción B,Ácido Base,QUÍMICA. 2001. JUNIO. EJERCICIO 5. OPCIÓN B,"Se disuelven 5 g de NaOH en agua suficiente para preparar 300 mL de disolución. Calcule:
a) La molaridad de la disolución y el valor del pH. b) La molaridad de una disolución de HBr,
de la que 30 mL de la misma son neutralizados con 25 mL de la disolución de la base.",2001 - Ácido Base.pdf,enunciados_PNG/2001 - Ácido Base_png/Química_2001_junio_ejercicio_5_opcion_b.png,
Química,Química,2001,Reserva 1,Ejercicio 6. Opción A,Ácido Base,QUÍMICA. 2001. RESERVA 1. EJERCICIO 6. OPCIÓN A,"Calcule: a) El pH de una disolución 0’1 M de ácido acético, CH COOH, cuyo grado de
3
disociación es 1’33%. b) La constante K del ácido acético.",2001 - Ácido Base.pdf,enunciados_PNG/2001 - Ácido Base_png/Química_2001_reserva_1_ejercicio_6_opcion_a.png,
Química,Química,2001,Reserva 1,Ejercicio 4. Opción B,Ácido Base,QUÍMICA. 2001. RESERVA 1. EJERCICIO 4. OPCIÓN B,"a) ¿Cuál es la concentración en HNO de una disolución cuyo pH es 1?.
3
b) Describa el procedimiento e indique el material necesario para preparar 100 mL de
disolución de HNO 102 M a partir de la anterior.",2001 - Ácido Base.pdf,enunciados_PNG/2001 - Ácido Base_png/Química_2001_reserva_1_ejercicio_4_opcion_b.png,
Química,Química,2001,Reserva 2,Ejercicio 6. Opción A,Ácido Base,QUÍMICA. 2001. RESERVA 2. EJERCICIO 6. OPCIÓN A,"Se disuelven 23 g de ácido metanoico, HCOOH, en agua hasta obtener 10 litros de disolución.
La concentración de iones H O es 0’003 M. Calcule: a) El pH de la disolución y el grado de
3
disociación. b) La constante K del ácido.
a",2001 - Ácido Base.pdf,enunciados_PNG/2001 - Ácido Base_png/Química_2001_reserva_2_ejercicio_6_opcion_a.png,
Química,Química,2001,Reserva 2,Ejercicio 3. Opción B,Ácido Base,QUÍMICA. 2001. RESERVA 2. EJERCICIO 3. OPCIÓN B,"Explique cuál o cuáles de las siguientes especies químicas, al disolverse en agua, formará
disoluciones con pH menor que siete. a) HF. b) Na CO . c) NH Cl.",2001 - Ácido Base.pdf,enunciados_PNG/2001 - Ácido Base_png/Química_2001_reserva_2_ejercicio_3_opcion_b.png,
Química,Química,2001,Reserva 4,Ejercicio 5. Opción A,Ácido Base,QUÍMICA. 2001. RESERVA 4. EJERCICIO 5. OPCIÓN A,"Calcule: a) El pH de una disolución 0’03 M de ácido perclórico, HClO , y el de una disolución
4
0’05 M de NaOH. b) El pH de la disolución que resulta al mezclar 50 mL de cada una de las",2001 - Ácido Base.pdf,enunciados_PNG/2001 - Ácido Base_png/Química_2001_reserva_4_ejercicio_5_opcion_a.png,
Química,Química,2001,Reserva 4,Ejercicio 3. Opción B,Ácido Base,QUÍMICA. 2001. RESERVA 4. EJERCICIO 3. OPCIÓN B,"Complete las ecuaciones siguientes e indique los pares ácido-base conjugados, según la teoría
de Brönsted-Lowry:
a) CN H O
3
b) NH  OH
4
c) NO  H O",2001 - Ácido Base.pdf,enunciados_PNG/2001 - Ácido Base_png/Química_2001_reserva_4_ejercicio_3_opcion_b.png,
Química,Química,2001,Septiembre,Ejercicio 5. Opción A,Ácido Base,QUÍMICA. 2001. SEPTIEMBRE. EJERCICIO 5. OPCIÓN A,"La constante K del NH , es igual a 1'8105 a 25º C. Calcule: a) La concentración de las
b 3
especies iónicas en una disolución 0’2 M de amoniaco. b) El pH de la disolución y el grado de",2001 - Ácido Base.pdf,enunciados_PNG/2001 - Ácido Base_png/Química_2001_septiembre_ejercicio_5_opcion_a.png,
Química,Química,2001,Septiembre,Ejercicio 4. Opción B,Ácido Base,QUÍMICA. 2001. SEPTIEMBRE. EJERCICIO 4. OPCIÓN B,"Razone la veracidad o falsedad de las siguientes afirmaciones: a) A igual molaridad, cuanto
más débil es un ácido menor es el pH de sus disoluciones. b) A un ácido fuerte le corresponde",2001 - Ácido Base.pdf,enunciados_PNG/2001 - Ácido Base_png/Química_2001_septiembre_ejercicio_4_opcion_b.png,
Mates CCSS,Mates CCSS,2001,Junio,Ejercicio 3 Parte Ii Opción A,Inferencia Estadística,SOCIALES II. 2001 JUNIO. EJERCICIO 3 PARTE II OPCIÓN A,"Un estudio realizado sobre 100 usuarios revela que un automóvil recorre anualmente un
promedio de 15.200 Km con una desviación típica de 2.250 Km.
a) Determine un intervalo de confianza, al 99%, para la cantidad promedio de kilómetros
recorridos.
b) ¿Cuál debe ser el tamaño mínimo de la muestra para que el error cometido no sea superior a",2001 - Inferencia Estadística.pdf,enunciados_PNG/2001 - Inferencia Estadística_png/Mates CCSS_2001_junio_ejercicio_3_parte_ii_opcion_a.png,
Mates CCSS,Mates CCSS,2001,Junio,Ejercicio 3 Parte Ii Opción B,Inferencia Estadística,SOCIALES II. 2001 JUNIO. EJERCICIO 3 PARTE II OPCIÓN B,"La cantidad de hemoglobina en sangre del hombre sigue una ley normal con desviación típica
de 2 gr/dl. Calcule el nivel de confianza de una muestra de 12 extracciones de sangre que
indique que la media poblacional de hemoglobina en sangre está entre 13 y 15 gramos por",2001 - Inferencia Estadística.pdf,enunciados_PNG/2001 - Inferencia Estadística_png/Mates CCSS_2001_junio_ejercicio_3_parte_ii_opcion_b.png,
Mates CCSS,Mates CCSS,2001,Reserva 1,Ejercicio 3 Parte Ii Opción A,Inferencia Estadística,SOCIALES II. 2001 RESERVA 1. EJERCICIO 3 PARTE II OPCIÓN A,"Una ciudad de 2000 habitantes está poblada por personas de pelo negro, rubio o castaño. Se ha
seleccionado, mediante muestreo aleatorio estratificado con afijación proporcional, una
muestra constituida por 28 personas de pelo negro, 32 de pelo rubio y 20 de pelo castaño.",2001 - Inferencia Estadística.pdf,enunciados_PNG/2001 - Inferencia Estadística_png/Mates CCSS_2001_reserva_1_ejercicio_3_parte_ii_opcion_a.png,
Mates CCSS,Mates CCSS,2001,Reserva 1,Ejercicio 3 Parte Ii Opción B,Inferencia Estadística,SOCIALES II. 2001 RESERVA 1. EJERCICIO 3 PARTE II OPCIÓN B,"En una población normal con varianza conocida se ha tomado una muestra de tamaño 49 y se
ha calculado su media: x4'2. Determine la varianza de la población sabiendo que el",2001 - Inferencia Estadística.pdf,enunciados_PNG/2001 - Inferencia Estadística_png/Mates CCSS_2001_reserva_1_ejercicio_3_parte_ii_opcion_b.png,
Mates CCSS,Mates CCSS,2001,Reserva 2,Ejercicio 3 Parte Ii Opción A,Inferencia Estadística,SOCIALES II. 2001 RESERVA 2. EJERCICIO 3 PARTE II OPCIÓN A,"Se sospecha que el número de unidades que contiene cada dosis de un medicamento no llega a
las 10000 que se indican en el envase. Para comprobar que el contenido medio de las dosis es el
indicado tomamos, al azar, 100 dosis y determinamos el número de unidades de cada una,
obteniendo de media 9940 unidades y de desviación típica 120 unidades. ¿Qué podemos decir",2001 - Inferencia Estadística.pdf,enunciados_PNG/2001 - Inferencia Estadística_png/Mates CCSS_2001_reserva_2_ejercicio_3_parte_ii_opcion_a.png,
Mates CCSS,Mates CCSS,2001,Reserva 2,Ejercicio 3 Parte Ii Opción B,Inferencia Estadística,SOCIALES II. 2001 RESERVA 2. EJERCICIO 3 PARTE II OPCIÓN B,"Una muestra aleatoria de 36 cigarrillos de una marca determinada dio un contenido medio de
nicotina de 3 miligramos.
Se sabe que el contenido en nicotina de estos cigarrillos sigue una distribución normal con una
desviación típica de 1 miligramo.
a) ¿Cuál es la probabilidad de que el contenido medio en nicotina de los cigarrillos de esa
marca sea superior a 3’2 miligramos?
b) Obtenga un intervalo de confianza al 99% para el contenido medio de nicotina de estos",2001 - Inferencia Estadística.pdf,enunciados_PNG/2001 - Inferencia Estadística_png/Mates CCSS_2001_reserva_2_ejercicio_3_parte_ii_opcion_b.png,
Mates CCSS,Mates CCSS,2001,Reserva 3,Ejercicio 3 Parte Ii Opción A,Inferencia Estadística,SOCIALES II. 2001 RESERVA 3. EJERCICIO 3 PARTE II OPCIÓN A,"Una agencia de alquiler de automóviles necesita estimar el número medio de kilómetros diarios
que realiza su flota de automóviles. Se sabe que el número de kilómetros por día sigue una
distribución normal con desviación típica de 6 Km/día. Se toman los recorridos de 100
vehículos de la flota, obteniéndose que la media muestral es de 165 Km/día.
a) Construya un intervalo de confianza para la media de dicha distribución a un nivel de
confianza del 95 %.
b) ¿Cuál debería ser el tamaño de la muestra para asegurar al nivel de confianza del 90 % que",2001 - Inferencia Estadística.pdf,enunciados_PNG/2001 - Inferencia Estadística_png/Mates CCSS_2001_reserva_3_ejercicio_3_parte_ii_opcion_a.png,
Mates CCSS,Mates CCSS,2001,Reserva 3,Ejercicio 3 Parte Ii Opción B,Inferencia Estadística,SOCIALES II. 2001 RESERVA 3. EJERCICIO 3 PARTE II OPCIÓN B,"Se desea estimar, con un error máximo de 0.2 horas, el tiempo medio de estudio diario de los
alumnos de primer curso universitario. Se sabe que la desviación típica es de 1 hora y se toma
una muestra aleatoria de 100 alumnos.
a) Calcule el nivel de confianza del intervalo que se obtendrá.
b) Calcule el número de individuos que debe tener una muestra para asegurarnos una",2001 - Inferencia Estadística.pdf,enunciados_PNG/2001 - Inferencia Estadística_png/Mates CCSS_2001_reserva_3_ejercicio_3_parte_ii_opcion_b.png,
Mates CCSS,Mates CCSS,2001,Reserva 4,Ejercicio 3 Parte Ii Opción A,Inferencia Estadística,SOCIALES II. 2001 RESERVA 4. EJERCICIO 3 PARTE II OPCIÓN A,"El periodo de funcionamiento de las bombillas de una determinada marca sigue una
distribución normal de media 360 días y desviación típica 40 días. Queremos elegir una
muestra de bombillas de esa marca cuyo periodo medio de funcionamiento sea superior a 330",2001 - Inferencia Estadística.pdf,enunciados_PNG/2001 - Inferencia Estadística_png/Mates CCSS_2001_reserva_4_ejercicio_3_parte_ii_opcion_a.png,
Mates CCSS,Mates CCSS,2001,Reserva 4,Ejercicio 3 Parte Ii Opción B,Inferencia Estadística,SOCIALES II. 2001 RESERVA 4. EJERCICIO 3 PARTE II OPCIÓN B,"En los individuos de una población, la cantidad de colesterol en sangre se distribuye según una
ley normal de media desconocida y desviación típica de 0’5 g/l. Hemos tomado una muestra de
10 individuos, y se ha obtenido una media muestral de 1’7 g/l.
a) Obtenga un intervalo de confianza, al 95 %, para la cantidad media de colesterol en sangre
de la población.
b) ¿Qué nivel de confianza tendría un intervalo para la media cuyos límites fuesen 1’293 y",2001 - Inferencia Estadística.pdf,enunciados_PNG/2001 - Inferencia Estadística_png/Mates CCSS_2001_reserva_4_ejercicio_3_parte_ii_opcion_b.png,
Mates CCSS,Mates CCSS,2001,Septiembre,Ejercicio 3 Parte Ii Opción A,Inferencia Estadística,SOCIALES II. 2001 SEPTIEMBRE. EJERCICIO 3 PARTE II OPCIÓN A,"Según un estudio sociológico, el gasto mensual de los jóvenes españoles durante los fines de
semana se distribuye según una ley normal de media  = 150 € y desviación típica  = 18 €.
Tomamos, al azar, una muestra de 36 jóvenes. ¿Cuál es la probabilidad de que esta muestra",2001 - Inferencia Estadística.pdf,enunciados_PNG/2001 - Inferencia Estadística_png/Mates CCSS_2001_septiembre_ejercicio_3_parte_ii_opcion_a.png,
Mates CCSS,Mates CCSS,2001,Septiembre,Ejercicio 3 Parte Ii Opción B,Inferencia Estadística,SOCIALES II. 2001 SEPTIEMBRE. EJERCICIO 3 PARTE II OPCIÓN B,"Sabiendo que la varianza de una ley normal es 2 =16, determine el nivel de confianza con el
que puede decirse que su media  está comprendida entre 6’2 y 8’8, si se toma una muestra",2001 - Inferencia Estadística.pdf,enunciados_PNG/2001 - Inferencia Estadística_png/Mates CCSS_2001_septiembre_ejercicio_3_parte_ii_opcion_b.png,
Mates CCSS,Mates CCSS,2002,Junio,Ejercicio 3 Parte Ii Opción A,Inferencia Estadística,SOCIALES II. 2002 JUNIO. EJERCICIO 3 PARTE II OPCIÓN A,"Se sabe que la estatura de los individuos de una población es una variable aleatoria que sigue
una distribución normal con desviación típica 6 cm. Se toma una muestra aleatoria de 225
individuos que da una media de 176 cm.
a) Obtenga un intervalo, con un 99% de confianza, para la media de la estatura de la
población.
b) Calcule el mínimo tamaño de muestra que se ha de tomar para estimar la estatura media de",2002 - Inferencia Estadística.pdf,enunciados_PNG/2002 - Inferencia Estadística_png/Mates CCSS_2002_junio_ejercicio_3_parte_ii_opcion_a.png,
Mates CCSS,Mates CCSS,2002,Junio,Ejercicio 3 Parte Ii Opción B,Inferencia Estadística,SOCIALES II. 2002 JUNIO. EJERCICIO 3 PARTE II OPCIÓN B,"Se sabe que los estudiantes de una provincia duermen un número de horas diarias que se
distribuye según una ley Normal de media  horas y desviación típica  = 2 horas.
a) A partir de una muestra de 64 alumnos se ha obtenido el siguiente intervalo de confianza
(7’26; 8’14) para la media de la población. Determine el nivel de confianza con que se ha
construido dicho intervalo.
b) Determine el tamaño muestral mínimo necesario para que el error que se cometa al estimar
la media de la población por un intervalo de confianza sea, como máximo, de 0’75 horas, con",2002 - Inferencia Estadística.pdf,enunciados_PNG/2002 - Inferencia Estadística_png/Mates CCSS_2002_junio_ejercicio_3_parte_ii_opcion_b.png,
Mates CCSS,Mates CCSS,2002,Reserva 1,Ejercicio 3 Parte Ii Opción A,Inferencia Estadística,SOCIALES II. 2002 RESERVA 1. EJERCICIO 3 PARTE II OPCIÓN A,"En un pueblo habitan 700 hombres adultos, 800 mujeres adultas y 500 menores. De él se quiere
seleccionar una muestra de 80 personas, utilizando, para ello, muestreo estratificado con",2002 - Inferencia Estadística.pdf,enunciados_PNG/2002 - Inferencia Estadística_png/Mates CCSS_2002_reserva_1_ejercicio_3_parte_ii_opcion_a.png,
Mates CCSS,Mates CCSS,2002,Reserva 1,Ejercicio 3 Parte Ii Opción B,Inferencia Estadística,SOCIALES II. 2002 RESERVA 1. EJERCICIO 3 PARTE II OPCIÓN B,"El peso de los alumnos de un Instituto es una variable aleatoria que sigue una distribución
Normal de media , desconocida, y desviación típica 8 kg.
¿Cuál es el tamaño mínimo que debe tener una muestra para que permita estimar  con un",2002 - Inferencia Estadística.pdf,enunciados_PNG/2002 - Inferencia Estadística_png/Mates CCSS_2002_reserva_1_ejercicio_3_parte_ii_opcion_b.png,
Mates CCSS,Mates CCSS,2002,Reserva 2,Ejercicio 3 Parte Ii Opción A,Inferencia Estadística,SOCIALES II. 2002 RESERVA 2. EJERCICIO 3 PARTE II OPCIÓN A,"El gasto mensual de los estudiantes de un Instituto se distribuye según una ley Normal de
media desconocida y desviación típica 4 euros. Se ha seleccionado una muestra aleatoria y, con
una confianza del 97 %, se ha construido un intervalo para la media poblacional cuya amplitud
es 2’17 euros.
a) ¿Cuál ha sido el tamaño de la muestra seleccionada?
b) Calcule el gasto mensual medio de la muestra tomada sabiendo que el límite inferior del",2002 - Inferencia Estadística.pdf,enunciados_PNG/2002 - Inferencia Estadística_png/Mates CCSS_2002_reserva_2_ejercicio_3_parte_ii_opcion_a.png,
Mates CCSS,Mates CCSS,2002,Reserva 2,Ejercicio 3 Parte Ii Opción B,Inferencia Estadística,SOCIALES II. 2002 RESERVA 2. EJERCICIO 3 PARTE II OPCIÓN B,"El tiempo de espera, en minutos, de los usuarios en una determinada parada de autobús sigue
una distribución Normal de media  y desviación típica 1’5 minutos.
a) ¿Cómo se distribuye el tiempo medio de espera para muestras aleatorias de tamaño 16?.
b) Si hemos tomado una muestra aleatoria de 16 usuarios, cuya media es 5 minutos, determine",2002 - Inferencia Estadística.pdf,enunciados_PNG/2002 - Inferencia Estadística_png/Mates CCSS_2002_reserva_2_ejercicio_3_parte_ii_opcion_b.png,
Mates CCSS,Mates CCSS,2002,Reserva 3,Ejercicio 3 Parte Ii Opción A,Inferencia Estadística,SOCIALES II. 2002 RESERVA 3. EJERCICIO 3 PARTE II OPCIÓN A,"Se ha medido la talla de 100 personas elegidas al azar, mediante muestreo aleatorio simple, de
entre los estudiantes varones de bachillerato de una gran ciudad, obteniéndose una talla media
de 1’75 m. Se sabe que la desviación típica de la población es 0’2 m.
a) Halle un intervalo de confianza, al 90 %, para la media poblacional de la talla de los
estudiantes.
b) ¿Con qué nivel de confianza se ha construido el intervalo (1’73, 1’77) para la media",2002 - Inferencia Estadística.pdf,enunciados_PNG/2002 - Inferencia Estadística_png/Mates CCSS_2002_reserva_3_ejercicio_3_parte_ii_opcion_a.png,
Mates CCSS,Mates CCSS,2002,Reserva 3,Ejercicio 3 Parte Ii Opción B,Inferencia Estadística,SOCIALES II. 2002 RESERVA 3. EJERCICIO 3 PARTE II OPCIÓN B,"El peso de los peces adultos que se crían en una piscifactoría se distribuye según una ley
Normal con desviación típica 9 g.
Los pesos, en gramos, de una muestra aleatoria de 9 peces adultos de esa piscifactoría son:
310, 311, 309, 295, 280, 294, 303, 305, 293.
Determine un intervalo de confianza, al 95 %, para el peso medio de los peces adultos de esa",2002 - Inferencia Estadística.pdf,enunciados_PNG/2002 - Inferencia Estadística_png/Mates CCSS_2002_reserva_3_ejercicio_3_parte_ii_opcion_b.png,
Mates CCSS,Mates CCSS,2002,Reserva 4,Ejercicio 3 Parte Ii Opción A,Inferencia Estadística,SOCIALES II. 2002 RESERVA 4. EJERCICIO 3 PARTE II OPCIÓN A,"Para estudiar el gasto mensual en teléfono móvil de los jóvenes de una ciudad se ha elegido una
muestra aleatoria de 16 estudiantes, con los resultados siguientes, expresados en euros:
4, 6, 30, 14, 16, 14, 15, 16, 22, 8, 3, 56, 42, 26, 30, 18.
Admitiendo que este gasto mensual sigue una ley Normal con desviación típica 13’78 euros,",2002 - Inferencia Estadística.pdf,enunciados_PNG/2002 - Inferencia Estadística_png/Mates CCSS_2002_reserva_4_ejercicio_3_parte_ii_opcion_a.png,
Mates CCSS,Mates CCSS,2002,Reserva 4,Ejercicio 3 Parte Ii Opción B,Inferencia Estadística,SOCIALES II. 2002 RESERVA 4. EJERCICIO 3 PARTE II OPCIÓN B,"La edad de los niños que van a un parque sigue una ley Normal de media 8 años y desviación
típica 2’1 años. En un momento determinado hay 25 niños en ese parque.",2002 - Inferencia Estadística.pdf,enunciados_PNG/2002 - Inferencia Estadística_png/Mates CCSS_2002_reserva_4_ejercicio_3_parte_ii_opcion_b.png,
Mates CCSS,Mates CCSS,2002,Septiembre,Ejercicio 3 Parte Ii Opción A,Inferencia Estadística,SOCIALES II. 2002 SEPTIEMBRE. EJERCICIO 3 PARTE II OPCIÓN A,"Los resultados de un test de sensibilidad musical realizado a los alumnos de un Conservatorio
se distribuyen según una ley Normal de media 65 y desviación típica 18.
a) ¿Cuál es la distribución de la media muestral para muestras de tamaño 25?
b) Para muestras aleatorias de tamaño 100, halle la probabilidad de que su puntuación media",2002 - Inferencia Estadística.pdf,enunciados_PNG/2002 - Inferencia Estadística_png/Mates CCSS_2002_septiembre_ejercicio_3_parte_ii_opcion_a.png,
Mates CCSS,Mates CCSS,2002,Septiembre,Ejercicio 3 Parte Ii Opción B,Inferencia Estadística,SOCIALES II. 2002 SEPTIEMBRE. EJERCICIO 3 PARTE II OPCIÓN B,"El peso neto de las bolsas de almendras de una determinada marca es una variable aleatoria
Normal con media µ, desconocida, y varianza  2 = 50’4 g 2 . Se sabe que 35 bolsas, elegidas al
azar, han dado un peso total de 8652 g.
a) Calcule un intervalo, con un nivel de confianza del 90 %, para µ.
b) ¿A partir de qué nivel de confianza, el correspondiente intervalo para µ contiene el valor 250",2002 - Inferencia Estadística.pdf,enunciados_PNG/2002 - Inferencia Estadística_png/Mates CCSS_2002_septiembre_ejercicio_3_parte_ii_opcion_b.png,
Mates CCSS,Mates CCSS,2001,Junio,Ejercicio 1 Opción A.,Programación Lineal,SOCIALES II. 2001 JUNIO. EJERCICIO 1 OPCIÓN A.,"Para fabricar dos tipos de cable, A y B, que se venderán a 0’9 € y 0’6 € el metro,
respectivamente, se emplean 16 Kg de plástico y 4 Kg de cobre para cada Hm del tipo A y 6 Kg
de plástico y 12 Kg de cobre para cada Hm del tipo B.
Sabiendo que la longitud de cable fabricado del tipo B no puede ser mayor que el doble de la
del tipo A y que, además, no pueden emplearse más de 252 Kg de plástico ni más de 168 Kg de
cobre, determine la longitud, en Hm, de cada tipo de cable que debe fabricarse para que la",2001 - Programación Lineal.pdf,enunciados_PNG/2001 - Programación Lineal_png/Mates CCSS_2001_junio_ejercicio_1_opcion_a.png,
Mates CCSS,Mates CCSS,2001,Reserva 1,Ejercicio 1 Opción B.,Programación Lineal,SOCIALES II. 2001 RESERVA 1. EJERCICIO 1 OPCIÓN B.,"5x2y10 0
x y2 0
Sea el recinto definido por las siguientes inecuaciones: 3x4y20 0
x  0
y 0 .
a) Dibuje dicho recinto y determine sus vértices.
b) Determine en qué punto de ese recinto alcanza la función F(x, y)4x3y el máximo",2001 - Programación Lineal.pdf,enunciados_PNG/2001 - Programación Lineal_png/Mates CCSS_2001_reserva_1_ejercicio_1_opcion_b.png,
Mates CCSS,Mates CCSS,2001,Reserva 2,Ejercicio 1 Opción B.,Programación Lineal,SOCIALES II. 2001 RESERVA 2. EJERCICIO 1 OPCIÓN B.,"x y  9 

x y  0 
Sea el conjunto de restricciones siguiente: .
x2y  16

x  0  
a) Dibuje la región factible determinada por dichas restricciones. b) Calcule los vértices de
dicha región. c) Obtenga los puntos en los que la función objetivo F(x,y) x2y presenta el",2001 - Programación Lineal.pdf,enunciados_PNG/2001 - Programación Lineal_png/Mates CCSS_2001_reserva_2_ejercicio_1_opcion_b.png,
Mates CCSS,Mates CCSS,2001,Reserva 3,Ejercicio 1 Opción B.,Programación Lineal,SOCIALES II. 2001 RESERVA 3. EJERCICIO 1 OPCIÓN B.,"Represente gráficamente el recinto definido por el siguiente sistema de inecuaciones:
2x y  18 

2x3y  26 
.
x y  16

x0 ; y0  
a) Calcule los vértices de ese recinto. b) Obtenga en dicho recinto el valor máximo y el mínimo",2001 - Programación Lineal.pdf,enunciados_PNG/2001 - Programación Lineal_png/Mates CCSS_2001_reserva_3_ejercicio_1_opcion_b.png,
Mates CCSS,Mates CCSS,2001,Reserva 4,Ejercicio 1 Opción A.,Programación Lineal,SOCIALES II. 2001 RESERVA 4. EJERCICIO 1 OPCIÓN A.,"Se quiere organizar un puente aéreo entre dos ciudades, con plazas suficientes de pasaje y
carga, para transportar 1600 personas y 96 toneladas de equipaje. Los aviones disponibles son
de dos tipos: 11 del tipo A y 8 del tipo B. La contratación de un avión del tipo A cuesta 24.000 €
y puede transportar 200 personas y 6 toneladas de equipaje; la contratación de uno del tipo B
cuesta 6.000 € y puede transportar 100 personas y 15 toneladas de equipaje. ¿Cuántos aviones",2001 - Programación Lineal.pdf,enunciados_PNG/2001 - Programación Lineal_png/Mates CCSS_2001_reserva_4_ejercicio_1_opcion_a.png,
Mates CCSS,Mates CCSS,2001,Septiembre,Ejercicio 1 Opción B.,Programación Lineal,SOCIALES II. 2001 SEPTIEMBRE. EJERCICIO 1 OPCIÓN B.,"Cierta sala de espectáculos tiene una capacidad máxima de 1500 personas, entre adultos y
niños; el número de niños asistentes no puede superar los 600. El precio de la entrada a una
sesión de un adulto es de 5 €, mientras que la de un niño es de un 40% menos. El número de
adultos no puede superar al doble del número de niños.
Cumpliendo las condiciones anteriores, ¿cuál es la cantidad máxima que se puede recaudar por",2001 - Programación Lineal.pdf,enunciados_PNG/2001 - Programación Lineal_png/Mates CCSS_2001_septiembre_ejercicio_1_opcion_b.png,
Mates CCSS,Mates CCSS,2002,Junio,Ejercicio 1 Opción B,Programación Lineal,SOCIALES II. 2002 JUNIO. EJERCICIO 1 OPCIÓN B,"Sea el sistema de inecuaciones siguiente: x y120;3y x;x 100;y10
a) Represente gráficamente la región factible y calcule sus vértices.",2002 - Programación Lineal.pdf,enunciados_PNG/2002 - Programación Lineal_png/Mates CCSS_2002_junio_ejercicio_1_opcion_b.png,
Mates CCSS,Mates CCSS,2002,Reserva 1,Ejercicio 1 Opción B.,Programación Lineal,SOCIALES II. 2002 RESERVA 1. EJERCICIO 1 OPCIÓN B.,"Un ahorrador dispone de 10000 euros para invertir en fondos de dos tipos: A ó B. La inversión
en fondos A debe superar los 5000 euros y, además, ésta debe doblar, al menos, la inversión en
fondos B.
La rentabilidad del pasado año de los fondos A ha sido del 2’7 % y la de los B ha sido del 6’3
%.
Suponiendo que la rentabilidad continúe siendo la misma, determine la inversión que obtenga",2002 - Programación Lineal.pdf,enunciados_PNG/2002 - Programación Lineal_png/Mates CCSS_2002_reserva_1_ejercicio_1_opcion_b.png,
Mates CCSS,Mates CCSS,2002,Reserva 2,Ejercicio 1 Opción B.,Programación Lineal,SOCIALES II. 2002 RESERVA 2. EJERCICIO 1 OPCIÓN B.,"Una empresa pastelera dispone semanalmente de 160 kg de azúcar y de 240 kg de almendra
para hacer tortas de almendra y tabletas de turrón.
Se necesitan 150 g de almendra y 50 g de azúcar para hacer una torta de almendra y 100 g de
almendra y 100 g de azúcar para cada tableta de turrón. El beneficio neto por la venta de cada
torta es 1’75 euros, y por cada tableta de turrón es de 1 euro.
Determine cuántas tortas de almendra y cuántas tabletas de turrón han de elaborarse para",2002 - Programación Lineal.pdf,enunciados_PNG/2002 - Programación Lineal_png/Mates CCSS_2002_reserva_2_ejercicio_1_opcion_b.png,
Mates CCSS,Mates CCSS,2002,Reserva 3,Ejercicio 1 Opción A.,Programación Lineal,SOCIALES II. 2002 RESERVA 3. EJERCICIO 1 OPCIÓN A.,"Una fábrica de muebles dispone de 600 kg de madera para fabricar librerías de 1 y de 3
estantes. Se sabe que son necesarios 4 kg de madera para fabricar una librería de 1 estante,
siendo su precio de venta 20 euros; para fabricar una librería de 3 estantes se necesitan 8 kg de
madera y el precio de venta de ésta es 35 euros.
Calcule el número de librerías de cada tipo que se deben fabricar para obtener el máximo
ingreso, sabiendo que, por falta de otros materiales, no se pueden fabricar más de 120 librerías",2002 - Programación Lineal.pdf,enunciados_PNG/2002 - Programación Lineal_png/Mates CCSS_2002_reserva_3_ejercicio_1_opcion_a.png,
Mates CCSS,Mates CCSS,2002,Reserva 4,Ejercicio 1 Opción B.,Programación Lineal,SOCIALES II. 2002 RESERVA 4. EJERCICIO 1 OPCIÓN B.,"Una persona desea adelgazar. En la farmacia le ofrecen dos compuestos A y B para que tome
una mezcla de ambos en la comida, con las siguientes condiciones:
No debe tomar más de 150 g de la mezcla, ni menos de 50 g.
La cantidad de A debe ser mayor o igual que la de B.
No debe incluir más de 100 g del compuesto A.
Se sabe que cada 100 g de A contienen 30 mg de vitaminas y cada 100 g de B contienen 20 mg
de vitaminas.
a) Formule matemáticamente el conjunto de restricciones, dibuje la región factible y determine
sus vértices.
b) ¿Cuántos gramos debe tomar de cada compuesto para obtener el preparado más rico en",2002 - Programación Lineal.pdf,enunciados_PNG/2002 - Programación Lineal_png/Mates CCSS_2002_reserva_4_ejercicio_1_opcion_b.png,
Mates CCSS,Mates CCSS,2002,Septiembre,Ejercicio 1 Opción B.,Programación Lineal,SOCIALES II. 2002 SEPTIEMBRE. EJERCICIO 1 OPCIÓN B.,"Una fábrica produce dos tipos de juguetes, muñecas y coches teledirigidos. La fábrica puede
producir, como máximo, 200 muñecas y 300 coches. La empresa dispone de 1800 horas de
trabajo para fabricar los juguetes y sabe que la producción de cada muñeca necesita 3 horas de
trabajo y reporta un beneficio de 10 euros, mientras que la de cada coche necesita 6 horas de
trabajo y reporta un beneficio de 15 euros.
Calcule el número de muñecas y de coches que han de fabricarse para que el beneficio global",2002 - Programación Lineal.pdf,enunciados_PNG/2002 - Programación Lineal_png/Mates CCSS_2002_septiembre_ejercicio_1_opcion_b.png,
Física,Física,2016,Junio,Ejercicio 2. Opción A,Ondas,FISICA. 2016. JUNIO. EJERCICIO 2. OPCIÓN A,"a) Explique las características cinemáticas de un movimiento armónico simple.
b) Dos partículas de igual masa, m, unidas a dos resortes de constantes k y k (k k ),
1 2 1 2
describen movimientos armónicos simples de igual amplitud. ¿Cuál de las dos partículas tiene
mayor energía cinética al pasar por su posición de equilibrio? ¿Cuál de las dos oscila con",2016 - Ondas.pdf,enunciados_PNG/2016 - Ondas_png/Física_2016_junio_ejercicio_2_opcion_a.png,
Física,Física,2016,Junio,Ejercicio 4. Opción B,Ondas,FISICA. 2016. JUNIO. EJERCICIO 4. OPCIÓN B,"Un rayo de luz con una longitud de onda de 300 nm se propaga en el interior de una fibra de
vidrio, de forma que sufre reflexión total en sus caras.
a) Determine para qué valores del ángulo que forma el rayo luminoso con la normal a la
superficie de la fibra se producirá reflexión total si en el exterior hay aire. Razone la respuesta.
b) ¿Cuál será la longitud de onda del rayo de luz al emerger de la fibra óptica?
c3108ms1;n 1;n 1'38",2016 - Ondas.pdf,enunciados_PNG/2016 - Ondas_png/Física_2016_junio_ejercicio_4_opcion_b.png,
Física,Física,2016,Reserva 2,Ejercicio 2. Opción A,Ondas,FISICA. 2016. RESERVA 2. EJERCICIO 2. OPCIÓN A,"a) Explique qué es una onda estacionaria e indique cómo puede producirse. Describa sus
características.
b) Explique cómo se mueven los puntos de una cuerda sujeta por sus extremos en la que se ha",2016 - Ondas.pdf,enunciados_PNG/2016 - Ondas_png/Física_2016_reserva_2_ejercicio_2_opcion_a.png,
Física,Física,2016,Reserva 2,Ejercicio 4. Opción B,Ondas,FISICA. 2016. RESERVA 2. EJERCICIO 4. OPCIÓN B,"La ecuación de una onda en una cuerda es: y(x,t)0'5 sen 3t2x (S.I.)
a) Explique las características de la onda y calcule su periodo, longitud de onda y velocidad de
propagación.
b) Calcule la elongación y la velocidad de una partícula de la cuerda situada en x0'2 m, en",2016 - Ondas.pdf,enunciados_PNG/2016 - Ondas_png/Física_2016_reserva_2_ejercicio_4_opcion_b.png,
Física,Física,2016,Reserva 3,Ejercicio 2. Opción B,Ondas,FISICA. 2016. RESERVA 3. EJERCICIO 2. OPCIÓN B,"a) Superposición de ondas; descripción cualitativa de los fenómenos de interferencia de dos
ondas.
b) Comente las siguientes afirmaciones: En una onda estacionaria se cumple: i) la amplitud es
constante; ii) la onda transporta energía; iii) la frecuencia es la misma que la de las dos ondas",2016 - Ondas.pdf,enunciados_PNG/2016 - Ondas_png/Física_2016_reserva_3_ejercicio_2_opcion_b.png,
Física,Física,2016,Reserva 3,Ejercicio 4. Opción A,Ondas,FISICA. 2016. RESERVA 3. EJERCICIO 4. OPCIÓN A,,2016 - Ondas.pdf,enunciados_PNG/2016 - Ondas_png/Física_2016_reserva_3_ejercicio_4_opcion_a.png,
Física,Física,2016,Reserva 3,Ejercicio 4. Opción B,Ondas,FISICA. 2016. RESERVA 3. EJERCICIO 4. OPCIÓN B,"Un rayo luminoso incide sobre el vidrio de una ventana de índice de refracción 1,4.
a) Determine el ángulo de refracción en el interior del vidrio y el ángulo con el que emerge, una
vez que lo atraviesa, para un ángulo de incidencia de 20º.
b) Sabiendo que el vidrio tiene un espesor de 8 mm, determine la distancia recorrida por la luz
en su interior y el tiempo que tarda en atravesarlo.
c3108ms1 ; n 1",2016 - Ondas.pdf,enunciados_PNG/2016 - Ondas_png/Física_2016_reserva_3_ejercicio_4_opcion_b.png,
Física,Física,2016,Reserva 4,Ejercicio 2. Opción B,Ondas,FISICA. 2016. RESERVA 4. EJERCICIO 2. OPCIÓN B,"a) Enuncie las leyes de la reflexión y de la refracción de la luz.
b) Dibuje la trayectoria de un rayo de luz: i) cuando pasa de un medio a otro de mayor índice
de refracción; ii) cuando pasa de un medio a otro de menor índice de refracción. Razone en
cuál de los dos casos puede producirse reflexión total. Haga uso de las leyes de la reflexión y",2016 - Ondas.pdf,enunciados_PNG/2016 - Ondas_png/Física_2016_reserva_4_ejercicio_2_opcion_b.png,
Física,Física,2016,Reserva 4,Ejercicio 4. Opción A,Ondas,FISICA. 2016. RESERVA 4. EJERCICIO 4. OPCIÓN A,"Sobre un plano horizontal sin rozamiento se encuentra un bloque, de masa m0'25 kg, sujeto
al extremo libre de un resorte horizontal fijo por el otro extremo. El bloque realiza un
movimiento armónico simple con un periodo de 0'1 s y su energía cinética máxima es 0,5 J.
a) Escriba la ecuación de movimiento del bloque sabiendo que en el instante inicial se
encuentra en la posición de equilibrio.
b) Razone cómo cambiarían la amplitud y la frecuencia del movimiento si se sustituye el resorte",2016 - Ondas.pdf,enunciados_PNG/2016 - Ondas_png/Física_2016_reserva_4_ejercicio_4_opcion_a.png,
Física,Física,2016,Septiembre,Ejercicio 2. Opción B,Ondas,FISICA. 2016. SEPTIEMBRE. EJERCICIO 2. OPCIÓN B,"a) Periodicidad espacial y temporal de las ondas; su interdependencia.
b) Escriba la ecuación de una onda armónica que se propaga en el sentido positivo del eje X e
indique el significado de las magnitudes que aparecen en ella. Escriba la ecuación de otra onda
que se propague en sentido opuesto y que tenga doble amplitud y frecuencia mitad que la",2016 - Ondas.pdf,enunciados_PNG/2016 - Ondas_png/Física_2016_septiembre_ejercicio_2_opcion_b.png,
Física,Física,2016,Septiembre,Ejercicio 4. Opción A,Ondas,FISICA. 2016. SEPTIEMBRE. EJERCICIO 4. OPCIÓN A,"Una onda se propaga en un medio material según la ecuación:
 x 
y(x,t)0'2 sen 2 50t (S.I.)
 
 0'1
a) Indiqué el tipo de onda y su sentido de propagación y determine la amplitud, período,
longitud de onda y velocidad de propagación.
b) Determine la máxima velocidad de oscilación de las partículas del medio y calcule la",2016 - Ondas.pdf,enunciados_PNG/2016 - Ondas_png/Física_2016_septiembre_ejercicio_4_opcion_a.png,
Física,Física,2016,Septiembre,Ejercicio 4. Opción B,Ondas,FISICA. 2016. SEPTIEMBRE. EJERCICIO 4. OPCIÓN B,"Un rayo láser, cuya longitud de onda en el aire es 500 nm, pasa del aire a un vidrio.
a) Describa con ayuda de un esquema los fenómenos de reflexión y refracción que se producen
y calcule la frecuencia de la luz láser.
b) Si el ángulo de incidencia es de 45º y el de refracción 27º, calcule el índice de refracción del
vidrio y la longitud de onda de la luz láser en el interior del mismo.
c3108ms1;n 1",2016 - Ondas.pdf,enunciados_PNG/2016 - Ondas_png/Física_2016_septiembre_ejercicio_4_opcion_b.png,
Física,Física,2017,Junio,Ejercicio 3. Opción A,Ondas,FISICA. 2017. JUNIO. EJERCICIO 3. OPCIÓN A,"g = 9,8 m s-2
a) Explique la naturaleza de las ondas electromagnéticas e indique las distintas zonas en las que
se divide el espectro electromagnético, indicando al menos una aplicación de cada una de ellas.
b) Una antena de radar emite en el vacío radiación electromagnética de longitud de onda 0,03
m, que penetra en agua con un ángulo de incidencia de 20º respecto a la normal. Su velocidad
en el agua se reduce al 80 % del valor en el vacío. Calcule el periodo, la longitud de onda y el
ángulo de refracción en el agua.",2017 - Ondas.pdf,enunciados_PNG/2017 - Ondas_png/Física_2017_junio_ejercicio_3_opcion_a.png,
Física,Física,2017,Junio,Ejercicio 3. Opción B,Ondas,FISICA. 2017. JUNIO. EJERCICIO 3. OPCIÓN B,"a) Enuncie las leyes de la reflexión y de la refracción de la luz. Explique la diferencia entre
ambos fenómenos.
b) Sea un recipiente con agua cuya superficie está cubierta por una capa de aceite. Realice un
diagrama que indique la trayectoria de los rayos de luz al pasar del aire al aceite y después al
agua. Si un rayo de luz incide desde el aire sobre la capa de aceite con un ángulo de 20º,
determine el ángulo de refracción en el agua. ¿Con qué velocidad se desplazará la luz por el
aceite?
c3108ms1;n 1;n 1'45;n 1'33",2017 - Ondas.pdf,enunciados_PNG/2017 - Ondas_png/Física_2017_junio_ejercicio_3_opcion_b.png,
Física,Física,2017,Reserva 1,Ejercicio 3. Opción A,Ondas,FISICA. 2017. RESERVA 1. EJERCICIO 3. OPCIÓN A,"a) Explique la doble periodicidad de las ondas armónicas e indique las magnitudes que las
describen.
b) En una cuerda tensa se genera una onda viajera de 10 cm de amplitud mediante un
oscilador de 20 Hz. La onda se propaga a 2ms1. Escriba la ecuación de la onda suponiendo
que se propaga en el sentido negativo del eje X y que en el instante inicial la elongación en el
foco es nula. Calcule la velocidad de un punto de la cuerda situado a 1 m del foco en el instante",2017 - Ondas.pdf,enunciados_PNG/2017 - Ondas_png/Física_2017_reserva_1_ejercicio_3_opcion_a.png,
Física,Física,2017,Reserva 2,Ejercicio 3. Opción A,Ondas,FISICA. 2017. RESERVA 2. EJERCICIO 3. OPCIÓN A,"a) Escriba la ecuación de una onda armónica que se propaga en el sentido negativo del eje X.
¿Qué se entiende por periodo y por longitud de onda? ¿Qué relación hay entre esas dos
magnitudes?
b) Una onda armónica se propaga por una cuerda en el sentido positivo del eje X con una
velocidad de 10 ms1. La frecuencia del foco emisor es 2 s1 y la amplitud de la onda es
0'4 m. Escriba la ecuación de la onda considerando que en el instante inicial la elongación en
el origen es cero. Calcule la velocidad de una partícula de la cuerda situada en x 2 m, en el",2017 - Ondas.pdf,enunciados_PNG/2017 - Ondas_png/Física_2017_reserva_2_ejercicio_3_opcion_a.png,
Física,Física,2017,Reserva 3,Ejercicio 3. Opción A,Ondas,FISICA. 2017. RESERVA 3. EJERCICIO 3. OPCIÓN A,"a) Considere la siguiente ecuación de las ondas que se propagan en una cuerda:
y(x,t) Asen(BtCx)
¿Qué representan los coeficientes A, B y C? ¿Cuáles son sus unidades en el Sistema
Internacional? ¿Que indica el signo “” que aparece dentro del paréntesis?
b) Obtenga la ecuación de una onda transversal de periodo 0,2 s que se propaga por una
cuerda, en el sentido positivo del eje X, con una velocidad de 40 cms1. La velocidad máxima
de los puntos de la cuerda es 0'5 ms1 y, en el instante inicial, la elongación en el origen
(x0) es máxima. ¿Cuánto vale la velocidad de un punto situado a 10 cm del origen cuando",2017 - Ondas.pdf,enunciados_PNG/2017 - Ondas_png/Física_2017_reserva_3_ejercicio_3_opcion_a.png,
Física,Física,2017,Reserva 4,Ejercicio 3. Opción A,Ondas,FISICA. 2017. RESERVA 4. EJERCICIO 3. OPCIÓN A,"a) Escriba la ecuación de una onda armónica transversal que se propaga a lo largo del sentido
positivo del eje X e indique el significado de las magnitudes que aparecen en ella.
b) En el centro de la superficie de una piscina circular de 10 m de radio se genera una onda
armónica transversal de 4 cm de amplitud y una frecuencia de 5 Hz que tarda 5 s en llegar al
borde de la piscina. Escriba la ecuación de la onda y calcule la elongación de un punto situado",2017 - Ondas.pdf,enunciados_PNG/2017 - Ondas_png/Física_2017_reserva_4_ejercicio_3_opcion_a.png,
Física,Física,2017,Reserva 4,Ejercicio 3. Opción B,Ondas,FISICA. 2017. RESERVA 4. EJERCICIO 3. OPCIÓN B,"a) ¿Qué se entiende por refracción de la luz? Explique qué es el ángulo límite y qué condiciones
deben cumplirse para que pueda observarse.
b) El ángulo límite vidrio-agua es de 60º. Un rayo de luz, que se propaga por el vidrio, incide
sobre la superficie de separación con un ángulo de 45º y se refracta dentro del agua. Determine
el índice de refracción del vidrio. Calcule el ángulo de refracción en el agua.
n 1'33",2017 - Ondas.pdf,enunciados_PNG/2017 - Ondas_png/Física_2017_reserva_4_ejercicio_3_opcion_b.png,
Física,Física,2017,Septiembre,Ejercicio 3. Opción A,Ondas,FISICA. 2017. SEPTIEMBRE. EJERCICIO 3. OPCIÓN A,"a) ¿Por qué un objeto situado en el fondo de una piscina llena de agua se observa desde el aire
aparentemente a menor profundidad de la que en realidad se encuentra? Justifique la
respuesta con la ayuda de un esquema.
b) Sobre una de las caras de una lámina de vidrio de caras paralelas y espesor 8 cm, colocada
horizontalmente en el aire, incide un rayo de luz con un ángulo de 30º respecto de la normal.
Calcule el tiempo que tarda la luz en atravesar la lámina y el desplazamiento horizontal, con
respecto a la normal en el punto de incidencia, que experimenta el rayo al emerger por la otra
cara de la lámina de vidrio.
c3108ms1;n 1;n 1'5",2017 - Ondas.pdf,enunciados_PNG/2017 - Ondas_png/Física_2017_septiembre_ejercicio_3_opcion_a.png,
Física,Física,2017,Septiembre,Ejercicio 3. Opción B,Ondas,FISICA. 2017. SEPTIEMBRE. EJERCICIO 3. OPCIÓN B,"a) ¿Qué es una onda electromagnética? Si una onda electromagnética que se propaga por el
aire penetra en un bloque de metacrilato, justifique qué características de la onda cambian al
pasar de un medio al otro.
b) El campo eléctrico de una onda electromagnética que se propaga en un medio es:
E(x,t)800sen(108t1'25x) (SI)
Calcule su frecuencia y su longitud de onda y determine el índice de refracción del medio.",2017 - Ondas.pdf,enunciados_PNG/2017 - Ondas_png/Física_2017_septiembre_ejercicio_3_opcion_b.png,
Física,Física,2016,Junio,Ejercicio 1. Opción B,Campo gravitatorio,FISICA. 2016. JUNIO. EJERCICIO 1. OPCIÓN B,"a) Defina velocidad de escape de un planeta y deduzca su expresión.
b) Se coloca un satélite en órbita circular a una altura h sobre la Tierra. Deduzca las expresiones
de su energía cinética mientras orbita y calcule la variación de energía potencial gravitatoria que",2016 - Campo gravitatorio.pdf,enunciados_PNG/2016 - Campo gravitatorio_png/Física_2016_junio_ejercicio_1_opcion_b.png,
Física,Física,2016,Junio,Ejercicio 3. Opción A,Campo gravitatorio,FISICA. 2016. JUNIO. EJERCICIO 3. OPCIÓN A,"Dos partículas de masas m 3kg y m  5kg se encuentran situadas en los puntos
1 2
P (2,1) m y P (3,0) m, respectivamente.
1 2
a) Represente el campo gravitatorio resultante en el punto O(0,0) y calcule su valor.
b) Calcule el trabajo realizado para desplazar otra partícula de 2 kg desde el punto O(0,0)m al
punto P (3,1) m. Justifique si es necesario especificar la trayectoria seguida en dicho
desplazamiento.",2016 - Campo gravitatorio.pdf,enunciados_PNG/2016 - Campo gravitatorio_png/Física_2016_junio_ejercicio_3_opcion_a.png,
Física,Física,2016,Reserva 2,Ejercicio 1. Opción A,Campo gravitatorio,FISICA. 2016. RESERVA 2. EJERCICIO 1. OPCIÓN A,"a) Enuncie las leyes de Kepler.
b) Dos satélites de igual masa, m, describen órbitas circulares alrededor de un planeta de masa M.
Si el radio de una de las órbitas es el doble que el de la otra, razone la relación que existe entre los",2016 - Campo gravitatorio.pdf,enunciados_PNG/2016 - Campo gravitatorio_png/Física_2016_reserva_2_ejercicio_1_opcion_a.png,
Física,Física,2016,Reserva 2,Ejercicio 3. Opción B,Campo gravitatorio,FISICA. 2016. RESERVA 2. EJERCICIO 3. OPCIÓN B,"La masa de la Tierra es aproximadamente 81 veces la masa de la Luna y la distancia entre sus
centros es de 3'84105 km.
a) Deduzca la expresión de la velocidad orbital de un satélite en torno a un planeta y calcule el
período de revolución de la Luna alrededor de la Tierra.
b) Calcule la energía potencial de un satélite de 500 kg situado en el punto medio del segmento
que une los centros de la Tierra y la Luna.
G6'671011Nm2kg2 ;M 61024 kg",2016 - Campo gravitatorio.pdf,enunciados_PNG/2016 - Campo gravitatorio_png/Física_2016_reserva_2_ejercicio_3_opcion_b.png,
Física,Física,2016,Reserva 3,Ejercicio 1. Opción B,Campo gravitatorio,FISICA. 2016. RESERVA 3. EJERCICIO 1. OPCIÓN B,"a) Explique las características del campo y del potencial gravitatorios creados por una masa
puntual.
b) Una partícula de masa m, situada en un punto A se mueve en línea recta hacia otro punto B, en
una región en la que existe un campo gravitatorio creado por una masa M. Si el valor del
potencial gravitatorio en el punto B es menor que en el punto A, razone si la partícula se acerca o",2016 - Campo gravitatorio.pdf,enunciados_PNG/2016 - Campo gravitatorio_png/Física_2016_reserva_3_ejercicio_1_opcion_b.png,
Física,Física,2016,Reserva 3,Ejercicio 3. Opción A,Campo gravitatorio,FISICA. 2016. RESERVA 3. EJERCICIO 3. OPCIÓN A,"El satélite español PAZ de observación de la Tierra, de 1400 kg, se lanza con el propósito de
situarlo en una órbita circular geoestacionaria.
a) Explique qué es un satélite geoestacionario y calcule el valor de la altura respecto de la
superficie terrestre a la que se encuentra dicho satélite.
b) Determine las energías cinética y potencial del satélite en órbita.
G6'671011Nm2kg2 ;M 61024 kg ; R 6370 km",2016 - Campo gravitatorio.pdf,enunciados_PNG/2016 - Campo gravitatorio_png/Física_2016_reserva_3_ejercicio_3_opcion_a.png,
Física,Física,2016,Reserva 4,Ejercicio 1. Opción A,Campo gravitatorio,FISICA. 2016. RESERVA 4. EJERCICIO 1. OPCIÓN A,"a) Enuncie la ley de gravitación universal y comente el significado físico de las magnitudes que
intervienen en ella.
b) Una partícula se mueve en un campo gravitatorio uniforme. ¿Aumenta o disminuye su
energía potencial gravitatoria al moverse en la dirección y sentido de la fuerza ejercida por el
campo? ¿Y si se moviera en una dirección perpendicular a dicha fuerza? Razone las",2016 - Campo gravitatorio.pdf,enunciados_PNG/2016 - Campo gravitatorio_png/Física_2016_reserva_4_ejercicio_1_opcion_a.png,
Física,Física,2016,Reserva 4,Ejercicio 3. Opción B,Campo gravitatorio,FISICA. 2016. RESERVA 4. EJERCICIO 3. OPCIÓN B,"Un bloque de 5 kg desliza por una superficie horizontal mientras se le aplica una fuerza de 30 N
en una dirección que forma 60º con la horizontal. El coeficiente de rozamiento entre la superficie y
el cuerpo es 0,2.
a) Dibuje en un esquema las fuerzas que actúan sobre el bloque y calcule el valor de dichas
fuerzas.
b) Calcule la variación de energía cinética del bloque en un desplazamiento de 0,5 m.",2016 - Campo gravitatorio.pdf,enunciados_PNG/2016 - Campo gravitatorio_png/Física_2016_reserva_4_ejercicio_3_opcion_b.png,
Física,Física,2016,Septiembre,Ejercicio 1. Opción B,Campo gravitatorio,FISICA. 2016. SEPTIEMBRE. EJERCICIO 1. OPCIÓN B,"a) Energía potencial asociada a una fuerza conservativa
b) Explique por qué en lugar de energía potencial en un punto debemos hablar de diferencia de",2016 - Campo gravitatorio.pdf,enunciados_PNG/2016 - Campo gravitatorio_png/Física_2016_septiembre_ejercicio_1_opcion_b.png,
Física,Física,2016,Septiembre,Ejercicio 3. Opción A,Campo gravitatorio,FISICA. 2016. SEPTIEMBRE. EJERCICIO 3. OPCIÓN A,"Un satélite artificial de 400 kg describe una órbita circular a una altura h sobre la superficie
terrestre. El valor de la gravedad a dicha altura, g, es la tercera parte de su valor en la
superficie de la Tierra, g .
0
a) Explique si hay que realizar trabajo para mantener el satélite en esa órbita y calcule el valor
de h.
b) Determine el periodo de la órbita y la energía mecánica del satélite.
g 9'8 ms2 ; R 6370 km",2016 - Campo gravitatorio.pdf,enunciados_PNG/2016 - Campo gravitatorio_png/Física_2016_septiembre_ejercicio_3_opcion_a.png,
Física,Física,2017,Junio,Ejercicio 1. Opción A,Campo gravitatorio,FISICA. 2017. JUNIO. EJERCICIO 1. OPCIÓN A,"a) Dos partículas de masas m y 2m, se encuentran situadas en dos puntos del espacio separadas
una distancia d. ¿Es nulo el campo gravitatorio en algún punto cercano a las dos masas? ¿Y el
potencial gravitatorio?. Justifique las respuestas.
b) Dos masas de 10 kg se encuentran situadas, respectivamente, en los puntos (0,0) m y (0,4) m.
Represente en un esquema el campo gravitatorio que crean en el punto (2,2) m y calcule su
valor.",2017 - Campo gravitatorio.pdf,enunciados_PNG/2017 - Campo gravitatorio_png/Física_2017_junio_ejercicio_1_opcion_a.png,
Física,Física,2017,Junio,Ejercicio 1. Opción B,Campo gravitatorio,FISICA. 2017. JUNIO. EJERCICIO 1. OPCIÓN B,"a) Un bloque de acero está situado sobre la superficie terrestre. Indique justificadamente cómo
se modificaría el valor de su peso si la masa de la Tierra se redujese a la mitad y se duplicase su
radio.
b) El planeta Mercurio tiene un radio de 2440 km y la aceleración de la gravedad en su
superficie es 3,7 ms2. Calcule la altura máxima que alcanza un objeto que se lanza
verticalmente desde la superficie del planeta con una velocidad de 0,5 ms1.",2017 - Campo gravitatorio.pdf,enunciados_PNG/2017 - Campo gravitatorio_png/Física_2017_junio_ejercicio_1_opcion_b.png,
Física,Física,2017,Reserva 1,Ejercicio 1. Opción A,Campo gravitatorio,FISICA. 2017. RESERVA 1. EJERCICIO 1. OPCIÓN A,"a) Dibuje en un esquema las líneas del campo gravitatorio creado por una masa puntual M.
Otra masa puntual m se traslada desde un punto A hasta otro B, más alejado de M. Razone si
aumenta o disminuye su energía potencial.
b) Dos esferas de 100 kg se encuentran, respectivamente, en los puntos (0,3) m y (0,3) m.
Determine el campo gravitatorio creado por ambas en el punto (4,0) m.",2017 - Campo gravitatorio.pdf,enunciados_PNG/2017 - Campo gravitatorio_png/Física_2017_reserva_1_ejercicio_1_opcion_a.png,
Física,Física,2017,Reserva 1,Ejercicio 1. Opción B,Campo gravitatorio,FISICA. 2017. RESERVA 1. EJERCICIO 1. OPCIÓN B,"a) Indique razonadamente la relación que existe entre las energías cinética y potencial
gravitatoria de un satélite que gira en una órbita circular en torno a un planeta.
b) La masa del planeta Júpiter es, aproximadamente, 300 veces la de la Tierra y su diámetro 10
veces mayor que el terrestre. Calcule razonadamente la velocidad de escape de un cuerpo desde
la superficie de Júpiter.
R 6'37106m;g9'8 ms2",2017 - Campo gravitatorio.pdf,enunciados_PNG/2017 - Campo gravitatorio_png/Física_2017_reserva_1_ejercicio_1_opcion_b.png,
Física,Física,2017,Reserva 2,Ejercicio 1. Opción A,Campo gravitatorio,FISICA. 2017. RESERVA 2. EJERCICIO 1. OPCIÓN A,"a) Si sobre una partícula actúan fuerzas conservativas y no conservativas, razone cómo
cambian las energías cinética, potencial y mecánica de la partícula.
b) Un bloque de 2 kg se lanza hacia arriba por una rampa rugosa ( 0'3), que forma un
ángulo de 30º con la horizontal, con una velocidad inicial de 6 ms1. Calcule la altura
máxima que alcanza el bloque respecto del suelo.",2017 - Campo gravitatorio.pdf,enunciados_PNG/2017 - Campo gravitatorio_png/Física_2017_reserva_2_ejercicio_1_opcion_a.png,
Física,Física,2017,Reserva 2,Ejercicio 1. Opción B,Campo gravitatorio,FISICA. 2017. RESERVA 2. EJERCICIO 1. OPCIÓN B,"a) Supongamos que la Tierra reduce su radio a la mitad manteniendo constante su masa.
Razone cómo se modificarían la intensidad del campo gravitatorio en su superficie y su órbita
alrededor del Sol.
b) La Luna describe una órbita circular alrededor de la Tierra. Si se supone que la Tierra se
encuentra en reposo, calcule la velocidad de la Luna en su órbita y su periodo orbital.
G6'671011Nm2kg2 ;M 5'971024 kg; D 3'84108 m",2017 - Campo gravitatorio.pdf,enunciados_PNG/2017 - Campo gravitatorio_png/Física_2017_reserva_2_ejercicio_1_opcion_b.png,
Física,Física,2017,Reserva 3,Ejercicio 1. Opción A,Campo gravitatorio,FISICA. 2017. RESERVA 3. EJERCICIO 1. OPCIÓN A,"a) Una partícula de masa m se desplaza desde un punto A hasta otro punto B en una región en
la que existe un campo gravitatorio creado por otra masa M. Si el valor del potencial
gravitatorio en el punto B es mayor que en el punto A, razone si el desplazamiento de la
partícula es espontáneo o no.
b) Una masa m , de 500 kg, se encuentra en el punto (0,4) m y otra masa m , de 500 kg, en el
1 2
punto (3,0) m. Determine el trabajo de la fuerza gravitatoria para desplazar una partícula
m , de 250 kg, desde el punto (3,0) m hasta el punto (0,4) m.
3",2017 - Campo gravitatorio.pdf,enunciados_PNG/2017 - Campo gravitatorio_png/Física_2017_reserva_3_ejercicio_1_opcion_a.png,
Física,Física,2017,Reserva 3,Ejercicio 1. Opción B,Campo gravitatorio,FISICA. 2017. RESERVA 3. EJERCICIO 1. OPCIÓN B,"a) Discuta la veracidad de la siguiente afirmación: “Cuanto mayor sea la altura de la órbita de
un satélite sobre la superficie terrestre, mayor es su energía mecánica y, por tanto, mayores
serán tanto la energía cinética como la energía potencial del satélite”.
b) Un tornillo de 150 g, procedente de un satélite, se encuentra en órbita a 900 km de altura
sobre la superficie de la Tierra. Calcule la fuerza con que se atraen la Tierra y el tornillo y el
tiempo que tarda el tornillo en pasar sucesivamente por el mismo punto.
G6'671011Nm2kg2 ;M 5'971024 kg ; R 6'37106 m",2017 - Campo gravitatorio.pdf,enunciados_PNG/2017 - Campo gravitatorio_png/Física_2017_reserva_3_ejercicio_1_opcion_b.png,
Física,Física,2017,Reserva 4,Ejercicio 1. Opción A,Campo gravitatorio,FISICA. 2017. RESERVA 4. EJERCICIO 1. OPCIÓN A,"a) Dos partículas, de masas m y 3m, están situadas a una distancia d la una de la otra. Indique
razonadamente en qué punto habría que colocar otra masa M para que estuviera en equilibrio.
b) Dos masas iguales, de 50 kg, se encuentran situadas en los puntos (3,0) m y (3,0) m.
Calcule el trabajo necesario para desplazar una tercera masa de 30 kg desde el punto (0,4) m al
punto (0,4) m y comente el resultado obtenido.",2017 - Campo gravitatorio.pdf,enunciados_PNG/2017 - Campo gravitatorio_png/Física_2017_reserva_4_ejercicio_1_opcion_a.png,
Física,Física,2017,Reserva 4,Ejercicio 1. Opción B,Campo gravitatorio,FISICA. 2017. RESERVA 4. EJERCICIO 1. OPCIÓN B,"a) Dos satélites de igual masa se encuentran en órbitas de igual radio alrededor de la Tierra y
de la Luna, respectivamente. ¿Tienen el mismo periodo orbital? ¿Y la misma energía cinética?
Razone las respuestas.
b) Según la NASA, el asteroide que en 2013 cayó sobre Rusia explotó cuando estaba a 20 km de
altura sobre la superficie terrestre y su velocidad era 18 kms1. Calcule la velocidad del
asteroide cuando se encontraba a 30000 km de la superficie de la Tierra. Considere
despreciable el rozamiento del aire.
G6'671011Nm2kg2 ;M 5'971024 kg ; R 6'37106 m",2017 - Campo gravitatorio.pdf,enunciados_PNG/2017 - Campo gravitatorio_png/Física_2017_reserva_4_ejercicio_1_opcion_b.png,
Física,Física,2017,Septiembre,Ejercicio 1. Opción A,Campo gravitatorio,FISICA. 2017. SEPTIEMBRE. EJERCICIO 1. OPCIÓN A,"a) Explique brevemente el concepto de potencial gravitatorio. Discuta si es posible que existan
puntos en los que se anule el campo gravitatorio y no lo haga el potencial en el caso de dos masas
puntuales iguales separadas una distancia d.
b) Un cuerpo de 3 kg se lanza hacia arriba con una velocidad de 20 ms1 por un plano inclinado
60º con la horizontal. Si el coeficiente de rozamiento entre el bloque y el plano es 0,3, calcule la
distancia que recorre el cuerpo sobre el plano durante su ascenso y el trabajo realizado por la
fuerza de rozamiento, comentando su signo.",2017 - Campo gravitatorio.pdf,enunciados_PNG/2017 - Campo gravitatorio_png/Física_2017_septiembre_ejercicio_1_opcion_a.png,
Física,Física,2017,Septiembre,Ejercicio 1. Opción B,Campo gravitatorio,FISICA. 2017. SEPTIEMBRE. EJERCICIO 1. OPCIÓN B,"a) Haciendo uso de consideraciones energéticas, deduzca la expresión de la velocidad mínima
que habría que imprimirle a un objeto de masa m, situado en la superficie de un planeta de
masa M y radio R, para que saliera de la influencia del campo gravitatorio del planeta.
b) El satélite español PAZ es un satélite radar del Programa Nacional de Observación de la
Tierra que podrá tomar imágenes diurnas y nocturnas bajo cualquier condición meteorológica.
Se ha diseñado para que tenga una masa de 1400 kg y describa una órbita circular con una
velocidad de 7611'9 ms1. Calcule, razonadamente, cuál será la energía potencial
gravitatoria de dicho satélite cuando esté en órbita.
G6'671011Nm2kg2 ;M 5'971024 kg ; R 6'37106 m",2017 - Campo gravitatorio.pdf,enunciados_PNG/2017 - Campo gravitatorio_png/Física_2017_septiembre_ejercicio_1_opcion_b.png,
Física,Física,2016,Junio,Ejercicio 2. Opción B,Física cuántica y nuclear,FISICA. 2016. JUNIO. EJERCICIO 2. OPCIÓN B,"a) Teoría de Einstein del efecto fotoeléctrico: concepto de fotón.
b) Un haz de luz provoca efecto fotoeléctrico en un determinado metal. Explique cómo se
modifica el número de fotoelectrones y su energía cinética máxima si: i) aumenta la intensidad
del haz luminoso; ii) aumenta la frecuencia de la luz incidente; iii) disminuye la frecuencia por",2016 - Física cuántica y nuclear.pdf,enunciados_PNG/2016 - Física cuántica y nuclear_png/Física_2016_junio_ejercicio_2_opcion_b.png,
Física,Física,2016,Junio,Ejercicio 4. Opción A,Física cuántica y nuclear,FISICA. 2016. JUNIO. EJERCICIO 4. OPCIÓN A,"El 210Pb emite dos partículas beta y se transforma en polonio y, posteriormente, por emisión
82
de una partícula alfa se obtiene plomo.
a) Escriba las reacciones nucleares descritas.
b) El periodo de semidesintegración del 210Pb es de 22,3 años. Si teníamos inicialmente 3 moles
82
de átomos de ese elemento y han transcurrido 100 años, ¿cuántos núcleos radiactivos quedan
sin desintegrar?
N 6'021023 mol1",2016 - Física cuántica y nuclear.pdf,enunciados_PNG/2016 - Física cuántica y nuclear_png/Física_2016_junio_ejercicio_4_opcion_a.png,
Física,Física,2016,Reserva 2,Ejercicio 4. Opción A,Física cuántica y nuclear,FISICA. 2016. RESERVA 2. EJERCICIO 4. OPCIÓN A,"Dada la reacción nuclear: 7Li  1H  2 4He
3 1 2
a) Calcule la energía liberada en el proceso por cada núcleo de litio que reacciona.
b) El litio presenta dos isótopos estables, 6Li y 7Li. Razone cuál de los dos es más estable.
3 3
1u1'671027 kg;c 3108ms1;m(7Li)7'016005 u ;m(6Li)6'015123 u
3 3
m(4He)4'002603 u ;m(1H)1'007825 u ;m(1n)1'008665 u",2016 - Física cuántica y nuclear.pdf,enunciados_PNG/2016 - Física cuántica y nuclear_png/Física_2016_reserva_2_ejercicio_4_opcion_a.png,
Física,Física,2016,Reserva 3,Ejercicio 2. Opción A,Física cuántica y nuclear,FISICA. 2016. RESERVA 3. EJERCICIO 2. OPCIÓN A,"g = 9,8 m s-2
a) ¿Qué se entiende por dualidad onda-corpúsculo?
b) Un electrón y un neutrón se desplazan con la misma energía cinética. ¿Cuál de ellos tendrá",2016 - Física cuántica y nuclear.pdf,enunciados_PNG/2016 - Física cuántica y nuclear_png/Física_2016_reserva_3_ejercicio_2_opcion_a.png,
Física,Física,2016,Reserva 4,Ejercicio 2. Opción A,Física cuántica y nuclear,FISICA. 2016. RESERVA 4. EJERCICIO 2. OPCIÓN A,"a) Escriba la ley de desintegración radiactiva y explique el significado físico de las variables y
parámetros que aparecen en ella.
b) Discuta la veracidad o falsedad de la siguiente afirmación: “cuanto mayor es el período de",2016 - Física cuántica y nuclear.pdf,enunciados_PNG/2016 - Física cuántica y nuclear_png/Física_2016_reserva_4_ejercicio_2_opcion_a.png,
Física,Física,2016,Reserva 4,Ejercicio 4. Opción B,Física cuántica y nuclear,FISICA. 2016. RESERVA 4. EJERCICIO 4. OPCIÓN B,"g = 9,8 m s-2
El trabajo de extracción del cátodo metálico en una célula fotoeléctrica es 1,32 eV. Sobre él
incide radiación de longitud de onda   300 nm.
a) Defina y calcule la frecuencia umbral para esta célula fotoeléctrica. Determine la velocidad
máxima con la que son emitidos los electrones.
b) ¿Habrá efecto fotoeléctrico si se duplica la longitud de onda incidente? Razone la respuesta.
h6'61034 Js ; c 3108 ms1 ; e1'61019 C ; m 9'11031 kg",2016 - Física cuántica y nuclear.pdf,enunciados_PNG/2016 - Física cuántica y nuclear_png/Física_2016_reserva_4_ejercicio_4_opcion_b.png,
Física,Física,2016,Septiembre,Ejercicio 2. Opción A,Física cuántica y nuclear,FISICA. 2016. SEPTIEMBRE. EJERCICIO 2. OPCIÓN A,"a) Explique los conceptos de energía de enlace nuclear y de defecto de masa.
b) Describa las reacciones de fusión y fisión nucleares y haga una justificación cualitativa a",2016 - Física cuántica y nuclear.pdf,enunciados_PNG/2016 - Física cuántica y nuclear_png/Física_2016_septiembre_ejercicio_2_opcion_a.png,
Física,Física,2017,Junio,Ejercicio 4. Opción A,Física cuántica y nuclear,FISICA. 2017. JUNIO. EJERCICIO 4. OPCIÓN A,"a) Describa brevemente las interacciones fundamentales de la naturaleza. Compare su alcance
e intensidad.
b) El periodo de semidesintegración de un núclido radiactivo de masa atómica 109 u, que emite
partículas beta, es de 462,6 días. Una muestra cuya masa inicial era de 100 g, tiene en la
actualidad 20 g del núclido original. Calcule la constante de desintegración y la actividad actual
de la muestra.",2017 - Física cuántica y nuclear.pdf,enunciados_PNG/2017 - Física cuántica y nuclear_png/Física_2017_junio_ejercicio_4_opcion_a.png,
Física,Física,2017,Junio,Ejercicio 4. Opción B,Física cuántica y nuclear,FISICA. 2017. JUNIO. EJERCICIO 4. OPCIÓN B,"g = 9,8 m s-2
a) Enuncie el principio de dualidad onda-corpúsculo. Si un electrón y un neutrón se mueven
con la misma velocidad, ¿cuál de los dos tiene asociada una longitud de onda menor?
b) Una lámina metálica comienza a emitir electrones al incidir sobre ella radiación de longitud
de onda 2'5107 m. Calcule la velocidad máxima de los fotoelectrones emitidos si la
radiación que incide sobre la lámina tiene una longitud de onda de 5108 m.
h6'631034 Js ; c 3108 ms1 ; m 9'11031 kg.",2017 - Física cuántica y nuclear.pdf,enunciados_PNG/2017 - Física cuántica y nuclear_png/Física_2017_junio_ejercicio_4_opcion_b.png,
Física,Física,2017,Reserva 1,Ejercicio 4. Opción A,Física cuántica y nuclear,FISICA. 2017. RESERVA 1. EJERCICIO 4. OPCIÓN A,"a) Explique en qué consisten las reacciones de fusión y fisión nucleares y comente el origen de
la energía que producen.
b) En la bomba de hidrógeno se produce una reacción nuclear en la que se forma helio
4He 
2
a partir de deuterio
2H 
y de tritio
3H 
. Escriba la reacción nuclear y calcule la energía
1 1
liberada en la formación de un núcleo de helio.
1u1'671027 kg;c 3108ms1;m(2H) 2'0141 u ;m(3H)3'0170 u
1 1
m(4He)4'0026 u ;m(1n)1'0086 u",2017 - Física cuántica y nuclear.pdf,enunciados_PNG/2017 - Física cuántica y nuclear_png/Física_2017_reserva_1_ejercicio_4_opcion_a.png,
Física,Física,2017,Reserva 1,Ejercicio 4. Opción B,Física cuántica y nuclear,FISICA. 2017. RESERVA 1. EJERCICIO 4. OPCIÓN B,"g = 9,8 m s-2
a) Hipótesis de Planck y su relación con el efecto fotoeléctrico.
b) Al iluminar la superficie de un cierto metal con un haz de luz de longitud de onda 2108 m
, la energía cinética máxima de los fotoelectrones emitidos es de 3 eV. Determine el trabajo de
extracción del metal y la frecuencia umbral.",2017 - Física cuántica y nuclear.pdf,enunciados_PNG/2017 - Física cuántica y nuclear_png/Física_2017_reserva_1_ejercicio_4_opcion_b.png,
Física,Física,2017,Reserva 2,Ejercicio 4. Opción A,Física cuántica y nuclear,FISICA. 2017. RESERVA 2. EJERCICIO 4. OPCIÓN A,"a) Defina los conceptos de defecto de masa y energía de enlace por nucleón.
b) Cuando se bombardea un núcleo de 235U con un neutrón se produce la fisión del mismo,
92
obteniéndose dos isótopos radiactivos, 89Kr y 144Ba, y liberando 200 MeV de energía. Escriba
36 56
la reacción de fisión correspondiente y calcule la masa de 235U que consume en un día una
central nuclear de 700 MW de potencia.
m(235U)235'0439u;1u1'671027 kg;e1'601019C",2017 - Física cuántica y nuclear.pdf,enunciados_PNG/2017 - Física cuántica y nuclear_png/Física_2017_reserva_2_ejercicio_4_opcion_a.png,
Física,Física,2017,Reserva 2,Ejercicio 4. Opción B,Física cuántica y nuclear,FISICA. 2017. RESERVA 2. EJERCICIO 4. OPCIÓN B,"g = 9,8 m s-2
a) Explique la hipótesis de De Broglie de dualidad onda-corpúsculo y por qué no se considera
dicha dualidad al estudiar los fenómenos macroscópicos.
b) Determine la relación entre las longitudes de onda asociadas a electrones y protones
acelerados con una diferencia de potencial de 2104 V.
h6'631034 Js; e1'61019 C; m 9'11031 kg; m 1'71027 kg",2017 - Física cuántica y nuclear.pdf,enunciados_PNG/2017 - Física cuántica y nuclear_png/Física_2017_reserva_2_ejercicio_4_opcion_b.png,
Física,Física,2017,Reserva 3,Ejercicio 4. Opción A,Física cuántica y nuclear,FISICA. 2017. RESERVA 3. EJERCICIO 4. OPCIÓN A,"g = 9,8 m s-2
a) ¿Se puede asociar una longitud de onda a cualquier partícula, con independencia de los
valores de su masa y su velocidad? Justifique su respuesta.
b) ¿Qué velocidad ha de tener un electrón para que su longitud de onda sea 100 veces mayor
que la de un neutrón cuya energía cinética es 6 eV?
m 9'11031 kg; m 1'691027 kg; e1'61019 C",2017 - Física cuántica y nuclear.pdf,enunciados_PNG/2017 - Física cuántica y nuclear_png/Física_2017_reserva_3_ejercicio_4_opcion_a.png,
Física,Física,2017,Reserva 3,Ejercicio 4. Opción B,Física cuántica y nuclear,FISICA. 2017. RESERVA 3. EJERCICIO 4. OPCIÓN B,"a) Defina actividad de una muestra radioactiva, escriba su fórmula e indique sus unidades en el
S.I.
b) Se tiene una muestra del isótopo 226Ra cuyo periodo de semidesintegración es de 1600 años.
Calcule su constante de desintegración y el tiempo que se requiere para que su actividad se",2017 - Física cuántica y nuclear.pdf,enunciados_PNG/2017 - Física cuántica y nuclear_png/Física_2017_reserva_3_ejercicio_4_opcion_b.png,
Física,Física,2017,Reserva 4,Ejercicio 4. Opción A,Física cuántica y nuclear,FISICA. 2017. RESERVA 4. EJERCICIO 4. OPCIÓN A,"a) Explique cómo varía la estabilidad de los núcleos atómicos en función del número másico.
Indique su relación con la fusión y fisión nucleares.
b) Calcule la energía de enlace por nucleón del tritio (3H ).
1
c3108ms1;m(3H)3'016049 u ;m 1'007276 u ;m 1'008665 u ;1u1'671027 kg",2017 - Física cuántica y nuclear.pdf,enunciados_PNG/2017 - Física cuántica y nuclear_png/Física_2017_reserva_4_ejercicio_4_opcion_a.png,
Física,Física,2017,Reserva 4,Ejercicio 4. Opción B,Física cuántica y nuclear,FISICA. 2017. RESERVA 4. EJERCICIO 4. OPCIÓN B,"g = 9,8 m s-2
a) Explique el principio de incertidumbre de Heisenberg y por qué no se tiene en cuenta en el
estudio de los fenómenos ordinarios.
b) La frecuencia umbral de fotoemisión del potasio es 5'51014 s1. Calcule el trabajo de
extracción y averigüe si se producirá efecto fotoeléctrico al iluminar una lámina de ese metal
con luz de longitud de onda 5106 m.",2017 - Física cuántica y nuclear.pdf,enunciados_PNG/2017 - Física cuántica y nuclear_png/Física_2017_reserva_4_ejercicio_4_opcion_b.png,
Física,Física,2017,Septiembre,Ejercicio 4. Opción A,Física cuántica y nuclear,FISICA. 2017. SEPTIEMBRE. EJERCICIO 4. OPCIÓN A,"a) La masa de un núcleo atómico no coincide con la suma de las masas de las partículas que lo
constituyen. ¿Es mayor o menor? ¿Cómo justifica esa diferencia?.
¿Qué se entiende por estabilidad nuclear? Explique, cualitativamente, la dependencia de la
estabilidad nuclear con el número másico.
b) El isótopo 20Ne tiene una masa atómica de 19,9924 u. Calcule su defecto de masa y la
10
energía de enlace por nucleón.
c3108 ms1 ;m 1'0073 u ;m 1'0087 u ;1u1'671027 kg",2017 - Física cuántica y nuclear.pdf,enunciados_PNG/2017 - Física cuántica y nuclear_png/Física_2017_septiembre_ejercicio_4_opcion_a.png,
Física,Física,2017,Septiembre,Ejercicio 4. Opción B,Física cuántica y nuclear,FISICA. 2017. SEPTIEMBRE. EJERCICIO 4. OPCIÓN B,"a) Describa las características de los procesos de emisión radiactiva alfa, beta y gamma.
b) El 14C se desintegra en 14N y emite una partícula beta, con un periodo de
6 7
semidesintegración de 5736 años. Escriba la ecuación del proceso de desintegración y calcule la
edad de unos tejidos encontrados en una tumba cuya actividad debida al 14C es del 40% de la
6",2017 - Física cuántica y nuclear.pdf,enunciados_PNG/2017 - Física cuántica y nuclear_png/Física_2017_septiembre_ejercicio_4_opcion_b.png,
Química,Química,2000,Reserva 1,Ejercicio 4. Opción B,Termoquímica,QUÍMICA. 2000. RESERVA 1. EJERCICIO 4. OPCIÓN B,"Dada la reacción: CO(g)NO (g) CO (g)NO(g)
2 2
a) Dibuje el diagrama de entalpía teniendo en cuenta que las energías de activación para la
reacción directa e inversa son 134 kJ/mol y 360 kJ/mol.",2000 - Termoquímica.pdf,enunciados_PNG/2000 - Termoquímica_png/Química_2000_reserva_1_ejercicio_4_opcion_b.png,
Química,Química,2000,Reserva 2,Ejercicio 6. Opción A,Termoquímica,QUÍMICA. 2000. RESERVA 2. EJERCICIO 6. OPCIÓN A,"El amoniaco, a 25 ºC y 1 atm, se puede oxidar según la reacción:
4NH (g)5O (g)4NO(g)6H O(l)
3 2 2
Calcule: a) La variación de entalpía. b) La variación de energía interna.
Datos: R 8'31 JK1mol1;H0[NH (g)] 46'2kJ/mol; H0[NO(g)]90'4kJ/mol;
f 3 f
H0[H O(l)] 285'8kJ/mol",2000 - Termoquímica.pdf,enunciados_PNG/2000 - Termoquímica_png/Química_2000_reserva_2_ejercicio_6_opcion_a.png,
Química,Química,2000,Reserva 3,Ejercicio 5. Opción B,Termoquímica,QUÍMICA. 2000. RESERVA 3. EJERCICIO 5. OPCIÓN B,"a) Calcule la variación de entalpía estándar correspondiente a la reacción:
3
ZnS(s)  O (g)  ZnO(s)  SO (g)
2 2 2
b) ¿Qué calor se absorbe o desprende, a presión constante, cuando reaccionan 100 g de ZnS(s)
con oxígeno en exceso?
Datos: H0[ZnS(s)] 202'9kJ/mol; H0[Z nO(s)] 348kJ/mol;
f f
H0[SO (g)] 296'1kJ/mol
f 2",2000 - Termoquímica.pdf,enunciados_PNG/2000 - Termoquímica_png/Química_2000_reserva_3_ejercicio_5_opcion_b.png,
Química,Química,2000,Reserva 4,Ejercicio 5. Opción A,Termoquímica,QUÍMICA. 2000. RESERVA 4. EJERCICIO 5. OPCIÓN A,"a) Calcule la variación de entalpía estándar de formación del acetileno (etino) a partir de las
entalpías estándares de combustión (kJ/mol) de hidrógeno, C (grafito) y acetileno cuyos valores
son, respectivamente: 285'3;393'3 y 1298'3.
b) Calcule el calor desprendido, a presión constante, cuando se quema 1 Kg de acetileno.",2000 - Termoquímica.pdf,enunciados_PNG/2000 - Termoquímica_png/Química_2000_reserva_4_ejercicio_5_opcion_a.png,
Química,Química,2000,Septiembre,Ejercicio 3. Opción B,Termoquímica,QUÍMICA. 2000. SEPTIEMBRE. EJERCICIO 3. OPCIÓN B,"Indique razonadamente si las siguientes afirmaciones son verdaderas o falsas:
a) Toda reacción exotérmica es espontánea.
b) En toda reacción química espontánea, la variación de entropía es positiva.
c) En el cambio de estado H O(l)H O(g) se produce un aumento de entropía.",2000 - Termoquímica.pdf,enunciados_PNG/2000 - Termoquímica_png/Química_2000_septiembre_ejercicio_3_opcion_b.png,
Química,Química,2001,Reserva 1,Ejercicio 5. Opción A,Termoquímica,QUÍMICA. 2001. RESERVA 1. EJERCICIO 5. OPCIÓN A,"a) Calcule la variación de entalpía que se produce cuando se obtiene benceno a partir del
acetileno (etino) según la reacción: 3C H (g)C H (l) sabiendo que las entalpías de
2 2 6 6
formación del acetileno gaseoso y del benceno líquido son 226'7 kJ/mol y 49 kJ/mol,
respectivamente. b) Calcule el calor producido, a presión constante, cuando se queman 100 g de
acetileno gaseoso sabiendo que:
H 0[CO (g)]393'5kJ/mol y H 0[H O(l) ]285'5kJ/mol.
f 2 f 2",2001 - Termoquímica.pdf,enunciados_PNG/2001 - Termoquímica_png/Química_2001_reserva_1_ejercicio_5_opcion_a.png,
Química,Química,2001,Reserva 1,Ejercicio 2. Opción B,Termoquímica,QUÍMICA. 2001. RESERVA 1. EJERCICIO 2. OPCIÓN B,"En una reacción en la que H0 y S0, se considera que ambas funciones termodinámicas
permanecen constantes al cambiar la temperatura. Razone, en función de la temperatura,",2001 - Termoquímica.pdf,enunciados_PNG/2001 - Termoquímica_png/Química_2001_reserva_1_ejercicio_2_opcion_b.png,
Química,Química,2001,Reserva 2,Ejercicio 4. Opción A,Termoquímica,QUÍMICA. 2001. RESERVA 2. EJERCICIO 4. OPCIÓN A,"1
Dada reacción: N O(g)N (g) O (g) H43kJ y S80J/K
2 2 2 2
a) Justifique el signo positivo de la variación entropía. b) Si se supone que esas funciones",2001 - Termoquímica.pdf,enunciados_PNG/2001 - Termoquímica_png/Química_2001_reserva_2_ejercicio_4_opcion_a.png,
Química,Química,2001,Reserva 2,Ejercicio 6. Opción B,Termoquímica,QUÍMICA. 2001. RESERVA 2. EJERCICIO 6. OPCIÓN B,"Dada la reacción: CaCO (s)CaO(s)CO (g)
3 2
a) Determine la cantidad de calor, a presión constante, que es necesario suministrar para
descomponer 3 kg de carbonato de calcio. b) Qué cantidad de carbonato de calcio se deberá
utilizar para producir 7 kg de óxido de calcio si el rendimiento es del 90%.
Datos: Entalpías de formación expresadas en kJ/mol: (CaCO ) 1209'6; (CO ) 393'3;
3 2",2001 - Termoquímica.pdf,enunciados_PNG/2001 - Termoquímica_png/Química_2001_reserva_2_ejercicio_6_opcion_b.png,
Química,Química,2001,Reserva 3,Ejercicio 5. Opción A,Termoquímica,QUÍMICA. 2001. RESERVA 3. EJERCICIO 5. OPCIÓN A,"La reacción entre la hidracina (N H ) y el peróxido de hidrógeno (H O ) se utiliza para la
2 4 2 2
propulsión de cohetes:
N H (l)2H O (l)N (g)4H O(l) H  710kJ
2 4 2 2 2 2
Las entalpías de formación de H O (l) y del H O(l) son –187’8 kJ/mol y –285’5 kJ/mol,
2 2 2
respectivamente. a) Calcule la entalpía de formación de la hidracina. b) ¿Qué volumen de
nitrógeno, medido a –10º C y 50 mm de mercurio, se producirá cuando reaccionen 64 g de
hidracina?",2001 - Termoquímica.pdf,enunciados_PNG/2001 - Termoquímica_png/Química_2001_reserva_3_ejercicio_5_opcion_a.png,
Química,Química,2001,Reserva 4,Ejercicio 5. Opción B,Termoquímica,QUÍMICA. 2001. RESERVA 4. EJERCICIO 5. OPCIÓN B,"Las entalpías de formación del agua líquida y del dióxido de carbono gas son respectivamente,
285'5 kJ/mol y 393'5 kJ/mol a 25º C y la entalpía de combustión del acetileno es
1295'8 kJ/mol. a) Calcule la entalpía de formación del acetileno si consideramos que el agua
formada en la combustión está en estado líquido. b) Sabiendo que la entalpía de formación del
etano es 84'6 kJ/mol, calcule la entalpía de hidrogenación del acetileno según la reacción:
C H (g)2H (g)C H (g)",2001 - Termoquímica.pdf,enunciados_PNG/2001 - Termoquímica_png/Química_2001_reserva_4_ejercicio_5_opcion_b.png,
Química,Química,2001,Septiembre,Ejercicio 5. Opción B,Termoquímica,QUÍMICA. 2001. SEPTIEMBRE. EJERCICIO 5. OPCIÓN B,"El sulfuro de cinc al tratarlo con oxígeno reacciona según:
2ZnS(s)3O (g)2ZnO(s)2SO (g)
2 2
Si las entalpías de formación de las diferentes especies expresadas en kJ/mol son:
(ZnS) 181'1; (SO ) 70'9; (ZnO) 349'3. a) ¿Cuál será el calor, a presión constante
2
de una atmósfera, que se desprenderá cuando reaccionen 17 gramos de sulfuro de cinc con
exceso de oxígeno? b) ¿Cuántos litros de SO m edidos a 25º C y una atmósfera, se obtendrán?
2,",2001 - Termoquímica.pdf,enunciados_PNG/2001 - Termoquímica_png/Química_2001_septiembre_ejercicio_5_opcion_b.png,
Matemáticas II,Mates II,2000,Junio,Ejercicio 3. Opción B,Geometría,MATEMÁTICAS II. 2000. JUNIO. EJERCICIO 3. OPCIÓN B,"Los puntos A(3,3,5) y B(3,3,2) son vértices consecutivos de un rectángulo ABCD. El vértice
y6 z1
C consecutivo de B está en la recta de ecuacionesx   .
1 2
a) Determina el vértice C.",2000 - Geometría.pdf,enunciados_PNG/2000 - Geometría_png/Matemáticas II_2000_junio_ejercicio_3_opcion_b.png,
Matemáticas II,Mates II,2000,Reserva 1,Ejercicio 3. Opción B.,Geometría,MATEMÁTICAS II. 2000. RESERVA 1. EJERCICIO 3. OPCIÓN B.,"C alcula las coordenadas del punto simétrico del (1,3,7) respecto de la recta dada por las
z4
ecuaciones x1 y3",2000 - Geometría.pdf,enunciados_PNG/2000 - Geometría_png/Matemáticas II_2000_reserva_1_ejercicio_3_opcion_b.png,
asignatura_desconocida,Mates II,2000,Reserva 1,Ejercicio 4. Opción A,Geometría,M ATEMÁTICAS II. 2000. RESERVA 1. EJERCICIO 4. OPCIÓN A,Halla la distancia entre el origen de coordenadas y la recta intersección de los planos de ecuaciones,2000 - Geometría.pdf,enunciados_PNG/2000 - Geometría_png/asignatura_desconocida_2000_reserva_1_ejercicio_4_opcion_a.png,
Matemáticas II,Mates II,2000,Reserva 2,Ejercicio 3. Opción B,Geometría,MATEMÁTICAS II. 2000. RESERVA 2. EJERCICIO 3. OPCIÓN B,"y2 z1
Calcula el punto de la recta de ecuaciones x1  más cercano al punto A(1,1,1).",2000 - Geometría.pdf,enunciados_PNG/2000 - Geometría_png/Matemáticas II_2000_reserva_2_ejercicio_3_opcion_b.png,
Matemáticas II,Mates II,2000,Reserva 3,Ejercicio 4. Opción A,Geometría,MATEMÁTICAS II. 2000. RESERVA 3. EJERCICIO 4. OPCIÓN A,"Halla las coordenadas del punto simétrico del punto P(1,2,2) respecto al plano de ecuación",2000 - Geometría.pdf,enunciados_PNG/2000 - Geometría_png/Matemáticas II_2000_reserva_3_ejercicio_4_opcion_a.png,
Matemáticas II,Mates II,2000,Reserva 3,Ejercicio 4. Opción B,Geometría,MATEMÁTICAS II. 2000. RESERVA 3. EJERCICIO 4. OPCIÓN B,,2000 - Geometría.pdf,enunciados_PNG/2000 - Geometría_png/Matemáticas II_2000_reserva_3_ejercicio_4_opcion_b.png,
Matemáticas II,Mates II,2000,Reserva 4,Ejercicio 3. Opción A,Geometría,MATEMÁTICAS II. 2000. RESERVA 4. EJERCICIO 3. OPCIÓN A,"x1 y1 z2
Determina los puntos de la recta de ecuaciones   que equidistan de los planos de
2 3 2",2000 - Geometría.pdf,enunciados_PNG/2000 - Geometría_png/Matemáticas II_2000_reserva_4_ejercicio_3_opcion_a.png,
asignatura_desconocida,Mates II,2000,Septiembre,Ejercicio 3. Opción A,Geometría,M ATEMÁTICAS II. 2000. SEPTIEMBRE. EJERCICIO 3. OPCIÓN A,"Halla las ecuaciones de la recta que se apoya perpendicularmente en las rectas r y s definidas
z1 x4 y1 z
respectivamente por: r  x1 y2 ; s  ",2000 - Geometría.pdf,enunciados_PNG/2000 - Geometría_png/asignatura_desconocida_2000_septiembre_ejercicio_3_opcion_a.png,
Matemáticas II,Mates II,2000,Septiembre,Ejercicio 3. Opción B,Geometría,MATEMÁTICAS II. 2000. SEPTIEMBRE. EJERCICIO 3. OPCIÓN B,"Calcula el volumen de un cubo sabiendo que dos de sus caras están, respectivamente, en los",2000 - Geometría.pdf,enunciados_PNG/2000 - Geometría_png/Matemáticas II_2000_septiembre_ejercicio_3_opcion_b.png,
Matemáticas II,Mates II,2001,Junio,Ejercicio 3. Opción B.,Geometría,MATEMÁTICAS II. 2001. JUNIO. EJERCICIO 3. OPCIÓN B.,Calcula a sabiendo que los planos ax y7z  5 y x2ya2z 8 se cortan en una recta que,2001 - Geometría.pdf,enunciados_PNG/2001 - Geometría_png/Matemáticas II_2001_junio_ejercicio_3_opcion_b.png,
Matemáticas II,Mates II,2001,Junio,Ejercicio 4. Opción A.,Geometría,MATEMÁTICAS II. 2001. JUNIO. EJERCICIO 4. OPCIÓN A.,"Halla la ecuación del plano que pasa por el punto A(1,0,1), es perpendicular al plano
x2y 0
x y2z10 y es paralelo a la recta .",2001 - Geometría.pdf,enunciados_PNG/2001 - Geometría_png/Matemáticas II_2001_junio_ejercicio_4_opcion_a.png,
asignatura_desconocida,Mates II,2001,Reserva 1,Ejercicio 4. Opción B.,Geometría,M ATEMÁTICAS II. 2001. RESERVA 1. EJERCICIO 4. OPCIÓN B.,"C onsidera los puntos: A(1,0,3);B(3,1,0);C(0,1,2) y D(a,b,1). Halla a y b sabiendo que la",2001 - Geometría.pdf,enunciados_PNG/2001 - Geometría_png/asignatura_desconocida_2001_reserva_1_ejercicio_4_opcion_b.png,
Matemáticas II,Mates II,2001,Reserva 2,Ejercicio 4. Opción A.,Geometría,MATEMÁTICAS II. 2001. RESERVA 2. EJERCICIO 4. OPCIÓN A.,"Considera los planos:  2x50 y  3x3y40.
1 2
a) ¿Qué ángulo determinan ambos planos?.",2001 - Geometría.pdf,enunciados_PNG/2001 - Geometría_png/Matemáticas II_2001_reserva_2_ejercicio_4_opcion_a.png,
Matemáticas II,Mates II,2001,Reserva 2,Ejercicio 4. Opción B.,Geometría,MATEMÁTICAS II. 2001. RESERVA 2. EJERCICIO 4. OPCIÓN B.,"3x2y 0
Sea r la recta de ecuaciones r  .
3x z 0
a) Halla los puntos de r cuya distancia al origen de coordenadas es de 7 unidades.",2001 - Geometría.pdf,enunciados_PNG/2001 - Geometría_png/Matemáticas II_2001_reserva_2_ejercicio_4_opcion_b.png,
Matemáticas II,Mates II,2001,Reserva 3,Ejercicio 4. Opción A.,Geometría,MATEMÁTICAS II. 2001. RESERVA 3. EJERCICIO 4. OPCIÓN A.,"Halla las coordenadas del punto simétrico de A(0,1,1) con respecto a la recta
x5 z2
 y",2001 - Geometría.pdf,enunciados_PNG/2001 - Geometría_png/Matemáticas II_2001_reserva_3_ejercicio_4_opcion_a.png,
Matemáticas II,Mates II,2001,Reserva 3,Ejercicio 4. Opción B.,Geometría,MATEMÁTICAS II. 2001. RESERVA 3. EJERCICIO 4. OPCIÓN B.,"y2 z3
Halla el punto de la recta x   que equidista del punto A(1,2,1) y del origen de
2 1",2001 - Geometría.pdf,enunciados_PNG/2001 - Geometría_png/Matemáticas II_2001_reserva_3_ejercicio_4_opcion_b.png,
Matemáticas II,Mates II,2001,Reserva 4,Ejercicio 3. Opción B.,Geometría,MATEMÁTICAS II. 2001. RESERVA 4. EJERCICIO 3. OPCIÓN B.,"Determina todos los puntos del plano 2x y2z10 que equidistan de los puntos A(3,0,2)",2001 - Geometría.pdf,enunciados_PNG/2001 - Geometría_png/Matemáticas II_2001_reserva_4_ejercicio_3_opcion_b.png,
Matemáticas II,Mates II,2001,Reserva 4,Ejercicio 4. Opción A.,Geometría,MATEMÁTICAS II. 2001. RESERVA 4. EJERCICIO 4. OPCIÓN A.,"Considera el plano 2x y2z40
a) Halla el área del triángulo cuyos vértices son los puntos de corte del plano dado con los ejes
coordenados.",2001 - Geometría.pdf,enunciados_PNG/2001 - Geometría_png/Matemáticas II_2001_reserva_4_ejercicio_4_opcion_a.png,
Matemáticas II,Mates II,2001,Septiembre,Ejercicio 4. Opción A.,Geometría,MATEMÁTICAS II. 2001. SEPTIEMBRE. EJERCICIO 4. OPCIÓN A.,"Considera los tres planos siguientes:   x yz1;  x yz2;  3x y3z5.
1 2 3
¿ Se cortan  y  ?. ¿Hay algún punto que pertenezca a los tres planos?.",2001 - Geometría.pdf,enunciados_PNG/2001 - Geometría_png/Matemáticas II_2001_septiembre_ejercicio_4_opcion_a.png,
Matemáticas II,Mates II,2001,Septiembre,Ejercicio 4. Opción B.,Geometría,MATEMÁTICAS II. 2001. SEPTIEMBRE. EJERCICIO 4. OPCIÓN B.,"Considera los puntosA(1,2,3), B(3,2,1) y C(2,0,2). Halla el punto simétrico del origen de",2001 - Geometría.pdf,enunciados_PNG/2001 - Geometría_png/Matemáticas II_2001_septiembre_ejercicio_4_opcion_b.png,
Química,Química,2010,Junio,Ejercicio 3. Opc Ión A,Solubilidad,QUÍMICA. 2010. JUNIO. EJERCICIO 3. OPC IÓN A,"Se dispone de una disolución acuosa saturada de Fe(OH) , compuesto poco soluble.
3
a) Escriba la expresión del producto de solubilidad para este compuesto.
b) Deduzca la expresión que permite conocer la solubilidad del hidróxido a partir del producto
de solubilidad.",2010 - Solubilidad.pdf,enunciados_PNG/2010 - Solubilidad_png/Química_2010_junio_ejercicio_3_opc_ion_a.png,
Química,Química,2010,Reserva 2,Ejercicio 3. Opción A,Solubilidad,QUÍMICA. 2010. RESERVA 2. EJERCICIO 3. OPCIÓN A,"Los productos de solubilidad del cloruro de plata y del fosfato de plata en agua son,
respectivamente, 1'61011 y 1'81018. Razone:
a) ¿Qué sal será más soluble en agua?
b) ¿Cómo se modificará la solubilidad de ambas sales, si se añade a cada una de ellas nitrato de",2010 - Solubilidad.pdf,enunciados_PNG/2010 - Solubilidad_png/Química_2010_reserva_2_ejercicio_3_opcion_a.png,
Química,Química,2010,Reserva 3,Ejercicio 5. Opción B,Solubilidad,QUÍMICA. 2010. RESERVA 3. EJERCICIO 5. OPCIÓN B,"A 25 ºC la solubilidad del PbI en agua pura es 0’7 g/L. Calcule:
2
a) El producto de solubilidad.
b) La solubilidad del PbI a esa temperatura en una disolución 0’1 M de KI.
2",2010 - Solubilidad.pdf,enunciados_PNG/2010 - Solubilidad_png/Química_2010_reserva_3_ejercicio_5_opcion_b.png,
Química,Química,2010,Reserva 4,Ejercicio 6. Opción A,Solubilidad,QUÍMICA. 2010. RESERVA 4. EJERCICIO 6. OPCIÓN A,"A 25ºC el producto de solubilidad en agua del AgOH es 2108. Para esa temperatura,
calcule:
a) La solubilidad del compuesto en g/L.
b) La solubilidad del hidróxido de plata en una disolución depH13.",2010 - Solubilidad.pdf,enunciados_PNG/2010 - Solubilidad_png/Química_2010_reserva_4_ejercicio_6_opcion_a.png,
Química,Química,2011,Reserva 1,Ejercicio 3. Opción A,Solubilidad,QUÍMICA. 2011. RESERVA 1. EJERCICIO 3. OPCIÓN A,"El hidróxido de magnesio es un compuesto poco soluble en agua.
a) Escriba la expresión del producto de solubilidad del compuesto.
b) Deduzca la expresión que relaciona la solubilidad con el producto de solubilidad del
compuesto.
c) Justifique cómo se modificará la solubilidad si se añade una cierta cantidad de hidróxido de",2011 - Solubilidad.pdf,enunciados_PNG/2011 - Solubilidad_png/Química_2011_reserva_1_ejercicio_3_opcion_a.png,
Química,Química,2011,Reserva 2,Ejercicio 3. Opción A,Solubilidad,QUÍMICA. 2011. RESERVA 2. EJERCICIO 3. OPCIÓN A,"Se dispone de una disolución acuosa saturada de Ag CrO con una pequeña cantidad de
2 4
precipitado en el fondo. Razone cómo afecta a la cantidad de precipitado la adición de:
a) Agua.
b) Una disolución acuosa de cromato de sodio.",2011 - Solubilidad.pdf,enunciados_PNG/2011 - Solubilidad_png/Química_2011_reserva_2_ejercicio_3_opcion_a.png,
Química,Química,2011,Reserva 4,Ejercicio 5. Opción B,Solubilidad,QUÍMICA. 2011. RESERVA 4. EJERCICIO 5. OPCIÓN B,"A 25 ºC el producto de solubilidad del carbonato de plata en agua pura es 8'11012. Calcule:
a) La solubilidad molar del Ag CO a 25 ºC.
2 3
b) Los gramos de Ag CO que podemos llegar a disolver en medio litro de agua a esa
2 3
temperatura.",2011 - Solubilidad.pdf,enunciados_PNG/2011 - Solubilidad_png/Química_2011_reserva_4_ejercicio_5_opcion_b.png,
Química,Química,2011,Septiembre,Ejercicio 6. Opción A,Solubilidad,QUÍMICA. 2011. SEPTIEMBRE. EJERCICIO 6. OPCIÓN A,"A cierta temperatura el producto de solubilidad en agua del AgI es 8'31017. Para esa
temperatura, calcule la solubilidad molar del compuesto en:
a) Una disolución 0’1 M de AgNO .
3",2011 - Solubilidad.pdf,enunciados_PNG/2011 - Solubilidad_png/Química_2011_septiembre_ejercicio_6_opcion_a.png,
Física,Física,2016,Reserva 2,Ejercicio 2. Opción B,Óptica geométrica,FISICA. 2016. RESERVA 2. EJERCICIO 2. OPCIÓN B,"a) Explique la formación de imágenes por una lente convergente. Como ejemplo, considere un
objeto situado en un punto más alejado de la lente que el foco.
b) ¿Puede formarse una imagen virtual con una lente convergente? Justifíquelo ayudándose de una",2016 - Óptica geométrica.pdf,enunciados_PNG/2016 - Óptica geométrica_png/Física_2016_reserva_2_ejercicio_2_opcion_b.png,
Física,Física,2017,Reserva 1,Ejercicio 3. Opción B,Óptica geométrica,FISICA. 2017. RESERVA 1. EJERCICIO 3. OPCIÓN B,"a) Describa, con la ayuda de construcciones gráficas, las diferencias entre las imágenes formadas
por una lente convergente y otra divergente de un objeto real localizado a una distancia entre f y 2f
de la lente, siendo f la distancia focal.
b) La tecnología ultravioleta para la desinfección de agua, aire y superficies está basada en el efecto
germicida de la radiación UV-C. El espectro del UV-C en el aire está comprendido entre 200 nm y
280 nm. Calcule las frecuencias entre las que está comprendida dicha zona del espectro
electromagnético y determine entre qué longitudes de onda estará comprendido el UV-C en el agua.
c3108 ms1 ;n 1;n 1'33",2017 - Óptica geométrica.pdf,enunciados_PNG/2017 - Óptica geométrica_png/Física_2017_reserva_1_ejercicio_3_opcion_b.png,
Física,Física,2017,Reserva 2,Ejercicio 3. Opción B,Óptica geométrica,FISICA. 2017. RESERVA 2. EJERCICIO 3. OPCIÓN B,"a) Utilizando un diagrama de rayos, construya la imagen en un espejo cóncavo de un objeto real
situado: i) a una distancia del espejo comprendida entre f y 2f, siendo f la distancia focal; ii) a una
distancia del espejo menor que f. Analice en ambos casos las características de la imagen.
b) Un haz de luz de 51014 Hz viaja por el interior de un bloque de diamante. Si la luz emerge al
aire con un ángulo de refracción de 10º, dibuje la trayectoria del haz y determine el ángulo de
incidencia y el valor de la longitud de onda en ambos medios.
c3108 ms1 ;n 2'42;n 1",2017 - Óptica geométrica.pdf,enunciados_PNG/2017 - Óptica geométrica_png/Física_2017_reserva_2_ejercicio_3_opcion_b.png,
Física,Física,2017,Reserva 3,Ejercicio 3. Opción B,Óptica geométrica,FISICA. 2017. RESERVA 3. EJERCICIO 3. OPCIÓN B,"a) Utilizando diagramas de rayos, construya la imagen de un objeto real por una lente convergente
si está situado: i) a una distancia 2f de la lente, siendo f la distancia focal; ii) a una distancia de la
lente menor que f. Analice en ambos casos las características de la imagen.
b) El espectro visible en el aire está comprendido entre las longitudes de onda 380 nm (violeta) y
780 nm (rojo). Calcule la velocidad de la luz en el agua y determine entre qué longitudes de onda
está comprendido el espectro electromagnético visible en el agua.
c3108 ms1 ;n 1'33;n 1",2017 - Óptica geométrica.pdf,enunciados_PNG/2017 - Óptica geométrica_png/Física_2017_reserva_3_ejercicio_3_opcion_b.png,
Mates CCSS,Mates CCSS,2001,Junio,Ejercicio 2. Opción A,Funciones CCSS,SOCIALES II. 2001. JUNIO. EJERCICIO 2. OPCIÓN A,"Calcule las funciones derivadas de las siguientes:
Lx
a) f(x)
x2
b) g(x)(1 x3)cosx
1
c) h(x)4x3 5x",2001 - Funciones CCSS.pdf,enunciados_PNG/2001 - Funciones CCSS_png/Mates CCSS_2001_junio_ejercicio_2_opcion_a.png,
Mates CCSS,Mates CCSS,2001,Reserva 1,Ejercicio 2. Opción A,Funciones CCSS,SOCIALES II. 2001 RESERVA 1. EJERCICIO 2. OPCIÓN A,"Un agricultor comprueba que si el precio al que vende cada caja de fresas es “x” euros, su
beneficio diario, en euros, será: B(x) 10x2 100x210.
a) Represente la función precio-beneficio.
b) Indique a qué precio debe vender cada caja de fresas para obtener el máximo beneficio.
¿Cuál será ese beneficio máximo?",2001 - Funciones CCSS.pdf,enunciados_PNG/2001 - Funciones CCSS_png/Mates CCSS_2001_reserva_1_ejercicio_2_opcion_a.png,
Mates CCSS,Mates CCSS,2001,Reserva 2,Ejercicio 2. Opción B,Funciones CCSS,SOCIALES II. 2001 RESERVA 2. EJERCICIO 2. OPCIÓN B,"El consumo de luz (en miles de pesetas) de una vivienda, en función del tiempo transcurrido,
1
nos viene dado por la expresión: f(t)   t2 2t10 0t 12
5
a) ¿En qué periodo de tiempo aumenta el consumo? ¿En cuál disminuye?
b) ¿En qué instante se produce el consumo máximo? ¿Y el mínimo?",2001 - Funciones CCSS.pdf,enunciados_PNG/2001 - Funciones CCSS_png/Mates CCSS_2001_reserva_2_ejercicio_2_opcion_b.png,
Mates CCSS,Mates CCSS,2001,Reserva 3,Ejercicio 2. Opción B,Funciones CCSS,SOCIALES II. 2001. RESERVA 3. EJERCICIO 2. OPCIÓN B,"Determine los valores que han de tomar “a” y “b” para que la función:
4xb si x1
f(x)
ax2 6x7 si x1",2001 - Funciones CCSS.pdf,enunciados_PNG/2001 - Funciones CCSS_png/Mates CCSS_2001_reserva_3_ejercicio_2_opcion_b.png,
Mates CCSS,Mates CCSS,2001,Reserva 4,Ejercicio 2. Opción B,Funciones CCSS,SOCIALES II. 2001 RESERVA 4. EJERCICIO 2. OPCIÓN B,"El estudio de la rentabilidad de una empresa revela que una inversión de x millones de pesetas
produce una ganancia de f(x) millones de pts, siendo:
x2 8x 8
  si 0 x5

50 25 5
f(x)  .
5

si x5
 2x
a) Represente la función f(x).
b) Halle la inversión que produce máxima ganancia.
c) Halle el valor de la inversión que produce ganancia nula.",2001 - Funciones CCSS.pdf,enunciados_PNG/2001 - Funciones CCSS_png/Mates CCSS_2001_reserva_4_ejercicio_2_opcion_b.png,
Mates CCSS,Mates CCSS,2001,Septiembre,Ejercic Io 2. Opción B,Funciones CCSS,SOCIALES II. 2001. SEPTIEMBRE. EJERCIC IO 2. OPCIÓN B,"ax2 2 si x 2

Dada la función: f(x)  a si 2 x 2

x si x 2

a) Calcule el valor de “a” para que f sea continua en x2.
b) Estudie la continuidad y la derivabilidad de f cuandoa2.",2001 - Funciones CCSS.pdf,enunciados_PNG/2001 - Funciones CCSS_png/Mates CCSS_2001_septiembre_ejercic_io_2_opcion_b.png,
Mates CCSS,Mates CCSS,2002,Junio,Ejercicio 2. Opción B,Funciones CCSS,SOCIALES II. 2002 JUNIO. EJERCICIO 2. OPCIÓN B,"Sea x, en euros, el precio de venta del litro de aceite de oliva virgen extra.
4
Sea f(x)2 , con x0, la función que representa el balance económico quincenal, en
x1
miles de euros, de una empresa agrícola.
a) Represente la función f.
b) ¿A partir de qué precio de venta del litro de aceite empieza esta empresa a tener beneficios?.",2002 - Funciones CCSS.pdf,enunciados_PNG/2002 - Funciones CCSS_png/Mates CCSS_2002_junio_ejercicio_2_opcion_b.png,
Mates CCSS,Mates CCSS,2002,Reserva 3,Ejercicio 2. Opción B,Funciones CCSS,SOCIALES II. 2002 RESERVA 3. EJERCICIO 2. OPCIÓN B,"El beneficio obtenido por la producción y venta de x kilogramos de un artículo viene dado por
la función: B(x) 0'01x2 3'6x180.
a) Represente gráficamente esta función. b) Determine el número de kilogramos que hay que
producir y vender para que el beneficio sea máximo. c) Determine cuántos kilogramos se deben",2002 - Funciones CCSS.pdf,enunciados_PNG/2002 - Funciones CCSS_png/Mates CCSS_2002_reserva_3_ejercicio_2_opcion_b.png,
Mates CCSS,Mates CCSS,2002,Reserva 4,Ejercicio 2. Opción A,Funciones CCSS,SOCIALES II. 2002. RESERVA 4. EJERCICIO 2. OPCIÓN A,"a) Determine los valores de a y b para que sea derivable la función:
ax2 bx3 si x1
f(x) 
 2bx4 si x1",2002 - Funciones CCSS.pdf,enunciados_PNG/2002 - Funciones CCSS_png/Mates CCSS_2002_reserva_4_ejercicio_2_opcion_a.png,
Mates CCSS,Mates CCSS,2002,Septiembre,Ejercicio 2. Opción A,Funciones CCSS,SOCIALES II. 2002. SEPTIEMBRE. EJERCICIO 2. OPCIÓN A,"Calcule las funciones derivadas de las siguientes:
e5x x2
a) f(x) . b) g(x)4xL(3x1). c) h(x)(x2 1)(x32x). d) p(x)",2002 - Funciones CCSS.pdf,enunciados_PNG/2002 - Funciones CCSS_png/Mates CCSS_2002_septiembre_ejercicio_2_opcion_a.png,
Mates CCSS,Mates CCSS,2001,Reserva 4,Ejercicio 1 Opción B,2001,SOCIALES II. 2001 RESERVA 4. EJERCICIO 1 OPCIÓN B,"a) Determine dos números sabiendo que al dividir el mayor por el menor obtenemos 7 de
cociente y 2 de resto, y que la diferencia entre el triple del mayor y el menor es 106.
b) Resuelva el siguiente sistema e interprete gráficamente sus soluciones:
2x y  5",Sistemas de Ecuaciones Lineales - 2001.pdf,enunciados_PNG/Sistemas de Ecuaciones Lineales - 2001_png/Mates CCSS_2001_reserva_4_ejercicio_1_opcion_b.png,
Mates CCSS,Mates CCSS,2001,Septiembre,Ejercicio 1 Opción A,2001,SOCIALES II. 2001 SEPTIEMBRE. EJERCICIO 1 OPCIÓN A,"3x2y2z  3

Sea el sistema: xz 1

2yz 0
a) Expréselo en forma matricial.
b) ¿La matriz de los coeficientes posee inversa?. Justifique la respuesta.",Sistemas de Ecuaciones Lineales - 2001.pdf,enunciados_PNG/Sistemas de Ecuaciones Lineales - 2001_png/Mates CCSS_2001_septiembre_ejercicio_1_opcion_a.png,
Matemáticas II,Mates II,2000,Junio,Ejercicio 4. Opción B.,Sistemas De Ecuaciones Lineales,MATEMÁTICAS II. 2000. JUNIO. EJERCICIO 4. OPCIÓN B.," 1 2 1 
 
Considera la matriz A  1 0
 
 
 0 1  
a) Halla los valores de  para los que la matriz A no tiene inversa.
 x   0 
   
b) Tomando  = 1, resuelve el sistema escrito en forma matricial A y  0
   
   
z 0",2000 - Sistemas De Ecuaciones Lineales.pdf,enunciados_PNG/2000 - Sistemas De Ecuaciones Lineales_png/Matemáticas II_2000_junio_ejercicio_4_opcion_b.png,
Matemáticas II,Mates II,2000,Reserva 1,Ejercicio 4. Opción B.,Sistemas De Ecuaciones Lineales,MATEMÁTICAS II. 2000. RESERVA 1. EJERCICIO 4. OPCIÓN B.,"x 2y  3

Considera el sistema de ecuaciones: x 2z  1

3x y7z 1
a) Halla todos los valores del parámetro para los que el sistema correspondiente tiene
infinitas soluciones.
b) Resuelve el sistema para los valores de  en el apartado anterior.",2000 - Sistemas De Ecuaciones Lineales.pdf,enunciados_PNG/2000 - Sistemas De Ecuaciones Lineales_png/Matemáticas II_2000_reserva_1_ejercicio_4_opcion_b.png,
Matemáticas II,Mates II,2000,Reserva 2,Ejercicio 4. Opción A.,Sistemas De Ecuaciones Lineales,MATEMÁTICAS II. 2000. RESERVA 2. EJERCICIO 4. OPCIÓN A.,"3x2y5z 1

Considera el sistema de ecuaciones: 4x y2z  3

2x3yaz b

a) Determina a y b sabiendo que el sistema tiene infinitas soluciones.",2000 - Sistemas De Ecuaciones Lineales.pdf,enunciados_PNG/2000 - Sistemas De Ecuaciones Lineales_png/Matemáticas II_2000_reserva_2_ejercicio_4_opcion_a.png,
Matemáticas II,Mates II,2000,Reserva 3,Ejercicio 3. Opción A.,Sistemas De Ecuaciones Lineales,MATEMÁTICAS II. 2000. RESERVA 3. EJERCICIO 3. OPCIÓN A.,"xyz  0

Discute y resuelve el siguiente sistema según los valores de  : x yz  0

x yz  0",2000 - Sistemas De Ecuaciones Lineales.pdf,enunciados_PNG/2000 - Sistemas De Ecuaciones Lineales_png/Matemáticas II_2000_reserva_3_ejercicio_3_opcion_a.png,
Matemáticas II,Mates II,2000,Reserva 4,Ejercicio 4. Opción A.,Sistemas De Ecuaciones Lineales,MATEMÁTICAS II. 2000. RESERVA 4. EJERCICIO 4. OPCIÓN A.," b 1 b   x   2 
     
Considera el sistema de ecuaciones escrito en forma matricial: 0 b 1 y  0
     
     
1 b 1 z 2
     
a) Discute el sistema según los valores del parámetro b.",2000 - Sistemas De Ecuaciones Lineales.pdf,enunciados_PNG/2000 - Sistemas De Ecuaciones Lineales_png/Matemáticas II_2000_reserva_4_ejercicio_4_opcion_a.png,
Matemáticas II,Mates II,2000,Reserva 4,Ejercicio 4. Opción B.,Sistemas De Ecuaciones Lineales,MATEMÁTICAS II. 2000. RESERVA 4. EJERCICIO 4. OPCIÓN B.,"Un mayorista de café dispone de tres tipos base, Moka, Brasil y Colombia, para preparar tres
tipos de mezcla, A, B y C, que envasa en sacos de 60 Kg. Con los siguientes contenidos en Kilos y
precio del Kilo en euros:
Mezcla A Mezcla B Mezcla C
Moka 15 30 12
Brasil 30 10 18
Colombia 15 20 30
Precio (cada Kg.) 4 4’5 4’7
Suponiendo que el preparado de las mezclas no supone coste alguno, ¿cuál es el precio de cada",2000 - Sistemas De Ecuaciones Lineales.pdf,enunciados_PNG/2000 - Sistemas De Ecuaciones Lineales_png/Matemáticas II_2000_reserva_4_ejercicio_4_opcion_b.png,
Matemáticas II,Mates II,2000,Septiembre,Eje Rcicio 4. Opción B.,Sistemas De Ecuaciones Lineales,MATEMÁTICAS II. 2000. SEPTIEMBRE. EJE RCICIO 4. OPCIÓN B.,"xy(1)z  1

C onsidera el sistema de ecuaciones:  yz 1

 2x yz  3
a) Halla todos los posibles valores del parámetro  para los que el sistema correspondiente tiene
al menos dos soluciones distintas.
b) Resuelve el sistema para los valores de  obtenidos en el apartado anterior.",2000 - Sistemas De Ecuaciones Lineales.pdf,enunciados_PNG/2000 - Sistemas De Ecuaciones Lineales_png/Matemáticas II_2000_septiembre_eje_rcicio_4_opcion_b.png,
Matemáticas II,Mates II,2001,Reserva 1,Ejercicio 3. Opción B.,Sistemas De Ecuaciones Lineales,MATEMÁTICAS II. 2001. RESERVA 1. EJERCICIO 3. OPCIÓN B.,"1 2 3   1   x 
     
Considera: A 0 a 2 ; B 0 ; X  y
     
     
a 1 a2  1   z 
a) Determina el rango de A en función del parámetro a.
b) Discute en función de a el sistema, dado en forma matricial A · X = B",2001 - Sistemas De Ecuaciones Lineales.pdf,enunciados_PNG/2001 - Sistemas De Ecuaciones Lineales_png/Matemáticas II_2001_reserva_1_ejercicio_3_opcion_b.png,
Matemáticas II,Mates II,2001,Reserva 2,Ejer Cicio 3. Opción B.,Sistemas De Ecuaciones Lineales,MATEMÁTICAS II. 2001. RESERVA 2. EJER CICIO 3. OPCIÓN B.,"mx yz 1 

Considera el sistema de ecuaciones: xmyz 4 

x ymz  m

a ) Discútelo según los valores de m.
b ) ¿Cuál es, según los valores de m, la posición relativa de los planos cuyas ecuaciones respectivas",2001 - Sistemas De Ecuaciones Lineales.pdf,enunciados_PNG/2001 - Sistemas De Ecuaciones Lineales_png/Matemáticas II_2001_reserva_2_ejer_cicio_3_opcion_b.png,
Matemáticas II,Mates II,2001,Reserva 4,Ejercicio 3. Opción A.,Sistemas De Ecuaciones Lineales,MATEMÁTICAS II. 2001. RESERVA 4. EJERCICIO 3. OPCIÓN A.,"Resuelve el sistema de ecuaciones, dado en forma matricial, A·X = ―A·X + B, siendo:
 1 0 2  1   x 
     
A 1 1 1 ;B 4 ;X  y
     
     ",2001 - Sistemas De Ecuaciones Lineales.pdf,enunciados_PNG/2001 - Sistemas De Ecuaciones Lineales_png/Matemáticas II_2001_reserva_4_ejercicio_3_opcion_a.png,
Matemáticas II,Mates II,2001,Septiembre,Ejercicio 3. Opción B.,Sistemas De Ecuaciones Lineales,MATEMÁTICAS II. 2001. SEPTIEMBRE. EJERCICIO 3. OPCIÓN B.,"2xmy  0

a) Clasifica el siguiente sistema según los valores del parámetro m: xmz  m

x y3z  1",2001 - Sistemas De Ecuaciones Lineales.pdf,enunciados_PNG/2001 - Sistemas De Ecuaciones Lineales_png/Matemáticas II_2001_septiembre_ejercicio_3_opcion_b.png,
Química,Química,2000,Junio,Ejercicio 3. Opción B,Equilibrio Químico,QUÍMICA. 2000. JUNIO. EJERCICIO 3. OPCIÓN B,"En la tabla adjunta se recogen los valores, a distintas temperaturas, de la constante del
equilibrio químico:
2SO (g) 2SO (g)O (g)
3 2 2
T (º K) 298 400 600 800 1000
K 2'821025 1'781016 1' 98108 1'29103 2'64101
p
a) Justifique si la reacción anterior es endotérmica o exotérmica.
b) Explique cómo afecta al equilibrio un aumento de la presión, manteniendo constante la
temperatura.
c) Calcule, a 298 ºK, la constante K , del equilibrio: 2SO (g)O (g) 2SO (g)",2000 - Equilibrio Químico.pdf,enunciados_PNG/2000 - Equilibrio Químico_png/Química_2000_junio_ejercicio_3_opcion_b.png,
Química,Química,2000,Reserva 1,Ejercicio 5. Opción A,Equilibrio Químico,QUÍMICA. 2000. RESERVA 1. EJERCICIO 5. OPCIÓN A,"A 613º K, el valor de K para la reacción: Fe O (s)3H (g) 2Fe(s)3H O(g) es 0’064. Si
c 2 3 2 2
en el equilibrio anterior, la presión parcial del hidrógeno es de una atmósfera, calcule:
a) La concentración de hidrógeno.",2000 - Equilibrio Químico.pdf,enunciados_PNG/2000 - Equilibrio Químico_png/Química_2000_reserva_1_ejercicio_5_opcion_a.png,
Química,Química,2000,Reserva 1,Ejercicio 3. Opción B,Equilibrio Químico,QUÍMICA. 2000. RESERVA 1. EJERCICIO 3. OPCIÓN B,"Suponga el siguiente sistema en equilibrio: UO (s)4HF(g) UF (g)2H O(g).
2 4 2
Explique hacia dónde se desplaza el equilibrio cuando:
a) Se adiciona UO (s) al sistema.
2
b) Se elimina HF(g)",2000 - Equilibrio Químico.pdf,enunciados_PNG/2000 - Equilibrio Químico_png/Química_2000_reserva_1_ejercicio_3_opcion_b.png,
Química,Química,2000,Reserva 1,Ejercicio 4. Opción B,Equilibrio Químico,QUÍMICA. 2000. RESERVA 1. EJERCICIO 4. OPCIÓN B,"Dada la reacción: CO(g)NO (g) CO (g)NO(g)
2 2
a) Dibuje el diagrama de entalpía teniendo en cuenta que las energías de activación para la
reacción directa e inversa son 134 kJ/mol y 360 kJ/mol.",2000 - Equilibrio Químico.pdf,enunciados_PNG/2000 - Equilibrio Químico_png/Química_2000_reserva_1_ejercicio_4_opcion_b.png,
Química,Química,2000,Reserva 2,Ejercicio 3. Opción B,Equilibrio Químico,QUÍMICA. 2000. RESERVA 2. EJERCICIO 3. OPCIÓN B,"Indique, razonadamente, si las siguientes afirmaciones son verdaderas o falsas:
a) La velocidad de una reacción aumenta al disminuir la temperatura a la que se realiza.
b) La velocidad de una reacción aumenta al disminuir la energía de activación.",2000 - Equilibrio Químico.pdf,enunciados_PNG/2000 - Equilibrio Químico_png/Química_2000_reserva_2_ejercicio_3_opcion_b.png,
Química,Química,2000,Reserva 2,Ejercicio 6. Opción B,Equilibrio Químico,QUÍMICA. 2000. RESERVA 2. EJERCICIO 6. OPCIÓN B,"En un recipiente de 2 litros se introduce una cierta cantidad deNaHCO , se extrae el aire
3
existente en el mismo, se cierra y se caliente a 400 ºC, produciéndose la reacción de
descomposición siguiente: 2NaHCO (s) Na CO (s)CO (g)H O(g)
3 2 3 2 2
Una vez alcanzado el equilibrio, la presión dentro del recipiente es de 0’962 atm. Calcula:
a) La constante de equilibrio K de esa reacción.
p
b) La cantidad de NaHCO que se ha descompuesto expresada en moles y en gramos.
3",2000 - Equilibrio Químico.pdf,enunciados_PNG/2000 - Equilibrio Químico_png/Química_2000_reserva_2_ejercicio_6_opcion_b.png,
Química,Química,2000,Reserva 3,Ejercicio 6. Opción A,Equilibrio Químico,QUÍMICA. 2000. RESERVA 3. EJERCICIO 6. OPCIÓN A,"En un recipiente se introduce una cierta cantidad de SbCl y se calienta a 182 ºC, alcanzando
5
la presión de una atmósfera y estableciéndose el equilibrio: SbCl (g) SbCl (g)Cl (g)
5 3 2
Sabiendo que en las condiciones anteriores el SbCl se disocia en un 29’2%. Calcule:
5
a) Las constantes de equilibrio K y K
c p
b) La presión total necesaria para que, a esa te mperatura, el SbCl se disocie en un 60%
5",2000 - Equilibrio Químico.pdf,enunciados_PNG/2000 - Equilibrio Químico_png/Química_2000_reserva_3_ejercicio_6_opcion_a.png,
Química,Química,2000,Reserva 4,Ejercicio 6. Opción A,Equilibrio Químico,QUÍMICA. 2000. RESERVA 4. EJERCICIO 6. OPCIÓN A,"A 523 ºK las concentraciones de PCl ,PCl y Cl en equilibrio para la reacción:
5 3 2
PCl (g) PCl (g) Cl (g)
5 3 2
son 0’809 M, 0’190 M y 0’190 M, respectivamente. Calcule a esa temperatura:
a) Las presiones parciales de las tres especies en el equilibrio.
b) La constante K de la reacción.",2000 - Equilibrio Químico.pdf,enunciados_PNG/2000 - Equilibrio Químico_png/Química_2000_reserva_4_ejercicio_6_opcion_a.png,
Química,Química,2000,Septiembre,Ejercicio 6. Opción A,Equilibrio Químico,QUÍMICA. 2000. SEPTIEMBRE. EJERCICIO 6. OPCIÓN A,"Para el equilibrio I (g)H (g) 2HI(g), la constante de equilibrio K es 54’8 a la
2 2 c
temperatura de 425º C. Calcule: a) Las concentraciones de todas las especies en el equilibrio si
se calientan, a la citada temperatura, 0’60 moles de HI y 0’10 moles de H en un recipiente de
2",2000 - Equilibrio Químico.pdf,enunciados_PNG/2000 - Equilibrio Químico_png/Química_2000_septiembre_ejercicio_6_opcion_a.png,
Matemáticas II,Mates II,2025,Reserva 1,Ejercicio 7,Distribución normal y binomial,MATEMÁTICAS II. 2025. RESERVA 1. EJERCICIO 7,"Los rodamientos de las ruedas de un coche se configuran con unas bolas cuyos diámetros siguen
una distribución normal de media 1 3 m m y desviación típica 0 ' 1 m m . Para que el
funcionamiento del rodamiento sea óptimo el diámetro debe estar entre 1 2 ' 9 m m y 1 3 ' 1 5 m m
No obstante, la máquina que los elabora es muy sensible a los cambios de temperatura y pierde
eficacia cuando ésta sube considerablemente. El 15 de julio, tras una rotura del sistema de
refrigeración, la máquina configura bolas cuyos diámetros siguen una distribución normal de
media 12'9 mm y desviación típica 0'2 mm.
a) En circunstancias ideales, ¿cuál es la probabilidad de que la máquina elabore piezas con roda-
miento óptimo?
b) ¿Cuál es la probabilidad de que el 15 de julio la máquina elabore piezas con rodamiento",2025 - Distribución normal y binomial.pdf,enunciados_PNG/2025 - Distribución normal y binomial_png/Matemáticas II_2025_reserva_1_ejercicio_7.png,
asignatura_desconocida,Mates II,2025,Reserva 4,Ejercicio 7,Distribución normal y binomial,M ATEMÁTICAS II. 2025. RESERVA 4. EJERCICIO 7,"E l peso de las manzanas producidas en una granja sigue una distribución normal de media 200
g ramos y desviación típica desconocida.
a ) Si el 33% de las manzanas pesan más de 230 gramos, calcula la desviación típica del peso de las
m anzanas.
b ) Si la desviación típica es de 50 gramos, calcula el porcentaje de manzanas que pesan entre 160",2025 - Distribución normal y binomial.pdf,enunciados_PNG/2025 - Distribución normal y binomial_png/asignatura_desconocida_2025_reserva_4_ejercicio_7.png,
Matemáticas II,Mates II,2025,Julio,Ejercicio 7,Distribución normal y binomial,MATEMÁTICAS II. 2025. JULIO. EJERCICIO 7,"La velocidad máxima a la que puede circular un vehículo sobre un determinado puente del río
Guadalete es de 70 km/h.
a) En uno de los sentidos de circulación, la velocidad de los vehículos sigue una distribución
normal de media 64 km/h y desviación típica 4 km/h. Si el radar de control salta a partir de 72
km/h, ¿cuál es el porcentaje de vehículos que se sancionan.
b) En el sentido contrario, también sigue una distribución normal de la que sabemos que la
velocidad media es de 63’6 km/h y que el 5’05% de todos los vehículos viaja a más de 80 km/h.",2025 - Distribución normal y binomial.pdf,enunciados_PNG/2025 - Distribución normal y binomial_png/Matemáticas II_2025_julio_ejercicio_7.png,
Mates CCSS,Mates CCSS,2001,Junio,Ejercicio 1. Opción B,Matrices Y Determinantes,SOCIALES II. 2001. JUNIO. EJERCICIO 1. OPCIÓN B,"a) Determine los valores de x e y que hacen cierta la siguiente igualdad:
1 1 x 1 x 3
    
3 2  y  y 1 2
1 3 0 1 1 0
b) Determine la matriz X de dimensión 2x2 tal que: X 2  ",2001 - Matrices Y Determinantes.pdf,enunciados_PNG/2001 - Matrices Y Determinantes_png/Mates CCSS_2001_junio_ejercicio_1_opcion_b.png,
Mates CCSS,Mates CCSS,2001,Reserva 1,Ejercicio 1. Opción A,Matrices Y Determinantes,SOCIALES II. 2001 RESERVA 1. EJERCICIO 1. OPCIÓN A," 1 x 1
 
Se considera la matriz A 1 1 1 .
 
 
x x 0
a) Calcule los valores de x para los que no existe la inversa de A.",2001 - Matrices Y Determinantes.pdf,enunciados_PNG/2001 - Matrices Y Determinantes_png/Mates CCSS_2001_reserva_1_ejercicio_1_opcion_a.png,
Mates CCSS,Mates CCSS,2001,Reserva 2,Ejercicio 1. Opción A,Matrices Y Determinantes,SOCIALES II. 2001 RESERVA 2. EJERCICIO 1. OPCIÓN A,"Resuelva la siguiente ecuación matricial: AX 2B  C , siendo:
0 1 2  1  5
     
A

1 0 1

, B 

2

, C 

3

.
     ",2001 - Matrices Y Determinantes.pdf,enunciados_PNG/2001 - Matrices Y Determinantes_png/Mates CCSS_2001_reserva_2_ejercicio_1_opcion_a.png,
Mates CCSS,Mates CCSS,2001,Reserva 3,Ejercicio 1. Opción A,Matrices Y Determinantes,SOCIALES II. 2001 RESERVA 3. EJERCICIO 1. OPCIÓN A,"1 0 0 0 1
   
SiendoA 2 1 0 y B  1 0 , razone si posee solución la ecuación matricial AX  B y,
   
   
1 0 1 1 1",2001 - Matrices Y Determinantes.pdf,enunciados_PNG/2001 - Matrices Y Determinantes_png/Mates CCSS_2001_reserva_3_ejercicio_1_opcion_a.png,
Mates CCSS,Mates CCSS,2002,Reserva 1,Ejercicio 1. Opción A,Matrices Y Determinantes,SOCIALES II. 2002 RESERVA 1. EJERCICIO 1. OPCIÓN A,"3 1 1 z
  x    
Sean las matrices: A  1 3  ; B  ; C   1  ; D  z 
   y    
1 0 0 z",2002 - Matrices Y Determinantes.pdf,enunciados_PNG/2002 - Matrices Y Determinantes_png/Mates CCSS_2002_reserva_1_ejercicio_1_opcion_a.png,
Mates CCSS,Mates CCSS,2002,Reserva 2,Ejercicio 1. Opción A,Matrices Y Determinantes,SOCIALES II. 2002 RESERVA 2. EJERCICIO 1. OPCIÓN A,"2 1  0 1 2 1 2 5
Sean las matrices: A  ; B  ; C  
3 2 1 1 1  3 4 1
a) Realice, cuando sea posible, los siguientes productos de matrices: A·B; B·C; C·A",2002 - Matrices Y Determinantes.pdf,enunciados_PNG/2002 - Matrices Y Determinantes_png/Mates CCSS_2002_reserva_2_ejercicio_1_opcion_a.png,
Mates CCSS,Mates CCSS,2002,Reserva 3,Ejercicio 1. Opción B,Matrices Y Determinantes,SOCIALES II. 2002 RESERVA 3. EJERCICIO 1. OPCIÓN B,"1 0 1 
 
Sea la matriz A 0 m 6
 
 
1 1 m",2002 - Matrices Y Determinantes.pdf,enunciados_PNG/2002 - Matrices Y Determinantes_png/Mates CCSS_2002_reserva_3_ejercicio_1_opcion_b.png,
Mates CCSS,Mates CCSS,2002,Reserva 4,Ejercicio 1. Opción A,Matrices Y Determinantes,SOCIALES II. 2002 RESERVA 4. EJERCICIO 1. OPCIÓN A,"1 0 0 1
   
Dada la matriz A 1 1 0 determine, si existe, la matriz X que verifique AX  2
   
   ",2002 - Matrices Y Determinantes.pdf,enunciados_PNG/2002 - Matrices Y Determinantes_png/Mates CCSS_2002_reserva_4_ejercicio_1_opcion_a.png,
Mates CCSS,Mates CCSS,2002,Septiembre,Ejercicio 1. Opción A,Matrices Y Determinantes,SOCIALES II. 2002. SEPTIEMBRE. EJERCICIO 1. OPCIÓN A," 2 1 1
 
Sea la matriz A 0 m6 3
 
 
m1 2 0
a) Calcule los valores de m para que dicha matriz tenga inversa.",2002 - Matrices Y Determinantes.pdf,enunciados_PNG/2002 - Matrices Y Determinantes_png/Mates CCSS_2002_septiembre_ejercicio_1_opcion_a.png,
Matemáticas II,Mates II,2025,Junio,Ejercicio 7,Probabilidad,MATEMÁTICAS II. 2025 JUNIO. EJERCICIO 7,"En la tabla siguiente se recoge el número de coches y motos que se presentaron a la ITV en el
año 2023.
Coches Motos
Aptos 116.383 160.667
No Aptos 2.679 3.447
Se elige un vehículo al azar de entre los coches y motos que se presentaron a dicha inspección.
a) ¿Cuál es la probabilidad de que el vehículo elegido sea una moto o haya resultado apto?",2025 - Probabilidad.pdf,enunciados_PNG/2025 - Probabilidad_png/Matemáticas II_2025_junio_ejercicio_7.png,
Matemáticas II,Mates II,2025,Reserva 2,Ejercicio 7,Probabilidad,MATEMÁTICAS II. 2025 RESERVA 2. EJERCICIO 7,"Se hace un estudio sobre el café que se consume en la cafetería de una estación. Según el tipo de
taza tenemos tres opciones: expreso, medio y americano; con porcentajes, respectivamente, de
29%, 51% y 20%. Por otra parte, también sabemos que el café puede ser de la variedad que tiene
cafeína o ser descafeinado. En concreto, las tazas de café con cafeína presentan, para cada uno de
los tipos de taza establecidos antes, los porcentajes 18%, 31% y 11%, respectivamente.
a) ¿Cuál es la probabilidad de que una persona adquiera un café expreso descafeinado?",2025 - Probabilidad.pdf,enunciados_PNG/2025 - Probabilidad_png/Matemáticas II_2025_reserva_2_ejercicio_7.png,
asignatura_desconocida,Mates II,2025,Reserva 3,Ejercicio 7,Probabilidad,M ATEMÁTICAS II. 2025. RESERVA 3. EJERCICIO 7,"U na empresa fabrica bolígrafos en tres provincias: Almería, Barcelona y Cáceres. El porcentaje
d e producción total de bolígrafos que se fabrica en cada provincia es, respectivamente, del 20%,
5 0% y 30%. Además, el porcentaje de bolígrafos defectuosos en cada una de ellas es del 7%, 6%
y 2%, respectivamente.
a ) ¿Cuál es la probabilidad de que un bolígrafo, tomado al azar, sea defectuoso?
b ) Si se ha escogido un bolígrafo no defectuoso, ¿cuál es la probabilidad de que provenga de",2025 - Probabilidad.pdf,enunciados_PNG/2025 - Probabilidad_png/asignatura_desconocida_2025_reserva_3_ejercicio_7.png,
Matemáticas II,Mates II,2000,Junio,Ejercicio 1. Opción A.,Integrales,MATEMÁTICAS II. 2000. JUNIO. EJERCICIO 1. OPCIÓN A.,a) Dibuja el recinto limitado por las curvas: y e x2; y ex; x0,2000 - Integrales.pdf,enunciados_PNG/2000 - Integrales_png/Matemáticas II_2000_junio_ejercicio_1_opcion_a.png,
Matemáticas II,Mates II,2000,Reserva 1,Ejercicio 1. Opción A.,Integrales,MATEMÁTICAS II. 2000. RESERVA 1. EJERCICIO 1. OPCIÓN A.,"a) Dibuja el recinto limitado por los semiejes positivos de coordenadas y las curvas:
2
y x2 1 ; y ; y x1
x",2000 - Integrales.pdf,enunciados_PNG/2000 - Integrales_png/Matemáticas II_2000_reserva_1_ejercicio_1_opcion_a.png,
Matemáticas II,Mates II,2000,Reserva 1,Ejercicio 2. Opción B.,Integrales,MATEMÁTICAS II. 2000. RESERVA 1. EJERCICIO 2. OPCIÓN B.,"9 x2
a) Dibuja el recinto limitado por la curva y  , la recta tangente a esta curva en el punto de
4
abscisa x1 y el eje de abscisas.",2000 - Integrales.pdf,enunciados_PNG/2000 - Integrales_png/Matemáticas II_2000_reserva_1_ejercicio_2_opcion_b.png,
Matemáticas II,Mates II,2000,Reserva 2,Ejercicio 1. Opción A.,Integrales,MATEMÁTICAS II. 2000. RESERVA 2. EJERCICIO 1. OPCIÓN A.,"Considera la función f :  definida por f(x) 2 x x2. Calcula, 2, de forma que:
2 9
 f(x)dx ",2000 - Integrales.pdf,enunciados_PNG/2000 - Integrales_png/Matemáticas II_2000_reserva_2_ejercicio_1_opcion_a.png,
Matemáticas II,Mates II,2000,Reserva 2,Ejercicio 2. Opción B.,Integrales,MATEMÁTICAS II. 2000. RESERVA 2. EJERCICIO 2. OPCIÓN B.,"Calcule el valor de  positivo, para que el área encerrada entre la curva yx x2 y el eje de",2000 - Integrales.pdf,enunciados_PNG/2000 - Integrales_png/Matemáticas II_2000_reserva_2_ejercicio_2_opcion_b.png,
Matemáticas II,Mates II,2000,Reserva 3,Ejercicio 1. Opción A.,Integrales,MATEMÁTICAS II. 2000. RESERVA 3. EJERCICIO 1. OPCIÓN A.,"3
Calcula el valor de la integral  (x2 5)ex dx",2000 - Integrales.pdf,enunciados_PNG/2000 - Integrales_png/Matemáticas II_2000_reserva_3_ejercicio_1_opcion_a.png,
Matemáticas II,Mates II,2000,Reserva 3,Ejercicio 2. Opción B.,Integrales,MATEMÁTICAS II. 2000. RESERVA 3. EJERCICIO 2. OPCIÓN B.,"Considera las funciones f,g:  definidas por: f(x)6x2 ; g(x) x x .
a) Dibuja el recinto limitado por las gráficas de f y g.",2000 - Integrales.pdf,enunciados_PNG/2000 - Integrales_png/Matemáticas II_2000_reserva_3_ejercicio_2_opcion_b.png,
Matemáticas II,Mates II,2000,Reserva 4,Ejercicio 1. Opción A.,Integrales,MATEMÁTICAS II. 2000. RESERVA 4. EJERCICIO 1. OPCIÓN A.,"x
Sea F :   la función definida por: F(x)  (2t t) dt
0
a) Determina F(1).",2000 - Integrales.pdf,enunciados_PNG/2000 - Integrales_png/Matemáticas II_2000_reserva_4_ejercicio_1_opcion_a.png,
Matemáticas II,Mates II,2000,Reserva 4,Ejercicio 2. Opción B.,Integrales,MATEMÁTICAS II. 2000. RESERVA 4. EJERCICIO 2. OPCIÓN B.,"Considera las funciones f,g:0,2 ; f(x) 2senx y g(x)sen2x
a) Dibuja la región del plano limitada por las gráficas de f y de g.",2000 - Integrales.pdf,enunciados_PNG/2000 - Integrales_png/Matemáticas II_2000_reserva_4_ejercicio_2_opcion_b.png,
Matemáticas II,Mates II,2000,Septiembre,Ejercicio 2. Opción A.,Integrales,MATEMÁTICAS II. 2000. SEPTIEMBRE. EJERCICIO 2. OPCIÓN A.,"Considera la función f :  definida por f(x)(1 x)ex
a) Calcula  f(x) dx",2000 - Integrales.pdf,enunciados_PNG/2000 - Integrales_png/Matemáticas II_2000_septiembre_ejercicio_2_opcion_a.png,
Matemáticas II,Mates II,2000,Septiembre,Ejercicio 2. Opción B.,Integrales,MATEMÁTICAS II. 2000. SEPTIEMBRE. EJERCICIO 2. OPCIÓN B.,"2 dx
Calcula la siguiente integral definida . ¿Qué representa geométricamente?",2000 - Integrales.pdf,enunciados_PNG/2000 - Integrales_png/Matemáticas II_2000_septiembre_ejercicio_2_opcion_b.png,
Matemáticas II,Mates II,2001,Junio,Ejercicio 2. Opción A.,Integrales,MATEMÁTICAS II. 2001. JUNIO. EJERCICIO 2. OPCIÓN A.,"Siendo ln x el logaritmo neperiano de x, considera la función f :(0,) definida por
f(x) xlnx. Calcula:
a)  f(x)dx.",2001 - Integrales.pdf,enunciados_PNG/2001 - Integrales_png/Matemáticas II_2001_junio_ejercicio_2_opcion_a.png,
Matemáticas II,Mates II,2001,Junio,Ejercicio 2. Opción B.,Integrales,MATEMÁTICAS II. 2001. JUNIO. EJERCICIO 2. OPCIÓN B.,"Halla el área del recinto rayado que aparece en la figura adjunta sabiendo que la parte curva
2x2
tiene como ecuación y",2001 - Integrales.pdf,enunciados_PNG/2001 - Integrales_png/Matemáticas II_2001_junio_ejercicio_2_opcion_b.png,
Matemáticas II,Mates II,2001,Reserva 1,Ejercicio 1. Opción A.,Integrales,MATEMÁTICAS II. 2001. RESERVA 1. EJERCICIO 1. OPCIÓN A.,Se quiere dividir la región plana encerrada entre la parábola y x2 y la recta y 1 en dos,2001 - Integrales.pdf,enunciados_PNG/2001 - Integrales_png/Matemáticas II_2001_reserva_1_ejercicio_1_opcion_a.png,
Matemáticas II,Mates II,2001,Reserva 1,Ejercicio 1. Opción B.,Integrales,MATEMÁTICAS II. 2001. RESERVA 1. EJERCICIO 1. OPCIÓN B.," 5x10 si x 1
Sea f :  la función definida por: f(x) 
x2 2x2 si x 1
a) Esboza la gráfica de f.",2001 - Integrales.pdf,enunciados_PNG/2001 - Integrales_png/Matemáticas II_2001_reserva_1_ejercicio_1_opcion_b.png,
Matemáticas II,Mates II,2001,Reserva 2,Ejercicio 1 Opción B.,Integrales,MATEMÁTICAS II. 2001. RESERVA 2. EJERCICIO 1 OPCIÓN B.,"a(x1) si 1 x1
Considera la función f :(1,) definida por: f(x)
xlnx si x1
a) Determina el valor de a sabiendo que f es derivable.
2
b) Calcula  f(x) dx",2001 - Integrales.pdf,enunciados_PNG/2001 - Integrales_png/Matemáticas II_2001_reserva_2_ejercicio_1_opcion_b.png,
Matemáticas II,Mates II,2001,Reserva 2,Ejercicio 2. Opción A.,Integrales,MATEMÁTICAS II. 2001. RESERVA 2. EJERCICIO 2. OPCIÓN A.,"Sea f :  la función dada por : f(x) x2 1
a) Esboza la gráfica de f.
b) Estudia la derivabilidad de f.
2
c) Calcula  f(x) dx",2001 - Integrales.pdf,enunciados_PNG/2001 - Integrales_png/Matemáticas II_2001_reserva_2_ejercicio_2_opcion_a.png,
Matemáticas II,Mates II,2001,Reserva 3,Ejercicio 1. Opción B.,Integrales,MATEMÁTICAS II. 2001. RESERVA 3. EJERCICIO 1. OPCIÓN B.,"Sea f :  la función definida por: f(x) 2x3 9x2 12x.
a) Determina los intervalos de crecimiento y de decrecimiento de f.

b) Determina los extremos relativos  y  de f con  y calcula  f(x) dx",2001 - Integrales.pdf,enunciados_PNG/2001 - Integrales_png/Matemáticas II_2001_reserva_3_ejercicio_1_opcion_b.png,
Matemáticas II,Mates II,2001,Reserva 4,Ejercicio 1 Opción A.,Integrales,MATEMÁTICAS II. 2001. RESERVA 4. EJERCICIO 1 OPCIÓN A.," 1
 si x0
Sea f :  la función definida por: f(x)  1 x
 1mx x2 si x 0
a) Determina m sabiendo que f es derivable.
1
b) Calcula  f(x) dx",2001 - Integrales.pdf,enunciados_PNG/2001 - Integrales_png/Matemáticas II_2001_reserva_4_ejercicio_1_opcion_a.png,
Matemáticas II,Mates II,2001,Reserva 4,Eje Rcicio 1. Opción B.,Integrales,MATEMÁTICAS II. 2001. RESERVA 4. EJE RCICIO 1. OPCIÓN B.," 4x si 0x 1

 16
Considera la función f :0,4 definida por: f(x)  si 1 x 3
(x1)2

  4 x si 3 x 4
a) Esboza la gráfica de f.",2001 - Integrales.pdf,enunciados_PNG/2001 - Integrales_png/Matemáticas II_2001_reserva_4_eje_rcicio_1_opcion_b.png,
Matemáticas II,Mates II,2001,Septiembre,Ejercicio 1. Opción B.,Integrales,MATEMÁTICAS II. 2001. SEPTIEMBRE. EJERCICIO 1. OPCIÓN B.,,2001 - Integrales.pdf,enunciados_PNG/2001 - Integrales_png/Matemáticas II_2001_septiembre_ejercicio_1_opcion_b.png,
Matemáticas II,Mates II,2001,Septiembre,Ejercicio 2. Opción A.,Integrales,MATEMÁTICAS II. 2001. SEPTIEMBRE. EJERCICIO 2. OPCIÓN A.,"1
a ) Dibuja el recinto limitado por la curva y cosx, los ejes de coordenadas y la recta x  .
2",2001 - Integrales.pdf,enunciados_PNG/2001 - Integrales_png/Matemáticas II_2001_septiembre_ejercicio_2_opcion_a.png,
Química,Química,2000,Junio,Ejercicio 1. Opción A,Formulación,QUÍMICA. 2000. JUNIO EJERCICIO 1. OPCIÓN A,"Formule o nombre los siguientes compuestos: a) Óxido de cromo(III); b) Fosfato de calcio;
c) Ácido benzoico; d) BaSO ; e) KNO ; f) CH CH OH.",2000 - Formulación.pdf,enunciados_PNG/2000 - Formulación_png/Química_2000_junio_ejercicio_1_opcion_a.png,
Química,Química,2000,Junio,Ejercicio 1. Opción B,Formulación,QUÍMICA. 2000. JUNIO. EJERCICIO 1. OPCIÓN B,"Formule o nombre los compuestos siguientes: a) Sulfato de amonio; b) Hidróxido de cobre(II);
c) Ácido propanoico; d) HI; e) NaHCO ; f) CH NHCH CH .",2000 - Formulación.pdf,enunciados_PNG/2000 - Formulación_png/Química_2000_junio_ejercicio_1_opcion_b.png,
Química,Química,2000,Reserva 1,Ejercicio 1. Opción A,Formulación,QUÍMICA. 2000. RESERVA 1. EJERCICIO 1. OPCIÓN A,"Formule o nombre los compuestos siguientes: a) Óxido de platino(IV); b) Yodato de calcio;
c) Benceno; d) H S; e) MnO ; f) CH CH COOCH",2000 - Formulación.pdf,enunciados_PNG/2000 - Formulación_png/Química_2000_reserva_1_ejercicio_1_opcion_a.png,
Química,Química,2000,Reserva 1,Ejercicio 1. Opción B,Formulación,QUÍMICA. 2000. RESERVA 1. EJERCICIO 1. OPCIÓN B,"Formule o nombre los compuestos siguientes: a) Hidruro de berilio; b) Carbonato de magnesio;
c) Hexanal; d) AlCl ; e) HgSO ; f) CH CHCHCH",2000 - Formulación.pdf,enunciados_PNG/2000 - Formulación_png/Química_2000_reserva_1_ejercicio_1_opcion_b.png,
Química,Química,2000,Reserva 2,Ejercicio 1. Opción A,Formulación,QUÍMICA. 2000. RESERVA 2. EJERCICIO 1. OPCIÓN A,"Formule o nombre los compuestos siguientes: a) Óxido de cobre(I); b) Carbonato de sodio;
c) 2-Butino; d) NH Cl; e) Li SO ; f) CH OHCH OH",2000 - Formulación.pdf,enunciados_PNG/2000 - Formulación_png/Química_2000_reserva_2_ejercicio_1_opcion_a.png,
Química,Química,2000,Reserva 2,Ejercicio 1. Opción B,Formulación,QUÍMICA. 2000. RESERVA 2. EJERCICIO 1. OPCIÓN B,"Formule o nombre los compuestos siguientes: a) Fluoruro de hidrógeno; b) Cromato de
mercurio(II) ; c) Tribromometano; d) PCl ; e) NaNO ; f) CH COOH",2000 - Formulación.pdf,enunciados_PNG/2000 - Formulación_png/Química_2000_reserva_2_ejercicio_1_opcion_b.png,
Química,Química,2000,Reserva 3,Ejercicio 1. Opción A,Formulación,QUÍMICA. 2000. RESERVA 3. EJERCICIO 1. OPCIÓN A,"Formule o nombre los compuestos siguientes: a) Fluoruro de calcio; b) Óxido de
antimonio(III); c) Nitrobenceno; d) Na O ; e) HClO ; f) CHCH",2000 - Formulación.pdf,enunciados_PNG/2000 - Formulación_png/Química_2000_reserva_3_ejercicio_1_opcion_a.png,
Química,Química,2000,Reserva 3,Ejercicio 1. Opción B,Formulación,QUÍMICA. 2000. RESERVA 3. EJERCICIO 1. OPCIÓN B,"Formule o nombre los compuestos siguientes: a) Hidróxido de hierro(III); b) Dióxido de azufre;
c) 2-Cloropropanal; d) PCl ; e) HNO ; f) CH",2000 - Formulación.pdf,enunciados_PNG/2000 - Formulación_png/Química_2000_reserva_3_ejercicio_1_opcion_b.png,
Química,Química,2000,Reserva 4,Ejercicio 1. Opción A,Formulación,QUÍMICA. 2000. RESERVA 4. EJERCICIO 1. OPCIÓN A,"Formule o nombre los siguientes compuestos: a) Nitrato de hierro(III); b) Perclorato de
potasio; c) Trietilamina; d) CuO; e) HIO ; f) CH CH OCH CH .",2000 - Formulación.pdf,enunciados_PNG/2000 - Formulación_png/Química_2000_reserva_4_ejercicio_1_opcion_a.png,
Química,Química,2000,Reserva 4,Ejercicio 1. Opción B,Formulación,QUÍMICA. 2000. RESERVA 4. EJERCICIO 1. OPCIÓN B,"Formule o nombre los siguientes compuestos: a) Hipobromito de sodio; b) Hidróxido de
estaño(II); c) 1,2-Dibromoeteno; d) CoPO ; e) CaH ; f) CH Cl.",2000 - Formulación.pdf,enunciados_PNG/2000 - Formulación_png/Química_2000_reserva_4_ejercicio_1_opcion_b.png,
Química,Química,2000,Septiembre,Ejercicio 1. Opción A,Formulación,QUÍMICA. 2000. SEPTIEMBRE. EJERCICIO 1. OPCIÓN A,"Formule o nombre los compuestos siguientes: a) Pentasulfuro de diarsénico;
b) Hidrogenocarbonato de potasio; c) Ácido 2-hidroxibutanoico; d) Ca(ClO) ; e) N O ;
2 2 5
f) CH COCH",2000 - Formulación.pdf,enunciados_PNG/2000 - Formulación_png/Química_2000_septiembre_ejercicio_1_opcion_a.png,
Química,Química,2000,Septiembre,Ejercicio 1. Opción B,Formulación,QUÍMICA. 2000. SEPTIEMBRE. EJERCICIO 1. OPCIÓN B,"Formule o nombre los compuestos siguientes: a) Monóxido de carbono; b) Nitrito de cesio;
c) Propanal; d) ZnO; e) HIO ; f) CH COOCH CH",2000 - Formulación.pdf,enunciados_PNG/2000 - Formulación_png/Química_2000_septiembre_ejercicio_1_opcion_b.png,
Química,Química,2001,Junio,Ejercicio 1. Opción A,Formulación,QUÍMICA. 2001. JUNIO. EJERCICIO 1. OPCIÓN A,"Formule o nombre los siguientes compuestos: a) Sulfuro de hidrógeno; b) Nitrito de plata;
c) Clorobenceno; d) Mn(OH) ; e) H SeO ; f) CH CHO",2001 - Formulación.pdf,enunciados_PNG/2001 - Formulación_png/Química_2001_junio_ejercicio_1_opcion_a.png,
Química,Química,2001,Junio,Ejercicio 1. Opción B,Formulación,QUÍMICA. 2001. JUNIO. EJERCICIO 1. OPCIÓN B,"Formule o nombre los siguientes compuestos: a) Hidrogenosulfato de potasio; b) Óxido de
vanadio (V); c) Ácido 2-metilpentanoico; d) RbClO ; e) BaCl ; f) CH CH NHCH",2001 - Formulación.pdf,enunciados_PNG/2001 - Formulación_png/Química_2001_junio_ejercicio_1_opcion_b.png,
Química,Química,2001,Reserva 1,Ejercicio 1. Opción A,Formulación,QUÍMICA. 2001. RESERVA 1. EJERCICIO 1. OPCIÓN A,"Formule o nombre los siguientes compuestos: a) Sulfito de sodio; b) Hidróxido de níquel(II);
c) Propanal; d) HBrO; e) SnCl ; f) CH CHCHCHCH",2001 - Formulación.pdf,enunciados_PNG/2001 - Formulación_png/Química_2001_reserva_1_ejercicio_1_opcion_a.png,
Química,Química,2001,Reserva 1,Ejercicio 1. Opción B,Formulación,QUÍMICA. 2001. RESERVA 1. EJERCICIO 1. OPCIÓN B,"Formule o nombre los siguientes compuestos: a) Ácido cloroso; b) Yoduro de amonio;
c) Ciclohexano; d) As S ; e) KHCO ; f) CH CH COOCH CH",2001 - Formulación.pdf,enunciados_PNG/2001 - Formulación_png/Química_2001_reserva_1_ejercicio_1_opcion_b.png,
Química,Química,2001,Reserva 2,Ejercicio 1. Opción A,Formulación,QUÍMICA. 2001. RESERVA 2. EJERCICIO 1. OPCIÓN A,"Formule o nombre los siguientes compuestos: a) Hipoyodito de sodio; b) Óxido de teluro(IV);
c) Fenol; d) LiCl; e) CaH ; f) CH CH OCH CH",2001 - Formulación.pdf,enunciados_PNG/2001 - Formulación_png/Química_2001_reserva_2_ejercicio_1_opcion_a.png,
Química,Química,2001,Reserva 2,Ejercicio 1. Opción B,Formulación,QUÍMICA. 2001. RESERVA 2. EJERCICIO 1. OPCIÓN B,"Formule o nombre los siguientes compuestos: a) Perclorato de cromo(III); b) Nitrato de
paladio(II); c) Propanona; d) H SO ; e) CsOH; f) CH CH Br",2001 - Formulación.pdf,enunciados_PNG/2001 - Formulación_png/Química_2001_reserva_2_ejercicio_1_opcion_b.png,
Química,Química,2001,Reserva 3,Ejercicio 1. Opción A,Formulación,QUÍMICA. 2001. RESERVA 3. EJERCICIO 1. OPCIÓN A,"Formule o nombre los siguientes compuestos: a) Óxido de magnesio; b) Cromato de
mercurio(I); c) 3-Etil-3-metilpentano; d) PbSO ; e) PH ; f) CH COCH CH",2001 - Formulación.pdf,enunciados_PNG/2001 - Formulación_png/Química_2001_reserva_3_ejercicio_1_opcion_a.png,
Química,Química,2001,Reserva 3,Ejercicio 1. Opción B,Formulación,QUÍMICA. 2001. RESERVA 3. EJERCICIO 1. OPCIÓN B,"Formule o nombre los siguientes compuestos: a) Hidróxido de bario; b) Permanganato de litio;
c) Dietil éter; d) Ca (PO ) ; e) B O ; f) CH CH CH Cl",2001 - Formulación.pdf,enunciados_PNG/2001 - Formulación_png/Química_2001_reserva_3_ejercicio_1_opcion_b.png,
Química,Química,2001,Reserva 4,Ejercicio 1. Opción A,Formulación,QUÍMICA. 2001. RESERVA 4. EJERCICIO 1. OPCIÓN A,"Formule o nombre los siguientes compuestos: a) Sulfuro de cinc; b) Yodito de cesio;
c) 1,2-Dietilbenceno; d) UO ; e) Sn(NO ) ; f) CH CH COOH",2001 - Formulación.pdf,enunciados_PNG/2001 - Formulación_png/Química_2001_reserva_4_ejercicio_1_opcion_a.png,
Química,Química,2001,Reserva 4,Ejercicio 1. Opción B,Formulación,QUÍMICA. 2001. RESERVA 4. EJERCICIO 1. OPCIÓN B,"Formule o nombre los siguientes compuestos: a) Óxido de cobalto (III); b) Tetracloruro de
titanio; c) 1,2,4-Trimetilciclohexano; d) SO ; e) HBrO ; f) CH CH NH",2001 - Formulación.pdf,enunciados_PNG/2001 - Formulación_png/Química_2001_reserva_4_ejercicio_1_opcion_b.png,
Química,Química,2001,Septiembre,Ejercicio 1. Opción A,Formulación,QUÍMICA. 2001. SEPTIEMBRE. EJERCICIO 1. OPCIÓN A,"Formule o nombre los siguientes compuestos: a) Cromato de estaño(IV) ; b) Fluoruro de
vanadio(III) ; c) p-Nitrofenol ; d) NaH
2
PO
4
; e) Tl
2
O
3
; f) CH
3
CHCHCH
2
CH",2001 - Formulación.pdf,enunciados_PNG/2001 - Formulación_png/Química_2001_septiembre_ejercicio_1_opcion_a.png,
Química,Química,2001,Septiembre,Ejercicio 1. Opción B,Formulación,QUÍMICA. 2001. SEPTIEMBRE. EJERCICIO 1. OPCIÓN B,"Formule o nombre los siguientes compuestos: a) Nitrato de cobre(II) ; b) Hidróxido de cesio ;
c) Ácido benzoico ; d) Bi O ; e) (NH ) S ; f) CH NH",2001 - Formulación.pdf,enunciados_PNG/2001 - Formulación_png/Química_2001_septiembre_ejercicio_1_opcion_b.png,
Química,Química,2000,Junio,Ejercicio 6. Opc Ión A,Reacciones Redox,QUÍMICA. 2000. JUNIO EJERCICIO 6. OPC IÓN A,"Dada la siguiente reacción redox en disolución acuosa:
KMnO KIH SO I MnSO K SO H O
4 2 4 2 4 2 4 2
a) Ajustar la reacción por el método del ión-electrón.
b) Calcule los litros de disolución 2 M de permanganato de potasio necesarios para obtener 1
Kg de yodo.",2000 - Reacciones Redox.pdf,enunciados_PNG/2000 - Reacciones Redox_png/Química_2000_junio_ejercicio_6_opc_ion_a.png,
Química,Química,2000,Reserva 1,Ejercicio 5. Opción B,Reacciones Redox,QUÍMICA. 2000. RESERVA 1. EJERCICIO 5. OPCIÓN B,"Dada la reacción redox en disolución acuosa:
KIH SO K CrO K SO H OCr (SO ) I
2 4 2 2 7 2 4 2 2 4 3 2
a) Ajuste por el método del ión-electrón la reacción.
b) Calcule la molaridad de la disolución de dicromato de potasio, si 30 mL de la misma
reaccionan con 60 mL de una disolución que contiene 80 g/L de yoduro de potasio.",2000 - Reacciones Redox.pdf,enunciados_PNG/2000 - Reacciones Redox_png/Química_2000_reserva_1_ejercicio_5_opcion_b.png,
Química,Química,2000,Reserva 2,Ejercicio 5. Opción A,Reacciones Redox,QUÍMICA. 2000. RESERVA 2. EJERCICIO 5. OPCIÓN A,"El ácido sulfúrico concentrado reacciona con el bromuro de potasio según la reacción:
H SO KBrK SO Br SO H O
2 4 2 4 2 2 2
a) Ajuste, por el método del ión-electrón, la reacción anterior.
b) Calcule el volumen de bromo líquido (densidad 2’92 g/cm3) que se obtendrá al tratar 90’1 g
de bromuro de potasio con suficiente cantidad de ácido sulfúrico.",2000 - Reacciones Redox.pdf,enunciados_PNG/2000 - Reacciones Redox_png/Química_2000_reserva_2_ejercicio_5_opcion_a.png,
Química,Química,2000,Reserva 3,Ejercicio 3. Opción A,Reacciones Redox,QUÍMICA. 2000. RESERVA 3. EJERCICIO 3. OPCIÓN A,"a) ¿Reaccionará una disolución acuosa de ácido clorhídrico con hierro metálico?
b) ¿Reaccionará una disolución acuosa de ácido clorhídrico con cobre?
c) ¿Qué ocurrirá si se añaden limaduras de hierro a una disolución de Cu2?.
Justifique las respuestas.
Datos: E0(Cu2 /Cu)0'34v; E0(Fe2 /Fe) 0'44v; E0(H /H ) 0v",2000 - Reacciones Redox.pdf,enunciados_PNG/2000 - Reacciones Redox_png/Química_2000_reserva_3_ejercicio_3_opcion_a.png,
Química,Química,2000,Reserva 4,Ejercicio 3. Opción A,Reacciones Redox,QUÍMICA. 2000. RESERVA 4. EJERCICIO 3. OPCIÓN A,"De las siguientes reacciones:
HCO  H CO H O
3 2 2
CuONH N H OCu
3 2 2
KClO KClO
3 2
a) Justifique si son todos procesos redox.",2000 - Reacciones Redox.pdf,enunciados_PNG/2000 - Reacciones Redox_png/Química_2000_reserva_4_ejercicio_3_opcion_a.png,
Química,Química,2000,Reserva 4,Ejercicio 6. Opción B,Reacciones Redox,QUÍMICA. 2000. RESERVA 4. EJERCICIO 6. OPCIÓN B,"Al hacer la electrolisis del cloruro de sodio, se depositan 12 g de sodio en el cátodo. Calcule:
a) Los moles de cloro gaseoso liberados en el ánodo.
b) El volumen que ocupa el cloro del apartado anterior a 700 mm de Hg y 100 ºC.",2000 - Reacciones Redox.pdf,enunciados_PNG/2000 - Reacciones Redox_png/Química_2000_reserva_4_ejercicio_6_opcion_b.png,
Química,Química,2000,Septiembre,Ejercicio 3. Opción A,Reacciones Redox,QUÍMICA. 2000. SEPTIEMBRE. EJERCICIO 3. OPCIÓN A,"Dados los potenciales normales de reducción E0(Pb2 /Pb) 0'13V y E0(Cu2 /Cu)0'34V
a) Escriba las semirreacciones y la reacción ajustada de la pila formada. b) Calcule su fuerza",2000 - Reacciones Redox.pdf,enunciados_PNG/2000 - Reacciones Redox_png/Química_2000_septiembre_ejercicio_3_opcion_a.png,
Química,Química,2000,Septiembre,Ejercici O 6. Opción B,Reacciones Redox,QUÍMICA. 2000. SEPTIEMBRE. EJERCICI O 6. OPCIÓN B,"Al pasar una corriente eléctrica por una disolución acuosa de nitrato de cobalto (II) se
desprende oxígeno en el ánodo y se deposita cobalto en el cátodo. Calcule:
a) La intensidad de la corriente que se necesita para depositar 8’42 g de Co de una disolución
acuosa de Co(NO ) en 35 minutos.
3 2
b) El volumen de oxígeno gaseoso, medido en condiciones normales, que se desprende en el
ánodo.",2000 - Reacciones Redox.pdf,enunciados_PNG/2000 - Reacciones Redox_png/Química_2000_septiembre_ejercici_o_6_opcion_b.png,
Química,Química,2001,Junio,Ejercicio 5. Opción A,Reacciones Redox,QUÍMICA. 2001. JUNIO. EJERCICIO 5. OPCIÓN A,"ElKMnO , en medio ácido sulfúrico, reacciona con el H O para dar MnSO O , H O y
4 2 2 4, 2 2
K SO .
2 4
a) Ajuste la reacción molecular por el método del ion-electrón. b) ¿Qué volumen de O medido
2
a 1520 mm de mercurio y 125 ºC se obtiene a partir de 100 g de KMnO ?
4",2001 - Reacciones Redox.pdf,enunciados_PNG/2001 - Reacciones Redox_png/Química_2001_junio_ejercicio_5_opcion_a.png,
Química,Química,2001,Reserva 1,Ejercicio 6. Opción B,Reacciones Redox,QUÍMICA. 2001. RESERVA 1. EJERCICIO 6. OPCIÓN B,"Por una cuba electrolítica que contiene cloruro de cobre (II) fundido, circula una corriente
eléctrica de 3 A durante 45 minutos. Calcule: a) La masa de cobre que se deposita. b) El
volumen de cloro que se desprende, medido en condiciones normales.",2001 - Reacciones Redox.pdf,enunciados_PNG/2001 - Reacciones Redox_png/Química_2001_reserva_1_ejercicio_6_opcion_b.png,
Química,Química,2001,Reserva 2,Ejercicio 5. Opción A,Reacciones Redox,QUÍMICA. 2001. RESERVA 2. EJERCICIO 5. OPCIÓN A,"En una valoración, 31’25 mL de una disolución 0’1 M de Na C O (oxalato de sodio) en medio
2 2 4
ácido consumen 17’38 mL de una disolución de KMnO de concentración desconocida.
4
Sabiendo que el oxalato pasa a CO y el permanganato a Mn2. a) Ajuste la ecuación iónica
2
por el método del ión-electrón. b) Calcule la concentración de la disolución de KMnO .
4",2001 - Reacciones Redox.pdf,enunciados_PNG/2001 - Reacciones Redox_png/Química_2001_reserva_2_ejercicio_5_opcion_a.png,
Química,Química,2001,Reserva 3,Ejercicio 3. Opción A,Reacciones Redox,QUÍMICA. 2001. RESERVA 3. EJERCICIO 3. OPCIÓN A,"Dadas las siguientes reacciones (sin ajustar):
CaOH
2
OCa(OH)
2
AgHNO AgNO NO H O
3 3 2 2
Razone: a) Si son de oxidación-reducción. b) ¿Qué especies se oxidan y qué especies se",2001 - Reacciones Redox.pdf,enunciados_PNG/2001 - Reacciones Redox_png/Química_2001_reserva_3_ejercicio_3_opcion_a.png,
Química,Química,2001,Reserva 3,Ejercicio 6. Opción B,Reacciones Redox,QUÍMICA. 2001. RESERVA 3. EJERCICIO 6. OPCIÓN B,"El principal método de obtención del aluminio comercial es la electrolisis de las sales de Al3
fundidas. a) ¿Cuántos culombios deben pasar a través del fundido para depositar 1kg de
aluminio?. b) Si una célula electrolítica industrial de aluminio opera con una intensidad de
corriente de 40.000 A. ¿Cuánto tiempo será necesario para producir 1 kg de aluminio?",2001 - Reacciones Redox.pdf,enunciados_PNG/2001 - Reacciones Redox_png/Química_2001_reserva_3_ejercicio_6_opcion_b.png,
Química,Química,2001,Reserva 4,Ejercicio 3. Opción A,Reacciones Redox,QUÍMICA. 2001. RESERVA 4. EJERCICIO 3. OPCIÓN A,"Se construye una pila, en condiciones estándar, con un electrodo de cobre y un electrodo de
aluminio. a) Indique razonadamente cuál es el cátodo y cuál el ánodo. b) Calcule la f.e.m de la
pila.",2001 - Reacciones Redox.pdf,enunciados_PNG/2001 - Reacciones Redox_png/Química_2001_reserva_4_ejercicio_3_opcion_a.png,
Química,Química,2001,Reserva 4,Ejercicio 6. Opción B,Reacciones Redox,QUÍMICA. 2001. RESERVA 4. EJERCICIO 6. OPCIÓN B,"En medio ácido sulfúrico, el permanganato de potasio reacciona con Fe (II) según:
KMnO FeSO H SO MnSO Fe (SO ) K SO H O
4 4 2 4 4 2 4 3 2 4 2
a) Ajuste la reacción por el método del ión-electrón.
b) Calcule el número de moles de sulfato de hierro (III) que se obtienen cuando reaccionan 79 g
de permanganato de potasio con la cantidad necesaria de Fe (II).",2001 - Reacciones Redox.pdf,enunciados_PNG/2001 - Reacciones Redox_png/Química_2001_reserva_4_ejercicio_6_opcion_b.png,
Química,Química,2001,Septiembre,Ejercicio 6. Opción A,Reacciones Redox,QUÍMICA. 2001. SEPTIEMBRE. EJERCICIO 6. OPCIÓN A,"Una muestra de un metal se disuelve en ácido clorhídrico y se realiza la electrólisis de la
disolución. Cuando han pasado por la célula electrolítica 3215 C, se encuentra que en el cátodo
se han depositado 1’74 g de metal. Calcule: a) La carga del ión metálico. b) El volumen de cloro
desprendido medido en condiciones normales.",2001 - Reacciones Redox.pdf,enunciados_PNG/2001 - Reacciones Redox_png/Química_2001_septiembre_ejercicio_6_opcion_a.png,
Química,Química,2001,Septiembre,Ejercicio 3. Opción B,Reacciones Redox,QUÍMICA. 2001. SEPTIEMBRE. EJERCICIO 3. OPCIÓN B,"Sabiendo que:
Zn(s)│Zn2(1M) ║H(1M) │H (1atm)│Pt(s) E0 0'76V.
2 pila
Zn(s) │Zn2(1M) ║Cu2(1M) │Cu(s) E0 1'10V
pila",2001 - Reacciones Redox.pdf,enunciados_PNG/2001 - Reacciones Redox_png/Química_2001_septiembre_ejercicio_3_opcion_b.png,
asignatura_desconocida,Mates II,2000,Junio,Ejercicio 4.Opción A.,Matrices Y Determinantes,M ATEMÁTICAS II. 2000. JUNIO. EJERCICIO 4.OPCIÓN A.,"1 2
D ada la matriz A  , calcula (At A1)2A",2000 - Matrices Y Determinantes.pdf,enunciados_PNG/2000 - Matrices Y Determinantes_png/asignatura_desconocida_2000_junio_ejercicio_4_opcion_a.png,
asignatura_desconocida,Mates II,2000,Reserva 1,Ejercicio 3. Opción A.,Matrices Y Determinantes,M ATEMÁTICAS II. 2000. RESERVA 1. EJERCICIO 3. OPCIÓN A.,"a b c
Sabiendo que d e f  2; calcula los siguientes determinantes y enuncia las propiedades
g h i
3a 3b 15c a2b c b
que utilices: a) d e 5f ; b) d 2e f e",2000 - Matrices Y Determinantes.pdf,enunciados_PNG/2000 - Matrices Y Determinantes_png/asignatura_desconocida_2000_reserva_1_ejercicio_3_opcion_a.png,
Matemáticas II,Mates II,2000,Reserva 2,Ejercicio 4. Opción B.,Matrices Y Determinantes,MATEMÁTICAS II. 2000. RESERVA 2. EJERCICIO 4. OPCIÓN B.,"1 0 1
 
Dada la matriz A 0 m 3 averiguar para qué valores del parámetro m existe A1 y
 
 
4 1 m
 ",2000 - Matrices Y Determinantes.pdf,enunciados_PNG/2000 - Matrices Y Determinantes_png/Matemáticas II_2000_reserva_2_ejercicio_4_opcion_b.png,
Matemáticas II,Mates II,2000,Reserva 3,Ejercicio 3. Opción B.,Matrices Y Determinantes,MATEMÁTICAS II. 2000. RESERVA 3. EJERCICIO 3. OPCIÓN B.," 1 1   1 1 4 
R esuelve la ecuación matricial A2X 2B, siendo: A  y B ",2000 - Matrices Y Determinantes.pdf,enunciados_PNG/2000 - Matrices Y Determinantes_png/Matemáticas II_2000_reserva_3_ejercicio_3_opcion_b.png,
Matemáticas II,Mates II,2000,Septiembre,Ejercicio 4. Opción A.,Matrices Y Determinantes,MATEMÁTICAS II. 2000. SEPTIEMBRE. EJERCICIO 4. OPCIÓN A.," 3 2   x   7 
C onsidera las matrices: A  ; X   ; U  
 4 3   y   9 
a ) Halla los valores de x e y tales que AX U
b ) Halla la matriz A1 y calcula A1U
 1   1 
c ) Encuentra los posibles valores de m para los que los vectores A  y   son linealmente
 m   m ",2000 - Matrices Y Determinantes.pdf,enunciados_PNG/2000 - Matrices Y Determinantes_png/Matemáticas II_2000_septiembre_ejercicio_4_opcion_a.png,
asignatura_desconocida,Mates II,2001,Junio,Ejercicio 3. Opción A.,Matrices Y Determinantes,M ATEMÁTICAS II. 2001. JUNIO. EJERCICIO 3. OPCIÓN A.," senx cosx 0
 
Sea A cosx senx 0 .
 
 

senxcosx senxcosx 1
",2001 - Matrices Y Determinantes.pdf,enunciados_PNG/2001 - Matrices Y Determinantes_png/asignatura_desconocida_2001_junio_ejercicio_3_opcion_a.png,
asignatura_desconocida,Mates II,2001,Junio,Ejercicio 4.Opción B.,Matrices Y Determinantes,M ATEMÁTICAS II. 2001. JUNIO. EJERCICIO 4.OPCIÓN B.," 0 3 4
 
Considera la matriz A 1 4 5
 
 

1 3 4

a ) Siendo I la matriz identidad 3x3 y 0 la matriz nula 3x3, prueba que A3 + I = 0",2001 - Matrices Y Determinantes.pdf,enunciados_PNG/2001 - Matrices Y Determinantes_png/asignatura_desconocida_2001_junio_ejercicio_4_opcion_b.png,
asignatura_desconocida,Mates II,2001,Reserva 1,Ejercicio 3. Opción A.,Matrices Y Determinantes,M ATEMÁTICAS II. 2001. RESERVA 1. EJERCICIO 3. OPCIÓN A.,"1 2 3
1 2 1 2 3 1 1  
D e las matrices: A
3 4


;B
4 5 6


;C 
3 3


;D 

0 1 2 

0 0 1
 
D etermina cuáles tienen inversa y en los casos en que exista, calcula el determinante de dichas",2001 - Matrices Y Determinantes.pdf,enunciados_PNG/2001 - Matrices Y Determinantes_png/asignatura_desconocida_2001_reserva_1_ejercicio_3_opcion_a.png,
Matemáticas II,Mates II,2001,Reserva 2,Ejercicio 3. Opción A.,Matrices Y Determinantes,MATEMÁTICAS II. 2001. RESERVA 2. EJERCICIO 3. OPCIÓN A.,"a 0 a
 
Se sabe que la matriz A 0 1 0 verifica que det (A) = 1 y sus columnas son vectores
 
 
b 0 b
 
perpendiculares dos a dos.
a) Calcula los valores de a y b.
b ) Comprueba que para dichos valores se verifica que A-1 = At, donde At denota la matriz",2001 - Matrices Y Determinantes.pdf,enunciados_PNG/2001 - Matrices Y Determinantes_png/Matemáticas II_2001_reserva_2_ejercicio_3_opcion_a.png,
asignatura_desconocida,Mates II,2001,Reserva 3,Ejercicio 3. Opción A.,Matrices Y Determinantes,M ATEMÁTICAS II. 2001. RESERVA 3. EJERCICIO 3. OPCIÓN A.,"1 0 1  1 2
   
Determina la matriz X tal que A·X―3·B = 0, siendo: A 2 3 7 y B  1 0
   
   
0 1 2 2 1",2001 - Matrices Y Determinantes.pdf,enunciados_PNG/2001 - Matrices Y Determinantes_png/asignatura_desconocida_2001_reserva_3_ejercicio_3_opcion_a.png,
Matemáticas II,Mates II,2001,Reserva 3,Ejercicio 3. Opción B.,Matrices Y Determinantes,MATEMÁTICAS II. 2001. RESERVA 3. EJERCICIO 3. OPCIÓN B.,"1 0 2
 
Considera la matriz A 1 1 1
 
 
1 1 0
a ) Calcula el determinante de las matrices: 2·A; A31 y (A31)1.",2001 - Matrices Y Determinantes.pdf,enunciados_PNG/2001 - Matrices Y Determinantes_png/Matemáticas II_2001_reserva_3_ejercicio_3_opcion_b.png,
asignatura_desconocida,Mates II,2001,Reserva 4,Ejercicio 4. Opción B.,Matrices Y Determinantes,M ATEMÁTICAS II. 2001. RESERVA 4. EJERCICIO 4. OPCIÓN B.,"1  1 
 
Considera la matriz A  1 
 
 
0  1
a ) Determina para qué valores del parámetro  la matriz A no tiene inversa.",2001 - Matrices Y Determinantes.pdf,enunciados_PNG/2001 - Matrices Y Determinantes_png/asignatura_desconocida_2001_reserva_4_ejercicio_4_opcion_b.png,
Matemáticas II,Mates II,2001,Septiembre,Eje Rcicio 3. Opción A.,Matrices Y Determinantes,MATEMÁTICAS II. 2001. SEPTIEMBRE. EJE RCICIO 3. OPCIÓN A.,"3 1 1
 
Determina a, b y c sabiendo que la matrizA 1 a 2 , verifica:
 
 

1 b c

1 2
   
A 2  9 y rango (A) = 2.
   
   ",2001 - Matrices Y Determinantes.pdf,enunciados_PNG/2001 - Matrices Y Determinantes_png/Matemáticas II_2001_septiembre_eje_rcicio_3_opcion_a.png,
Física,Física,2016,Junio,Ejercicio 1. Opción A,Campo eléctrico y magnético,FISICA. 2016. JUNIO. EJERCICIO 1. OPCIÓN A,"a) Campo eléctrico creado por una carga puntual. Explique sus características y por qué es un
campo conservativo.
b) Una partícula cargada penetra en un campo eléctrico con velocidad paralela al campo y en
sentido contrario al mismo. Describa cómo influye el signo de la carga eléctrica en su",2016 - Campo eléctrico y magnético.pdf,enunciados_PNG/2016 - Campo eléctrico y magnético_png/Física_2016_junio_ejercicio_1_opcion_a.png,
Física,Física,2016,Junio,Ejercicio 3. Opción B,Campo eléctrico y magnético,FISICA. 2016. JUNIO. EJERCICIO 3. OPCIÓN B,"g = 9,8 m s-2
Una espira circular de 2,5 cm de radio, que descansa en el plano XY, está situada en una región
en la que existe un campo magnético B  2'5t 2 k T donde t es el tiempo expresado en
segundos.
a) Determine el valor del flujo magnético en función del tiempo y realice una representación
gráfica de dicho flujo magnético frente al tiempo entre 0 y 10 s.
b) Determine el valor de la f.e.m. inducida y razone el sentido de la corriente inducida en la",2016 - Campo eléctrico y magnético.pdf,enunciados_PNG/2016 - Campo eléctrico y magnético_png/Física_2016_junio_ejercicio_3_opcion_b.png,
Física,Física,2016,Reserva 2,Ejercicio 1. Opción B,Campo eléctrico y magnético,FISICA. 2016. RESERVA 2. EJERCICIO 1. OPCIÓN B,"g = 9,8 m s-2
a) Fuerza magnética sobre una carga en movimiento.
b) Dos partículas cargadas se mueven con la misma velocidad y, al aplicarles un campo
magnético perpendicular a dicha velocidad, se desvían en sentidos contrarios y describen
trayectorias circulares de distintos radios. ¿Qué puede decirse de las características de esas
partículas? Si en vez de aplicarles un campo magnético se le aplica un campo eléctrico paralelo",2016 - Campo eléctrico y magnético.pdf,enunciados_PNG/2016 - Campo eléctrico y magnético_png/Física_2016_reserva_2_ejercicio_1_opcion_b.png,
Física,Física,2016,Reserva 2,Ejercicio 3. Opción A,Campo eléctrico y magnético,FISICA. 2016. RESERVA 2. EJERCICIO 3. OPCIÓN A,"Un péndulo consta de una esfera de 20 g, carga eléctrica desconocida y dimensiones
despreciables, que cuelga de un hilo de 1 m de longitud. Para determinar el valor de su carga se
coloca en un campo eléctrico uniforme y horizontal de E5'7104 NC1 y se observa que el
hilo del péndulo se coloca formando 45 º con la vertical.
a) Dibuje en un esquema el campo eléctrico y todas las fuerzas que actúan sobre la esfera y
explique, cualitativamente, cómo ha cambiado la energía del péndulo al aplicar el campo
eléctrico.
b) Calcule el valor de la carga de la esfera y de las fuerzas que actúan sobre ella.",2016 - Campo eléctrico y magnético.pdf,enunciados_PNG/2016 - Campo eléctrico y magnético_png/Física_2016_reserva_2_ejercicio_3_opcion_a.png,
Física,Física,2016,Reserva 3,Ejercicio 1. Opción A,Campo eléctrico y magnético,FISICA. 2016. RESERVA 3. EJERCICIO 1. OPCIÓN A,"g = 9,8 m s-2
a) Enuncie la ley de inducción electromagnética y explique las características del fenómeno.
Comente la veracidad o falsedad de la siguiente afirmación: un transformador eléctrico no
realiza su función en corriente continua.
b) Explique, con la ayuda de un esquema, cuál es el sentido de la corriente inducida en una",2016 - Campo eléctrico y magnético.pdf,enunciados_PNG/2016 - Campo eléctrico y magnético_png/Física_2016_reserva_3_ejercicio_1_opcion_a.png,
Física,Física,2016,Reserva 3,Ejercicio 3. Opción B,Campo eléctrico y magnético,FISICA. 2016. RESERVA 3. EJERCICIO 3. OPCIÓN B,"g = 9,8 m s-2
Un haz de electrones con energía cinética de 104 eV, se mueve en un campo magnético
perpendicular a su velocidad, describiendo una trayectoria circular de 25 cm de radio.
a) Con ayuda de un esquema, indique la trayectoria del haz de electrones y la dirección y
sentido de la fuerza, la velocidad y el campo magnético. Calcule la intensidad del campo
magnético.
b) Para ese mismo campo magnético explique, cualitativamente, cómo variarían la velocidad, la
trayectoria de las partículas y su radio si, en lugar de electrones, se tratara de un haz de iones
de Ca2.
e1'61019 C;m 9'11031 kg",2016 - Campo eléctrico y magnético.pdf,enunciados_PNG/2016 - Campo eléctrico y magnético_png/Física_2016_reserva_3_ejercicio_3_opcion_b.png,
Física,Física,2016,Reserva 4,Ejercicio 1. Opción A,Campo eléctrico y magnético,FISICA. 2016. RESERVA 4. EJERCICIO 1. OPCIÓN A,"g = 9,8 m s-2
a) Enuncie la ley de Lenz-Faraday.
b) Una espira cuadrada gira en torno a un eje, que coincide con uno de sus lados, bajo la acción
de un campo magnético uniforme perpendicular al eje de giro. Explique cómo varían los
valores del flujo magnético máximo y de la fuerza electromotriz inducida máxima al duplicar",2016 - Campo eléctrico y magnético.pdf,enunciados_PNG/2016 - Campo eléctrico y magnético_png/Física_2016_reserva_4_ejercicio_1_opcion_a.png,
Física,Física,2016,Reserva 4,Ejercicio 3. Opción A,Campo eléctrico y magnético,FISICA. 2016. RESERVA 4. EJERCICIO 3. OPCIÓN A,"g = 9,8 m s-2
Una partícula alfa, con una energía cinética de 2 MeV, se mueve en una región en la que existe
un campo magnético uniforme de 5 T, perpendicular a su velocidad.
a) Dibuje en un esquema los vectores velocidad de la partícula, campo magnético y fuerza
magnética sobre dicha partícula y calcule el valor de la velocidad y de la fuerza magnética.
b) Razone que la trayectoria descrita es circular y determine su radio y el periodo de
movimiento.
e1'61019 C;m 6'71027 kg",2016 - Campo eléctrico y magnético.pdf,enunciados_PNG/2016 - Campo eléctrico y magnético_png/Física_2016_reserva_4_ejercicio_3_opcion_a.png,
Física,Física,2016,Septiembre,Ejercicio 1. Opción A,Campo eléctrico y magnético,FISICA. 2016. SEPTIEMBRE. EJERCICIO 1. OPCIÓN A,"g = 9,8 m s-2
a) Analogías y diferencias entre campo eléctrico y campo magnético.
b) Si una partícula cargada penetra en un campo eléctrico con una cierta velocidad, ¿actúa",2016 - Campo eléctrico y magnético.pdf,enunciados_PNG/2016 - Campo eléctrico y magnético_png/Física_2016_septiembre_ejercicio_1_opcion_a.png,
Física,Física,2016,Septiembre,Ejercicio 3. Opción B,Campo eléctrico y magnético,FISICA. 2016. SEPTIEMBRE. EJERCICIO 3. OPCIÓN B,"Dos cargas puntuales iguales, de  3 C cada una, están situadas en los puntos A (2,5) m y
B (8,2) m.
a) Represente en un esquema las fuerzas que se ejercen entre las cargas y calcule la intensidad
de campo eléctrico en el punto P (2,0) m.
b) Determine el trabajo necesario para trasladar una carga de 1 µC desde el punto P (2,0) m
hasta el punto O (0,0). Comente el resultado obtenido.",2016 - Campo eléctrico y magnético.pdf,enunciados_PNG/2016 - Campo eléctrico y magnético_png/Física_2016_septiembre_ejercicio_3_opcion_b.png,
Física,Física,2017,Junio,Ejercicio 2. Opción A,Campo eléctrico y magnético,FISICA. 2017. JUNIO. EJERCICIO 2. OPCIÓN A,"g = 9,8 m s-2
a) Un haz de electrones atraviesa una región del espacio siguiendo una trayectoria rectilínea.
En dicha región hay aplicado un campo electrostático uniforme. ¿Es posible deducir algo
acerca de la orientación del campo? Repita el razonamiento para un campo magnético
uniforme.
b) Una bobina, de 10 espiras circulares de 15 cm de radio, está situada en una región en la que
existe un campo magnético uniforme cuya intensidad varía con el tiempo según:
 
B2cos  2t  T y cuya dirección forma un ángulo de 30º con el eje de la bobina. La
 4
resistencia de la bobina es 0,2 Ω. Calcule el flujo del campo magnético a través de la bobina en",2017 - Campo eléctrico y magnético.pdf,enunciados_PNG/2017 - Campo eléctrico y magnético_png/Física_2017_junio_ejercicio_2_opcion_a.png,
Física,Física,2017,Junio,Ejercicio 2. Opción B,Campo eléctrico y magnético,FISICA. 2017. JUNIO. EJERCICIO 2. OPCIÓN B,"a) Discuta la veracidad de las siguientes afirmaciones: i) “Al analizar el movimiento de una
partícula cargada positivamente en un campo eléctrico observamos que se desplaza
espontáneamente hacia puntos de potencial mayor”; ii) “Dos esferas de igual carga se repelen
con una fuerza F. Si duplicamos el valor de la carga de cada una de las esferas y también
duplicamos la distancia entre ellas, el valor F de la fuerza no varía”.
b) Se coloca una carga puntual de 4109 C en el origen de coordenadas y otra carga puntual
de  3109 C en el punto (0,1) m. Calcule el trabajo que hay que realizar para trasladar una
carga de 2109 C desde el punto (1,2) m hasta el punto (2,2) m.",2017 - Campo eléctrico y magnético.pdf,enunciados_PNG/2017 - Campo eléctrico y magnético_png/Física_2017_junio_ejercicio_2_opcion_b.png,
Física,Física,2017,Reserva 1,Ejercicio 2. Opción A,Campo eléctrico y magnético,FISICA. 2017. RESERVA 1. EJERCICIO 2. OPCIÓN A,"g = 9,8 m s-2
a) Por un hilo recto muy largo, colocado sobre el eje Y, circula una corriente en el sentido
positivo de dicho eje. Una pequeña espira circular contenida en el plano XY se mueve con
velocidad constante. Describa razonadamente cuál es la corriente inducida en la espira si: i) la
velocidad de la espira está orientada según el sentido negativo del eje Y; ii) la velocidad está
dirigida en el sentido positivo del eje X.
b) A una espira circular de 4 cm de radio, que descansa en el plano XY, se le aplica un campo
magnético B 0'02t3 k T, donde t es el tiempo en segundos. Represente gráficamente la",2017 - Campo eléctrico y magnético.pdf,enunciados_PNG/2017 - Campo eléctrico y magnético_png/Física_2017_reserva_1_ejercicio_2_opcion_a.png,
Física,Física,2017,Reserva 1,Ejercicio 2. Opción B,Campo eléctrico y magnético,FISICA. 2017. RESERVA 1. EJERCICIO 2. OPCIÓN B,"a) Para dos puntos A y B de una región del espacio, en la que existe un campo eléctrico
uniforme, se cumple que V  V . Si dejamos libre una carga negativa en el punto medio del
A B
segmento que une A con B, ¿a cuál de los dos puntos se acerca la carga? Razone la respuesta. b)
Una carga de 2'5108 C se coloca en una región donde hay un campo eléctrico de intensidad
5'0104 NC1, dirigido en el sentido positivo del eje Y. Calcule el trabajo que la fuerza
eléctrica efectúa sobre la carga cuando ésta se desplaza 0,5 m en una dirección que forma un",2017 - Campo eléctrico y magnético.pdf,enunciados_PNG/2017 - Campo eléctrico y magnético_png/Física_2017_reserva_1_ejercicio_2_opcion_b.png,
Física,Física,2017,Reserva 2,Ejercicio 2. Opción A,Campo eléctrico y magnético,FISICA. 2017. RESERVA 2. EJERCICIO 2. OPCIÓN A,"g = 9,8 m s-2
a) ¿En qué casos un campo magnético no ejerce fuerza sobre una partícula cargada? ¿Y sobre
un conductor rectilíneo indefinido por el que circula una corriente eléctrica? Razone las
respuestas.
b) Un protón penetra en un campo eléctrico uniforme E , de 200 NC1, con una velocidad v
, de 106 ms1, perpendicular al campo. Calcule el campo magnético, B, que habría que
aplicar, superpuesto al eléctrico, para que la trayectoria del protón fuera rectilínea. Ayúdese de",2017 - Campo eléctrico y magnético.pdf,enunciados_PNG/2017 - Campo eléctrico y magnético_png/Física_2017_reserva_2_ejercicio_2_opcion_a.png,
Física,Física,2017,Reserva 2,Ejercicio 2. Opción B,Campo eléctrico y magnético,FISICA. 2017. RESERVA 2. EJERCICIO 2. OPCIÓN B,"a) En la figura se muestra en color gris una región del espacio en la que hay un campo
electrostático uniforme E. Un electrón, un protón y un neutrón penetran en la región del
campo con velocidad constante v v i desde la izquierda. Explique razonadamente cómo es el
0
movimiento de cada partícula si se desprecian los efectos de la gravedad.
b) En el átomo de hidrógeno, el electrón se encuentra sometido al campo eléctrico creado por el
protón. Calcule el trabajo realizado por el campo eléctrico para llevar el electrón desde un
punto P , situado a 5'31011 m del núcleo, hasta otro punto P , situado a 4'761010 m
1 2
4,76·10–10 m del núcleo. Comente el signo del trabajo.",2017 - Campo eléctrico y magnético.pdf,enunciados_PNG/2017 - Campo eléctrico y magnético_png/Física_2017_reserva_2_ejercicio_2_opcion_b.png,
Física,Física,2017,Reserva 3,Ejercicio 2. Opción A,Campo eléctrico y magnético,FISICA. 2017. RESERVA 3. EJERCICIO 2. OPCIÓN A,"g = 9,8 m s-2
a) Una espira conductora circular fija, con centro en el origen de coordenadas está contenida
en el plano XY. Un imán se mueve a lo largo del eje Z. Explique razonadamente cuál es el
sentido de circulación de la corriente inducida en la espira en los casos i) e ii) mostrados en las
figuras.
b) El eje de una bobina de 100 espiras circulares de 5 cm de radio es paralelo a un campo
magnético de intensidad B0'50'2t 2 T. Si la resistencia de la bobina es 0,5 Ω, ¿cuál es la",2017 - Campo eléctrico y magnético.pdf,enunciados_PNG/2017 - Campo eléctrico y magnético_png/Física_2017_reserva_3_ejercicio_2_opcion_a.png,
Física,Física,2017,Reserva 3,Ejercicio 2. Opción B,Campo eléctrico y magnético,FISICA. 2017. RESERVA 3. EJERCICIO 2. OPCIÓN B,"a) En una región del espacio existe un campo eléctrico uniforme. Si una carga negativa se
mueve en la dirección y sentido del campo, ¿aumenta o disminuye su energía potencial? ¿Y si la
carga fuera positiva? Razone las respuestas.
b) Una carga de 3106 C se encuentra en el origen de coordenadas y otra carga de
3106 C está situada en el punto (1,1) m. Calcule el trabajo para desplazar una carga de
5106 C desde el punto A (1,0) m hasta el punto B (2,0) m, e interprete el resultado.",2017 - Campo eléctrico y magnético.pdf,enunciados_PNG/2017 - Campo eléctrico y magnético_png/Física_2017_reserva_3_ejercicio_2_opcion_b.png,
Física,Física,2017,Reserva 4,Ejercicio 2. Opción A,Campo eléctrico y magnético,FISICA. 2017. RESERVA 4. EJERCICIO 2. OPCIÓN A,"g = 9,8 m s-2
a) Una carga q negativa entra, con velocidad v, en una zona donde existe un campo eléctrico,
E, de dirección perpendicular a esa velocidad. Cuál debe ser la intensidad, dirección y sentido
del campo magnético B que habría que aplicar, superpuesto a E, para que la carga siguiera
una trayectoria rectilínea.
b) Un campo magnético, de intensidad B 2sen(100t) (SI), forma un ángulo de 45º con el
plano de una espira circular de radio R 12 cm. Calcule la fuerza electromotriz inducida en la",2017 - Campo eléctrico y magnético.pdf,enunciados_PNG/2017 - Campo eléctrico y magnético_png/Física_2017_reserva_4_ejercicio_2_opcion_a.png,
Física,Física,2017,Reserva 4,Ejercicio 2. Opción B,Campo eléctrico y magnético,FISICA. 2017. RESERVA 4. EJERCICIO 2. OPCIÓN B,"g = 9,8 m s-2
a) Dos conductores rectilíneos e indefinidos paralelos, separados una distancia d, están
recorridos por corrientes de intensidad I. Analice las características de las fuerzas que se
ejercen entre sí los conductores en el caso en que los sentidos de las corrientes coincidan y en el
caso en que sean opuestos.
b) Dos conductores rectilíneos, paralelos y verticales, distan entre sí 20 cm. Por el primero de
ellos circula una corriente de 10 A hacia arriba. Calcule la corriente que debe circular por el
segundo conductor, colocado a la derecha del primero, para que el campo magnético total
creado por ambas corrientes en un punto situado a 5 cm a la izquierda del segundo conductor
se anule.
 4107 NA2",2017 - Campo eléctrico y magnético.pdf,enunciados_PNG/2017 - Campo eléctrico y magnético_png/Física_2017_reserva_4_ejercicio_2_opcion_b.png,
Física,Física,2017,Septiembre,Ejercicio 2. Opción A,Campo eléctrico y magnético,FISICA. 2017. SEPTIEMBRE. EJERCICIO 2. OPCIÓN A,"g = 9,8 m s-2
a) Un electrón, un protón y un átomo de hidrógeno penetran en una zona del espacio en la que
existe un campo magnético uniforme perpendicular a la velocidad de las partículas. Dibuje la
trayectoria que seguiría cada una de las partículas y compare las aceleraciones de las tres.
b) Dos pequeñas esferas cargadas están separadas una distancia de 5 cm. La carga de una de
las esferas es cuatro veces la de la otra y entre ambas existe una fuerza de atracción de 0,15 N.
Calcule la carga de cada esfera y el módulo del campo eléctrico en el punto medio del segmento
que las une.",2017 - Campo eléctrico y magnético.pdf,enunciados_PNG/2017 - Campo eléctrico y magnético_png/Física_2017_septiembre_ejercicio_2_opcion_a.png,
Física,Física,2017,Septiembre,Ejercicio 2. Opción B,Campo eléctrico y magnético,FISICA. 2017. SEPTIEMBRE. EJERCICIO 2. OPCIÓN B,"a) Explique cómo se define el campo eléctrico creado por una carga puntual y razone cuál es el
valor del campo eléctrico en el punto medio entre dos cargas de valores q y 2q.
b) Determine la carga negativa de una partícula, cuya masa es 3,8 g, para que permanezca
suspendida en un campo eléctrico de 4500 NC1. Haga una representación gráfica de las
fuerzas que actúan sobre la partícula.",2017 - Campo eléctrico y magnético.pdf,enunciados_PNG/2017 - Campo eléctrico y magnético_png/Física_2017_septiembre_ejercicio_2_opcion_b.png,
Química,Química,2000,Junio,Ejercicio 4. Opción B,Reactividad Orgánica,QUÍMICA. 2000. JUNIO. EJERCICIO 4. OPCIÓN B,"Complete y ajuste las siguientes reacciones orgánicas:
a) CH CH COOHCH CH OH 
3 2 3 2
b) CH CH CH H 
3 2 2
c) C H O ",2000 - Reactividad Orgánica.pdf,enunciados_PNG/2000 - Reactividad Orgánica_png/Química_2000_junio_ejercicio_4_opcion_b.png,
Química,Química,2000,Reserva 2,Ejercicio 4. Opción B,Reactividad Orgánica,QUÍMICA. 2000. RESERVA 2. EJERCICIO 4. OPCIÓN B,"Complete las siguientes reacciones e indique el tipo de reacción (adición, eliminación o
sustitución) a que corresponden.
a) CH CHCH H O
3 2 2
b) C H (benceno)HNO H2 SO4
6 6 3
c) CH CHBrCH KOHHBr",2000 - Reactividad Orgánica.pdf,enunciados_PNG/2000 - Reactividad Orgánica_png/Química_2000_reserva_2_ejercicio_4_opcion_b.png,
Química,Química,2000,Reserva 3,Ejercicio 4. Opción A,Reactividad Orgánica,QUÍMICA. 2000. RESERVA 3. EJERCICIO 4. OPCIÓN A,"Complete las siguientes reacciones y ajuste la de combustión:
a) CH CH Cl Luz
3 3 2
b) C H O Calor
3 8 2
c) CH CH OHH2 SO4 ;Calor",2000 - Reactividad Orgánica.pdf,enunciados_PNG/2000 - Reactividad Orgánica_png/Química_2000_reserva_3_ejercicio_4_opcion_a.png,
Química,Química,2000,Reserva 4,Ejercicio 4. Opción B,Reactividad Orgánica,QUÍMICA. 2000. RESERVA 4. EJERCICIO 4. OPCIÓN B,"Defina serie homologa e indique cuáles de los siguientes compuestos pertenecen a la misma
serie queCH OH: a)CH CH CH CH OH ;b)CH CH OH ;c)CH COOH",2000 - Reactividad Orgánica.pdf,enunciados_PNG/2000 - Reactividad Orgánica_png/Química_2000_reserva_4_ejercicio_4_opcion_b.png,
Química,Química,2000,Septiembre,Ejercici O 4. Opción B,Reactividad Orgánica,QUÍMICA. 2000. SEPTIEMBRE. EJERCICI O 4. OPCIÓN B,"Dados los siguientes compuestos orgánicos: CH CH CH ;CH OH;CH CHCH . Indique
3 2 3 3 2 3
razonadamente:
a) ¿Cuál es soluble en agua?.
b) ¿Cuáles son hidrocarburos?.",2000 - Reactividad Orgánica.pdf,enunciados_PNG/2000 - Reactividad Orgánica_png/Química_2000_septiembre_ejercici_o_4_opcion_b.png,
Química,Química,2001,Junio,Ejercicio 4. Opción B,Reactividad Orgánica,QUÍMICA. 2001. JUNIO. EJERCICIO 4. OPCIÓN B,Ponga un ejemplo de cada una de las siguientes reacciones: a) Adición a un alqueno.,2001 - Reactividad Orgánica.pdf,enunciados_PNG/2001 - Reactividad Orgánica_png/Química_2001_junio_ejercicio_4_opcion_b.png,
Química,Química,2001,Reserva 1,Ejercicio 4. Opción A,Reactividad Orgánica,QUÍMICA. 2001. RESERVA 1. EJERCICIO 4. OPCIÓN A,"Indique el tipo de hibridación que presenta cada uno de los átomos de carbono en las siguientes
moléculas: a) CH CCCH ; b) CH CHCHCH ;c) CH CH CH CH",2001 - Reactividad Orgánica.pdf,enunciados_PNG/2001 - Reactividad Orgánica_png/Química_2001_reserva_1_ejercicio_4_opcion_a.png,
Química,Química,2001,Reserva 2,Ejercicio 4. Opción B,Reactividad Orgánica,QUÍMICA. 2001. RESERVA 2. EJERCICIO 4. OPCIÓN B,"Complete las siguientes reacciones e indique el tipo al que pertenecen:
a) CHCHHCl
b) BrCH CH BrKOH/Etanol2KBr
2 2
c) CH CH CH Cl hHCl",2001 - Reactividad Orgánica.pdf,enunciados_PNG/2001 - Reactividad Orgánica_png/Química_2001_reserva_2_ejercicio_4_opcion_b.png,
Química,Química,2001,Reserva 3,Ejercicio 2. Opción A,Reactividad Orgánica,QUÍMICA. 2001. RESERVA 3. EJERCICIO 2. OPCIÓN A,"Dadas las moléculasCH , C H , C H razone si las siguientes afirmaciones son verdaderas o
4 2 2 2 4,
falsas: a) En la molécula C H los dos átomos de carbono presentan hibridación sp3. b) El
2 4
átomo de carbono de la molécula CH posee hibridación sp3. c) La molécula de C H es
4 2 2",2001 - Reactividad Orgánica.pdf,enunciados_PNG/2001 - Reactividad Orgánica_png/Química_2001_reserva_3_ejercicio_2_opcion_a.png,
Química,Química,2001,Reserva 3,Ejercicio 4. Opción B,Reactividad Orgánica,QUÍMICA. 2001. RESERVA 3. EJERCICIO 4. OPCIÓN B,"Complete las siguientes reacciones e indique de qué tipo son:
a) CH CHCH HBr
3 2
b) CH CH CH Cl h
3 2 3 2
c) CHCHH Pt/Pd",2001 - Reactividad Orgánica.pdf,enunciados_PNG/2001 - Reactividad Orgánica_png/Química_2001_reserva_3_ejercicio_4_opcion_b.png,
Química,Química,2001,Reserva 4,Ejercicio 4. Opción A,Reactividad Orgánica,QUÍMICA. 2001. RESERVA 4. EJERCICIO 4. OPCIÓN A,"Las fórmulas moleculares de tres hidrocarburos lineales son: C H , C H y C H . Razone si
3 6 4 10 5 12
son verdaderas o falsas las siguientes afirmaciones: a) Los tres pertenecen a la misma serie
homóloga. b) Los tres presentan reacciones de adición. c) Los tres poseen átomos de carbono",2001 - Reactividad Orgánica.pdf,enunciados_PNG/2001 - Reactividad Orgánica_png/Química_2001_reserva_4_ejercicio_4_opcion_a.png,
Química,Química,2001,Septiembre,Ejercicio 4. Opción A,Reactividad Orgánica,QUÍMICA. 2001. SEPTIEMBRE. EJERCICIO 4. OPCIÓN A,"Razone si son verdaderas o falsas las siguientes afirmaciones: a) El punto de ebullición del
butano es menor que el de 1-butanol. b) La molécula CHCl posee una geometría tetraédrica
3
con el átomo de carbono ocupando la posición central. c) El etano es más soluble en agua que el",2001 - Reactividad Orgánica.pdf,enunciados_PNG/2001 - Reactividad Orgánica_png/Química_2001_septiembre_ejercicio_4_opcion_a.png,
Matemáticas II,Mates II,2000,Junio,Ejercicio 2. Opción A.,Funciones,MATEMÁTICAS II. 2000. JUNIO. EJERCICIO 2. OPCIÓN A.,"Un objeto se lanza verticalmente hacia arriba desde un determinado punto. La altura en
metros alcanzada al cabo de t segundos, viene dada por h(t)55t5e2t.
a) Calcula el tiempo transcurrido hasta alcanzar la altura máxima y el valor de ésta.
b) Teniendo en cuenta que la velocidad es v(t) h' (t), halla la velocidad al cabo de 2",2000 - Funciones.pdf,enunciados_PNG/2000 - Funciones_png/Matemáticas II_2000_junio_ejercicio_2_opcion_a.png,
Matemáticas II,Mates II,2000,Junio,Ejercicio 2. Opción B.,Funciones,MATEMÁTICAS II. 2000. JUNIO. EJERCICIO 2. OPCIÓN B.,"a
Determina a, b, c, para que la curva f(x) sea la siguiente:",2000 - Funciones.pdf,enunciados_PNG/2000 - Funciones_png/Matemáticas II_2000_junio_ejercicio_2_opcion_b.png,
Matemáticas II,Mates II,2000,Reserva 1,Ejercicio 1. Opción B.,Funciones,MATEMÁTICAS II. 2000. RESERVA 1. EJERCICIO 1. OPCIÓN B.,"De entre todos los rectángulos de 40 kilómetros de perímetro, calcula las dimensiones del que",2000 - Funciones.pdf,enunciados_PNG/2000 - Funciones_png/Matemáticas II_2000_reserva_1_ejercicio_1_opcion_b.png,
Matemáticas II,Mates II,2000,Reserva 1,Ejercicio 2. Opción A.,Funciones,MATEMÁTICAS II. 2000. RESERVA 1. EJERCICIO 2. OPCIÓN A.,"ax5x2 si x 2

Calcula a y b sabiendo que la función f :  definida por: f(x) a es
 bx si x  2
x",2000 - Funciones.pdf,enunciados_PNG/2000 - Funciones_png/Matemáticas II_2000_reserva_1_ejercicio_2_opcion_a.png,
Matemáticas II,Mates II,2000,Reserva 2,Ejercicio 1. Opción B.,Funciones,MATEMÁTICAS II. 2000. RESERVA 2. EJERCICIO 1. OPCIÓN B.,"Determina el valor de las constantes a, b y c sabiendo que la gráfica de la función f : 
definida por f(x) x(ax2 bxc) tiene un punto de inflexión en (2,12) y que en dicho",2000 - Funciones.pdf,enunciados_PNG/2000 - Funciones_png/Matemáticas II_2000_reserva_2_ejercicio_1_opcion_b.png,
Matemáticas II,Mates II,2000,Reserva 2,Ejercicio 2. Opción A.,Funciones,MATEMÁTICAS II. 2000. RESERVA 2. EJERCICIO 2. OPCIÓN A.,"xsenx
Calcula lim
x0",2000 - Funciones.pdf,enunciados_PNG/2000 - Funciones_png/Matemáticas II_2000_reserva_2_ejercicio_2_opcion_a.png,
Matemáticas II,Mates II,2000,Reserva 3,Ejercicio 1. Opción B.,Funciones,MATEMÁTICAS II. 2000. RESERVA 3. EJERCICIO 1. OPCIÓN B.,"Se ha observado que en una carretera de salida de una gran ciudad la velocidad de los coches
entre las 2 h. y las 6 h. de la tarde viene dada por:
v(t) t3 15t2 72t8 para t2,6
a) ¿A qué hora circulan los coches con mayor velocidad?. Justifica la respuesta.",2000 - Funciones.pdf,enunciados_PNG/2000 - Funciones_png/Matemáticas II_2000_reserva_3_ejercicio_1_opcion_b.png,
Matemáticas II,Mates II,2000,Reserva 3,Ejercicio 2. Opción A.,Funciones,MATEMÁTICAS II. 2000. RESERVA 3. EJERCICIO 2. OPCIÓN A.,"x2
Sea f la función definida x  2 por f(x)
x2
a) Halla las asíntotas de la gráfica de f.
b) Determina los intervalos de crecimiento y de decrecimiento, y los extremos locales de f.
c) Teniendo en cuenta los resultados de los apartados anteriores, haz un esbozo de la gráfica de",2000 - Funciones.pdf,enunciados_PNG/2000 - Funciones_png/Matemáticas II_2000_reserva_3_ejercicio_2_opcion_a.png,
Matemáticas II,Mates II,2000,Reserva 4,Ejercicio 1. Opción B.,Funciones,MATEMÁTICAS II. 2000. RESERVA 4. EJERCICIO 1. OPCIÓN B.,"1 2
x3  x si x  2

3 3

Sea f :  la función definida de la forma: f(x)  0 si 2 x 1

1 2
 x3  x si 1 x
3 3",2000 - Funciones.pdf,enunciados_PNG/2000 - Funciones_png/Matemáticas II_2000_reserva_4_ejercicio_1_opcion_b.png,
Matemáticas II,Mates II,2000,Reserva 4,Ejercicio 2. Opción A.,Funciones,MATEMÁTICAS II. 2000. RESERVA 4. EJERCICIO 2. OPCIÓN A.,"Una empresa quiere fabricar vasos de cristal de forma cilíndrica con una capacidad de 250
centímetros cúbicos. Para utilizar la mínima cantidad posible de cristal, se estudian las medidas
apropiadas para que la superficie total del vaso sea mínima. ¿Cuáles deben ser dichas",2000 - Funciones.pdf,enunciados_PNG/2000 - Funciones_png/Matemáticas II_2000_reserva_4_ejercicio_2_opcion_a.png,
Matemáticas II,Mates II,2000,Septiembre,Ejercicio 1. Opción A.,Funciones,MATEMÁTICAS II. 2000. SEPTIEMBRE. EJERCICIO 1. OPCIÓN A.," 1
si x 0

1
Considera la función f :  definida por f(x) 
1ex

 0 si x  0
a) Calcula los límites laterales de f enx0. ¿Es f continua enx0?.",2000 - Funciones.pdf,enunciados_PNG/2000 - Funciones_png/Matemáticas II_2000_septiembre_ejercicio_1_opcion_a.png,
Matemáticas II,Mates II,2000,Septiembre,Ejercicio 1. Opción B.,Funciones,MATEMÁTICAS II. 2000. SEPTIEMBRE. EJERCICIO 1. OPCIÓN B.,"Determina una función polinómica de grado 3 sabiendo que verifica que alcanza un máximo en
x1, que su gráfica pasa por el punto (1,1) y que la recta de ecuación y x es tangente a su",2000 - Funciones.pdf,enunciados_PNG/2000 - Funciones_png/Matemáticas II_2000_septiembre_ejercicio_1_opcion_b.png,
Matemáticas II,Mates II,2001,Junio,Ejercicio 1. Opción A.,Funciones,MATEMÁTICAS II. 2001. JUNIO. EJERCICIO 1. OPCIÓN A.,"Sea f :  la función dada por: f(x) 8 x2
a) Esboza la gráfica y halla los extremos relativos de f (dónde se alcanzan y cuáles son sus
respectivos valores).
b) Calcula los puntos de corte de la gráfica de f con la recta tangente a la misma en el punto de",2001 - Funciones.pdf,enunciados_PNG/2001 - Funciones_png/Matemáticas II_2001_junio_ejercicio_1_opcion_a.png,
Matemáticas II,Mates II,2001,Junio,Ejercicio 1. Opción B.,Funciones,MATEMÁTICAS II. 2001. JUNIO. EJERCICIO 1. OPCIÓN B.,De la función f :  se sabe que f ''(x) x2 2x2 y que su gráfica tiene tangente,2001 - Funciones.pdf,enunciados_PNG/2001 - Funciones_png/Matemáticas II_2001_junio_ejercicio_1_opcion_b.png,
Matemáticas II,Mates II,2001,Reserva 1,Ejercicio 2. Opción A.,Funciones,MATEMÁTICAS II. 2001. RESERVA 1. EJERCICIO 2. OPCIÓN A.,"2x2
Sea f la función definida para x1 por f(x)
x1
a ) Determina las asíntotas de la gráfica de f.
b ) Determina los intervalos de crecimiento y de decrecimiento y los extremos relativos de f.",2001 - Funciones.pdf,enunciados_PNG/2001 - Funciones_png/Matemáticas II_2001_reserva_1_ejercicio_2_opcion_a.png,
Matemáticas II,Mates II,2001,Reserva 1,Ejercicio 2. Opción B.,Funciones,MATEMÁTICAS II. 2001. RESERVA 1. EJERCICIO 2. OPCIÓN B.," x 1 
Calcula lim   ",2001 - Funciones.pdf,enunciados_PNG/2001 - Funciones_png/Matemáticas II_2001_reserva_1_ejercicio_2_opcion_b.png,
Matemáticas II,Mates II,2001,Reserva 2,Ejercicio 1. Opción A.,Funciones,MATEMÁTICAS II. 2001. RESERVA 2. EJERCICIO 1. OPCIÓN A.,"(ex 1)senx
Calcula lim",2001 - Funciones.pdf,enunciados_PNG/2001 - Funciones_png/Matemáticas II_2001_reserva_2_ejercicio_1_opcion_a.png,
Matemáticas II,Mates II,2001,Reserva 2,Ejercicio 2. Opción B.,Funciones,MATEMÁTICAS II. 2001. RESERVA 2. EJERCICIO 2. OPCIÓN B.,Determina la función f :  sabiendo que su derivada segunda es constante e igual a 3 y,2001 - Funciones.pdf,enunciados_PNG/2001 - Funciones_png/Matemáticas II_2001_reserva_2_ejercicio_2_opcion_b.png,
Matemáticas II,Mates II,2001,Reserva 3,Ejercicio 1. Opción A.,Funciones,MATEMÁTICAS II. 2001. RESERVA 3. EJERCICIO 1. OPCIÓN A.,"a) Determina el valor de las constantes a y b sabiendo que la gráfica de la función f : 
 ex si x0
definida por f(x)  admite recta tangente en el punto(0,1).
axb si x0
b) ¿Existen constantes c y d para las cuales la gráfica de la función g:  definida por
 ex si x0
g(x)  admita recta tangente en el punto (0,1)?.",2001 - Funciones.pdf,enunciados_PNG/2001 - Funciones_png/Matemáticas II_2001_reserva_3_ejercicio_1_opcion_a.png,
Matemáticas II,Mates II,2001,Reserva 3,Ejercicio 2. Opción A.,Funciones,MATEMÁTICAS II. 2001. RESERVA 3. EJERCICIO 2. OPCIÓN A.,"1 1 x2
Calcula: a) lim ; b) lim x2e3x
x0
x2",2001 - Funciones.pdf,enunciados_PNG/2001 - Funciones_png/Matemáticas II_2001_reserva_3_ejercicio_2_opcion_a.png,
Matemáticas II,Mates II,2001,Reserva 3,Ejercicio 2. Opción B.,Funciones,MATEMÁTICAS II. 2001. RESERVA 3. EJERCICIO 2. OPCIÓN B.,"Determina las dimensiones de una puerta formada por un rectángulo y un semicírculo (como
en la figura), sabiendo que es la que tiene perímetro mínimo entre las que tienen área igual a 2",2001 - Funciones.pdf,enunciados_PNG/2001 - Funciones_png/Matemáticas II_2001_reserva_3_ejercicio_2_opcion_b.png,
Matemáticas II,Mates II,2001,Reserva 4,Ejercicio 2. Opción A.,Funciones,MATEMÁTICAS II. 2001. RESERVA 4. EJERCICIO 2. OPCIÓN A.,"Un hilo de alambre de 1 m. De longitud se corta en dos trozos formando con uno de ellos una
circunferencia y con el otro un cuadrado. Prueba que la suma de las áreas es mínima cuando el",2001 - Funciones.pdf,enunciados_PNG/2001 - Funciones_png/Matemáticas II_2001_reserva_4_ejercicio_2_opcion_a.png,
Matemáticas II,Mates II,2001,Reserva 4,Ejercicio 2. Opción B.,Funciones,MATEMÁTICAS II. 2001. RESERVA 4. EJERCICIO 2. OPCIÓN B.,"Considera la función f :0,3 definida por f(x) 3x2. Calcula el punto de la gráfica",2001 - Funciones.pdf,enunciados_PNG/2001 - Funciones_png/Matemáticas II_2001_reserva_4_ejercicio_2_opcion_b.png,
Matemáticas II,Mates II,2001,Septiembre,Ejercicio 1. Opción A.,Funciones,MATEMÁTICAS II. 2001. SEPTIEMBRE. EJERCICIO 1. OPCIÓN A.,"ax 6 si x 2
Considera la función f :(,10) definida por f(x) 
 x5 si 2 x10
a) Determina el valor de a sabiendo que f es continua (y que a0).
b) Esboza la gráfica de f.",2001 - Funciones.pdf,enunciados_PNG/2001 - Funciones_png/Matemáticas II_2001_septiembre_ejercicio_1_opcion_a.png,
Matemáticas II,Mates II,2001,Septiembre,Ejercicio 2. Opción B.,Funciones,MATEMÁTICAS II. 2001. SEPTIEMBRE. EJERCICIO 2. OPCIÓN B.,"ex ex x
Determina  sabiendo que existe y es finito el límitelim . Calcula dicho límite.",2001 - Funciones.pdf,enunciados_PNG/2001 - Funciones_png/Matemáticas II_2001_septiembre_ejercicio_2_opcion_b.png,
Mates CCSS,Mates CCSS,2010,Junio,Ejercicio 4 Opción B,Contraste De Hipótesis,SOCIALES II. 2010 JUNIO. EJERCICIO 4 OPCIÓN B,"Un agricultor piensa que la producción media por naranjo, en su finca, es de 88 kg o más. Para
confirmar su creencia selecciona, al azar, 10 de sus naranjos, pesa su producción y obtiene
como resultado, en kg, para cada uno de ellos:
80 , 83 , 87 , 95 , 86 , 92 , 85 , 83 , 84 , 95
Se acepta que la producción de un naranjo sigue una distribución Normal con desviación típica
5 kg.
a) Plantee el contraste de hipótesis unilateral que responda a las condiciones del problema y
determine la región crítica para un nivel de significación 0.05.
b) Con los datos de esta muestra, ¿qué conclusión debe obtener el agricultor sobre la",2010 - Contraste De Hipótesis.pdf,enunciados_PNG/2010 - Contraste De Hipótesis_png/Mates CCSS_2010_junio_ejercicio_4_opcion_b.png,
Mates CCSS,Mates CCSS,2010,Reserva 1,Ejercicio 4 Opción B,Contraste De Hipótesis,SOCIALES II. 2010 RESERVA 1. EJERCICIO 4 OPCIÓN B,"Una máquina de envasado está diseñada para llenar bolsas con 300 g de almendras. Para
comprobar si funciona correctamente, se toma una muestra de 100 bolsas y se observa que su
peso medio es de 297 g. Suponiendo que la variable “peso” tiene una distribución Normal con
varianza 16, y utilizando un contraste bilateral ¿es aceptable, a un nivel de significación de",2010 - Contraste De Hipótesis.pdf,enunciados_PNG/2010 - Contraste De Hipótesis_png/Mates CCSS_2010_reserva_1_ejercicio_4_opcion_b.png,
Mates CCSS,Mates CCSS,2010,Reserva 2,Ejercicio 4 Opción B,Contraste De Hipótesis,SOCIALES II. 2010 RESERVA 2. EJERCICIO 4 OPCIÓN B,"Se sabe que los años de vida de los individuos de una población es una variable aleatoria
Normal con desviación típica 8.9 años. Una muestra aleatoria de 100 individuos de esa
población mostró una vida media de 71.8 años. Mediante un contraste unilateral, ¿puede
afirmarse con los datos anteriores que la vida media es mayor de 70 años, a un nivel de",2010 - Contraste De Hipótesis.pdf,enunciados_PNG/2010 - Contraste De Hipótesis_png/Mates CCSS_2010_reserva_2_ejercicio_4_opcion_b.png,
Mates CCSS,Mates CCSS,2010,Reserva 4,Ejercicio 4 Opción B,Contraste De Hipótesis,SOCIALES II. 2010 RESERVA 4. EJERCICIO 4 OPCIÓN B,"El peso de los sacos de patatas de una cooperativa es una variable aleatoria Normal con
desviación típica 0.25 kg. El agente de ventas de esa cooperativa afirma que el peso medio de los
sacos no baja de 5 kg.
Se desea contrastar estadísticamente esta hipótesis. Para ello se toma una muestra aleatoria de 20
sacos y se obtiene que su peso medio es de 4.8 kg.
a) Determine las hipótesis del contraste que se plantea en este enunciado.
b) Halle la región crítica de este contraste para0.01?.
c) Con los datos de la muestra tomada,¿puede decirse que existe evidencia estadística suficiente para",2010 - Contraste De Hipótesis.pdf,enunciados_PNG/2010 - Contraste De Hipótesis_png/Mates CCSS_2010_reserva_4_ejercicio_4_opcion_b.png,
Mates CCSS,Mates CCSS,2010,Septiembre,Ejercicio 4 Opción A,Contraste De Hipótesis,SOCIALES II. 2010 SEPTIEMBRE. EJERCICIO 4 OPCIÓN A,"En una determinada especie animal el porcentaje de mortalidad debida a una enfermedad
vírica es de al menos un 40%.
Se está realizando un estudio para probar la eficacia de un fármaco que permite tratar esa
enfermedad y, consecuentemente, reducir el porcentaje de mortalidad en esa especie. Para ello,
se suministró el fármaco a 50 sujetos enfermos, elegidos al azar, de los que murieron 14.
A la vista de estos datos, y tomando como nivel de significación 0.015, ¿ se puede afirmar que
existe evidencia estadística suficiente para rechazar la hipótesis H : p 0.4, donde p es la
0",2010 - Contraste De Hipótesis.pdf,enunciados_PNG/2010 - Contraste De Hipótesis_png/Mates CCSS_2010_septiembre_ejercicio_4_opcion_a.png,
Química,Química,2000,Junio,Ejercicio 2. Opción A,Cantidad Química,QUÍMICA. 2000. JUNIO EJERCICIO 2. OPCIÓN A,"Razone qué cantidad de las siguientes sustancias tienen mayor número de átomos: a) 0’5 moles
de SO ; b) 14 gramos de nitrógeno molecular; c) 67’2 litros de gas helio en condiciones
2
normales de presión y temperatura.",2000 - Cantidad Química.pdf,enunciados_PNG/2000 - Cantidad Química_png/Química_2000_junio_ejercicio_2_opcion_a.png,
Química,Química,2000,Junio,Ejercicio 5. Opción A,Cantidad Química,QUÍMICA. 2000. JUNIO EJERCICIO 5. OPCIÓN A,"Se hacen reaccionar 10 g de cinc metálico con ácido sulfúrico en exceso. Calcule: a) El volumen
de hidrógeno que se obtiene, medido a 27º C y 740 mm de mercurio de presión. b) la masa de
sulfato de cinc formada si la reacción tiene un rendimiento del 80%.",2000 - Cantidad Química.pdf,enunciados_PNG/2000 - Cantidad Química_png/Química_2000_junio_ejercicio_5_opcion_a.png,
Química,Química,2000,Reserva 1,Ejercicio 2. Opción A,Cantidad Química,QUÍMICA. 2000. RESERVA 1. EJERCICIO 2. OPCIÓN A,"En 1 m3 de metano (CH ), medido en condiciones normales de presión y temperatura,
4
calcule:
a) El número de moles de metano.
b) El número de moléculas de metano.",2000 - Cantidad Química.pdf,enunciados_PNG/2000 - Cantidad Química_png/Química_2000_reserva_1_ejercicio_2_opcion_a.png,
Química,Química,2000,Reserva 1,Ejercicio 6. Opción A,Cantidad Química,QUÍMICA. 2000. RESERVA 1. EJERCICIO 6. OPCIÓN A,"Se toman 25 mL de un ácido sulfúrico de densidad 1’84 g/cm3 y del 96% de riqueza en peso y
se le adiciona agua hasta 250 mL.
a) Calcule la molaridad de la disolución anterior.
b) Describa el material necesario y el procedimiento a seguir para preparar la disolución.",2000 - Cantidad Química.pdf,enunciados_PNG/2000 - Cantidad Química_png/Química_2000_reserva_1_ejercicio_6_opcion_a.png,
Química,Química,2000,Reserva 2,Ejercicio 4. Opción A,Cantidad Química,QUÍMICA. 2000. RESERVA 2. EJERCICIO 4. OPCIÓN A,"Razone si son verdaderas o falsas las siguientes afirmaciones: a) Dos masas iguales de los
elementos A y B contienen el mismo número de átomos. b) La masa atómica de un elemento es
la masa, en gramos, de un átomo de dicho elemento. c) El número de átomos que hay en 5 g de",2000 - Cantidad Química.pdf,enunciados_PNG/2000 - Cantidad Química_png/Química_2000_reserva_2_ejercicio_4_opcion_a.png,
Química,Química,2000,Reserva 2,Ejercicio 5. Opción B,Cantidad Química,QUÍMICA. 2000. RESERVA 2. EJERCICIO 5. OPCIÓN B,"La concentración de HCl de un jugo gástrico es 0’15 M.
a) ¿Cuántos gramos de HCl hay en 100 mL de ese jugo?
b) ¿Qué masa de hidróxido de aluminio, Al(OH) , será necesario para neutralizar el ácido
3
anterior?",2000 - Cantidad Química.pdf,enunciados_PNG/2000 - Cantidad Química_png/Química_2000_reserva_2_ejercicio_5_opcion_b.png,
Química,Química,2000,Reserva 3,Ejercicio 4. Opción B,Cantidad Química,QUÍMICA. 2000. RESERVA 3. EJERCICIO 4. OPCIÓN B,"Razone si son verdaderas o falsas las afirmaciones siguientes:
a) La masa de un ión monovalente positivo es menor que la del átomo correspondiente.
b) El número atómico de un ión monovalente positivo es menor que el del átomo
correspondiente.",2000 - Cantidad Química.pdf,enunciados_PNG/2000 - Cantidad Química_png/Química_2000_reserva_3_ejercicio_4_opcion_b.png,
Química,Química,2000,Reserva 3,Ejercicio 6. Opción B,Cantidad Química,QUÍMICA. 2000. RESERVA 3. EJERCICIO 6. OPCIÓN B,"Se prepara ácido clorhídrico por calentamiento de una mezcla de cloruro de sodio con ácido
sulfúrico concentrado, según la reacción (sin ajustar):
NaClH SO Na SO HCl
2 4 2 4
Calcule:
a) La masa, en gramos, de ácido sulfúrico del 90% de riqueza en peso que será necesario para
producir 1 Tm de disolución concentrada de á cido clorhídrico del 42% en peso.
b) La masa de cloruro de sodio consumida en el proceso.",2000 - Cantidad Química.pdf,enunciados_PNG/2000 - Cantidad Química_png/Química_2000_reserva_3_ejercicio_6_opcion_b.png,
Química,Química,2000,Reserva 4,Ejercicio 2. Opción A,Cantidad Química,QUÍMICA. 2000. RESERVA 4. EJERCICIO 2. OPCIÓN A,"Defina los siguientes conceptos:
a) Masa atómica de un elemento.
b) Masa molecular.",2000 - Cantidad Química.pdf,enunciados_PNG/2000 - Cantidad Química_png/Química_2000_reserva_4_ejercicio_2_opcion_a.png,
Química,Química,2000,Septiembre,Ejercicio 5. Opción A,Cantidad Química,QUÍMICA. 2000. SEPTIEMBRE. EJERCICIO 5. OPCIÓN A,"El sulfato de amonio, (NH ) SO , se utiliza como fertilizante en agricultura. Calcule: a) El
4 2 4
tanto por ciento en peso de nitrógeno en el compuesto. b) La cantidad de sulfato de amonio
necesaria para aportar a la tierra 10 kg de nitrógeno.",2000 - Cantidad Química.pdf,enunciados_PNG/2000 - Cantidad Química_png/Química_2000_septiembre_ejercicio_5_opcion_a.png,
Química,Química,2000,Septiembre,Ejercicio 5. Opción B,Cantidad Química,QUÍMICA. 2000. SEPTIEMBRE. EJERCICIO 5. OPCIÓN B,"a) Calcule el volumen de una disolución de NaOH 0’1 M que se requiere para neutralizar 27’5
mL de una disolución 0’25 M de HCl.
b) Indique el procedimiento experimental a seguir y el material necesario para realizar la",2000 - Cantidad Química.pdf,enunciados_PNG/2000 - Cantidad Química_png/Química_2000_septiembre_ejercicio_5_opcion_b.png,
Química,Química,2001,Junio,Ejercicio 6. Opc Ión A,Cantidad Química,QUÍMICA. 2001. JUNIO. EJERCICIO 6. OPC IÓN A,"Uno de los alimentos más consumido es la sacarosaC H O . Cuando reacciona con el oxígeno
12 22 11
se transforma en dióxido de carbono y agua desprendiendo 348’9 kJ/mol, a la presión de una
atmósfera. El torrente sanguíneo absorbe, por término medio, 26 moles de O en 24 horas. Con
2
esta cantidad de oxigeno: a) ¿Cuántos gramos de sacarosa se pueden quemar al día?.
b) ¿Cuántos kJ se producirán en la combustión ?",2001 - Cantidad Química.pdf,enunciados_PNG/2001 - Cantidad Química_png/Química_2001_junio_ejercicio_6_opc_ion_a.png,
Química,Química,2001,Reserva 3,Ejercicio 4. Opción A,Cantidad Química,QUÍMICA. 2001. RESERVA 3. EJERCICIO 4. OPCIÓN A,"Tenemos 250 mL de una disolución de KOH 0’2 M. a) ¿Cuántos moles de KOH hay disueltos?.
b) ¿Cuántos gramos de KOH hay disueltos? c) Describa el procedimiento e indique el material
necesario para preparar la disolución.",2001 - Cantidad Química.pdf,enunciados_PNG/2001 - Cantidad Química_png/Química_2001_reserva_3_ejercicio_4_opcion_a.png,
Química,Química,2001,Reserva 3,Ejercicio 5. Opción B,Cantidad Química,QUÍMICA. 2001. RESERVA 3. EJERCICIO 5. OPCIÓN B,"Una disolución acuosa de ácido clorhídrico tiene una riqueza en peso del 35% y una densidad
de 1’18 g/cm3. Calcule: a) El volumen de esa disolución que debemos tomar para preparar 500
mL de disolución 0’2 M de HCl. b) El volumen de disolución de NaOH 0’15 M necesario para
neutralizar 50 mL de la disolución diluida del ácido.",2001 - Cantidad Química.pdf,enunciados_PNG/2001 - Cantidad Química_png/Química_2001_reserva_3_ejercicio_5_opcion_b.png,
Química,Química,2000,Junio,Ejercicio 3. Opc Ión A,Enlace Químico,QUÍMICA. 2000. JUNIO EJERCICIO 3. OPC IÓN A,"a) Escriba la estructura de Lewis para las moléculas NF y CF . b) Dibuje la geometría de
3 4
cada molécula según la teoría de Repulsión de Pares de Electrones de la Capa de Valencia.
c) Considerando las geometrías moleculares, razone acerca de la polaridad de ambas
moléculas.",2000 - Enlace Químico.pdf,enunciados_PNG/2000 - Enlace Químico_png/Química_2000_junio_ejercicio_3_opc_ion_a.png,
Química,Química,2000,Junio,Ejercicio 5. Op Ción B,Enlace Químico,QUÍMICA. 2000. JUNIO. EJERCICIO 5. OP CIÓN B,"a) Haga un esquema del ciclo de Born-Haber para elNaCl.
b) Calcule la energía reticular del NaCl (s), a partir de los siguientes datos:
Entalpía de sublimación del sodio = 108 kJ/mol
Entalpía de disociación del cloro = 243’2 kJ/mol
Entalpía de ionización del sodio = 495’7 kJ/mol
Afinidad electrónica del cloro = 348 kJ/mol",2000 - Enlace Químico.pdf,enunciados_PNG/2000 - Enlace Químico_png/Química_2000_junio_ejercicio_5_op_cion_b.png,
Química,Química,2000,Reserva 1,Ejercicio 2. Opción B,Enlace Químico,QUÍMICA. 2000. RESERVA 1. EJERCICIO 2. OPCIÓN B,"a) Escriba las estructuras de Lewis correspondientes a las moléculas de etano (CH CH ) y
3 3
eteno (CH CH )
2 2",2000 - Enlace Químico.pdf,enunciados_PNG/2000 - Enlace Químico_png/Química_2000_reserva_1_ejercicio_2_opcion_b.png,
Química,Química,2000,Reserva 2,Ejercicio 2. Opción B,Enlace Químico,QUÍMICA. 2000. RESERVA 2. EJERCICIO 2. OPCIÓN B,"Los elementos A, B, C y D pertenecen al mismo periodo y tienen 1, 3, 5 y 7 electrones de
valencia, respectivamente. Indique, razonando la respuesta: a) Qué elemento tiene la energía de
ionización más alta y cuál la más baja. b) Qué fórmulas tendrán los compuestos A-D y B-D.",2000 - Enlace Químico.pdf,enunciados_PNG/2000 - Enlace Químico_png/Química_2000_reserva_2_ejercicio_2_opcion_b.png,
Química,Química,2000,Reserva 3,Ejercicio 2. Opción B,Enlace Químico,QUÍMICA. 2000. RESERVA 3. EJERCICIO 2. OPCIÓN B,"Dadas las especies químicas H S y PH :
2 3
a) Represéntelas mediante diagramas de Lewis
b) Prediga la geometría de las especies anteriores según la teoría de Repulsión de Pares de
Electrones de la Capa de Valencia.",2000 - Enlace Químico.pdf,enunciados_PNG/2000 - Enlace Químico_png/Química_2000_reserva_3_ejercicio_2_opcion_b.png,
Química,Química,2000,Septiembre,Ejercicio 2. Opción A,Enlace Químico,QUÍMICA. 2000. SEPTIEMBRE. EJERCICIO 2. OPCIÓN A,"La tabla que sigue corresponde a los puntos de fusión de distintos sólidos iónicos:
Compuesto NaF NaCl NaBr NaI
Punto de fusión (ºC) 980 801 755 651
Considerando los valores anteriores: a) Indique cómo variará la energía reticular en este grupo",2000 - Enlace Químico.pdf,enunciados_PNG/2000 - Enlace Químico_png/Química_2000_septiembre_ejercicio_2_opcion_a.png,
Química,Química,2001,Junio,Ejercicio 2. Opción B,Enlace Químico,QUÍMICA. 2001. JUNIO. EJERCICIO 2. OPCIÓN B,"Dados los siguientes compuestos: CaF , CO , H O. a) Indique el tipo de enlace predominante
2 2 2
en cada uno de ellos. b) Ordene los compuestos anteriores de menor a mayor punto de",2001 - Enlace Químico.pdf,enunciados_PNG/2001 - Enlace Químico_png/Química_2001_junio_ejercicio_2_opcion_b.png,
Química,Química,2001,Reserva 1,Ejercicio 3. Opción B,Enlace Químico,QUÍMICA. 2001. RESERVA 1. EJERCICIO 3. OPCIÓN B,"Cuatro elementos se designan arbitrariamente como A, B, C y D. Sus electronegatividades se
muestran en la tabla siguiente:
Elemento A B C D
Electronegatividad 3’0 2’8 2’5 2’1
Si se forman las moléculas AB, AC, AD y BD: a) Clasifíquelas en orden creciente por su
carácter covalente. Justifique la respuesta. b) ¿Cuál será la molécula más polar? Justifique la",2001 - Enlace Químico.pdf,enunciados_PNG/2001 - Enlace Químico_png/Química_2001_reserva_1_ejercicio_3_opcion_b.png,
Química,Química,2001,Reserva 2,Ejercicio 2. Opción A,Enlace Químico,QUÍMICA. 2001. RESERVA 2. EJERCICIO 2. OPCIÓN A,"Dadas las siguientes moléculas: CCl , BF y PCl a) Represente sus estructuras de Lewis.
4 3 3
b) Prediga la geometría de cada una de ellas según la Teoría de Repulsión de Pares de",2001 - Enlace Químico.pdf,enunciados_PNG/2001 - Enlace Químico_png/Química_2001_reserva_2_ejercicio_2_opcion_a.png,
Química,Química,2001,Reserva 4,Ejercicio 2. Opción B,Enlace Químico,QUÍMICA. 2001. RESERVA 4. EJERCICIO 2. OPCIÓN B,"En función del tipo de enlace explique por qué: a) El NH tiene un punto de ebullición más alto
3
que el CH . b) El KCl tiene un punto de fusión mayor que el Cl . c) El CH es insoluble en
4 2 4",2001 - Enlace Químico.pdf,enunciados_PNG/2001 - Enlace Químico_png/Química_2001_reserva_4_ejercicio_2_opcion_b.png,
Química,Química,2001,Septiembre,Ejercicio 2. Opción B,Enlace Químico,QUÍMICA. 2001. SEPTIEMBRE. EJERCICIO 2. OPCIÓN B,"Dadas las siguientes moléculas: SiH , NH y BeH . a) Represente sus estructuras de Lewis.
4 3 2
b) Prediga la geometría de cada una de ellas según la Teoría de Repulsión de Pares de",2001 - Enlace Químico.pdf,enunciados_PNG/2001 - Enlace Químico_png/Química_2001_septiembre_ejercicio_2_opcion_b.png,
Mates CCSS,Mates CCSS,2024,Modelo,Ejercicio 3B,Distribución Binomial,SOCIALES II. 2024 MODELO. EJERCICIO 3B,"Un jugador de baloncesto tiene una probabilidad de 0.8 de encestar un tiro libre. Si en un partido
lanza 6 tiros libres, halle la probabilidad de que enceste:
i) Exactamente cuatro tiros libres.
ii) Al menos cuatro tiros.
iii) Ninguno de ellos.",2024 - Distribución Binomial.pdf,enunciados_PNG/2024 - Distribución Binomial_png/Mates CCSS_2024_modelo_ejercicio_3b.png,
Mates CCSS,Mates CCSS,2025,Junio,Ejercicio C5,Distribución Binomial ,SOCIALES II. 2025 JUNIO. EJERCICIO C5,"Una empresa de marketing ha lanzado una campaña publicitaria para promocionar un nuevo
servicio de energía solar para hogares. Según estudios previos, se estima que el 20% de las
personas que ven el anuncio terminan contratando el servicio. Para analizar más en profundidad
la efectividad de la campaña, seleccionan aleatoriamente a 20 personas que han visto el anuncio.
a) Calcule la probabilidad de que exactamente 10 personas contraten el servicio.
b) Determine la probabilidad de que al menos 2 personas contraten el servicio.
c) Determine el valor esperado del número de personas que contratarán el servicio de entre las
seleccionadas.
d) ¿Cuántas personas, de entre las que han visto el anuncio, se deberían seleccionar para que el",2025 - Distribución Binomial .pdf,enunciados_PNG/2025 - Distribución Binomial _png/Mates CCSS_2025_junio_ejercicio_c5.png,
Mates CCSS,Mates CCSS,2025,Reserva 2,Ejercicio D6,Distribución Binomial ,SOCIALES II. 2025 RESERVA 2. EJERCICIO D6,"Un tratamiento experimental para tratar una determinada intolerancia alimentaria mejora al
60% de los pacientes a los que se les suministra. Cinco pacientes deciden someterse a dicho
tratamiento.
a) Indique la distribución que sigue la variable “número de pacientes de entre los 5 que mejoran
con este tratamiento”. ¿Cuál es la probabilidad de que mejoren cuatro pacientes gracias al
tratamiento?
b) Calcule la probabilidad de que al menos dos pacientes experimenten mejoría tras someterse
al tratamiento.
c) ¿Cuántos pacientes se espera que mejoren al someterse a ese tratamiento?
d) ¿Cuántos pacientes deberían someterse al tratamiento para que el número esperado de",2025 - Distribución Binomial .pdf,enunciados_PNG/2025 - Distribución Binomial _png/Mates CCSS_2025_reserva_2_ejercicio_d6.png,
