asignatura,año,convocatoria,ejercicio,tema,metadata,enunciado,archivo,imagen,aviso
Química,2000,Junio,Ejercicio 4. Opción A,Ácido Base,QUÍMICA. 2000. JUNIO EJERCICIO 4. OPCIÓN A,"Complete los siguientes equilibrios ácido-base identificando, de forma razonada, los pares
ácido- base conjugados:
a) H O CO 2 H O
2 3 3
b) NH  OH H O
4 2
c) F H O OH ",2000 - Ácido Base.pdf,enunciados_PNG/2000 - Ácido Base_png/2000_junio_ejercicio_4_opcion_a.png,
Química,2000,Junio,Ejercicio 6. Opción B,Ácido Base,QUÍMICA. 2000. JUNIO. EJERCICIO 6. OPCIÓN B,"a) Calcule los gramos del ácido acético CH COOH que se deben disolver en agua para obtener
3
500 mL de una disolución que tenga un pH = 2’72.
b) Describa el material y el procedimiento a seguir para preparar la disolución anterior.
Datos: K 1'8105; Masas atómicas: H = 1; C = 12; O = 16",2000 - Ácido Base.pdf,enunciados_PNG/2000 - Ácido Base_png/2000_junio_ejercicio_6_opcion_b.png,
Química,2000,Reserva 1,Ejercicio 3. Opción A,Ácido Base,QUÍMICA. 2000. RESERVA 1. EJERCICIO 3. OPCIÓN A,"La fenolftaleína es un indicador ácido-base que cambia de incoloro a rosa en el intervalo de pH
8 (incoloro) a pH 9’5 (rosa).
a) ¿Qué color presentará este indicador en una disolución acuosa de cloruro amónico, NH Cl?.
4
b) ¿Qué color presentará este indicador en una disolución de NaOH 103M?. Razone las",2000 - Ácido Base.pdf,enunciados_PNG/2000 - Ácido Base_png/2000_reserva_1_ejercicio_3_opcion_a.png,
Química,2000,Reserva 1,Ejercicio 6. Opción B,Ácido Base,QUÍMICA. 2000. RESERVA 1. EJERCICIO 6. OPCIÓN B,"A 15 g de ácido acético (CH COOH) se añade la cantidad suficiente de agua para obtener 500
3
mL de disolución. Calcule:
a) El pH de la disolución que resulta.
b) El grado de disociación del ácido acético.
Datos: K 1'8105: Masas atómicas: H = 1; C = 12; O = 16",2000 - Ácido Base.pdf,enunciados_PNG/2000 - Ácido Base_png/2000_reserva_1_ejercicio_6_opcion_b.png,
Química,2000,Reserva 2,Ejercicio 3. Opción A,Ácido Base,QUÍMICA. 2000. RESERVA 2. EJERCICIO 3. OPCIÓN A,"a) Escriba el equilibrio de hidrólisis del ión amonio (NH ), identificando en el mismo las
4
especies que actúan como ácido o como base de Brönsted.
b) Razone cómo variará la concentración de ión amonio al añadir una disolución de NaOH.",2000 - Ácido Base.pdf,enunciados_PNG/2000 - Ácido Base_png/2000_reserva_2_ejercicio_3_opcion_a.png,
Química,2000,Reserva 3,Ejercicio 5. Opción A,Ácido Base,QUÍMICA. 2000. RESERVA 3. EJERCICIO 5. OPCIÓN A,"a) Calcule los gramos de NaOH que se necesitan para preparar 250 mL de una disolución
acuosa de pH = 13.
b) Describa el material necesario y el procedimiento a seguir para preparar la disolución de
NaOH.",2000 - Ácido Base.pdf,enunciados_PNG/2000 - Ácido Base_png/2000_reserva_3_ejercicio_5_opcion_a.png,
Química,2000,Reserva 3,Ejercicio 3. Opción B,Ácido Base,QUÍMICA. 2000. RESERVA 3. EJERCICIO 3. OPCIÓN B,"En 500 mL de una disolución acuosa 0’1 M de NaOH
a) ¿Cuál es la concentración de iones OH?.
b) ¿Cuál es la concentración de iones H O?.
3",2000 - Ácido Base.pdf,enunciados_PNG/2000 - Ácido Base_png/2000_reserva_3_ejercicio_3_opcion_b.png,
Química,2000,Reserva 4,Ejercicio 4. Opción A,Ácido Base,QUÍMICA. 2000. RESERVA 4. EJERCICIO 4. OPCIÓN A,"Se preparan disoluciones acuosas de las siguientes sales: CaCl ,NH Cl y Na CO . Indique
2 4 2 3",2000 - Ácido Base.pdf,enunciados_PNG/2000 - Ácido Base_png/2000_reserva_4_ejercicio_4_opcion_a.png,
Química,2000,Reserva 4,Ejercicio 5. Opción B,Ácido Base,QUÍMICA. 2000. RESERVA 4. EJERCICIO 5. OPCIÓN B,"A 25 ºC, la constante del equilibrio:
NH H O NH  OH
3 2 4
es 1'8105. Se añaden 7 gramos de amoniaco a la cantidad de agua necesaria para obtener
500 mL de disolución.
a) Calcule el pH de la disolución.
b) Calcule el grado de disociación del amoniac o.",2000 - Ácido Base.pdf,enunciados_PNG/2000 - Ácido Base_png/2000_reserva_4_ejercicio_5_opcion_b.png,
Química,2000,Septiembre,Ejercicio 4. Opción A,Ácido Base,QUÍMICA. 2000. SEPTIEMBRE. EJERCICIO 4. OPCIÓN A,"a) Aplicando la teoría de Brónsted y Lowry, en disolución acuosa, razone si son ácidos o bases
las especies HCO  y NH . b) Indique cuáles son las bases conjugadas de los ácidos H O y
3 3 3
HNO . c) Indique cuáles son los ácidos conjugados de las bases Cl y HSO .",2000 - Ácido Base.pdf,enunciados_PNG/2000 - Ácido Base_png/2000_septiembre_ejercicio_4_opcion_a.png,
Química,2001,Junio,Ejercicio 3. Opción A,Ácido Base,QUÍMICA. 2001. JUNIO. EJERCICIO 3. OPCIÓN A,"a) ¿Cuál es el pH de 50 mL de una disolución de HCl 0’5 M? b) Si añadimos agua a los 50 mL
de la disolución anterior hasta alcanzar un volumen de 500 mL, ¿cuál será el nuevo pH?
c) Describa el procedimiento a seguir y el material necesario para preparar la disolución más",2001 - Ácido Base.pdf,enunciados_PNG/2001 - Ácido Base_png/2001_junio_ejercicio_3_opcion_a.png,
Química,2001,Junio,Ejercicio 5. Opción B,Ácido Base,QUÍMICA. 2001. JUNIO. EJERCICIO 5. OPCIÓN B,"Se disuelven 5 g de NaOH en agua suficiente para preparar 300 mL de disolución. Calcule:
a) La molaridad de la disolución y el valor del pH. b) La molaridad de una disolución de HBr,
de la que 30 mL de la misma son neutralizados con 25 mL de la disolución de la base.",2001 - Ácido Base.pdf,enunciados_PNG/2001 - Ácido Base_png/2001_junio_ejercicio_5_opcion_b.png,
Química,2001,Reserva 1,Ejercicio 6. Opción A,Ácido Base,QUÍMICA. 2001. RESERVA 1. EJERCICIO 6. OPCIÓN A,"Calcule: a) El pH de una disolución 0’1 M de ácido acético, CH COOH, cuyo grado de
3
disociación es 1’33%. b) La constante K del ácido acético.",2001 - Ácido Base.pdf,enunciados_PNG/2001 - Ácido Base_png/2001_reserva_1_ejercicio_6_opcion_a.png,
Química,2001,Reserva 1,Ejercicio 4. Opción B,Ácido Base,QUÍMICA. 2001. RESERVA 1. EJERCICIO 4. OPCIÓN B,"a) ¿Cuál es la concentración en HNO de una disolución cuyo pH es 1?.
3
b) Describa el procedimiento e indique el material necesario para preparar 100 mL de
disolución de HNO 102 M a partir de la anterior.",2001 - Ácido Base.pdf,enunciados_PNG/2001 - Ácido Base_png/2001_reserva_1_ejercicio_4_opcion_b.png,
Química,2001,Reserva 2,Ejercicio 6. Opción A,Ácido Base,QUÍMICA. 2001. RESERVA 2. EJERCICIO 6. OPCIÓN A,"Se disuelven 23 g de ácido metanoico, HCOOH, en agua hasta obtener 10 litros de disolución.
La concentración de iones H O es 0’003 M. Calcule: a) El pH de la disolución y el grado de
3
disociación. b) La constante K del ácido.
a",2001 - Ácido Base.pdf,enunciados_PNG/2001 - Ácido Base_png/2001_reserva_2_ejercicio_6_opcion_a.png,
Química,2001,Reserva 2,Ejercicio 3. Opción B,Ácido Base,QUÍMICA. 2001. RESERVA 2. EJERCICIO 3. OPCIÓN B,"Explique cuál o cuáles de las siguientes especies químicas, al disolverse en agua, formará
disoluciones con pH menor que siete. a) HF. b) Na CO . c) NH Cl.",2001 - Ácido Base.pdf,enunciados_PNG/2001 - Ácido Base_png/2001_reserva_2_ejercicio_3_opcion_b.png,
Química,2001,Reserva 4,Ejercicio 5. Opción A,Ácido Base,QUÍMICA. 2001. RESERVA 4. EJERCICIO 5. OPCIÓN A,"Calcule: a) El pH de una disolución 0’03 M de ácido perclórico, HClO , y el de una disolución
4
0’05 M de NaOH. b) El pH de la disolución que resulta al mezclar 50 mL de cada una de las",2001 - Ácido Base.pdf,enunciados_PNG/2001 - Ácido Base_png/2001_reserva_4_ejercicio_5_opcion_a.png,
Química,2001,Reserva 4,Ejercicio 3. Opción B,Ácido Base,QUÍMICA. 2001. RESERVA 4. EJERCICIO 3. OPCIÓN B,"Complete las ecuaciones siguientes e indique los pares ácido-base conjugados, según la teoría
de Brönsted-Lowry:
a) CN H O
3
b) NH  OH
4
c) NO  H O",2001 - Ácido Base.pdf,enunciados_PNG/2001 - Ácido Base_png/2001_reserva_4_ejercicio_3_opcion_b.png,
Química,2001,Septiembre,Ejercicio 5. Opción A,Ácido Base,QUÍMICA. 2001. SEPTIEMBRE. EJERCICIO 5. OPCIÓN A,"La constante K del NH , es igual a 1'8105 a 25º C. Calcule: a) La concentración de las
b 3
especies iónicas en una disolución 0’2 M de amoniaco. b) El pH de la disolución y el grado de",2001 - Ácido Base.pdf,enunciados_PNG/2001 - Ácido Base_png/2001_septiembre_ejercicio_5_opcion_a.png,
Química,2001,Septiembre,Ejercicio 4. Opción B,Ácido Base,QUÍMICA. 2001. SEPTIEMBRE. EJERCICIO 4. OPCIÓN B,"Razone la veracidad o falsedad de las siguientes afirmaciones: a) A igual molaridad, cuanto
más débil es un ácido menor es el pH de sus disoluciones. b) A un ácido fuerte le corresponde",2001 - Ácido Base.pdf,enunciados_PNG/2001 - Ácido Base_png/2001_septiembre_ejercicio_4_opcion_b.png,
Química,2002,Junio,Ejercicio 5. Opción A,Ácido Base,QUÍMICA. 2002. JUNIO. EJERCICIO 5. OPCIÓN A,"Sabiendo que la constante de ionización del ácido acético (K ) tiene un valor de 1'8105,
a
calcule:
a) El grado de disociación.
b) El pH de una disolución 0’01 M. de ácido acético (CH COOH).",2002 - Ácido Base.pdf,enunciados_PNG/2002 - Ácido Base_png/2002_junio_ejercicio_5_opcion_a.png,
Química,2002,Junio,Ejercicio 4. Opción B,Ácido Base,QUÍMICA. 2002. JUNIO. EJERCICIO 4. OPCIÓN B,"Razone, mediante un ejemplo, si al disolver una sal en agua:
a) Se puede obtener una disolución de pH básico.
b) Se puede obtener una disolución de pH ácido.",2002 - Ácido Base.pdf,enunciados_PNG/2002 - Ácido Base_png/2002_junio_ejercicio_4_opcion_b.png,
Química,2002,Reserva 1,Ejercicio 6. Opción A,Ácido Base,QUÍMICA. 2002. RESERVA 1. EJERCICIO 6. OPCIÓN A,"En una disolución acuosa de HNO 0’2 M, calcule:
2
a) El grado de disociación del ácido.
b) El pH de la disolución.
Dato: K  4'510 4.",2002 - Ácido Base.pdf,enunciados_PNG/2002 - Ácido Base_png/2002_reserva_1_ejercicio_6_opcion_a.png,
Química,2002,Reserva 1,Ejercicio 4. Opción B,Ácido Base,QUÍMICA. 2002. RESERVA 1. EJERCICIO 4. OPCIÓN B,"a) Qué volumen de una disolución 0’1 M de ácido clorhídrico se necesitará para neutralizar 50
mL de una disolución 0’05 M de hidróxido de sodio.
b) Escriba la reacción de neutralización.
c) Describa el procedimiento e indique el material necesario para llevar a cabo la valoración",2002 - Ácido Base.pdf,enunciados_PNG/2002 - Ácido Base_png/2002_reserva_1_ejercicio_4_opcion_b.png,
Química,2002,Reserva 2,Ejercicio 4. Opción B,Ácido Base,QUÍMICA. 2002. RESERVA 2. EJERCICIO 4. OPCIÓN B,"En 500 mL de una disolución acuosa 0’1 M deNaOH.
a) Cuál es la concentración deOH.
b) Cuál es la concentración de H O.
3",2002 - Ácido Base.pdf,enunciados_PNG/2002 - Ácido Base_png/2002_reserva_2_ejercicio_4_opcion_b.png,
Química,2002,Reserva 3,Ejercicio 3. Opción A,Ácido Base,QUÍMICA. 2002. RESERVA 3. EJERCICIO 3. OPCIÓN A,"Dadas las siguientes especies químicas: H O, OH, HCl, HCO, NH y HNO , justifique,
3 3 3 3
según la teoría de Brönsted-Lowry:
a) Cuáles pueden actuar sólo como ácidos.
b) Cuáles pueden actuar sólo como bases.",2002 - Ácido Base.pdf,enunciados_PNG/2002 - Ácido Base_png/2002_reserva_3_ejercicio_3_opcion_a.png,
Química,2002,Reserva 3,Ejercicio 5. Opción B,Ácido Base,QUÍMICA. 2002. RESERVA 3. EJERCICIO 5. OPCIÓN B,"Calcule:
a) El pH de una disolución 0’02 M de ácido nítrico y el de una disolución 0’05 M de NaOH.
b) El pH de la disolución que resulta al mezclar 75 mL de la disolución del ácido con 25 mL de",2002 - Ácido Base.pdf,enunciados_PNG/2002 - Ácido Base_png/2002_reserva_3_ejercicio_5_opcion_b.png,
Química,2002,Reserva 4,Ejercicio 4. Opción B,Ácido Base,QUÍMICA. 2002. RESERVA 4. EJERCICIO 4. OPCIÓN B,"En dos disoluciones de la misma concentración de dos ácidos débiles monopróticos HA y HB, se
comprueba que [A] es mayor que la de[B]. Justifique la veracidad o falsedad de las
afirmaciones siguientes:
a) El ácido HA es más fuerte que HB.
b) El valor de la constante de disociación del ácido HA es menor que el valor de la constante de
disociación de HB.",2002 - Ácido Base.pdf,enunciados_PNG/2002 - Ácido Base_png/2002_reserva_4_ejercicio_4_opcion_b.png,
Química,2002,Septiembre,Ejercicio 4. Opción A,Ácido Base,QUÍMICA. 2002. SEPTIEMBRE. EJERCICIO 4. OPCIÓN A,"a) El pH de una disolución de un ácido monoprótico (HA) de concentración 5103 M es 2’3.
¿Se trata de un ácido fuerte o débil? Razone la respuesta.
b) Explique si el pH de una disolución acuosa de NH Cl es mayor, menor o igual a siete.",2002 - Ácido Base.pdf,enunciados_PNG/2002 - Ácido Base_png/2002_septiembre_ejercicio_4_opcion_a.png,
Química,2003,Junio,Ejercicio 4. Opción B,Ácido Base,QUÍMICA. 2003. JUNIO. EJERCICIO 4. OPCIÓN B,"a) ¿Qué significado tienen los términos fuerte y débil referidos a un ácido o a una base?
b) Si se añade agua a una disolución de pH = 4 ¿qué le ocurre a la concentración deH O?",2003 - Ácido Base.pdf,enunciados_PNG/2003 - Ácido Base_png/2003_junio_ejercicio_4_opcion_b.png,
Química,2003,Reserva 1,Ejercicio 6. Opción A,Ácido Base,QUÍMICA. 2003. RESERVA 1. EJERCICIO 6. OPCIÓN A,"Se preparan 100 mL de disolución acuosa de HNO que contienen 0’47 g de este ácido.
2
Calcule:
a) El grado de disociación del ácido nitroso.
b) El pH de la disolución.
Datos: K (HNO )5'0104 . Masas atómicas: N = 14; O = 16; H = 1.",2003 - Ácido Base.pdf,enunciados_PNG/2003 - Ácido Base_png/2003_reserva_1_ejercicio_6_opcion_a.png,
Química,2003,Reserva 1,Ejercicio 4. Opción B,Ácido Base,QUÍMICA. 2003. RESERVA 1. EJERCICIO 4. OPCIÓN B,"Considere cuatro disoluciones A, B, C y D caracterizadas por:
A: pH = 4 ; B: [OH]1014; C: [H O]107; D: pH =9.
3
a) Ordénelas de menor a mayor acidez.",2003 - Ácido Base.pdf,enunciados_PNG/2003 - Ácido Base_png/2003_reserva_1_ejercicio_4_opcion_b.png,
Química,2003,Reserva 2,Ejercicio 4. Opción A,Ácido Base,QUÍMICA. 2003. RESERVA 2. EJERCICIO 4. OPCIÓN A,"Dadas las especies en disolución acuosa: NH; CH COOH, HCO y OH
4 3 3
a) Justifique el comportamiento como ácido y/o base de cada una de ellas, según la teoría de
Brönsted-Lowry.",2003 - Ácido Base.pdf,enunciados_PNG/2003 - Ácido Base_png/2003_reserva_2_ejercicio_4_opcion_a.png,
Química,2003,Reserva 3,Ejercicio 3. Opción A,Ácido Base,QUÍMICA. 2003. RESERVA 3. EJERCICIO 3. OPCIÓN A,"Justifique si las siguientes afirmaciones son correctas:
a) El ión HSO puede actuar como ácido según la teoría de Arrhenius.
4
b) El ión CO2 es una base según la teoría de Brönsted y Lowry.",2003 - Ácido Base.pdf,enunciados_PNG/2003 - Ácido Base_png/2003_reserva_3_ejercicio_3_opcion_a.png,
Química,2003,Reserva 3,Ejercicio 5. Opción B,Ácido Base,QUÍMICA. 2003. RESERVA 3. EJERCICIO 5. OPCIÓN B,"Se dispone de 80 mL de una disolución acuosa de NaOH 0’8 M. Calcule:
a) El volumen de agua que hay que añadir para que la concentración de la nueva disolución sea
0’5 M. Suponga que los volúmenes son aditivos.",2003 - Ácido Base.pdf,enunciados_PNG/2003 - Ácido Base_png/2003_reserva_3_ejercicio_5_opcion_b.png,
Química,2003,Reserva 4,Ejercicio 6. Opción A,Ácido Base,QUÍMICA. 2003. RESERVA 4. EJERCICIO 6. OPCIÓN A,"En una disolución acuosa 0’01 M de ácido cloroacético (ClCH COOH), éste se encuentra
2
disociado en un 31 %. Calcule:
a) La constante de disociación del ácido.",2003 - Ácido Base.pdf,enunciados_PNG/2003 - Ácido Base_png/2003_reserva_4_ejercicio_6_opcion_a.png,
Química,2003,Reserva 4,Ejercicio 4. Opción B,Ácido Base,QUÍMICA. 2003. RESERVA 4. EJERCICIO 4. OPCIÓN B,"De acuerdo con la teoría de Brönsted-Lowry, indique cuáles de las siguientes especies:
HSO, HNO , S2 , NH , H O y H O.
4 3 3 2 3
a) Actúan sólo como ácido.
b) Actúan sólo como base.",2003 - Ácido Base.pdf,enunciados_PNG/2003 - Ácido Base_png/2003_reserva_4_ejercicio_4_opcion_b.png,
Química,2003,Septiembre,Ejercicio 5. Opción A,Ácido Base,QUÍMICA. 2003. SEPTIEMBRE. EJERCICIO 5. OPCIÓN A,"En 50 mL de una disolución acuosa de HCl 0’05 M se disuelven 1’5 g de NaCl. Suponiendo que
no se altera el volumen de la disolución, calcule:
a) La concentración de cada uno de los iones.
b) El pH de la disolución.",2003 - Ácido Base.pdf,enunciados_PNG/2003 - Ácido Base_png/2003_septiembre_ejercicio_5_opcion_a.png,
Química,2003,Septiembre,Ejercicio 4. Opción B,Ácido Base,QUÍMICA. 2003. SEPTIEMBRE. EJERCICIO 4. OPCIÓN B,"De los ácidos débiles HNO y HCN, el primero es más fuerte que el segundo.
2
a) Escriba sus reacciones de disociación en agua, especificando cuáles son sus bases conjugadas.",2003 - Ácido Base.pdf,enunciados_PNG/2003 - Ácido Base_png/2003_septiembre_ejercicio_4_opcion_b.png,
Química,2004,Junio,Ejercicio 3. Op Ción A,Ácido Base,QUÍMICA. 2004. JUNIO. EJERCICIO 3. OP CIÓN A,"De las siguientes especies químicas: H O;HCO ;CO 2;H O;NH ;NH , explique según la
3 3 3 2 3 4
teoría de Brönsted-Lowry:
a) Cuáles pueden actuar sólo como ácido.
b) Cuáles sólo como base.",2004 - Ácido Base.pdf,enunciados_PNG/2004 - Ácido Base_png/2004_junio_ejercicio_3_op_cion_a.png,
Química,2004,Junio,Ejercicio 5. Op Ción B,Ácido Base,QUÍMICA. 2004. JUNIO. EJERCICIO 5. OP CIÓN B,"Se disuelven 0’86 g de Ba(OH) en la cantidad de agua necesaria para obtener 0’1 L de
2
disolución.
Calcule:
a) Las concentraciones de las especies OH y Ba2 en la disolución.
b) El pH de la disolución.",2004 - Ácido Base.pdf,enunciados_PNG/2004 - Ácido Base_png/2004_junio_ejercicio_5_op_cion_b.png,
Química,2004,Reserva 1,Ejercicio 6. Opción A,Ácido Base,QUÍMICA. 2004. RESERVA 1. EJERCICIO 6. OPCIÓN A,"Un ácido monoprótico, HA, en disolución acuosa de concentración 0’03 M, se encuentra
ionizado en un 5 %. Calcule:
a) El pH de la disolución.",2004 - Ácido Base.pdf,enunciados_PNG/2004 - Ácido Base_png/2004_reserva_1_ejercicio_6_opcion_a.png,
Química,2004,Reserva 1,Ejercicio 4. Opción B,Ácido Base,QUÍMICA. 2004. RESERVA 1. EJERCICIO 4. OPCIÓN B,"Calcule los datos necesarios para completar la tabla siguiente e indique, en cada caso, si la
disolución es ácida o básica.
pH H O(M) OH(M)
 3   
a 1
b 2104",2004 - Ácido Base.pdf,enunciados_PNG/2004 - Ácido Base_png/2004_reserva_1_ejercicio_4_opcion_b.png,
Química,2004,Reserva 2,Ejercicio 4. Opción B,Ácido Base,QUÍMICA. 2004. RESERVA 2. EJERCICIO 4. OPCIÓN B,"a) Explique el procedimiento a seguir, indicando el material de laboratorio necesario, para
preparar 250 mL de una disolución acuosa 0’2 M de NaOH (masa molecular = 40).
b) ¿Cuál es la concentración de OH?",2004 - Ácido Base.pdf,enunciados_PNG/2004 - Ácido Base_png/2004_reserva_2_ejercicio_4_opcion_b.png,
Química,2004,Reserva 3,Ejercicio 6. Opción A,Ácido Base,QUÍMICA. 2004. RESERVA 3. EJERCICIO 6. OPCIÓN A,"a) Calcule los gramos de NaOH necesarios para preparar 250 mL de una disolución cuyo pH
sea 12.
b) ¿Qué volumen de una disolución de ácido clorhídrico 0’2 M será necesario para neutralizar
50 mL de la disolución de NaOH anterior?",2004 - Ácido Base.pdf,enunciados_PNG/2004 - Ácido Base_png/2004_reserva_3_ejercicio_6_opcion_a.png,
Química,2004,Reserva 3,Ejercicio 4. Opción B,Ácido Base,QUÍMICA. 2004. RESERVA 3. EJERCICIO 4. OPCIÓN B,"Complete los siguientes equilibrios ácido-base identificando, de forma razonada, los pares
conjugados:
a) .....  H O CO 2  H O
2 3 3
b) NH   OH H O  .....
4 2
c) F  H O OH  .....",2004 - Ácido Base.pdf,enunciados_PNG/2004 - Ácido Base_png/2004_reserva_3_ejercicio_4_opcion_b.png,
Química,2004,Reserva 4,Ejercicio 6. Opción A,Ácido Base,QUÍMICA. 2004. RESERVA 4. EJERCICIO 6. OPCIÓN A,"Se añaden 7 g de amoníaco a la cantidad de agua necesaria para obtener 500 mL de disolución.
a) Calcule el pH de la disolución.
b) Calcule el grado de disociación del amoníaco.
Datos: K (NH )1'8105.Masas atómicas:N 14;H 1.",2004 - Ácido Base.pdf,enunciados_PNG/2004 - Ácido Base_png/2004_reserva_4_ejercicio_6_opcion_a.png,
Química,2004,Reserva 4,Ejercicio 4. Opción B,Ácido Base,QUÍMICA. 2004. RESERVA 4. EJERCICIO 4. OPCIÓN B,"Justifique el carácter ácido, básico o neutro de las disoluciones acuosas de las siguientes sales:
a) KCl.
b) NH Cl.",2004 - Ácido Base.pdf,enunciados_PNG/2004 - Ácido Base_png/2004_reserva_4_ejercicio_4_opcion_b.png,
Química,2004,Septiembre,Ejercicio 5. Opción A,Ácido Base,QUÍMICA. 2004. SEPTIEMBRE. EJERCICIO 5. OPCIÓN A,"El pH de una disolución de ácido acético (CH COOH) es 2’9. Calcule:
3
a) La molaridad de la disolución.
b) El grado de disociación del ácido acético en dicha disolución.
Datos: K (CH COOH)1'8105.",2004 - Ácido Base.pdf,enunciados_PNG/2004 - Ácido Base_png/2004_septiembre_ejercicio_5_opcion_a.png,
Química,2004,Septiembre,Ejercicio 4. Opción B,Ácido Base,QUÍMICA. 2004. SEPTIEMBRE. EJERCICIO 4. OPCIÓN B,"a) El pH de una disolución de un ácido monoprótico (HA) de concentración 510 3 M es 2’3.
¿Se trata de un ácido fuerte o débil? Razone su respuesta.
b) Razone si el pH de una disolución acuosa de CH COONa es mayor, menor o igual a 7.",2004 - Ácido Base.pdf,enunciados_PNG/2004 - Ácido Base_png/2004_septiembre_ejercicio_4_opcion_b.png,
Química,2005,Junio,Ejercicio 3. Opción A,Ácido Base,QUÍMICA. 2005. JUNIO. EJERCICIO 3. OPCIÓN A,"Calcule el pH de las siguientes disoluciones acuosas:
a) 100 mL de HCl 0’2 M
b) 100 mL de Ca(OH) 0’25 M.",2005 - Ácido Base.pdf,enunciados_PNG/2005 - Ácido Base_png/2005_junio_ejercicio_3_opcion_a.png,
Química,2005,Junio,Ejercicio 5. Opción B,Ácido Base,QUÍMICA. 2005. JUNIO. EJERCICIO 5. OPCIÓN B,"Una disolución acuosa de amoniaco 0’1 M tiene un pH de 11’11. Calcule:
a) La constante de disociación del amoniaco.",2005 - Ácido Base.pdf,enunciados_PNG/2005 - Ácido Base_png/2005_junio_ejercicio_5_opcion_b.png,
asignatura_desconocida,2005,Reserva 1,Ejercicio 6. Opción A,Ácido Base,QUIMICA. 2005. RESERVA 1. EJERCICIO 6. OPCIÓN A,"Al disolver 0’23 g de HCOOH en 50 mL de agua se obtiene una disolución de pH igual a 2’3.
Calcule:
a) La constante de disociación de dicho ácido.
b) El grado de disociación del mismo.",2005 - Ácido Base.pdf,enunciados_PNG/2005 - Ácido Base_png/2005_reserva_1_ejercicio_6_opcion_a.png,
asignatura_desconocida,2005,Reserva 2,Ejercicio 6 Opción A,Ácido Base,QUIMICA. 2005. RESERVA 2 EJERCICIO 6 OPCIÓN A,"Se mezclan 250 mL de una disolución 0’25 M de NaOH con 150 mL de otra disolución 0’5
molar de la misma base. Calcule: a) La concentración, en gramos por litro, de la disolución",2005 - Ácido Base.pdf,enunciados_PNG/2005 - Ácido Base_png/2005_reserva_2_ejercicio_6_opcion_a.png,
asignatura_desconocida,2005,Reserva 2,Ejercicio 4 Opción B,Ácido Base,QUIMICA. 2005. RESERVA 2 EJERCICIO 4 OPCIÓN B,"a) Explique por qué el CH COONa genera pH básico en disolución acuosa. b) Indique cuál es
3
el ácido conjugado de las siguientes especies, cuando actúan como base en medio acuoso: NH ,
3
H O , OH.",2005 - Ácido Base.pdf,enunciados_PNG/2005 - Ácido Base_png/2005_reserva_2_ejercicio_4_opcion_b.png,
asignatura_desconocida,2005,Reserva 3,Ejercicio 6 Opción A,Ácido Base,QUIMICA. 2005. RESERVA 3 EJERCICIO 6 OPCIÓN A,"El ácido benzoico (C H COOH) es un buen conservante de alimentos ya que inhibe el
6 5
desarrollo microbiano, siempre y cuando el medio posea un pH inferior a 5. Calcule:
a) Si una disolución acuosa de ácido benzoico de concentración 6’1 g/L es adecuada como
conservante.
b) El grado de disociación del ácido en disolució n.
Datos: K (C H COOH)6'5105. Masas ató micas: C = 12; O = 16; H = 1.",2005 - Ácido Base.pdf,enunciados_PNG/2005 - Ácido Base_png/2005_reserva_3_ejercicio_6_opcion_a.png,
asignatura_desconocida,2005,Reserva 3,Ejercicio 4 Opción B,Ácido Base,QUIMICA. 2005. RESERVA 3 EJERCICIO 4 OPCIÓN B,"Complete los siguientes equilibrios ácido-base e identifique los pares conjugados, según la
teoría de Brönsted-Lowry:
a) CO 2  H O
3 3
b) NH   H O
4 2
c) NO   H O",2005 - Ácido Base.pdf,enunciados_PNG/2005 - Ácido Base_png/2005_reserva_3_ejercicio_4_opcion_b.png,
asignatura_desconocida,2005,Reserva 4,Ejercicio 4 Opción B,Ácido Base,QUIMICA. 2005. RESERVA 4 EJERCICIO 4 OPCIÓN B,"a) Escriba el equilibrio de ionización y la expresión de K para una disolución acuosa de NH .
b 3
b) Justifique cualitativamente el carácter ácido, básico o neutro que tendrá una disolución
acuosa de KCN, siendo K (HCN)6'21010. c) Indique todas las especies químicas presentes
a",2005 - Ácido Base.pdf,enunciados_PNG/2005 - Ácido Base_png/2005_reserva_4_ejercicio_4_opcion_b.png,
Química,2005,Septiembre,Ejercicio 5. Opción A,Ácido Base,QUÍMICA. 2005. SEPTIEMBRE. EJERCICIO 5. OPCIÓN A,"Una disolución acuosa 0’1 M de un ácido HA, posee una concentración de protones de 0’03
mol/L. Calcule: a) El valor de la constante K del ácido y el pH de esa disolución. b) La
a",2005 - Ácido Base.pdf,enunciados_PNG/2005 - Ácido Base_png/2005_septiembre_ejercicio_5_opcion_a.png,
Química,2005,Septiembre,Ejercicio 4. Opción B,Ácido Base,QUÍMICA. 2005. SEPTIEMBRE. EJERCICIO 4. OPCIÓN B,"Razone y, en su caso, ponga un ejemplo si al disolver una sal en agua se puede obtener: a) Una",2005 - Ácido Base.pdf,enunciados_PNG/2005 - Ácido Base_png/2005_septiembre_ejercicio_4_opcion_b.png,
Química,2006,Junio,Ejercicio 4. Opción A,Ácido Base,QUÍMICA. 2006. JUNIO. EJERCICIO 4. OPCIÓN A,"Utilizando la teoría de Brönsted-Lowry, justifique el carácter ácido, básico o neutro de las
disoluciones acuosas de las siguientes especies:
a) CO 2.
3
b) Cl.
c) NH  .",2006 - Ácido Base.pdf,enunciados_PNG/2006 - Ácido Base_png/2006_junio_ejercicio_4_opcion_a.png,
Química,2006,Reserva 1,Ejercicio 6. Opción A,Ácido Base,QUÍMICA. 2006. RESERVA 1. EJERCICIO 6. OPCIÓN A,"A 25 ºC, una disolución de amoniaco contiene 0’17 g de este compuesto por litro y está ionizado
en un 4’24 %. Calcule:
a) La constante de ionización del amoniaco a la temperatura mencionada.
b) El pH de la disolución.",2006 - Ácido Base.pdf,enunciados_PNG/2006 - Ácido Base_png/2006_reserva_1_ejercicio_6_opcion_a.png,
Química,2006,Reserva 1,Ejercicio 4. Opción B,Ácido Base,QUÍMICA. 2006. RESERVA 1. EJERCICIO 4. OPCIÓN B,"a) ¿Cuál es la concentración de H O en 200 mL de una disolución acuosa 0’1 M de HCl?
3
b) ¿Cuál es el pH?",2006 - Ácido Base.pdf,enunciados_PNG/2006 - Ácido Base_png/2006_reserva_1_ejercicio_4_opcion_b.png,
Química,2006,Reserva 2,Ejercicio 6. Opción A,Ácido Base,QUÍMICA. 2006. RESERVA 2. EJERCICIO 6. OPCIÓN A,"En una disolución de un ácido monoprótico, HA, de concentración 0’1 M, el ácido se encuentra
disociado en un 1’3 %. Calcule:
a) El pH de la disolución.
b) El valor de la constante K del ácido.",2006 - Ácido Base.pdf,enunciados_PNG/2006 - Ácido Base_png/2006_reserva_2_ejercicio_6_opcion_a.png,
Química,2006,Reserva 2,Ejercicio 4. Opción B,Ácido Base,QUÍMICA. 2006. RESERVA 2. EJERCICIO 4. OPCIÓN B,"Complete las siguientes reacciones e indique, según la teoría de Brönsted-Lowry, las especies
que actúan como ácido o como base, así como sus correspondientes pares conjugados:
a) HCl  H O
2
b) NH  H O
3 2
c) NH  H O",2006 - Ácido Base.pdf,enunciados_PNG/2006 - Ácido Base_png/2006_reserva_2_ejercicio_4_opcion_b.png,
Química,2006,Reserva 3,Ejercicio 6. Opción A,Ácido Base,QUÍMICA. 2006. RESERVA 3. EJERCICIO 6. OPCIÓN A,"a) Calcule el volumen de agua que hay que añadir a 100 mL de una disolución 0’5 M de NaOH
para que sea 0’3 M.
b) Si a 50 mL de una disolución 0’3 M de NaOH añadimos 50 mL de otra de HCl 0’1 M, ¿qué",2006 - Ácido Base.pdf,enunciados_PNG/2006 - Ácido Base_png/2006_reserva_3_ejercicio_6_opcion_a.png,
Química,2006,Reserva 3,Ejercicio 4. Opción B,Ácido Base,QUÍMICA. 2006. RESERVA 3. EJERCICIO 4. OPCIÓN B,"Justifique, mediante la formulación de las ecuaciones correspondientes, el carácter ácido,
básico o neutro que presentarían las disoluciones acuosas de las siguientes sustancias:
a) Cloruro de sodio.
b) Cloruro de amonio.",2006 - Ácido Base.pdf,enunciados_PNG/2006 - Ácido Base_png/2006_reserva_3_ejercicio_4_opcion_b.png,
Química,2006,Reserva 4,Ejercicio 5. Opción A,Ácido Base,QUÍMICA. 2006. RESERVA 4. EJERCICIO 5. OPCIÓN A,"El pH de un litro de una disolución acuosa de hidróxido de sodio es 13. Calcule:
a) Los gramos de hidróxido sódico utilizados para prepararla.
b) El volumen de agua que hay que añadir a un litro de la disolución anterior para que su pH
sea 12.",2006 - Ácido Base.pdf,enunciados_PNG/2006 - Ácido Base_png/2006_reserva_4_ejercicio_5_opcion_a.png,
Química,2006,Reserva 4,Ejercicio 4. Opción B,Ácido Base,QUÍMICA. 2006. RESERVA 4. EJERCICIO 4. OPCIÓN B,"a) Describa el procedimiento e indique el material necesario para preparar 500 mL de una
disolución acuosa de hidróxido de sodio 0’001 M a partir de otra 0’1 M.",2006 - Ácido Base.pdf,enunciados_PNG/2006 - Ácido Base_png/2006_reserva_4_ejercicio_4_opcion_b.png,
Química,2006,Septiembre,Ejercicio 3. Opción A,Ácido Base,QUÍMICA. 2006. SEPTIEMBRE. EJERCICIO 3. OPCIÓN A,a) ¿Cuál es el pH de 100 mL de una disolución acuosa de NaOH 0’01 M?.,2006 - Ácido Base.pdf,enunciados_PNG/2006 - Ácido Base_png/2006_septiembre_ejercicio_3_opcion_a.png,
Química,2006,Septiembre,Ejercicio 5. Opción B,Ácido Base,QUÍMICA. 2006. SEPTIEMBRE. EJERCICIO 5. OPCIÓN B,"Se tiene una disolución acuosa de CH COOH 0’05 M. Calcule:
3
a) El grado de disociación del ácido acético.
b) El pH de la disolución.
Dato: K 1'8105",2006 - Ácido Base.pdf,enunciados_PNG/2006 - Ácido Base_png/2006_septiembre_ejercicio_5_opcion_b.png,
Química,2007,Junio,Ejercicio 3. Opción A,Ácido Base,QUÍMICA. 2007. JUNIO EJERCICIO 3. OPCIÓN A,"Considere cuatro disoluciones A, B, C y D caracterizadas por:
A:

OH

1013; B:pH  3; C:pH 10; D:

H
3
O

107
a) Ordénelas de menor a mayor acidez",2007 - Ácido Base.pdf,enunciados_PNG/2007 - Ácido Base_png/2007_junio_ejercicio_3_opcion_a.png,
Química,2007,Reserva 1,Ejercicio 6. Opción A,Ácido Base,QUÍMICA. 2007. RESERVA 1. EJERCICIO 6. OPCIÓN A,"a) Calcule el pH de una disolución de HClO 0’03 M y de una disolución 0’05 M de NaOH.
4
b) Calcule el pH de la disolución obtenida al mezclar 50 mL de cada una de las disoluciones",2007 - Ácido Base.pdf,enunciados_PNG/2007 - Ácido Base_png/2007_reserva_1_ejercicio_6_opcion_a.png,
Química,2007,Reserva 1,Ejercicio 4. Opción B,Ácido Base,QUÍMICA. 2007. RESERVA 1. EJERCICIO 4. OPCIÓN B,"Justifique si las siguientes afirmaciones son verdaderas o falsas:
a) En las disoluciones acuosas de las bases débiles, éstas se encuentran totalmente disociadas.",2007 - Ácido Base.pdf,enunciados_PNG/2007 - Ácido Base_png/2007_reserva_1_ejercicio_4_opcion_b.png,
Química,2007,Reserva 2,Ejercicio 4. Opción A,Ácido Base,QUÍMICA. 2007. RESERVA 2. EJERCICIO 4. OPCIÓN A,"Escriba las reacciones de hidrólisis de las siguientes sales e indique si el pH resultante será
ácido, básico o neutro:
a) NaCN (HCN es un ácido débil).
b) KCl.
c) NH Cl.",2007 - Ácido Base.pdf,enunciados_PNG/2007 - Ácido Base_png/2007_reserva_2_ejercicio_4_opcion_a.png,
Química,2007,Reserva 3,Ejercicio 6. Opción A,Ácido Base,QUÍMICA. 2007. RESERVA 3. EJERCICIO 6. OPCIÓN A,"Se disuelven 23 g de ácido metanoico, HCOOH, en agua hasta obtener 10 L de disolución. La
concentración de H O es 0’003 M. Calcule:
3
a) El grado de disociación del ácido en disoluc ión.
b) El valor de la constante K .
a",2007 - Ácido Base.pdf,enunciados_PNG/2007 - Ácido Base_png/2007_reserva_3_ejercicio_6_opcion_a.png,
Química,2007,Reserva 3,Ejercicio 4. Opción B,Ácido Base,QUÍMICA. 2007. RESERVA 3. EJERCICIO 4. OPCIÓN B,"Complete los siguientes equilibrios e identifique los pares ácido-base conjugados:
a) CO 2  H O ......  ......
3 2
b) NH   OH ......  ......
4",2007 - Ácido Base.pdf,enunciados_PNG/2007 - Ácido Base_png/2007_reserva_3_ejercicio_4_opcion_b.png,
Química,2007,Reserva 4,Ejercicio 5. Opción A,Ácido Base,QUÍMICA. 2007. RESERVA 4. EJERCICIO 5. OPCIÓN A,"Una disolución acuosa de ácido cianhídrico (HCN) 0’01 M tiene un pH de 5’6. Calcule:
a) La concentración de todas las especies químicas presentes.",2007 - Ácido Base.pdf,enunciados_PNG/2007 - Ácido Base_png/2007_reserva_4_ejercicio_5_opcion_a.png,
Química,2007,Reserva 4,Ejercicio 4. Opción B,Ácido Base,QUÍMICA. 2007. RESERVA 4. EJERCICIO 4. OPCIÓN B,"a) Justifique, mediante la reacción correspondiente, el pH ácido de una disolución acuosa de
NH Cl.
4
b) Indique cuál es el ácido conjugado de las siguientes especies cuando actúan como base en
medio acuoso: HCO , H O y CH COO.",2007 - Ácido Base.pdf,enunciados_PNG/2007 - Ácido Base_png/2007_reserva_4_ejercicio_4_opcion_b.png,
Química,2007,Septiembre,Ejercicio 6. Opción A,Ácido Base,QUÍMICA. 2007. SEPTIEMBRE. EJERCICIO 6. OPCIÓN A,"a) Calcule la masa de NaOH sólido del 80% de riqueza en peso, necesaria para preparar 250
mL de una disolución 0’025 M y determine su pH.
b) ¿Qué volumen de la disolución anterior se necesita para neutralizar 20 mL de una disolución
de ácido sulfúrico 0’005 M?.",2007 - Ácido Base.pdf,enunciados_PNG/2007 - Ácido Base_png/2007_septiembre_ejercicio_6_opcion_a.png,
Química,2007,Septiembre,Ejercicio 4. Opción B,Ácido Base,QUÍMICA. 2007. SEPTIEMBRE. EJERCICIO 4. OPCIÓN B,"a) Justifique, mediante la teoría de Brönsted-Lowry, el carácter ácido, básico o neutro que
presentarán las disoluciones acuosas de las siguientes especies: NH ,CO 2,HNO
3 3 2
b) Describa el procedimiento y el material necesario para llevar a cabo la valoración de una",2007 - Ácido Base.pdf,enunciados_PNG/2007 - Ácido Base_png/2007_septiembre_ejercicio_4_opcion_b.png,
Química,2008,Junio,Ejercicio 6. Opción A,Ácido Base,QUÍMICA. 2008. JUNIO EJERCICIO 6. OPCIÓN A,"Se preparan 10 L de disolución de un ácido monoprótico HA, de masa molar 74, disolviendo en
agua 37 g de éste. La concentración de H O es 0’001 M. Calcule:
3
a) El grado de disociación del ácido en disolución.
b) El valor de la constante K .",2008 - Ácido Base.pdf,enunciados_PNG/2008 - Ácido Base_png/2008_junio_ejercicio_6_opcion_a.png,
Química,2008,Junio,Ejercicio 4. Opción B,Ácido Base,QUÍMICA. 2008. JUNIO EJERCICIO 4. OPCIÓN B,"a) ¿Qué volumen de disolución de NaOH 0’1 M se necesitaría para neutralizar 10 mL de
disolución acuosa de HCl 0’2 M?.
b) ¿Cuál es el pH en el punto de equivalencia?.
c) Describa el procedimiento experimental y nombre el material necesario para llevar a cabo la",2008 - Ácido Base.pdf,enunciados_PNG/2008 - Ácido Base_png/2008_junio_ejercicio_4_opcion_b.png,
Química,2008,Reserva 1,Ejercicio 4 Opción A,Ácido Base,QUÍMICA. 2008. RESERVA 1 EJERCICIO 4 OPCIÓN A,"Escriba las ecuaciones químicas correspondientes a la disolución en agua de las siguientes sales
y clasifíquelas en ácidas, básicas o neutras:
a) KNO
3
b) NH Cl
4
c) Na CO",2008 - Ácido Base.pdf,enunciados_PNG/2008 - Ácido Base_png/2008_reserva_1_ejercicio_4_opcion_a.png,
Química,2008,Reserva 2,Ejercicio 5 . Opción A,Ácido Base,QUÍMICA. 2008. RESERVA 2 EJERCICIO 5 . OPCIÓN A,"a) ¿Qué volumen de una disolución 0’03 M de HClO se necesita para neutralizar 50 mL de
4
una disolución 0’05 M de NaOH?
b) Calcule el pH de la disolución obtenida al mezclar 50 mL de cada una de las disoluciones
anteriores.",2008 - Ácido Base.pdf,enunciados_PNG/2008 - Ácido Base_png/2008_reserva_2_ejercicio_5_opcion_a.png,
Química,2008,Reserva 2,Ejercicio 4. Opción B,Ácido Base,QUÍMICA. 2008. RESERVA 2 EJERCICIO 4. OPCIÓN B,"Justifique si las siguientes afirmaciones son verdaderas o falsas:
a) Las disoluciones acuosas de acetato de sodio dan un pH inferior a 7.
b) Un ácido débil es aquél cuyas disoluciones son diluidas.",2008 - Ácido Base.pdf,enunciados_PNG/2008 - Ácido Base_png/2008_reserva_2_ejercicio_4_opcion_b.png,
Química,2008,Reserva 3,Ejercicio 6. Opción A,Ácido Base,QUÍMICA. 2008. RESERVA 3 EJERCICIO 6. OPCIÓN A,"El ácido cloroacético es un ácido monoprótico. En una disolución acuosa de concentración
0’01 M se encuentra disociado en un 31 %. Calcule:
a) La constante de disociación del ácido.",2008 - Ácido Base.pdf,enunciados_PNG/2008 - Ácido Base_png/2008_reserva_3_ejercicio_6_opcion_a.png,
Química,2008,Reserva 3,Ejercicio 4. Opción B,Ácido Base,QUÍMICA. 2008. RESERVA 3 EJERCICIO 4. OPCIÓN B,"Calcule el pH de 50 mL de:
a) Una disolución acuosa 0’01 M de cloruro de hidrógeno.
b) Una disolución acuosa 0’01 M de hidróxido de potasio.
c) Una disolución formada por la mezcla de volúmenes iguales de las dos disoluciones",2008 - Ácido Base.pdf,enunciados_PNG/2008 - Ácido Base_png/2008_reserva_3_ejercicio_4_opcion_b.png,
Química,2008,Reserva 4,Ejercicio 6. Opción A,Ácido Base,QUÍMICA. 2008. RESERVA 4. EJERCICIO 6. OPCIÓN A,"Se disuelven 0'17 g de amoniaco en agua, obteniéndose 100 mL de disolución de pH 11'12.
Calcule:
a) El grado de disociación del amoniaco.
b) El valor de la constante K de esta sustancia.
b",2008 - Ácido Base.pdf,enunciados_PNG/2008 - Ácido Base_png/2008_reserva_4_ejercicio_6_opcion_a.png,
Química,2008,Reserva 4,Ejercicio 4. Opción B,Ácido Base,QUÍMICA. 2008. RESERVA 4. EJERCICIO 4. OPCIÓN B,"a) Explique por qué el NH Cl genera un pH ácido en disolución acuosa.
4
b) Indique cuál es el ácido conjugado de las siguientes especies cuando actúan como base en
medio acuoso: CO 2,H O,NH .",2008 - Ácido Base.pdf,enunciados_PNG/2008 - Ácido Base_png/2008_reserva_4_ejercicio_4_opcion_b.png,
Química,2008,Septiembre,Ejercici O 3. Opción A,Ácido Base,QUÍMICA. 2008. SEPTIEMBRE. EJERCICI O 3. OPCIÓN A,"Complete los siguientes equilibrios e identifique los pares ácido-base conjugados:
a) ..........  H O CO 2  H O
2 3 3
b) NH   OH H O  ..........
4 2
c) F  H O OH  ..........",2008 - Ácido Base.pdf,enunciados_PNG/2008 - Ácido Base_png/2008_septiembre_ejercici_o_3_opcion_a.png,
Química,2008,Septiembre,Ejercicio 5. Opción B,Ácido Base,QUÍMICA. 2008. SEPTIEMBRE. EJERCICIO 5. OPCIÓN B,"Se prepara una disolución tomando 10 mL de una disolución de ácido sulfúrico del 24% de
riqueza en peso y densidad 1’17 g/mL, y añadiendo agua destilada hasta un volumen de 100
mL. Calcule:
a) El pH de la disolución diluida.
b) El volumen de la disolución preparada que se necesita para neutralizar 10 mL de disolución
de KOH de densidad 1’05 g/mL y 15% de riqueza en peso.",2008 - Ácido Base.pdf,enunciados_PNG/2008 - Ácido Base_png/2008_septiembre_ejercicio_5_opcion_b.png,
Química,2009,Junio,Ejercicio 3. Opción A,Ácido Base,QUÍMICA. 2009. JUNIO. EJERCICIO 3. OPCIÓN A,"Para las siguientes sales: NaCl, NH NO y K CO
4 3 2 3
a) Escriba las ecuaciones químicas correspondientes a su disolución en agua.",2009 - Ácido Base.pdf,enunciados_PNG/2009 - Ácido Base_png/2009_junio_ejercicio_3_opcion_a.png,
Química,2009,Junio,Ejercicio 5. Opción B,Ácido Base,QUÍMICA. 2009. JUNIO. EJERCICIO 5. OPCIÓN B,"La codeína es un compuesto monobásico de carácter débil cuya constante K es 9107.
b
Calcule:
a) El pH de una disolución acuosa 0’02 M de codeína.",2009 - Ácido Base.pdf,enunciados_PNG/2009 - Ácido Base_png/2009_junio_ejercicio_5_opcion_b.png,
Química,2009,Reserva 1,Ejercicio 5. Opción A,Ácido Base,QUÍMICA. 2009. RESERVA 1. EJERCICIO 5. OPCIÓN A,"El pH de 1 L de disolución acuosa de hidróxido de litio es 13. Calcule:
a) Los gramos de hidróxido que se han utilizado para prepararla.
b) El volumen de agua que hay que añadir a 1 L de la disolución anterior para que su pH sea
12. Suponga que los volúmenes son aditivos",2009 - Ácido Base.pdf,enunciados_PNG/2009 - Ácido Base_png/2009_reserva_1_ejercicio_5_opcion_a.png,
Química,2009,Reserva 1,Ejercicio 4. Opción B,Ácido Base,QUÍMICA. 2009. RESERVA 1. EJERCICIO 4. OPCIÓN B,"Para las especies CN,HF y CO 2, en disolución acuosa:
3
a) Escriba, según corresponda, la fórmula del ácido o de la base conjugados.
b) Justifique, mediante la reacción correspondiente, el carácter ácido o básico que es de esperar",2009 - Ácido Base.pdf,enunciados_PNG/2009 - Ácido Base_png/2009_reserva_1_ejercicio_4_opcion_b.png,
Química,2009,Reserva 2,Ejercicio 6. Opción A,Ácido Base,QUÍMICA. 2009. RESERVA 2. EJERCICIO 6. OPCIÓN A,"En 500 mL de agua se disuelven 3 g deCH COOH. Calcule:
3
a) El pH de la disolución.
b) El tanto por ciento de ácido ionizado.
Datos: K (CH COOH)1'8105. Masas atómicas: C = 12; H = 1; O = 16.",2009 - Ácido Base.pdf,enunciados_PNG/2009 - Ácido Base_png/2009_reserva_2_ejercicio_6_opcion_a.png,
Química,2009,Reserva 3,Ejercicio 4. Opción A,Ácido Base,QUÍMICA. 2009. RESERVA 3. EJERCICIO 4. OPCIÓN A,"Complete los siguientes equilibrios ácido-base e identifique los pares conjugados, según la
teoría de Bronsted-Lowry:
a) ____  H O HPO 2  H O
2 4 3
b) HCN  OH H O  _____
2
c) ____  H O HSO   H O",2009 - Ácido Base.pdf,enunciados_PNG/2009 - Ácido Base_png/2009_reserva_3_ejercicio_4_opcion_a.png,
Química,2009,Reserva 4,Ejercicio 6. Opción A,Ácido Base,QUÍMICA. 2009. RESERVA 4. EJERCICIO 6. OPCIÓN A,"En una disolución acuosa 0'03 M de amoniaco, éste se encuentra disociado en un 2'4 %.
Calcule:
a) El valor de la constante de disociación de la base.
b) ¿Qué cantidad de agua habrá que añadir a 100 mL de dicha disolución para que el pH de la",2009 - Ácido Base.pdf,enunciados_PNG/2009 - Ácido Base_png/2009_reserva_4_ejercicio_6_opcion_a.png,
Química,2009,Reserva 4,Ejercicio 4. Opción B,Ácido Base,QUÍMICA. 2009. RESERVA 4. EJERCICIO 4. OPCIÓN B,"Justifique si las siguientes afirmaciones son verdaderas o falsas:
a) Un ácido puede tener carácter débil y estar concentrado en disolución.
b) Un ión negativo puede ser un ácido.",2009 - Ácido Base.pdf,enunciados_PNG/2009 - Ácido Base_png/2009_reserva_4_ejercicio_4_opcion_b.png,
Química,2009,Septiembre,Ejercicio 6. Opción A,Ácido Base,QUÍMICA. 2009. SEPTIEMBRE. EJERCICIO 6. OPCIÓN A,"En el laboratorio se tienen dos recipientes: uno contiene 15 mL de una disolución acuosa de
HCl de concentración 0’05 M y otro 15 mL de una disolución acuosa 0’05 M de CH COOH.
3
Calcule:
a) El pH de las disoluciones.
b) La cantidad de agua que se deberá añadir a la disolución más ácida para que el pH de
ambas sea el mismo. Suponga que los volúmen es son aditivos.
Dato: K (CH COOH)1'8105",2009 - Ácido Base.pdf,enunciados_PNG/2009 - Ácido Base_png/2009_septiembre_ejercicio_6_opcion_a.png,
Química,2009,Septiembre,Ejercicio 4. Opción B,Ácido Base,QUÍMICA. 2009. SEPTIEMBRE. EJERCICIO 4. OPCIÓN B,"En medio acuoso, según la teoría de Brönsted-Lowry:
a) Justifique el carácter básico del amoníaco
b) Explique si el CH COONa genera pH básico.
3
c) Razone si la especie HNO puede dar lugar a una disolución de pH7.",2009 - Ácido Base.pdf,enunciados_PNG/2009 - Ácido Base_png/2009_septiembre_ejercicio_4_opcion_b.png,
Química,2010,Junio,Ejercicio 6. Opción A,Ácido Base,QUÍMICA. 2010. JUNIO. EJERCICIO 6. OPCIÓN A,"Disponemos de dos matraces: uno contiene 50 mL de una disolución acuosa de HCl 0’10 M, y
el otro, 50 mL de una disolución acuosa de HCOOH diez veces más concentrado que el
primero. Calcule:
a) El pH de cada una de las disoluciones.
b) El volumen de agua que se debe añadir a la disolución más ácida para que el pH de las dos
sea el mismo.
Dato: K (HCOOH)1'8104.",2010 - Ácido Base.pdf,enunciados_PNG/2010 - Ácido Base_png/2010_junio_ejercicio_6_opcion_a.png,
Química,2010,Junio,Ejercicio 4. Opción B,Ácido Base,QUÍMICA. 2010. JUNIO. EJERCICIO 4. OPCIÓN B,"aa)) Ordene de menor a mayor acidez las disoluciones acuosas de igual concentración de HNO ,
3
NaOH y KNO . Razone su respuesta.
3
b) Se tiene un ácido fuerte HA en disolución acuosa. Justifique qué le sucederá al pH de la",2010 - Ácido Base.pdf,enunciados_PNG/2010 - Ácido Base_png/2010_junio_ejercicio_4_opcion_b.png,
Química,2010,Reserva 1,Ejercicio 4. Opción A,Ácido Base,QUÍMICA. 2010. RESERVA 1. EJERCICIO 4. OPCIÓN A,"a) El pH de una disolución acuosa de un ácido monoprótico (HA) de concentración 5103 M
es 2’3. Razone si se trata de un ácido fuerte o débil.
b) Justifique si el pH de una disolución acuosa de NH Cl es mayor, menor o igual a 7.",2010 - Ácido Base.pdf,enunciados_PNG/2010 - Ácido Base_png/2010_reserva_1_ejercicio_4_opcion_a.png,
Química,2010,Reserva 2,Ejercicio 5. Opción B,Ácido Base,QUÍMICA. 2010. RESERVA 2. EJERCICIO 5. OPCIÓN B,"Se preparan 100 mL de una disolución acuosa de amoniaco 0’2 M.
a) Calcule el grado de disociación del amoniaco y el pH de la disolución.
b) Si a 50 mL de la disolución anterior se le añaden 50 mL de agua, calcule el grado de
disociación del amoniaco y el valor del pH de la disolución resultante. Suponga que los
volúmenes son aditivos.
Dato: K (NH )1'8105",2010 - Ácido Base.pdf,enunciados_PNG/2010 - Ácido Base_png/2010_reserva_2_ejercicio_5_opcion_b.png,
Química,2010,Reserva 3,Ejercicio 6. Opción A,Ácido Base,QUÍMICA. 2010. RESERVA 3. EJERCICIO 6. OPCIÓN A,"Una disolución acuosa A contiene 3’65 g de HCl en un litro de disolución. Otra disolución
acuosa B contiene 20 g de NaOH en un litro de disolución. Calcule:
a) El pH de cada una de las disoluciones.
b) El pH final después de mezclar 50 mL de la disolución A con 50 mL de la disolución B.
Suponga que los volúmenes son aditivos.",2010 - Ácido Base.pdf,enunciados_PNG/2010 - Ácido Base_png/2010_reserva_3_ejercicio_6_opcion_a.png,
Química,2010,Reserva 3,Ejercicio 4. Opción B,Ácido Base,QUÍMICA. 2010. RESERVA 3. EJERCICIO 4. OPCIÓN B,"a) ¿Qué volumen de disolución acuosa de NaOH 2 M es necesario para neutralizar 25 mL de
una disolución 0’5 M de HNO ?
3
b) Justifique cuál será el pH en el punto de equivalencia.
c) Describa el procedimiento experimental e indique el material y productos necesarios para",2010 - Ácido Base.pdf,enunciados_PNG/2010 - Ácido Base_png/2010_reserva_3_ejercicio_4_opcion_b.png,
Química,2010,Reserva 4,Ejercicio 4. Opción B,Ácido Base,QUÍMICA. 2010. RESERVA 4. EJERCICIO 4. OPCIÓN B,"Justifique, mediante las reacciones correspondientes, el comportamiento de una disolución
amortiguadora formada por ácido acético y acetato de sodio, cuando se le añaden pequeñas
cantidades de:
a) Un ácido fuerte, como HCl.",2010 - Ácido Base.pdf,enunciados_PNG/2010 - Ácido Base_png/2010_reserva_4_ejercicio_4_opcion_b.png,
Química,2010,Septiembre,Ejercicio 5. Opción A,Ácido Base,QUÍMICA. 2010. SEPTIEMBRE. EJERCICIO 5. OPCIÓN A,"Se dispone de una disolución acuosa de hidróxido de bario depH12. Calcule:
a) Los gramos de hidróxido de bario disueltos en 650 mL de esa disolución.
b) El volumen de ácido clorhídrico 0,2 M que es necesario para neutralizar los 650 mL de la",2010 - Ácido Base.pdf,enunciados_PNG/2010 - Ácido Base_png/2010_septiembre_ejercicio_5_opcion_a.png,
Química,2010,Septiembre,Ejercicio 4. Opción B,Ácido Base,QUÍMICA. 2010. SEPTIEMBRE. EJERCICIO 4. OPCIÓN B,"aJ)u stifique mediante las reacciones correspondientes:
a) Qué le ocurre al equilibrio de hidrólisis que experimenta el NH Cl en disolución acuosa,
4
cuando se añadeNH .
3
b) El comportamiento anfótero del HCO  en disolución acuosa.
3
c) El carácter ácido o básico del NH y del SO 2 en disolución acuosa.",2010 - Ácido Base.pdf,enunciados_PNG/2010 - Ácido Base_png/2010_septiembre_ejercicio_4_opcion_b.png,
Química,2011,Junio,Ejercicio 5. Opción A,Ácido Base,QUÍMICA. 2011. JUNIO. EJERCICIO 5. OPCIÓN A,"A 25 ºC, una disolución acuosa de amoniaco contiene 0’17 g de este compuesto por litro y se
encuentra disociado en un 4’3 %. Calcule:
a) La concentración de iones hidroxilo y amonio.
b) La constante de disociación.",2011 - Ácido Base.pdf,enunciados_PNG/2011 - Ácido Base_png/2011_junio_ejercicio_5_opcion_a.png,
Química,2011,Junio,Ejercicio 4. Op Ción B,Ácido Base,QUÍMICA. 2011. JUNIO. EJERCICIO 4. OP CIÓN B,"Al disolver en agua las siguientes sales: KCl,NH NO y Na CO , justifique mediante las
4 3 2 3
reacciones correspondientes qué disolución es:
a) Ácida.
b) Básica.",2011 - Ácido Base.pdf,enunciados_PNG/2011 - Ácido Base_png/2011_junio_ejercicio_4_op_cion_b.png,
Química,2011,Reserva 1,Ejercicio 5. Opción B,Ácido Base,QUÍMICA. 2011. RESERVA 1. EJERCICIO 5. OPCIÓN B,"En la etiqueta de un frasco de ácido clorhídrico comercial se especifican los siguientes datos: 32
% en masa, densidad 1’14 g/mL. Calcule:
a) El volumen de disolución necesario para preparar 0’1 L de HCl 0’2 M.
b) El volumen de una disolución acuosa de hidróxido de bario 0’5 M necesario para neutralizar
los 0’1 L de HCl del apartado anterior.",2011 - Ácido Base.pdf,enunciados_PNG/2011 - Ácido Base_png/2011_reserva_1_ejercicio_5_opcion_b.png,
Química,2011,Reserva 2,Ejercicio 6. Opción A,Ácido Base,QUÍMICA. 2011. RESERVA 2. EJERCICIO 6. OPCIÓN A,"a) ¿Cuál es el valor de la constante K del ácido cloroacético, ClCH COOH, a 25 ºC, si en
a 2
disolución 0’01 M se encuentra ionizado al 31 %?",2011 - Ácido Base.pdf,enunciados_PNG/2011 - Ácido Base_png/2011_reserva_2_ejercicio_6_opcion_a.png,
Química,2011,Reserva 2,Ejercicio 4. Opción B,Ácido Base,QUÍMICA. 2011. RESERVA 2. EJERCICIO 4. OPCIÓN B,"Complete los siguientes equilibrios ácido-base e indique las sustancias que actúan como ácido y
como base y sus pares conjugados según la teoría de Brönsted-Lowry:
a) NH   H O
4 2
b) NO   H O
2 2
c) H O  HCO ",2011 - Ácido Base.pdf,enunciados_PNG/2011 - Ácido Base_png/2011_reserva_2_ejercicio_4_opcion_b.png,
Química,2011,Reserva 3,Ejercicio 4. Opción A,Ácido Base,QUÍMICA. 2011. RESERVA 3. EJERCICIO 4. OPCIÓN A,"Razone qué ocurrirá con el pH cuando:
a) Se añade agua a una disolución acuosa de ácido fuerte.
b) Se añade a 500 mL de una disolución acuosa de ácido fuerte 100 mL de la misma disolución.",2011 - Ácido Base.pdf,enunciados_PNG/2011 - Ácido Base_png/2011_reserva_3_ejercicio_4_opcion_a.png,
Química,2011,Reserva 4,Ejercicio 6. Opción A,Ácido Base,QUÍMICA. 2011. RESERVA 4. EJERCICIO 6. OPCIÓN A,"Calcule:
a) La concentración de una disolución acuosa de ácido clorhídrico sabiendo que para
neutralizar 25 mL de la misma se han gastado 19’2 mL de una disolución de hidróxido de sodio
0’13 M.
b) El pH de la disolución que resulta al añadir 3 mL de hidróxido de sodio 0’13 M a 20 mL de
la disolución acuosa de ácido clorhídrico del ap artado anterior. Suponga que los volúmenes son",2011 - Ácido Base.pdf,enunciados_PNG/2011 - Ácido Base_png/2011_reserva_4_ejercicio_6_opcion_a.png,
Química,2011,Reserva 4,Ejercicio 4. Opción B,Ácido Base,QUÍMICA. 2011. RESERVA 4. EJERCICIO 4. OPCIÓN B,"Justifique si las siguientes afirmaciones son verdaderas o falsas:
a) Una base fuerte es aquella cuyas disoluciones acuosas son concentradas.
b) En las disoluciones acuosas de las bases débiles, éstas se encuentran totalmente disociadas.",2011 - Ácido Base.pdf,enunciados_PNG/2011 - Ácido Base_png/2011_reserva_4_ejercicio_4_opcion_b.png,
Química,2011,Septiembre,Ejercicio 4. Opción B,Ácido Base,QUÍMICA. 2011. SEPTIEMBRE. EJERCICIO 4. OPCIÓN B,"Razone si son verdaderas o falsas las siguientes afirmaciones:
a) Dos disoluciones acuosas de pH  2 de distintos ácidos siempre tienen la misma
concentración de ácido.
b) Una base débil es aquella cuyas disoluciones acuosas siempre son diluidas.",2011 - Ácido Base.pdf,enunciados_PNG/2011 - Ácido Base_png/2011_septiembre_ejercicio_4_opcion_b.png,
Química,2012,Junio,Ejercicio 6. Opción A,Ácido Base,QUÍMICA. 2012. JUNIO. EJERCICIO 6. OPCIÓN A,"En una disolución acuosa de HNO 0’2 M, calcule:
2
a) El grado de disociación del ácido.
b) El pH de la disolución.
Dato: K 4'5104",2012 - Ácido Base.pdf,enunciados_PNG/2012 - Ácido Base_png/2012_junio_ejercicio_6_opcion_a.png,
Química,2012,Junio,Ejercicio 4. Opción B,Ácido Base,QUÍMICA. 2012. JUNIO. EJERCICIO 4. OPCIÓN B,"Indique, razonadamente, si el pH de las disoluciones acuosas de las especies químicas siguientes
es mayor, menor o igual a 7:
a) NH .
3
b) NH Cl.
4
c) CaCl .",2012 - Ácido Base.pdf,enunciados_PNG/2012 - Ácido Base_png/2012_junio_ejercicio_4_opcion_b.png,
asignatura_desconocida,2012,Reserva 1,Ejercicio 4. Opción A,Ácido Base,QUIMICA. 2012. RESERVA 1. EJERCICIO 4. OPCIÓN A,"Las constantes de acidez del CH COOH y del HCN en disolución acuosa son 1'8105 y
3
4'931010 respectivamente.
a) Escribe la reacción de disociación de ambos ácidos en disolución acuosa y las expresiones de
la constante de acidez.
b) Justifique cuál de ellos es el ácido más débil.
c) Escribe la reacción química de acuerdo con la teoría de Brönsted-Lowry y justifica el",2012 - Ácido Base.pdf,enunciados_PNG/2012 - Ácido Base_png/2012_reserva_1_ejercicio_4_opcion_a.png,
asignatura_desconocida,2012,Reserva 2,Ejercicio 5. Opción A,Ácido Base,QUIMICA. 2012. RESERVA 2. EJERCICIO 5. OPCIÓN A,"Se disuelven 5 g de NaOH en agua suficiente para preparar 300 mL de disolución. Calcule:
a) La molaridad de la disolución y el valor del pH.
b) La molaridad de una disolución deH SO , de la que 30 mL de la misma son neutralizados
2 4
con 25 mL de la disolución de la base",2012 - Ácido Base.pdf,enunciados_PNG/2012 - Ácido Base_png/2012_reserva_2_ejercicio_5_opcion_a.png,
asignatura_desconocida,2012,Reserva 2,Ejercicio 4. Opción B,Ácido Base,QUIMICA. 2012. RESERVA 2. EJERCICIO 4. OPCIÓN B,"Dadas las siguientes especies químicas, en disolución acuosa: HCl, HCO  , NH , HNO y
3 3 3
CN justifique según la teoría de Brösnted –Lowry, cuál o cuales pueden actuar :
a) Sólo como ácidos.
b) Sólo como bases.",2012 - Ácido Base.pdf,enunciados_PNG/2012 - Ácido Base_png/2012_reserva_2_ejercicio_4_opcion_b.png,
asignatura_desconocida,2012,Reserva 3,Ejercicio 6. Opción A,Ácido Base,QUIMICA. 2012. RESERVA 3. EJERCICIO 6. OPCIÓN A,"Se dispone de ácido perclórico (ácido fuerte) del 65% de riqueza en peso y de densidad
1'6gmL1. Determine:
a) El volumen al que hay que diluir 1’5 mL de dicho ácido para que el pH resultante sea igual a
1’0.
b) El volumen de hidróxido de potasio (base fuerte) 0’2 M que deberá añadirse para
neutralizar 50 mL de la disolución anterior, d e pH1'0.",2012 - Ácido Base.pdf,enunciados_PNG/2012 - Ácido Base_png/2012_reserva_3_ejercicio_6_opcion_a.png,
asignatura_desconocida,2012,Reserva 3,Ejercicio 4. Opción B,Ácido Base,QUIMICA. 2012. RESERVA 3. EJERCICIO 4. OPCIÓN B,"Clasifique según la teoría de Brönsted –Lowry en ácido, base o anfótero, frente al agua, los
siguientes especies químicas, escribiendo las reacciones que lo justifiquen:
a) NH .
3
b) H PO 
2 4",2012 - Ácido Base.pdf,enunciados_PNG/2012 - Ácido Base_png/2012_reserva_3_ejercicio_4_opcion_b.png,
asignatura_desconocida,2012,Reserva 4,Ejercicio 4. Opción B,Ácido Base,QUIMICA. 2012. RESERVA 4. EJERCICIO 4. OPCIÓN B," 
a) Escriba el equilibrio de hidrólisis del ión amonio NH  , identificando en el mismo las
4
especies que actúan como ácidos o bases de Brönsted–Lowry.
b) Razone como varía la concentración de ión amonio al añadir una disolución de hidróxido de
sodio.",2012 - Ácido Base.pdf,enunciados_PNG/2012 - Ácido Base_png/2012_reserva_4_ejercicio_4_opcion_b.png,
asignatura_desconocida,2012,Septiembre,Ejercicio 5. Opción B,Ácido Base,QUIMICA. 2012. SEPTIEMBRE. EJERCICIO 5. OPCIÓN B,"Se dispone de una disolución acuosa de ácido acético (CH COOH) depH  3. a) Calcule la
3
concentración del ácido acético en la citada disolución. b) ¿Cuántos mililitros de ácido
clorhídrico 0’1M habría que tomar para preparar 100 mL de una disolución con el mismo pH
que la disolución anterior de ácido acético? Datos: K del ácido acético 1'8105.",2012 - Ácido Base.pdf,enunciados_PNG/2012 - Ácido Base_png/2012_septiembre_ejercicio_5_opcion_b.png,
Química,2013,Junio,Ejercicio 5. Opción B,Ácido Base,QUÍMICA. 2013. JUNIO. EJERCICIO 5. OPCIÓN B,"Se disuelven 10 g de hidróxido de sodio en agua hasta obtener 0,5 L de disolución. Calcule:
a) La molaridad de la disolución y su pH.
b) El volumen de la disolución acuosa de ácido sulfúrico 0,2 M que se necesita para neutralizar
20 mL de la disolución anterior.",2013 - Ácido Base.pdf,enunciados_PNG/2013 - Ácido Base_png/2013_junio_ejercicio_5_opcion_b.png,
Química,2013,Reserva 1,Ejercicio 6. Opción A,Ácido Base,QUÍMICA. 2013. RESERVA 1. EJERCICIO 6. OPCIÓN A,"Tenemos una disolución 0,05 M de ácido benzoico (C H COOH):
6 5
a) Calcule su pH y el grado de disociación del ácido sabiendo que la constante K es6'5105.
a
b) ¿Qué molaridad debe tener una disolución de ácido sulfúrico que tuviera el mismo pH que la",2013 - Ácido Base.pdf,enunciados_PNG/2013 - Ácido Base_png/2013_reserva_1_ejercicio_6_opcion_a.png,
Química,2013,Reserva 1,Ejercicio 4. Opción B,Ácido Base,QUÍMICA. 2013. RESERVA 1. EJERCICIO 4. OPCIÓN B,"a) Explique por qué una disolución acuosa de (NH ) SO genera un pH débilmente ácido.
4 2 4
b) Indique cuál es la base conjugada de las siguientes especies, cuando actúan como ácido en
medio acuoso, escribiendo las reacciones correspondientes: HNO ,HCOOH,H PO ",2013 - Ácido Base.pdf,enunciados_PNG/2013 - Ácido Base_png/2013_reserva_1_ejercicio_4_opcion_b.png,
Química,2013,Reserva 2,Ejercicio 6. Opción A,Ácido Base,QUÍMICA. 2013. RESERVA 2. EJERCICIO 6. OPCIÓN A,"Se prepara una disolución de ácido benzoico C H COOH cuyo pH es 3,1 disolviendo 0,61 g del
6 5
ácido en agua hasta obtener 500 mL de disolución. Calcule:
a) La concentración inicial del ácido y el grado de disociación.
b) El volumen de hidróxido de sodio 0,1 M necesario para que reaccione completamente con 50
mL de disolución de ácido benzoico.",2013 - Ácido Base.pdf,enunciados_PNG/2013 - Ácido Base_png/2013_reserva_2_ejercicio_6_opcion_a.png,
Química,2013,Reserva 2,Ejercicio 4. Opción B,Ácido Base,QUÍMICA. 2013. RESERVA 2. EJERCICIO 4. OPCIÓN B,"Indique la diferencia entre:
a) Un ácido fuerte y un ácido débil.
b) Un ácido fuerte y un ácido concentrado.",2013 - Ácido Base.pdf,enunciados_PNG/2013 - Ácido Base_png/2013_reserva_2_ejercicio_4_opcion_b.png,
Química,2013,Reserva 3,Ejercicio 5. Opción A,Ácido Base,QUÍMICA. 2013. RESERVA 3. EJERCICIO 5. OPCIÓN A,"Se ha preparado una disolución en un matraz aforado de 500 mL introduciendo 5 mL de HCI
concentrado del 36% y densidad 1,18 g/mL, 250 mL de HCl 1,5 M y la cantidad suficiente de
agua hasta enrasar el matraz.
a) ¿Cuál será el pH de la disolución?
b) Calcule el volumen necesario de dicha disolución para neutralizar 50 mL de una disolución
de NaOH cuyo pH inicial es de 13,26.",2013 - Ácido Base.pdf,enunciados_PNG/2013 - Ácido Base_png/2013_reserva_3_ejercicio_5_opcion_a.png,
Química,2013,Reserva 3,Ejercicio 4. Opción B,Ácido Base,QUÍMICA. 2013. RESERVA 3. EJERCICIO 4. OPCIÓN B,"De acuerdo con la teoría de Brönsted-Lowry, complete las siguientes ecuaciones e indique las
especies que actúan como ácidos y las que actúan como base:
a) H CO  NH HCO   ..........
2 3 3 3
b) HSO   HCO  H CO  ..........
4 3 2 3
c) NH   .......... NH  HCO ",2013 - Ácido Base.pdf,enunciados_PNG/2013 - Ácido Base_png/2013_reserva_3_ejercicio_4_opcion_b.png,
Química,2013,Reserva 4,Ejercicio 4. Opción B,Ácido Base,QUÍMICA. 2013. RESERVA 4. EJERCICIO 4. OPCIÓN B,"a) Ordene de menor a mayor acidez las disoluciones acuosas de igual concentración de HNO ,
3
NaOH y KNO . Razone la respuesta.
3
b) Se tiene un ácido débil HB en disolución acuosa. Justifique qué le sucederá al pH de la",2013 - Ácido Base.pdf,enunciados_PNG/2013 - Ácido Base_png/2013_reserva_4_ejercicio_4_opcion_b.png,
Química,2013,Septiembre,Ejercicio 4. Opción A,Ácido Base,QUÍMICA. 2013. SEPTIEMBRE. EJERCICIO 4. OPCIÓN A,"Justifique el pH de las disoluciones acuosas de las siguientes sales mediante las
correspondientes reacciones de hidrólisis:
a) NaNO
2
b) KCl
c) NH NO",2013 - Ácido Base.pdf,enunciados_PNG/2013 - Ácido Base_png/2013_septiembre_ejercicio_4_opcion_a.png,
Química,2014,Junio,Ejercicio 4. Op Ción B,Ácido Base,QUÍMICA. 2014. JUNIO. EJERCICIO 4. OP CIÓN B,"Indique, razonadamente, si cada una de las siguientes proposiciones es verdadera o falsa:
a) De acuerdo con la teoría de Brönsted-Lowry el carácter básico del amoníaco, en disoluciones
acuosas, se debe a que acepta un grupo OH  de la molécula de agua.
b) Si el pH de una disolución de un ácido monoprótico fuerte es 2’17 la concentración molar de
la disolución respecto a dicho ácido estará comprendida entre 0’001 y 0’01.
c) En disoluciones acuosas el ión HCO  se co mporta como un electrolito anfótero.",2014 - Ácido Base.pdf,enunciados_PNG/2014 - Ácido Base_png/2014_junio_ejercicio_4_op_cion_b.png,
Química,2014,Junio,Ejercicio 6. Opción A,Ácido Base,QUÍMICA. 2014. JUNIO. EJERCICIO 6. OPCIÓN A,"Calcule:
a) El pH de la disolución que resulta de mezclar 250 mL de HCl 0’1 M con 150 mL de NaOH
0’2 M. Suponga que los volúmenes son aditivos.
b) La riqueza de un hidróxido de sodio comercial, si 30 g del mismo necesitan 50 mL de
H SO 3 M para su neutralización.
2 4",2014 - Ácido Base.pdf,enunciados_PNG/2014 - Ácido Base_png/2014_junio_ejercicio_6_opcion_a.png,
Química,2014,Reserva 1,Ejercicio 4. Opción B,Ácido Base,QUÍMICA. 2014. RESERVA 1. EJERCICIO 4. OPCIÓN B,"Justifique razonadamente cuáles de las siguientes disoluciones acuosas constituirían una
disolución amortiguadora.
a) CH COOHCH COONa K (CH COOH)1'75105
3 3 a 3
b) HCNNaCl K (HCN)6'21010
a
c) NH NH Cl K (NH )1'8105",2014 - Ácido Base.pdf,enunciados_PNG/2014 - Ácido Base_png/2014_reserva_1_ejercicio_4_opcion_b.png,
Química,2014,Reserva 1,Ejercicio 5. Opción A,Ácido Base,QUÍMICA. 2014. RESERVA 1. EJERCICIO 5. OPCIÓN A,"a) Si el valor de la constante K del amoniaco es 1'8105, ¿cuál debería ser la molaridad de
b
una disolución de amoniaco para que su pH11?
b) El valor de la constante K del HNO es 4'5104. Calcule los gramos de este ácido que se
a 2
necesitan para preparar 100 mL de una disolución acuosa cuyo pH  2'5.",2014 - Ácido Base.pdf,enunciados_PNG/2014 - Ácido Base_png/2014_reserva_1_ejercicio_5_opcion_a.png,
Química,2014,Reserva 2,Ejercicio 4. Opción B,Ácido Base,QUÍMICA. 2014. RESERVA 2. EJERCICIO 4. OPCIÓN B,"Responda razonadamente:
a) En una disolución acuosa 0’1 M de ácido sulfúrico. ¿Cuál es la concentración de iones
H O y de iones OH ?
3
b) Sea una disolución acuosa 0’1 M de hidróxido de sodio. ¿Cuál es el pH de la disolución?
c) Sea una disolución de ácido clorhídrico y otra de la misma concentración de ácido acético.
¿Cuál de las dos tendrá mayor pH?
Dato: K (CH COOH)1'75105",2014 - Ácido Base.pdf,enunciados_PNG/2014 - Ácido Base_png/2014_reserva_2_ejercicio_4_opcion_b.png,
Química,2014,Reserva 2,Ejercicio 6. Opción A,Ácido Base,QUÍMICA. 2014. RESERVA 2. EJERCICIO 6. OPCIÓN A,"Una disolución acuosa 102M de ácido benzoico (C H COOH ) presenta un grado de
6 5
disociación de 8'15102. Determine:
a) La constante de ionización del ácido.
b) El pH de la disolución y la concentración de ácido benzoico sin ionizar que está presente en",2014 - Ácido Base.pdf,enunciados_PNG/2014 - Ácido Base_png/2014_reserva_2_ejercicio_6_opcion_a.png,
Química,2014,Reserva 3,Ejercicio 4. Opción A,Ácido Base,QUÍMICA. 2014. RESERVA 3. EJERCICIO 4. OPCIÓN A,"Dadas las constantes de ionización de los siguientes ácidos: K (HF)6'6104;
a
K (CH COOH)1'75105; K (HCN)6'21010
a 3 a
a) Indique razonadamente qué ácido es más fuerte en disolución acuosa.
b) Escriba el equilibrio de disociación del HCN indicando cuál será su base conjugada.
c) Deduzca el valor de K del CH COOH.",2014 - Ácido Base.pdf,enunciados_PNG/2014 - Ácido Base_png/2014_reserva_3_ejercicio_4_opcion_a.png,
Química,2014,Reserva 4,Ejercicio 4. Opción B,Ácido Base,QUÍMICA. 2014. RESERVA 4. EJERCICIO 4. OPCIÓN B,"Razone si son verdaderas o falsas las siguientes afirmaciones:
a) Cuanto mayor sea la concentración inicial de un ácido débil, mayor será la constante de
disociación.
b) El grado de disociación de un ácido débil es independiente de la concentración inicial del
ácido.",2014 - Ácido Base.pdf,enunciados_PNG/2014 - Ácido Base_png/2014_reserva_4_ejercicio_4_opcion_b.png,
Química,2014,Septiembre,Ejercicio 5. Opción B,Ácido Base,QUÍMICA. 2014. SEPTIEMBRE. EJERCICIO 5. OPCIÓN B,"Una disolución acuosa 0,03 M de un ácido monoprótico, HA, tiene un pH de 3,98. Calcule:
a) La concentración molar de A en disolución y el grado de disociación del ácido.
b) El valor de la constante K del ácido y el valor de la constante K de su base conjugada.",2014 - Ácido Base.pdf,enunciados_PNG/2014 - Ácido Base_png/2014_septiembre_ejercicio_5_opcion_b.png,
Química,2015,Junio,Ejercicio 6. Opc Ión A,Ácido Base,QUÍMICA. 2015. JUNIO. EJERCICIO 6. OPC IÓN A,"a) A 25ºC la constante de basicidad del NH es 1'8105. Si se tiene una disolución 0’1 M de
3
NH , calcule el grado de disociación.
3
b) Calcule la concentración de iones Ba2 de una disolución de Ba(OH) que tenga un
2",2015 - Ácido Base.pdf,enunciados_PNG/2015 - Ácido Base_png/2015_junio_ejercicio_6_opc_ion_a.png,
Química,2015,Junio,Ejercicio 4. Opción B,Ácido Base,QUÍMICA. 2015. JUNIO. EJERCICIO 4. OPCIÓN B,"Escriba las reacciones de hidrólisis de las siguientes sales y justifique a partir de las mismas si
el pH resultante será ácido, básico o neutro.
a) CH COONa.
3
b) NaNO .
3
c) NH Cl.",2015 - Ácido Base.pdf,enunciados_PNG/2015 - Ácido Base_png/2015_junio_ejercicio_4_opcion_b.png,
Química,2015,Reserva 1,Ejercicio 4. Opción A,Ácido Base,QUÍMICA. 2015. RESERVA 1. EJERCICIO 4. OPCIÓN A,"a) Escriba la reacción de neutralización entre el hidróxido de calcio y el ácido clorhídrico.
b) ¿Qué volumen de una disolución 0’2 M de hidróxido de calcio se necesitará para neutralizar
50 mL de una disolución 0’1 M de ácido clorhídrico?
c) Describa el procedimiento e indique el material necesario para efectuar la valoración",2015 - Ácido Base.pdf,enunciados_PNG/2015 - Ácido Base_png/2015_reserva_1_ejercicio_4_opcion_a.png,
Química,2015,Reserva 2,Ejercicio 5. Opción B,Ácido Base,QUÍMICA. 2015. RESERVA 2. EJERCICIO 5. OPCIÓN B,"Se disuelven 2’3 g de KOH en agua hasta alcanzar un volumen de 400 mL. Calcule:
a) La molaridad y el pH de la disolución resultante.
b) ¿Qué volumen de HNO 0’15 M será necesario para neutralizar completamente 20 mL de
3
la disolución inicial de KOH?",2015 - Ácido Base.pdf,enunciados_PNG/2015 - Ácido Base_png/2015_reserva_2_ejercicio_5_opcion_b.png,
Química,2015,Reserva 3,Ejercicio 4. Opción B,Ácido Base,QUÍMICA. 2015. RESERVA 3. EJERCICIO 4. OPCIÓN B,"Razone la veracidad o falsedad de las siguientes afirmaciones:
a) A igual molaridad, cuanto más débil es un ácido menor es el pH de su disolución.
b) A un ácido fuerte le corresponde una base conjugada débil.",2015 - Ácido Base.pdf,enunciados_PNG/2015 - Ácido Base_png/2015_reserva_3_ejercicio_4_opcion_b.png,
Química,2015,Reserva 3,Ejercicio 5. Opción A,Ácido Base,QUÍMICA. 2015. RESERVA 3. EJERCICIO 5. OPCIÓN A,"Una disolución acuosa de fenol (C H OH, ácido débil monoprótico) contiene 3’76 g de este
6 5
compuesto por litro y su grado de disociación es 5105. Calcule:
a) El pH de la disolución y la concentración en equilibrio de su base conjugada presente en la
disolución.
b) El valor de la constante K del fenol.
a",2015 - Ácido Base.pdf,enunciados_PNG/2015 - Ácido Base_png/2015_reserva_3_ejercicio_5_opcion_a.png,
Química,2015,Reserva 4,Ejercicio 4. Opción B,Ácido Base,QUÍMICA. 2015. RESERVA 4. EJERCICIO 4. OPCIÓN B,"Se tienen dos disoluciones acuosas de la misma concentración, una de un ácido monoprótico A
(K 1103) y otra de un ácido monoprótico B (K  2105 ). Razone la veracidad o
a a
falsedad de las siguientes afirmaciones:
a) El ácido A es más débil que el ácido B.
b) El grado de disociación del ácido A es mayor que el del ácido B.",2015 - Ácido Base.pdf,enunciados_PNG/2015 - Ácido Base_png/2015_reserva_4_ejercicio_4_opcion_b.png,
Química,2015,Reserva 4,Ejercicio 6. Opción A,Ácido Base,QUÍMICA. 2015. RESERVA 4. EJERCICIO 6. OPCIÓN A,"A 0’5 mL de una disolución acuosa de ácido clorhídrico del 35% en peso y densidad 1’2 g/mL
se le añade agua destilada hasta tener 0’5 L de disolución diluida. Calcule:
a) El pH de la disolución diluida.
b) El volumen de una disolución acuosa 1 M de hidróxido de sodio que habrá de emplearse
para neutralizar la disolución diluida de ácido clorhídrico.",2015 - Ácido Base.pdf,enunciados_PNG/2015 - Ácido Base_png/2015_reserva_4_ejercicio_6_opcion_a.png,
Química,2015,Septiembre,Ejercicio 4. Opción B,Ácido Base,QUÍMICA. 2015. SEPTIEMBRE. EJERCICIO 4. OPCIÓN B,"a) La lejía es una disolución acuosa de hipoclorito sódico. Explica mediante la correspondiente
reacción, el carácter ácido, básico o neutro de la lejía.
b) Calcula las concentraciones de H O y OH, sabiendo que el pH de la sangre es 7’4.
3
c) Razona, mediante la correspondiente reacción, cuál es el ácido conjugado del ión HPO2 en
4",2015 - Ácido Base.pdf,enunciados_PNG/2015 - Ácido Base_png/2015_septiembre_ejercicio_4_opcion_b.png,
Química,2015,Septiembre,Ejercicio 5. Opción B,Ácido Base,QUÍMICA. 2015. SEPTIEMBRE. EJERCICIO 5. OPCIÓN B,"a) ¿Qué volumen de HCl del 36% en peso y de densidad 1'17 gmL1 se necesitan para
preparar 50 mL de una disolución de HCl del 12% de riqueza en peso y de densidad
1'05 gmL1? .
b) ¿Qué volumen de una disolución de Mg(OH) 0’5 M sería necesario para neutralizar 25 mL
2
de la disolución de HCl del 12% y de densidad 1'05 gmL1? .",2015 - Ácido Base.pdf,enunciados_PNG/2015 - Ácido Base_png/2015_septiembre_ejercicio_5_opcion_b.png,
Química,2016,Junio,Ejercicio 4. Opción A,Ácido Base,QUÍMICA. 2016. JUNIO. EJERCICIO 4. OPCIÓN A,"Complete las siguientes reacciones ácido-base e identifique los correspondientes pares ácido-
base conjugados:
a) HSO (aq)  CO 2(aq) ......  ......
4 3
b) CO 2(aq)  H O(l) ......  ......
3 2",2016 - Ácido Base.pdf,enunciados_PNG/2016 - Ácido Base_png/2016_junio_ejercicio_4_opcion_a.png,
Química,2016,Reserva 1,Ejercicio 4. Opción B,Ácido Base,QUÍMICA. 2016. RESERVA 1. EJERCICIO 4. OPCIÓN B,"Justifique el valor del pH de una disolución 0,01 M de:
a) Hidróxido de sodio.
b) Ácido sulfúrico.",2016 - Ácido Base.pdf,enunciados_PNG/2016 - Ácido Base_png/2016_reserva_1_ejercicio_4_opcion_b.png,
Química,2016,Reserva 2,Ejercicio 6. Opción A,Ácido Base,QUÍMICA. 2016. RESERVA 2. EJERCICIO 6. OPCIÓN A,"El HF en disolución acuosa 0,1 M se disocia en un 10%. Calcule:
a) El pH de esta disolución.
b) El valor de la constante de disociación, K , de la base conjugada de ese ácido.",2016 - Ácido Base.pdf,enunciados_PNG/2016 - Ácido Base_png/2016_reserva_2_ejercicio_6_opcion_a.png,
Química,2016,Reserva 2,Ejercicio 4. Opción B,Ácido Base,QUÍMICA. 2016. RESERVA 2. EJERCICIO 4. OPCIÓN B,"El ácido metanoico, HCOOH, es un ácido débil.
a) Escriba su equilibrio de disociación acuosa.
b) Escriba la expresión de su constante de acidez K .
a",2016 - Ácido Base.pdf,enunciados_PNG/2016 - Ácido Base_png/2016_reserva_2_ejercicio_4_opcion_b.png,
Química,2016,Reserva 3,Ejercicio 5. Opción A,Ácido Base,QUÍMICA. 2016. RESERVA 3. EJERCICIO 5. OPCIÓN A,"Se dispone de una disolución acuosa de NaOH 0,8 M. Calcule:
a) La concentración y el pH de la disolución resultante de mezclar 20 mL de esta disolución con
80 mL de otra disolución 0,5 M de la misma sustancia, suponiendo que los volúmenes son
aditivos.
b) El volumen de la disolución de NaOH 0,8 M necesario para neutralizar 100 mL de HNO
3",2016 - Ácido Base.pdf,enunciados_PNG/2016 - Ácido Base_png/2016_reserva_3_ejercicio_5_opcion_a.png,
Química,2016,Reserva 3,Ejercicio 4. Opción B,Ácido Base,QUÍMICA. 2016. RESERVA 3. EJERCICIO 4. OPCIÓN B,"Explique, mediante las reacciones correspondientes, el pH que tendrán las disoluciones acuosas
de las siguientes especies químicas:
a) NH .
3
b) Na CO .
2 3
c) NH Cl.",2016 - Ácido Base.pdf,enunciados_PNG/2016 - Ácido Base_png/2016_reserva_3_ejercicio_4_opcion_b.png,
Química,2016,Septiembre,Ejercicio 6. Opción A,Ácido Base,QUÍMICA. 2016. SEPTIEMBRE. EJERCICIO 6. OPCIÓN A,"a) Calcula los gramos de ácido cloroso HClO (K 0'011) que se necesitan para preparar
2 a
100 mL de disolución de pH  2.
b) Calcule el grado de disociación del ácido cloroso en dicha disolución.",2016 - Ácido Base.pdf,enunciados_PNG/2016 - Ácido Base_png/2016_septiembre_ejercicio_6_opcion_a.png,
Química,2016,Septiembre,Ejercici O 4. Opción B,Ácido Base,QUÍMICA. 2016. SEPTIEMBRE. EJERCICI O 4. OPCIÓN B,"La constante de acidez del ácido hipocloroso (HClO) es K 3'0108
a
a) Escriba la reacción química del agua con el ácido hipocloroso (HClO) y la expresión de su
constante de acidez.
b) Escriba la reacción química del agua con la base conjugada del ácido HClO y la expresión de
su constante de basicidad.",2016 - Ácido Base.pdf,enunciados_PNG/2016 - Ácido Base_png/2016_septiembre_ejercici_o_4_opcion_b.png,
Química,2017,Junio,Ejercicio 6. Opción A,Ácido Base,QUÍMICA. 2017. JUNIO. EJERCICIO 6. OPCIÓN A,"a) El grado de disociación de una disolución 0’03 M de hidróxido de amonio (NH OH) es
4
0’024. Calcule la constante de disociación (K ) del hidróxido de amonio y el pH de la
b
disolución.
b) Calcule el volumen de agua que hay que añadir a 100 mL de una disolución de NaOH 0’03",2017 - Ácido Base.pdf,enunciados_PNG/2017 - Ácido Base_png/2017_junio_ejercicio_6_opcion_a.png,
Química,2017,Junio,Ejercicio 4. Op Ción B,Ácido Base,QUÍMICA. 2017. JUNIO. EJERCICIO 4. OP CIÓN B,"Aplicando la teoría de Brónsted y Lowry, en disolución acuosa:
a) Razone si las especies NH  y S2 son ácidos o bases.
4
b) Justifique cuáles son las bases conjugadas de los ácidos HCN y C H COOH.
6 5
c) Sabiendo que a 25ºC, las K del C H COOH y del HCN tienen un valor de 6'4105 y
a 6 5",2017 - Ácido Base.pdf,enunciados_PNG/2017 - Ácido Base_png/2017_junio_ejercicio_4_op_cion_b.png,
Química,2017,Reserva 1,Ejercicio 5. Opción A,Ácido Base,QUÍMICA. 2017. RESERVA 1. EJERCICIO 5. OPCIÓN A,"El ácido láctico (CH CHOHCOOH) tiene un valor de K 1'38 104, a 25ºC. Calcule:
3 a
a) Los gramos de dicho ácido necesarios para preparar 500 mL de disolución de pH  3.
b) El grado de disociación del ácido láctico y las concentraciones de todas las especies en el
equilibrio de la disolución anterior.",2017 - Ácido Base.pdf,enunciados_PNG/2017 - Ácido Base_png/2017_reserva_1_ejercicio_5_opcion_a.png,
Química,2017,Reserva 1,Ejercicio 3. Opción B,Ácido Base,QUÍMICA. 2017. RESERVA 1. EJERCICIO 3. OPCIÓN B,"Razone la veracidad o falsedad de las siguientes afirmaciones:
a) A igual molaridad, cuanto menor es la K de un ácido menor es el pH de sus disoluciones.
a
b) Al añadir agua a una disolución de un ácido fuerte su pH disminuye.",2017 - Ácido Base.pdf,enunciados_PNG/2017 - Ácido Base_png/2017_reserva_1_ejercicio_3_opcion_b.png,
Química,2017,Reserva 2,Ejercicio 5. Opción A,Ácido Base,QUÍMICA. 2017. RESERVA 2. EJERCICIO 5. OPCIÓN A,"El amoniaco comercial es un producto de limpieza que contiene un 28% en masa de amoniaco
y una densidad de 0,90 gmL1. Calcule:
a) El pH de la disolución de amoniaco comercial y las concentraciones de todas las especies en
el equilibrio.
b) El volumen de amoniaco comercial necesario para preparar 100 mL de una disolución
acuosa cuyo pH sea 11,5.
Datos: K 1'77 105, a 25ºC. Masas atómi cas N 14 ; H 1",2017 - Ácido Base.pdf,enunciados_PNG/2017 - Ácido Base_png/2017_reserva_2_ejercicio_5_opcion_a.png,
Química,2017,Reserva 2,Ejercicio 3. Opción B,Ácido Base,QUÍMICA. 2017. RESERVA 2. EJERCICIO 3. OPCIÓN B,"Explique mediante las reacciones correspondientes el pH que tendrán las disoluciones acuosas
de las siguientes especies químicas.
a) NaNO
3
b) CH COONa
3
c) NH Cl",2017 - Ácido Base.pdf,enunciados_PNG/2017 - Ácido Base_png/2017_reserva_2_ejercicio_3_opcion_b.png,
Química,2017,Reserva 3,Ejercicio 5. Opción A,Ácido Base,QUÍMICA. 2017. RESERVA 3. EJERCICIO 5. OPCIÓN A,"El ácido benzoico (C H COOH) se utiliza como conservante de alimentos ya que inhibe el
6 5
desarrollo microbiano cuando el pH de la disolución empleada tenga un pH inferior a 5.
a) Determine si una disolución acuosa de ácido benzoico de concentración 6,1 gL1 se podría
usar como conservante líquido.
b) Calcule los gramos de ácido benzoico necesarios para preparar 5 L de disolución acuosa de
pH 5.
Datos: K 6'4 105, a 25ºC. Masas atómicas: O16;C12; H1",2017 - Ácido Base.pdf,enunciados_PNG/2017 - Ácido Base_png/2017_reserva_3_ejercicio_5_opcion_a.png,
Química,2017,Reserva 3,Ejercicio 3. Opción B,Ácido Base,QUÍMICA. 2017. RESERVA 3. EJERCICIO 3. OPCIÓN B,"Justifique si las siguientes afirmaciones son verdaderas o falsas aplicadas a una disolución
acuosa 1 M de un ácido débil monoprótico (K 1'010 5, a 25°C):
a
a) Su pOH será menor que 7.
b) El grado de disociación aumenta si se diluye la disolución.",2017 - Ácido Base.pdf,enunciados_PNG/2017 - Ácido Base_png/2017_reserva_3_ejercicio_3_opcion_b.png,
Química,2017,Reserva 4,Ejercicio 5. Opción B,Ácido Base,QUÍMICA. 2017. RESERVA 4. EJERCICIO 5. OPCIÓN B,"250 mL de una disolución acuosa contiene 3 g de ácido acético (CH COOH). Calcule:
3
a) La concentración molar y el pH de la disolución a 25ºC.
b) El grado de disociación del ácido acético y el pH si se diluye la disolución anterior con agua
hasta un volumen de 1 L.
Datos: K 1'8105 a 25ºC. Masas atómicas O16;C12; H1.",2017 - Ácido Base.pdf,enunciados_PNG/2017 - Ácido Base_png/2017_reserva_4_ejercicio_5_opcion_b.png,
Química,2017,Septiembre,Ejercicio 5. Opción A,Ácido Base,QUÍMICA. 2017. SEPTIEMBRE. EJERCICIO 5. OPCIÓN A,"El agua fuerte es una disolución acuosa que contiene un 25% en masa de HCl y tiene una
densidad de 1'09 gmL1. Se diluyen 25 mL de agua fuerte añadiendo agua hasta un volumen
final de 250 mL.
a) Calcule el pH de la disolución diluida.
b) ¿Qué volumen de una disolución que contiene 37 gL1 de Ca(OH) será necesario para
2
neutralizar 20 mL de la disolución diluida de HCl?.",2017 - Ácido Base.pdf,enunciados_PNG/2017 - Ácido Base_png/2017_septiembre_ejercicio_5_opcion_a.png,
Química,2018,Junio,Ejercicio 6. Op Ción A,Ácido Base,QUÍMICA. 2018. JUNIO. EJERCICIO 6. OP CIÓN A,"Se preparan 187 mL de una disolución de ácido clorhídrico (HCl) a partir de 3 mL de un ácido
clorhídrico comercial del 37% de riqueza en masa y densidad 1’184 g/mL. Basándose en las
reacciones químicas correspondientes, calcule:
a) La concentración de la disolución preparada y su pH.
b) El volumen (mL) de disolución de Ca(OH) 0’1 M necesario para neutralizar 10 mL de la
2
disolución final preparada de HCl.",2018 - Ácido Base.pdf,enunciados_PNG/2018 - Ácido Base_png/2018_junio_ejercicio_6_op_cion_a.png,
Química,2018,Junio,Ejercicio 4. Opción B,Ácido Base,QUÍMICA. 2018. JUNIO. EJERCICIO 4. OPCIÓN B,"a) Según la teoría de Brónsted y Lowry justifique mediante las correspondientes reacciones
químicas el carácter ácido, básico o neutro de disoluciones acuosas de HCl y de NH .
3
b) Según la teoría de Brónsted y Lowry escriba la reacción que se produciría al disolver
etanoato de sodio (CH COONa) en agua, así como el carácter ácido, básico o neutro de dicha
3
disolución.
c) Se tienen tres disoluciones acuosas de las que se conocen: de la primera la OH 104 M,
 
de la segunda H O 104 M y d e la tercera OH 107 M. Ordénelas
 3   ",2018 - Ácido Base.pdf,enunciados_PNG/2018 - Ácido Base_png/2018_junio_ejercicio_4_opcion_b.png,
Química,2018,Reserva 1,Ejercicio 3. Opción B,Ácido Base,QUÍMICA. 2018. RESERVA 1. EJERCICIO 3. OPCIÓN B,"Se tienen dos disoluciones acuosas de dos ácidos monopróticos orgánicos del tipo RCOOH,
una de ácido etanoico (K 1,810 5) y otra de ácido benzoico (K 6,510 5). Si la
a a
concentración molar de los dos ácidos es la misma, conteste razonadamente:
a) ¿Cuál de los dos ácidos es más débil?
b) ¿Cuál de los dos ácidos tiene un grado de disociación mayor?",2018 - Ácido Base.pdf,enunciados_PNG/2018 - Ácido Base_png/2018_reserva_1_ejercicio_3_opcion_b.png,
asignatura_desconocida,2018,Reserva 1,Ejercicio 5. Opción A,Ácido Base,QUIMICA. 2018. RESERVA 1. EJERCICIO 5. OPCIÓN A,"El hidróxido de sodio (NaOH), comúnmente conocido como sosa cáustica, se emplea en
disoluciones acuosas a altas concentraciones para desatascar tuberías. Se tiene una disolución
comercial de este compuesto con una densidad a 20ºC de 1,52 g/mL y una riqueza en masa del
50%. Determine, basándose en las reacciones químicas correspondientes:
a) El volumen necesario de esta disolución comercial para preparar 20 L de una disolución de
pH12.
b) El volumen de una disolución de ácido sulfúrico (H SO ) de concentración 0,25 M necesario
2 4
para neutralizar 5 mL de la disolución comerc ial de hidróxido de sodio.",2018 - Ácido Base.pdf,enunciados_PNG/2018 - Ácido Base_png/2018_reserva_1_ejercicio_5_opcion_a.png,
Química,2018,Reserva 2,Ejercicio 5. Opción A,Ácido Base,QUÍMICA. 2018. RESERVA 2. EJERCICIO 5. OPCIÓN A,"La aspirina es un medicamento cuyo principio activo es el ácido acetilsalicílico (C H O ), que
9 8 4
es un ácido débil monoprótico del tipo RCOOH. Basándose en la reacción química
correspondiente, calcule:
a) La concentración molar de la disolución obtenida al disolver un comprimido de aspirina que
contiene 500 mg del ácido en 200 mL de agua y su grado de disociación.
b) El pH y la concentración de todas las espec ies en el equilibrio.
Datos: K 3,27 104. Masas atómicas rela tivas H1;C12;O16",2018 - Ácido Base.pdf,enunciados_PNG/2018 - Ácido Base_png/2018_reserva_2_ejercicio_5_opcion_a.png,
Química,2018,Reserva 3,Ejercicio 3. Opción B,Ácido Base,QUÍMICA. 2018. RESERVA 3. EJERCICIO 3. OPCIÓN B,"Aplicando la teoría de Brönsted-Lowry para ácidos y bases, y teniendo en cuenta que el ácido
cloroso (HClO ) es un ácido débil (K 1'110 2):
2 a
a) Escriba la reacción química del agua con el ácido cloroso y la expresión de su constante de
acidez.
b) Escriba la reacción química del agua con la base conjugada del ácido y la expresión de su
constante de basicidad.",2018 - Ácido Base.pdf,enunciados_PNG/2018 - Ácido Base_png/2018_reserva_3_ejercicio_3_opcion_b.png,
Química,2018,Reserva 3,Ejercicio 5. Opción A,Ácido Base,QUÍMICA. 2018. RESERVA 3. EJERCICIO 5. OPCIÓN A,"El ácido salicílico (HOC H COOH) se emplea en productos farmacológicos para el
6 4
tratamiento y cuidado de la piel (acné, verrugas, etc.). A 25°C, una disolución acuosa de 2,24
mg/mL de este ácido monoprótico alcanza un pH de 2,4 en el equilibrio. Basándose en la
reacción química correspondiente, calcule:
a) La concentración molar de la especie HOC H COO y el grado de disociación del ácido
6 4
salicílico.
b) El valor de la constante K del ácido salicílico y el valor de la constante K de su base
a b
conjugada.",2018 - Ácido Base.pdf,enunciados_PNG/2018 - Ácido Base_png/2018_reserva_3_ejercicio_5_opcion_a.png,
Química,2018,Reserva 4,Ejercicio 3. Opción B,Ácido Base,QUÍMICA. 2018. RESERVA 4. EJERCICIO 3. OPCIÓN B,"La constante de acidez del ácido láctico, ácido orgánico monoprótico, es 1,38104. Justifique
la veracidad o falsedad de las siguientes afirmaciones:
a) El ácido láctico es un ácido fuerte.
b) La constante K de la base conjugada es 7,21011
b",2018 - Ácido Base.pdf,enunciados_PNG/2018 - Ácido Base_png/2018_reserva_4_ejercicio_3_opcion_b.png,
Química,2018,Reserva 4,Ejercicio 5. Opción A,Ácido Base,QUÍMICA. 2018. RESERVA 4. EJERCICIO 5. OPCIÓN A,"Una mezcla de 2 g de hidróxido de sodio (NaOH) y 2,8 g de hidróxido de potasio (KOH) se
disuelve completamente en agua hasta alcanzar un volumen de 500 mL. Determine, basándose
en las reacciones químicas correspondientes:
a) El pH y la concentración de todas las especies en disolución.
b) El volumen en mL de una disolución 0,5 M de ácido clorhídrico (HCl) necesario para
neutralizar 50 mL de la disolución anterior.",2018 - Ácido Base.pdf,enunciados_PNG/2018 - Ácido Base_png/2018_reserva_4_ejercicio_5_opcion_a.png,
Química,2018,Septiembre,Ejercicio 5. Opción B,Ácido Base,QUÍMICA. 2018. SEPTIEMBRE. EJERCICIO 5. OPCIÓN B,"Una disolución acuosa de hidróxido de potasio (KOH) de uso industrial tiene una composición
del 40% de riqueza en masa y una densidad de 1,515 g/mL. Determine, basándose en las
reacciones químicas correspondientes:
a) La molaridad de esta disolución y el volumen necesario para preparar 10 L de disolución
acuosa de pH13.
b) El volumen de una disolución acuosa de ácido perclórico (HClO ) 2 M necesario para
4
neutralizar 50 mL de la disolución de KOH d e uso industrial.",2018 - Ácido Base.pdf,enunciados_PNG/2018 - Ácido Base_png/2018_septiembre_ejercicio_5_opcion_b.png,
Química,2019,Junio,Ejercicio 5. Op Ción A,Ácido Base,QUÍMICA. 2019. JUNIO. EJERCICIO 5. OP CIÓN A,"a) Calcule la concentración de una disolución de ácido benzoico (C H COOH) de pH  2'3
6 5
b) Determine la masa de Ba(OH) necesaria para neutralizar 25 mL de una disolución
2
comercial de HNO del 58% de riqueza y densidad 1’356 gmL1
3
Datos: K (C H COOH)6'31105.Masas atómicas Ba = 137’3; H = 1; O = 16; N=14.",2019 - Ácido Base.pdf,enunciados_PNG/2019 - Ácido Base_png/2019_junio_ejercicio_5_op_cion_a.png,
Química,2019,Junio,Ejercicio 3. Opc Ión B,Ácido Base,QUÍMICA. 2019. JUNIO. EJERCICIO 3. OPC IÓN B,"Razone si son cierta o falsas las siguientes afirmaciones:
a) En disolución acuosa, cuanto más fuerte es una base más fuerte es su ácido conjugado.
b) En una disolución acuosa de una base, el pOH es menor que 7.
c) El ión H PO es una sustancia anfótera en disolución acuosa, según la teoría de Brönsted-
2 4",2019 - Ácido Base.pdf,enunciados_PNG/2019 - Ácido Base_png/2019_junio_ejercicio_3_opc_ion_b.png,
Química,2019,Reserva 1,Ejercicio 5. Opción A,Ácido Base,QUÍMICA. 2019. RESERVA 1. EJERCICIO 5. OPCIÓN A,"a) El pH de un zumo de limón es 3,4. Suponiendo que el ácido del limón se comporta como un
ácido monoprótico (HA) de constante de acidez K 7'4104, calcule la concentración de
a
HA en el equilibrio.
b) El volumen de una disolución de hidróxido de magnesio (Mg(OH) ) 2 M necesaria para
2
neutralizar 10 mL de HCl comercial de 35 % d e riqueza y densidad 1'17 gmL1.",2019 - Ácido Base.pdf,enunciados_PNG/2019 - Ácido Base_png/2019_reserva_1_ejercicio_5_opcion_a.png,
Química,2019,Reserva 2,Ejercicio 5. Opción B,Ácido Base,QUÍMICA. 2019. RESERVA 2. EJERCICIO 5. OPCIÓN B,"a) El ácido cloroacético (ClCH COOH) es un ácido monoprótico débil con una constante de
2
acidez K 1'34103. Calcule la molaridad de una disolución acuosa de dicho ácido para
a
que, a 25 ºC, se encuentre ionizado al 31 %.
b) Calcule la masa de Mg(OH) que debemos usar para neutralizar 25 mL de una disolución
2
de HCl de riqueza 35 % y densidad 1'17 gmL 1.",2019 - Ácido Base.pdf,enunciados_PNG/2019 - Ácido Base_png/2019_reserva_2_ejercicio_5_opcion_b.png,
Química,2019,Reserva 3,Ejercicio 3. Opción B,Ácido Base,QUÍMICA. 2019. RESERVA 3. EJERCICIO 3. OPCIÓN B,"Dada una disolución de un ácido débil HA de concentración 0,1 M, indique razonadamente si
son ciertas las siguientes afirmaciones:
a) El pH de la disolución es igual a 1.
b) La H O es menor que la OH.
 3   
c) La HAes mayor que la A.",2019 - Ácido Base.pdf,enunciados_PNG/2019 - Ácido Base_png/2019_reserva_3_ejercicio_3_opcion_b.png,
Química,2019,Reserva 3,Ejercicio 5. Opción A,Ácido Base,QUÍMICA. 2019. RESERVA 3. EJERCICIO 5. OPCIÓN A,"Una disolución acuosa 0,3 M de HClO tiene un pH  3'98. Calcule:
a) La concentración molar de ClO en disolución y el grado de disociación del ácido.
b) El valor de la constante K del HClO y el valor de la constante K de su base conjugada.",2019 - Ácido Base.pdf,enunciados_PNG/2019 - Ácido Base_png/2019_reserva_3_ejercicio_5_opcion_a.png,
Química,2019,Reserva 4,Ejercicio 4. Opción B,Ácido Base,QUÍMICA. 2019. RESERVA 4. EJERCICIO 4. OPCIÓN B,"Justifique si las siguientes afirmaciones son verdaderas o falsas:
a) En una disolución acuosa ácida no existen iones hidróxido (OH ).
b) El pH de una disolución acuosa de cianuro de sodio (NaCN) es básico.",2019 - Ácido Base.pdf,enunciados_PNG/2019 - Ácido Base_png/2019_reserva_4_ejercicio_4_opcion_b.png,
Química,2019,Reserva 4,Ejercicio 6. Opción A,Ácido Base,QUÍMICA. 2019. RESERVA 4. EJERCICIO 6. OPCIÓN A,"La anilina (C H NH ) es una amina muy utilizada en la industria de colorantes y se disocia en
6 5 2
agua según el equilibrio: C H NH  H O C H NH   OH. Si se añaden 9,3 g de
6 5 2 2 6 5 3
dicha sustancia a la cantidad de agua necesaria para obtener 250 mL de disolución, calcule:
a) El grado de disociación.
b) El pH de la disolución resultante.
Datos: K (Anilina)4'31010; masas atómicas relativas C12; N14; H1.",2019 - Ácido Base.pdf,enunciados_PNG/2019 - Ácido Base_png/2019_reserva_4_ejercicio_6_opcion_a.png,
Química,2019,Septiembre,Ejercicio 5. Opción A,Ácido Base,QUÍMICA. 2019. SEPTIEMBRE. EJERCICIO 5. OPCIÓN A,"Una botella de ácido fluorhídrico (HF) indica en su etiqueta que la concentración del ácido es
2’22 M. Sabiendo que la constante de acidez es 7'2104, determine:
a) Las concentraciones de H O y OH  presentes.
3",2019 - Ácido Base.pdf,enunciados_PNG/2019 - Ácido Base_png/2019_septiembre_ejercicio_5_opcion_a.png,
Química,2019,Septiembre,Ejercici O 3. Opción B,Ácido Base,QUÍMICA. 2019. SEPTIEMBRE. EJERCICI O 3. OPCIÓN B,"A partir de los siguientes datos: K (HF)3'6104; K (CH COOH)1'8105;
a a 3
K (HCN)4'91010
a
a) Indique razonadamente qué ácido es más fuerte.
b) Escriba los equilibrios de disociación del CH COOH y del HCN, indicando cuáles serán sus
3
bases conjugadas.
c) Deduzca el valor de K de la base conjugad a del HF.",2019 - Ácido Base.pdf,enunciados_PNG/2019 - Ácido Base_png/2019_septiembre_ejercici_o_3_opcion_b.png,
Química,2020,Junio,B5,Ácido Base,QUÍMICA. 2020. JUNIO. B5,"De acuerdo con la teoría de Brönsted-Lowry , justificando con las reacciones correspondientes,
indique cuáles de las siguientes especies: HSO, HNO , S2, NH , H Oy H O
4 3 3 2 3
a) Actúan sólo como ácido.
b) Actúan sólo como base.",2020 - Ácido Base.pdf,enunciados_PNG/2020 - Ácido Base_png/2020_junio_b5.png,
Química,2020,Junio,C3,Ácido Base,QUÍMICA. 2020. JUNIO. C3," 
Se quiere preparar 500 mL de disolución acuosa de amoniaco NH 0’1 M a partir de
3
amoniaco comercial del 25% de riqueza y una densidad de 0’9 g/mL.
a) Determine el volumen de amoniaco comercial necesario para preparar dicha disolución.
b) Calcule el pH de la disolución de 500 mL de amoniaco 0’1 M y el grado de disociación.
 
Datos: K NH 1'810´5; Masas atómicas relativas: H 1; N 14",2020 - Ácido Base.pdf,enunciados_PNG/2020 - Ácido Base_png/2020_junio_c3.png,
Química,2020,Reserva 1,Ejercicio B4,Ácido Base,QUÍMICA. 2020. RESERVA 1. EJERCICIO B4,"En dos disoluciones de la misma concentración de dos ácidos débiles monopróticos HA y HB, se
comprueba que A es mayor que B. Justifique la veracidad o falsedad de las
   
afirmaciones siguientes:
a) El ácido HA es más fuerte que el ácido HB.
b) El valor de la constante de disociación del á cido AH es menor que el valor de la constante de
disociación del ácido HB.",2020 - Ácido Base.pdf,enunciados_PNG/2020 - Ácido Base_png/2020_reserva_1_ejercicio_b4.png,
asignatura_desconocida,2020,Reserva 1,Ejercicio C3,Ácido Base,QUIMICA. 2020. RESERVA 1. EJERCICIO C3,"Las disoluciones de ácido fórmico (HCOOH) pueden producir dolorosas quemaduras en la piel
y, de hecho, algunas hormigas utilizan este ácido como mecanismo de defensa. Calcule:
a) Las concentraciones de todas las especies en el equilibrio y el pH de una disolución de ácido
fórmico que se ha preparado disolviendo 1’2 g de HCOOH en 250 mL de agua.
b) El grado de disociación de la disolución de ácido fórmico y la constante de ionización (K )
b
de su base conjugada.
Datos: K (HCOOH)1'8104; Masas atómi cas relativas: C = 12; O = 16; H = 1.",2020 - Ácido Base.pdf,enunciados_PNG/2020 - Ácido Base_png/2020_reserva_1_ejercicio_c3.png,
Química,2020,Reserva 2,Ejercicio C3,Ácido Base,QUÍMICA. 2020. RESERVA 2. EJERCICIO C3,"Una disolución comercial de hidróxido de potasio (KOH) indica en su etiqueta una composición
de un 40% de riqueza y densidad 1’51 g/mL. Calcule:
a) El volumen de la disolución de KOH comercial necesario para preparar 10 L de una
disolución diluida de KOH 0’5 M y el pH de dicha disolución.
b) El volumen de una disolución acuosa de ácido sulfúrico (H SO ) 0’25 M necesaria para
2 4
neutralizar 100 mL de la disolución de KOH d iluida.",2020 - Ácido Base.pdf,enunciados_PNG/2020 - Ácido Base_png/2020_reserva_2_ejercicio_c3.png,
Química,2020,Reserva 3,Ejercicio B5,Ácido Base,QUÍMICA. 2020. RESERVA 3. EJERCICIO B5,"De los ácidos débiles, benzoico (C H COOH) y cianhídrico (HCN), el primero es más fuerte
5 5
que el segundo.
a) Escriba sus reacciones de disociación en agua indicando cuáles son sus bases conjugadas.
b) Razone cuál de las dos bases conjugadas es la más fuerte.",2020 - Ácido Base.pdf,enunciados_PNG/2020 - Ácido Base_png/2020_reserva_3_ejercicio_b5.png,
Química,2020,Reserva 3,Ejercicio C3,Ácido Base,QUÍMICA. 2020. RESERVA 3. EJERCICIO C3,"El ácido benzoico es un ácido monoprótico débil (RCOOH). Se prepara una disolución
acuosa de ácido benzoico 0’75 M con un valor de pH de 2’17. Calcule:
a) El grado de disociación y el valor de K del ácido benzoico.
a
b) El valor del pH y el grado de disociación si a 100 mL de la disolución de ácido benzoico se le",2020 - Ácido Base.pdf,enunciados_PNG/2020 - Ácido Base_png/2020_reserva_3_ejercicio_c3.png,
Química,2020,Reserva 4,Ejercicio B5,Ácido Base,QUÍMICA. 2020. RESERVA 4. EJERCICIO B5,"En base a las reacciones correspondientes, justifique el carácter ácido, básico o neutro de las
disoluciones de las siguientes sales:
a) KNO
3
b) NH Cl
4
c) Na CO",2020 - Ácido Base.pdf,enunciados_PNG/2020 - Ácido Base_png/2020_reserva_4_ejercicio_b5.png,
Química,2020,Reserva 4,Ejercicio C3,Ácido Base,QUÍMICA. 2020. RESERVA 4. EJERCICIO C3,"Se han preparado dos disoluciones, una que contiene 22 g/L de NaOH y otra que contiene 26
g/L de H SO .
2 4
a) ¿Qué volumen de la disolución de H SO será necesario añadir para neutralizar 25 mL de
2 4
la disolución de NaOH?.
b) ¿Qué pH tendrá la disolución obtenida al mezclar 50 mL de cada una de ellas?.",2020 - Ácido Base.pdf,enunciados_PNG/2020 - Ácido Base_png/2020_reserva_4_ejercicio_c3.png,
asignatura_desconocida,2020,Septiembre,C3,Ácido Base,QUIMICA. 2020. SEPTIEMBRE. C3,"Un vinagre comercial indica en su etiqueta un contenido de 6 g de ácido acético (CH COOH)
3
por cada 100 mL de vinagre.
a) Calcule la concentración de las especies en el equilibrio y el pH del vinagre comercial.
b) ¿Qué volumen de agua es necesario añadir a 10mL de vinagre para obtener una disolución
de pH  2'88?
Datos: K (CH COOH) 1'8105. Masas atómicas relativas: O 16;C12; H 1",2020 - Ácido Base.pdf,enunciados_PNG/2020 - Ácido Base_png/2020_septiembre_c3.png,
Química,2021,Junio,Ejercicio B5,Ácido Base,QUÍMICA. 2021. JUNIO. EJERCICIO B5,"Entre las disoluciones de las siguientes sustancias: NH ,NaCl,NaOH y NH Cl, todas ellas de
3 4
igual concentración, justifique:
a) Cuál de ellas tendrá el pH más alto.
b) Cuál de ellas tendrá una OH107 M.
 
c) En cuál de ellas OH  H O.",2021 - Ácido Base.pdf,enunciados_PNG/2021 - Ácido Base_png/2021_junio_ejercicio_b5.png,
Química,2021,Junio,Ejercicio C3,Ácido Base,QUÍMICA. 2021. JUNIO. EJERCICIO C3,"Se preparan 250 mL de una disolución acuosa de HCl a partir de 2 mL de una disolución de
HCl comercial de densidad 1'38 gmL1 y 33% de riqueza en masa.
a) ¿Cuál es la molaridad y el pH de la disolución que se ha preparado?.
b) ¿Qué volumen de una disolución de Ca(OH) 0’02 M es necesario añadir para neutralizar
2
100 mL de la disolución que se ha preparado?.",2021 - Ácido Base.pdf,enunciados_PNG/2021 - Ácido Base_png/2021_junio_ejercicio_c3.png,
Química,2021,Reserva 1,Ejercicio C 3,Ácido Base,QUÍMICA. 2021. RESERVA 1. EJERCICIO C 3,"Se disuelven 20 L de NH (g), medidos a 10ºC y 2 atm de presión, en una cantidad de agua
3
suficiente para preparar 4’5 L de disolución. Calcule:
a) El grado de disociación del amoniaco en la disolución.
b) Si a 200 mL de dicha disolución se le añaden 300 mL de agua, calcule el pH de la disolución
resultante.
Datos: R0'082 atmLK 1mol1; K (NH )1'78105",2021 - Ácido Base.pdf,enunciados_PNG/2021 - Ácido Base_png/2021_reserva_1_ejercicio_c_3.png,
Química,2021,Reserva 2,Ejercicio B4,Ácido Base,QUÍMICA. 2021. RESERVA 2. EJERCICIO B4,"Razone si las siguientes afirmaciones son verdaderas o falsas:
a) El pH de una disolución de NH NO es mayor que 7.
4 3
b) Si el pH de una disolución de un ácido fuerte monoprótico (HA) es 2’17 su concentración
está comprendida entre 0’001 M y 0’0001 M
c) Una disolución de NaNO tiene un pH menor que una de CH COONa de la misma
3 3",2021 - Ácido Base.pdf,enunciados_PNG/2021 - Ácido Base_png/2021_reserva_2_ejercicio_b4.png,
asignatura_desconocida,2021,Reserva 2,Ejercicio C3,Ácido Base,QUIMICA. 2021. RESERVA 2. EJERCICIO C3,"Se disuelven 3’568 g de ácido yódico (HIO ) en 250 mL de agua, resultando una disolución de
3
pH 1'22.
a) Calcule la constante de disociación (K ).
a
b) Si se mezclan 50 mL de la disolución de HIO del enunciado con 50 mL de agua ¿cuál será
3
el pH de esta disolución diluida? ¿Y el grado de disociación del ácido en dicha disolución?.",2021 - Ácido Base.pdf,enunciados_PNG/2021 - Ácido Base_png/2021_reserva_2_ejercicio_c3.png,
Química,2021,Reserva 3,Ejercicio C3,Ácido Base,QUÍMICA. 2021. RESERVA 3. EJERCICIO C3,"Se ha preparado una disolución acuosa 0’1 M de ácido butanoico (ácido débil monoprótico,
RCOOH), cuya constante de disociación es 1'52105 a 25ºC
a) Calcule las concentraciones de todas las especies químicas en el equilibrio y el grado de
disociación.
b) Si se mezclan 250 mL de la disolución anterior del ácido con 250 mL de agua, ¿cuál será el",2021 - Ácido Base.pdf,enunciados_PNG/2021 - Ácido Base_png/2021_reserva_3_ejercicio_c3.png,
Química,2021,Reserva 4,Ejercicio B5,Ácido Base,QUÍMICA. 2021. RESERVA 4. EJERCICIO B5,"Justifique, haciendo uso de las reacciones químicas correspondientes:
a) Si el amoniaco (NH ) es una base según la teoría de Brönsted-Lowry.
3
b) Si una disolución acuosa de acetato de sodio (CH COONa) tiene un pH mayor que 7.
3
c) Cuál es la base conjugada del anión HCO.",2021 - Ácido Base.pdf,enunciados_PNG/2021 - Ácido Base_png/2021_reserva_4_ejercicio_b5.png,
Química,2021,Reserva 4,Ejercicio C3,Ácido Base,QUÍMICA. 2021. RESERVA 4. EJERCICIO C3,"a) ¿Qué masa de NaOH hay que añadir a 500 mL de agua para obtener una disolución de
pH 11'5?.
b) ¿Qué volumen de disolución comercial de HCl de 35’2% de riqueza en masa y 1'175gmL1
de densidad se necesitan para neutralizar la disolución anterior?.",2021 - Ácido Base.pdf,enunciados_PNG/2021 - Ácido Base_png/2021_reserva_4_ejercicio_c3.png,
Química,2021,Julio,Ejercicio B5,Ácido Base,QUÍMICA. 2021. JULIO. EJERCICIO B5,"Justifique si son verdaderas o falsas las siguientes afirmaciones:
a) En una disolución acuosa básica no existe la especie H O.
3
b) Al disminuir la concentración de un ácido en disolución acuosa aumenta el pH.
c) Al mezclar 100 mL de una disolución acuosa 1 M de HCL con 200 mL de otra disolución",2021 - Ácido Base.pdf,enunciados_PNG/2021 - Ácido Base_png/2021_julio_ejercicio_b5.png,
Química,2021,Julio,Ejercicio C3,Ácido Base,QUÍMICA. 2021. JULIO. EJERCICIO C3,"Una disolución 0’1 M de un ácido débil monoprótico (HA) tiene el mismo pH que una
disolución de HCl 5'49103 M. Calcule:
a) El pH de la disolución y el grado de disociación del ácido débil.",2021 - Ácido Base.pdf,enunciados_PNG/2021 - Ácido Base_png/2021_julio_ejercicio_c3.png,
Química,2022,Junio,B5,Ácido Base,QUÍMICA. 2022. JUNIO. B5,"Responda razonadamente a las siguientes cuestiones:
a) ¿Cómo será el pH de una disolución acuosa de NH Cl?
4
b) En el equilibrio: HSO   H O SO 2  H O, la especie HSO ¿actúa como
4 2 4 3 4
un ácido o una base según la teoría de de Brönsted-Lowry?.
c) ¿Qué le ocurre al pH de una disolución de NH si se le añade agua?.",2022 - Ácido Base.pdf,enunciados_PNG/2022 - Ácido Base_png/2022_junio_b5.png,
Química,2022,Junio,Ejercicio C3,Ácido Base,QUÍMICA. 2022. JUNIO. EJERCICIO C3,"Se tiene una disolución de KOH de 2’4% de riqueza en masa y 1'05 gmL1 de densidad.
Basándose en las reacciones químicas correspondientes, calcule:
a) La molaridad y el pH de la disolución.
b) Los gramos de KOH que se necesitan para neutralizar 20 mL de una disolución de H SO
2 4
0’5 M.",2022 - Ácido Base.pdf,enunciados_PNG/2022 - Ácido Base_png/2022_junio_ejercicio_c3.png,
Química,2022,Reserva 1,Ejercicio C3,Ácido Base,QUÍMICA. 2022. RESERVA 1. EJERCICIO C3,"Se prepara una disolución tomando 2 mL de ácido nítrico (HNO ) 15 M y añadiendo agua
3
hasta un volumen total de 0’5 L. Basándose en las reacciones químicas correspondientes,
calcule:
a) La concentración y el pH de la disolución diluida.
b) ¿Qué volumen de disolución de hidróxido de potasio (KOH), del 40% de riqueza en masa y
una densidad de 1'51 gmL1, será necesario para neutralizar 20 mL de la disolución de ácido
nítrico 15 M?.",2022 - Ácido Base.pdf,enunciados_PNG/2022 - Ácido Base_png/2022_reserva_1_ejercicio_c3.png,
Química,2022,Reserva 2,Ejercicio B5,Ácido Base,QUÍMICA. 2022. RESERVA 2. EJERCICIO B5,"Las constantes de acidez de los ácidos HClO y HCN son K 4108 y K 7'251010,
a a
respectivamente.
a) Escriba las reacciones químicas de disociación correspondientes, indicando los pares
conjugados ácido/base.
b) Justifique cuál de las dos bases conjugadas tiene la mayor constante de basicidad.",2022 - Ácido Base.pdf,enunciados_PNG/2022 - Ácido Base_png/2022_reserva_2_ejercicio_b5.png,
Química,2022,Reserva 2,Ejercicio C3,Ácido Base,QUÍMICA. 2022. RESERVA 2. EJERCICIO C3,"Una disolución acuosa de amoniaco (NH ) tiene una concentración 2 M. Basándose en las
3
reacciones químicas correspondientes, calcule:
a) El grado de disociación del NH y el pH de la disolución.
3
b) Los gramos de hidróxido de sodio (NaOH) n ecesarios para preparar 1 L de una disolución
con el mismo pH que la disolución de NH ante rior.
3
Datos: K 1'8105. Masas atómicas relativas: Na 23;O16; H 1",2022 - Ácido Base.pdf,enunciados_PNG/2022 - Ácido Base_png/2022_reserva_2_ejercicio_c3.png,
Química,2022,Reserva 3,Ejercicio B5,Ácido Base,QUÍMICA. 2022. RESERVA 3. EJERCICIO B5,"Justifique el pH de las disoluciones acuosas de las siguientes sales:
a) NaNO
3
b) NaCN
c) NH Cl",2022 - Ácido Base.pdf,enunciados_PNG/2022 - Ácido Base_png/2022_reserva_3_ejercicio_b5.png,
Química,2022,Reserva 3,Ejercicio C3,Ácido Base,QUÍMICA. 2022. RESERVA 3. EJERCICIO C3,"Una disolución acuosa de cianuro de hidrógeno (HCN) 0’01 M tiene un pH de 5’6. Basándose
en la reacción química correspondiente, calcule:
a) La concentración molar de todas las especies químicas presentes en el equilibrio.",2022 - Ácido Base.pdf,enunciados_PNG/2022 - Ácido Base_png/2022_reserva_3_ejercicio_c3.png,
asignatura_desconocida,2022,Reserva 4,Ejercicio C3,Ácido Base,QUIMICA. 2022. RESERVA 4. EJERCICIO C3,"Se disuelven 27’05 g de ácido metanoico (HCOOH) en agua hasta 1 L de disolución. Si el pH de
la disolución obtenida es 2, basándose en la reacción química correspondiente, calcule:
a) El grado de disociación y el valor de la constante de disociación del ácido.
b) El pH de una disolución del mismo ácido de concentración 0’2 M.",2022 - Ácido Base.pdf,enunciados_PNG/2022 - Ácido Base_png/2022_reserva_4_ejercicio_c3.png,
Química,2022,Julio,Ejercicio B4,Ácido Base,QUÍMICA. 2022. JULIO. EJERCICIO B4,"Justifique si son verdaderas o falsas las siguientes afirmaciones:
a) El par H O /OH es un par conjugado ácido-base.
3
b) Al diluir con agua una disolución acuosa de un ácido fuerte no se modifica el valor del pH.",2022 - Ácido Base.pdf,enunciados_PNG/2022 - Ácido Base_png/2022_julio_ejercicio_b4.png,
Química,2022,Julio,Ejercicio C3,Ácido Base,QUÍMICA. 2022. JULIO. EJERCICIO C3,"En una disolución acuosa 0'03 M de amoniaco (NH ), éste se encuentra disociado en un 2'4 %.
3
Basándose en la reacción química correspondiente, calcule:
a) El pH de la disolución y el valor de la constante de basicidad del amoniaco.
b) La molaridad que debe tener una disolución de NH para que su pH sea 11.",2022 - Ácido Base.pdf,enunciados_PNG/2022 - Ácido Base_png/2022_julio_ejercicio_c3.png,
Química,2023,Junio,Ejercicio B4,Ácido Base,QUÍMICA. 2023. JUNIO. EJERCICIO B4,"La metilamina, CH NH , es una base débil de acuerdo con la teoría de Brönsted-Lowry.
3 2
a) Escriba su equilibrio de disolución acuosa.
b) Escriba la expresión de su constante de basicidad K .
b
c)¿Podría una disolución acuosa de metilamina tener una valor de pH 5?. Razone la",2023 - Ácido Base.pdf,enunciados_PNG/2023 - Ácido Base_png/2023_junio_ejercicio_b4.png,
Química,2023,Junio,Ejercicio C3,Ácido Base,QUÍMICA. 2023. JUNIO. EJERCICIO C3,"Una disolución acuosa de ácido hipocloroso (HClO) tiene un valor de pH  5'5. Basándose en
la reacción que tiene lugar, calcule:
a) La concentración inicial del ácido hipocloroso.
b) El pH de la disolución si se diluye a la mitad.
Dato: K (HClO)3'2108",2023 - Ácido Base.pdf,enunciados_PNG/2023 - Ácido Base_png/2023_junio_ejercicio_c3.png,
Química,2023,Reserva 1,Ejercicio C3,Ácido Base,QUÍMICA. 2023. RESERVA 1. EJERCICIO C3,"El ácido glucónico es un compuesto empleado en la industria alimentaria para la producción de
aditivos alimentarios. Es un ácido orgánico monoprótico que puede ser representado por
RCOOH, cuya masa molecular es 196'16gmol1. Es comercializado en disoluciones al
50% de riqueza en masa y densidad 1'2gmL1. Si su pH es 2’2; determine:
a) El grado de disociación del ácido en la disolución comercial y la concentración de todas las
especies presentes.",2023 - Ácido Base.pdf,enunciados_PNG/2023 - Ácido Base_png/2023_reserva_1_ejercicio_c3.png,
Química,2023,Reserva 2,Ejercicio B5,Ácido Base,QUÍMICA. 2023. RESERVA 2. EJERCICIO B5,"En dos disoluciones de la misma concentración de dos ácidos monopróticos HA y HB, se
comprueba que A es mayor que B. Justifique la veracidad o falsedad de las
   
afirmaciones siguientes:
a) El ácido HA es más fuerte que el ácido HB.
b) El pH de la disolución del ácido HA es may or que el pH de la disolución del ácido HB.",2023 - Ácido Base.pdf,enunciados_PNG/2023 - Ácido Base_png/2023_reserva_2_ejercicio_b5.png,
Química,2023,Reserva 2,Ejercicio C3,Ácido Base,QUÍMICA. 2023. RESERVA 2. EJERCICIO C3,"El ácido pirúvico (CH COCOOH, ácido orgánico monoprótico del tipo RCOOH) se emplea
3
en el “peeling químico” para tratar problemas en la piel. Con tal fin, se disuelven 0’9 g de ácido
pirúvico en agua hasta un volumen final de 100 mL, resultando una disolución de pH 1'2.
Calcule:
a) El grado de disociación y la constante de acidez (K ) del ácido pirúvico.
a
b) El pH de una disolución obtenida si 10 mL de la disolución del enunciado se diluyen con
agua hasta un volumen de 200 mL.",2023 - Ácido Base.pdf,enunciados_PNG/2023 - Ácido Base_png/2023_reserva_2_ejercicio_c3.png,
Química,2023,Reserva 3,Ejercicio C 3,Ácido Base,QUÍMICA. 2023. RESERVA 3. EJERCICIO C 3,"Para la determinación de metales pesados en agua de río, se requiere emplear una disolución
ácida de pH1. En el laboratorio se dispone de una disolución acuosa de HNO comercial,
3
cuya etiqueta indica una densidad de 1'12 gmL1 y un 80% de riqueza en masa. Se toman 5
mL de esta disolución y se diluye con agua hasta un volumen final de 250 mL.
a) Justifique, mediante los cálculos correspondientes, si se podrá emplear dicha disolución de
ácido diluido para la determinación de los meta les pesados en el agua de río.
b) Determine el volumen de una disolución 2'9 gL1 de Mg(OH) necesario para neutralizar
2
los 250 mL de la disolución diluida de HNO .
3",2023 - Ácido Base.pdf,enunciados_PNG/2023 - Ácido Base_png/2023_reserva_3_ejercicio_c_3.png,
Química,2023,Reserva 4,Ejercicio B5,Ácido Base,QUÍMICA. 2023. RESERVA 4. EJERCICIO B5,"Justifique si son verdaderas o falsas las siguientes afirmaciones:
a) Un ácido y su base conjugada reaccionan para formar sal y agua.
b) La base conjugada de un ácido débil como el ácido benzoico (K 6'5105) es una base
a
fuerte.
c) La base conjugada del H O es el OH.",2023 - Ácido Base.pdf,enunciados_PNG/2023 - Ácido Base_png/2023_reserva_4_ejercicio_b5.png,
Química,2023,Reserva 4,Ejercicio C3,Ácido Base,QUÍMICA. 2023. RESERVA 4. EJERCICIO C3,"Para una reacción de síntesis química de un antibiótico se necesita preparar 25 mL de una
disolución de ácido acético (CH COOH) de concentración 1 M. Se dispone en el laboratorio de
3
una disolución comercial de ácido acético concentrado cuya etiqueta indica una densidad de
1'05gmL1 y una riqueza en masa del 80%. Calcule:
a) La concentración molar de la disolución comercial de ácido acético y el volumen necesario
para preparar la disolución requerida en la sín tesis del antibiótico.
b) El grado de disociación del ácido acético em pleado en la síntesis del antibiótico y el pH de la
disolución.
Datos: K 1'8105: Masas atómicas: H = 1; C = 12; O = 16",2023 - Ácido Base.pdf,enunciados_PNG/2023 - Ácido Base_png/2023_reserva_4_ejercicio_c3.png,
Química,2023,Julio,Ejercicio B5,Ácido Base,QUÍMICA. 2023. JULIO. EJERCICIO B5,"Justifique si el valor del pH aumenta o disminuye:
a) Se añade CH COONa a una disolución de CH COOH.
3 3
b) Se añade HCl a una disolución de NaCl
c) Se añaden 10 mL de KOH 0’1 M a 20 mL de disolución 0’1 M de HNO .",2023 - Ácido Base.pdf,enunciados_PNG/2023 - Ácido Base_png/2023_julio_ejercicio_b5.png,
Química,2023,Julio,Ejercicio C3,Ácido Base,QUÍMICA. 2023. JULIO. EJERCICIO C3,"La etiqueta de una botella de HNO indica que la densidad es 1'014 gL1 y la riqueza en
3
masa 2’42%. Calcule:
a) La molaridad y el pH de la disolución de HNO .
3
b) El volumen de Ba(OH) 0’1 M necesario para neutralizar 10 mL de ese ácido.
2",2023 - Ácido Base.pdf,enunciados_PNG/2023 - Ácido Base_png/2023_julio_ejercicio_c3.png,
Química,2024,Junio,Ejercicio B5,Ácido Base,QUÍMICA. 2024. JUNIO. EJERCICIO B5,"Justifique si las siguientes afirmaciones son verdaderas o falsas:
a) En una disolución diluida de un ácido fuerte H X hay mayor proporción de H X que de X − .
b) Cuando se disuelve CH COONa en agua se producen iones OH−.
3
c) El pH de una disolución 0’1 M de HCl es menor que el de una disolución 0’1 M de
CH COOH(K =1'7510−5).",2024 - Ácido Base.pdf,enunciados_PNG/2024 - Ácido Base_png/2024_junio_ejercicio_b5.png,
asignatura_desconocida,2024,Junio,Ejercicio C3,Ácido Base,QUIMICA. 2024. JUNIO. EJERCICIO C3,"Se preparan 10 L de una disolución de ácido metanoico (HCOOH) disolviendo 23 g en agua.
Teniendo en cuenta que el pH de la disolución es 3, calcule:
a) El grado de disociación del ácido.
b) El valor de la constante de disociación.",2024 - Ácido Base.pdf,enunciados_PNG/2024 - Ácido Base_png/2024_junio_ejercicio_c3.png,
Química,2024,Reserva 1,Ejercicio B5,Ácido Base,QUÍMICA. 2024. RESERVA 1. EJERCICIO B5,"Justifique, escribiendo las correspondientes reacciones químicas, si el pH de las siguientes
disoluciones acuosas es ácido, básico o neutro:
a) Disolución de N H
3
cuya constante de equilibrio es K
b
= 1 ' 8  1 0 − 5 .
b) Disolución de NaBrO, teniendo en cuenta que la constante de equilibrio del HBrO es
K = 2'310−9.
a
c) Disolución resultante de la mezcla de 100 mL de disolución de HCl 0,2 M y de 150 mL de",2024 - Ácido Base.pdf,enunciados_PNG/2024 - Ácido Base_png/2024_reserva_1_ejercicio_b5.png,
Química,2024,Reserva 1,Ejercicio C3,Ácido Base,QUÍMICA. 2024. RESERVA 1. EJERCICIO C3,"Se disuelven 0’2 g de C a ( O H )
2
en agua, hasta un volumen final de 250 mL. Basándose en la
reacción de disociación correspondiente, calcule:
a) La molaridad de la disolución y su pH.
b) El pH de una disolución obtenida al diluir 15 mL de la disolución del enunciado en agua
hasta un volumen de 100 mL.",2024 - Ácido Base.pdf,enunciados_PNG/2024 - Ácido Base_png/2024_reserva_1_ejercicio_c3.png,
Química,2024,Reserva 2,Ejercicio C3,Ácido Base,QUÍMICA. 2024. RESERVA 2. EJERCICIO C3,"Una disolución acuosa de KOH para uso industrial tiene una composición del 40% de riqueza
en masa y densidad 1 ' 5 1 5 g  m L − 1
a) Calcule el volumen necesario de esta disolución para preparar 5 L de una disolución acuosa
de pH =13.
b) Si a 50 mL de la disolución de KOH de uso industrial se le adiciona agua hasta un volumen
de 250 mL, calcule el volumen de una disolución acuosa de HClO 2 M necesario para
4
neutralizarla.",2024 - Ácido Base.pdf,enunciados_PNG/2024 - Ácido Base_png/2024_reserva_2_ejercicio_c3.png,
Química,2024,Reserva 3,Ejercicio C3,Ácido Base,QUÍMICA. 2024. RESERVA 3. EJERCICIO C3,"Se ha preparado una disolución acuosa 0,1 M de un ácido débil monoprótico, R − C O O H
( K
a
= 1 ' 5 2  1 0 − 5 ) .
a) Calcule las concentraciones de todas las especies químicas en el equilibrio y el grado de
disociación.
b) Si se mezclan 250 mL de la disolución anterior del ácido con 250 mL de agua, ¿cuál será el",2024 - Ácido Base.pdf,enunciados_PNG/2024 - Ácido Base_png/2024_reserva_3_ejercicio_c3.png,
asignatura_desconocida,2024,Reserva 4,Ejercicio B4,Ácido Base,QUIMICA. 2024. RESERVA 4 EJERCICIO B4,"Indique de forma justificada:
a) Cuál de las siguientes especies es anfótera: CO 2− , HCO − , H CO
3 3 2 3
b) Cuál es el ácido conjugado de H P O
4
2 −
c) Qué disolución 0,5 M de las sales KCl o N H
4",2024 - Ácido Base.pdf,enunciados_PNG/2024 - Ácido Base_png/2024_reserva_4_ejercicio_b4.png,
Química,2024,Reserva 4,Ejercicio C 3,Ácido Base,QUÍMICA. 2024. RESERVA 4. EJERCICIO C 3,"Se preparan 250 mL de una disolución acuosa de HCl a partir de 2 mL de una disolución de
HCl comercial de densidad 1'383 gmL−1 y 33% de riqueza en masa.
a) ¿Cuál es la molaridad y el pH de la disolución que se ha preparado?.
b) ¿Qué volumen de una disolución de Ca(OH) 0’02 M es necesario añadir para neutralizar
2
100 mL de la disolución de HCl que se ha preparado?.",2024 - Ácido Base.pdf,enunciados_PNG/2024 - Ácido Base_png/2024_reserva_4_ejercicio_c_3.png,
Química,2024,Julio,Ejercicio C3,Ácido Base,QUÍMICA. 2024. JULIO. EJERCICIO C3,"El agua fuerte es una disolución acuosa que contiene un 25% en masa de H C l y tiene una
densidad de 1 ' 0 9 g  m L − 1 . Se diluyen 25 mL de agua fuerte añadiendo agua hasta un volumen
final de 250 mL.
a) Calcule la concentración molar y el pH de la disolución diluida.
b) ¿Qué volumen de una disolución que contiene 3'7 gL−1 de Ca(OH) será necesario para
2
neutralizar 20 mL de la disolución diluida de HCl?.",2024 - Ácido Base.pdf,enunciados_PNG/2024 - Ácido Base_png/2024_julio_ejercicio_c3.png,
Química,2025,Junio,Ejercicio 3B,Ácido Base,QUÍMICA. 2025. JUNIO. EJERCICIO 3B,"Se preparan 250 mL de una disolución acuosa de H N O
3
a partir de 2 mL de una disolución
comercial de densidad 1'12 gmL−1 y 20% de riqueza en masa.
a) ¿Qué molaridad y pH tendrá la disolución preparada?
b) ¿Qué volumen de una disolución de NaOH 0’02 M será necesario añadir para neutralizar 100
mL de la disolución que se ha preparado?",2025 - Ácido Base.pdf,enunciados_PNG/2025 - Ácido Base_png/2025_junio_ejercicio_3b.png,
Química,2025,Reserva 1,Ejercicio 2B,Ácido Base,QUÍMICA. 2025. RESERVA 1. EJERCICIO 2B,"a) Razone, según la teoría de Brönsted-Lowry, si el ácido conjugado de una base fuerte es un
ácido fuerte.
b) Escriba la reacción del C N − en agua, identificando los pares ácido-base conjugados.
c) Explique si al disolver N a N O
3
en agua el pH cambia.
d) Justifique cuál o cuáles de las especies H C O
3
− , C O
3
2 − y H
2
C O
3",2025 - Ácido Base.pdf,enunciados_PNG/2025 - Ácido Base_png/2025_reserva_1_ejercicio_2b.png,
Química,2025,Reserva 1,Ejercicio 5,Ácido Base,QUÍMICA. 2025. RESERVA 1. EJERCICIO 5,"LA QUÍMICA DEL ÁCIDO ACETILSALICÍLICO
El ácido acetilsalicílico (R−COOH), de masa molar 180 g  m o l − 1 , es el principio activo de la
aspirina, uno de los medicamentos más usados en el mundo por sus propiedades analgésicas,
antiinflamatorias y antiplaquetarias. Su mecanismo de acción está relacionado con su carácter
de ácido débil ( K
a
= 3 ' 3  1 0 − 4 ) , lo que le permite interactuar en diversos procesos biológicos.
Sin embargo, esta acidez puede causar irritación gástrica, lo que ha llevado al desarrollo de
formulaciones que controlan su liberación en el organismo.
Una tableta típica de aspirina contiene 500 mg de R − C O O H y excipientes que varían según el
laboratorio. Algunos de los excipientes que suelen formar parte de su composición incluyen:
C a
3
( P O
4
)
2
, utilizado para dar volumen al comprimido; hidróxido de calcio que actúa como
regulador del pH; S i O
2
como antiaglomerante; y en formulaciones efervescentes se utiliza el
hidrogenocarbonato de sodio que reacciona para liberar dióxido de carbono, lo que causa la
efervescencia y ayuda su rápida disolución. Estos excipientes no afectan directamente el
equilibrio químico del ácido disuelto, pero aseguran la estabilidad de la tableta y su adecuada
disolución en agua.
a) Se disuelven dos tabletas de aspirina en 250 mL de agua. Determine el pH de la disolución
resultante sin tener en cuenta el efecto de los excipientes.
b) ¿Qué cantidad de ácido acetilsalicílico debe pesarse de un bote de reactivo comercial con una
riqueza del 98 % para preparar 100 mL de una disolución 0,5 M?. Indique qué materiales de
laboratorio de la siguiente Tabla utilizaría para preparar esta disolución
Tabla. Materiales de laboratorio
Matraz Matraz de Embudo de Bureta Vaso de Espátula
aforado fondo decantación precipitado
redondo",2025 - Ácido Base.pdf,enunciados_PNG/2025 - Ácido Base_png/2025_reserva_1_ejercicio_5.png,
Química,2025,Reserva 2,Ejercicio 3B,Ácido Base,QUÍMICA. 2025. RESERVA 2. EJERCICIO 3B,"En el laboratorio nos encontramos una botella de 1 L que contiene una disolución diluida de
amoniaco ( N H
3
) sin indicar su concentración. Medimos su pH y resulta ser de 10,8.
a) Determine la concentración molar de NH y el grado de disociación en dicha disolución.
3
b) Para preparar una disolución de NaOH que tenga el mismo pH que la disolución diluida de
amoniaco anterior, ¿qué masa de NaOH necesitaríamos disolver en un volumen final de 500 mL
de disolución?
Datos: K (NH )=1'810−5 . Masas atómicas relativas
b 3",2025 - Ácido Base.pdf,enunciados_PNG/2025 - Ácido Base_png/2025_reserva_2_ejercicio_3b.png,
Química,2026,Junio,Ejercicio 3B,Ácido Base,QUÍMICA. 2026. JUNIO. EJERCICIO 3B,"Una disolución acuosa de hidróxido de potasio (KOH) para uso industrial tiene una riqueza en
masa del 40% y densidad 1 ' 5 1 5 g  m L − 1 .
a) Calcule el volumen necesario de esta disolución para preparar 5 L de disolución acuosa de
p H = 1 3 .
b) A 50mL de la disolución de uso industrial se le adiciona agua hasta un volumen de 250 mL.
Basándose en la reacción correspondiente, calcule el volumen de una disolución acuosa de ácido
perclórico ( H C l O
4
) 2 M necesario para neutralizarla.",2026 - Ácido Base.pdf,enunciados_PNG/2026 - Ácido Base_png/2026_junio_ejercicio_3b.png,
