asignatura,tema,año,convocatoria,ejercicio,enunciado,imagen,archivo,aviso
matesii,Sistemas De Ecuaciones Lineales,,,,D etermina razonadamente los valores de m para los que el sistema de ecuaciones 2x y z  mx  x2y z  my  x2y4z  mz  t iene más de una solución. M ATEMÁTICAS II. 2003. RESERVA 3. EJERCICIO 3. OPCIÓN A.,enunciados_PNG/2003 - Sistemas De Ecuaciones Lineales_png/2003_sistemas_de_ecuaciones_lineales_p04.png,2003 - Sistemas De Ecuaciones Lineales.pdf,sin metadatos
matesii,Sistemas De Ecuaciones Lineales,,,,"E n una excavación arqueológica se han encontrado sortijas, monedas y pendientes. Una sortija, una m oneda y un pendiente pesan conjuntamente 30 gramos. Además, 4 sortijas, 3 monedas y 2 p endientes han dado un peso total de 90 gramos. El peso de un objeto deformado e irreconocible es d e 18 gramos. Determina si el mencionado objeto es una sortija, una moneda o un pendiente, s abiendo que los objetos que son del mismo tipo pesan lo mismo. M ATEMÁTICAS II. 2005. SEPTIEMBRE. EJERCICIO 3. OPCIÓN A.",enunciados_PNG/2005 - Sistemas De Ecuaciones Lineales_png/2005_sistemas_de_ecuaciones_lineales_p08.png,2005 - Sistemas De Ecuaciones Lineales.pdf,sin metadatos
matesii,Sistemas De Ecuaciones Lineales,,,, 1 1 0   x      Considera las matrices A 2 t1 t1 y X  y          2t1 0 t3   z  a ) Calcula el rango de A según los diferentes valores de t. b ) Razona para qué valores de t el sistema homogéneo AX O tiene más de una solución. M ATEMÁTICAS II. 2011. RESERVA 2. EJERCICIO 3. OPCIÓN B.,enunciados_PNG/2011 - Sistemas De Ecuaciones Lineales_png/2011_sistemas_de_ecuaciones_lineales_p03.png,2011 - Sistemas De Ecuaciones Lineales.pdf,sin metadatos
matesii,Matrices Y Determinantes,,,,"1 2 D ada la matriz A  , calcula (At A1)2A 3 4 M ATEMÁTICAS II. 2000. JUNIO. EJERCICIO 4.OPCIÓN A.",enunciados_PNG/2000 - Matrices Y Determinantes_png/2000_matrices_y_determinantes_p02.png,2000 - Matrices Y Determinantes.pdf,sin metadatos
matesii,Matrices Y Determinantes,,,,a b c Sabiendo que d e f  2; calcula los siguientes determinantes y enuncia las propiedades g h i 3a 3b 15c a2b c b que utilices: a) d e 5f ; b) d 2e f e g h 5i g2h i h M ATEMÁTICAS II. 2000. RESERVA 1. EJERCICIO 3. OPCIÓN A.,enunciados_PNG/2000 - Matrices Y Determinantes_png/2000_matrices_y_determinantes_p03.png,2000 - Matrices Y Determinantes.pdf,sin metadatos
matesii,Matrices Y Determinantes,,,, senx cosx 0   Sea A cosx senx 0 .      senxcosx senxcosx 1  ¿ Para qué valores de x existe la matriz inversa de A?. Calcula dicha matriz inversa. M ATEMÁTICAS II. 2001. JUNIO. EJERCICIO 3. OPCIÓN A.,enunciados_PNG/2001 - Matrices Y Determinantes_png/2001_matrices_y_determinantes_p02.png,2001 - Matrices Y Determinantes.pdf,sin metadatos
matesii,Matrices Y Determinantes,,,," 0 3 4   Considera la matriz A 1 4 5      1 3 4  a ) Siendo I la matriz identidad 3x3 y 0 la matriz nula 3x3, prueba que A3 + I = 0 b ) Calcula A10 M ATEMÁTICAS II. 2001. JUNIO. EJERCICIO 4.OPCIÓN B.",enunciados_PNG/2001 - Matrices Y Determinantes_png/2001_matrices_y_determinantes_p03.png,2001 - Matrices Y Determinantes.pdf,sin metadatos
matesii,Matrices Y Determinantes,,,,"1 2 3 1 2 1 2 3 1 1   D e las matrices: A 3 4   ;B 4 5 6   ;C  3 3   ;D   0 1 2   0 0 1   D etermina cuáles tienen inversa y en los casos en que exista, calcula el determinante de dichas i nversas. M ATEMÁTICAS II. 2001. RESERVA 1. EJERCICIO 3. OPCIÓN A.",enunciados_PNG/2001 - Matrices Y Determinantes_png/2001_matrices_y_determinantes_p04.png,2001 - Matrices Y Determinantes.pdf,sin metadatos
matesii,Matrices Y Determinantes,,,,"1 0 1  1 2     Determina la matriz X tal que A·X―3·B = 0, siendo: A 2 3 7 y B  1 0         0 1 2 2 1     M ATEMÁTICAS II. 2001. RESERVA 3. EJERCICIO 3. OPCIÓN A.",enunciados_PNG/2001 - Matrices Y Determinantes_png/2001_matrices_y_determinantes_p06.png,2001 - Matrices Y Determinantes.pdf,sin metadatos
matesii,Matrices Y Determinantes,,,,"1  1    Considera la matriz A  1      0  1 a ) Determina para qué valores del parámetro  la matriz A no tiene inversa. b ) Calcula, si es posible, la matriz inversa de A para  2. M ATEMÁTICAS II. 2001. RESERVA 4. EJERCICIO 4. OPCIÓN B.",enunciados_PNG/2001 - Matrices Y Determinantes_png/2001_matrices_y_determinantes_p08.png,2001 - Matrices Y Determinantes.pdf,sin metadatos
matesii,Matrices Y Determinantes,,,,D etermina una matriz A simétrica (A coincide con su traspuesta) sabiendo que:  2 6 4 12 det(A)7 y A      1 3  1 3 M ATEMÁTICAS II. 2002. JUNIO. EJERCICIO 3. OPCIÓN A.,enunciados_PNG/2002 - Matrices Y Determinantes_png/2002_matrices_y_determinantes_p02.png,2002 - Matrices Y Determinantes.pdf,sin metadatos
matesii,Matrices Y Determinantes,,,,"D etermina la matriz X que verifica la ecuación A·X = X―B, siendo:  0 0 1 1 0 1     A 0 0 0 y B 0 1 1          1 0 0   0 1 1  M ATEMÁTICAS II. 2002. JUNIO. EJERCICIO 3. OPCIÓN B.",enunciados_PNG/2002 - Matrices Y Determinantes_png/2002_matrices_y_determinantes_p03.png,2002 - Matrices Y Determinantes.pdf,sin metadatos
matesii,Matrices Y Determinantes,,,,0 0 1 0 0 1     Considera las matrices: A 0 1 0 ; B x 1 0         1 0 0 y 0 0     a ) Calcula la matriz inversa de A. b ) Calcula A127 y A128. c ) Determina x e y tal que AB BA. M ATEMÁTICAS II. 2002. RESERVA 1. EJERCICIO 3. OPCIÓN B.,enunciados_PNG/2002 - Matrices Y Determinantes_png/2002_matrices_y_determinantes_p04.png,2002 - Matrices Y Determinantes.pdf,sin metadatos
matesii,Matrices Y Determinantes,,,," k x 1ax   Sin desarrollarlo, calcula el valor del determinante de la matriz 2k y 2ay y enuncia las     3k z 3az   p ropiedades que hayas usado. M ATEMÁTICAS II. 2002. RESERVA 3. EJERCICIO 3. OPCIÓN B.",enunciados_PNG/2002 - Matrices Y Determinantes_png/2002_matrices_y_determinantes_p06.png,2002 - Matrices Y Determinantes.pdf,sin metadatos
matesii,Matrices Y Determinantes,,,,"S ean C , C y C las columnas primera, segunda y tercera, respectivamente, de una matriz 1 2 3 c uadrada A de orden 3 cuyo determinante vale 5. Calcula, indicando las propiedades que u tilices: a ) El determinante de A3. b ) El determinante de A-1. c ) El determinante de 2 A. d ) El determinante de una matriz cuadrada cuyas columnas primera, segunda y tercera son, r espectivamente, 3C ―C ; 2C y C . 1 3 3 2 M ATEMÁTICAS II. 2003. JUNIO. EJERCICIO 3. OPCIÓN B.",enunciados_PNG/2003 - Matrices Y Determinantes_png/2003_matrices_y_determinantes_p02.png,2003 - Matrices Y Determinantes.pdf,sin metadatos
matesii,Matrices Y Determinantes,,,,"a ) Se sabe que el determinante de una matriz cuadrada A de orden 3 vale ―2. ¿Cuánto vale el d eterminante de la matriz 4 A ?. 1 2 0    b) Dada la matriz B  0 1 ,¿ para qué valores de  la matriz 3 B + B2 no tiene inversa?.     0 1 2   M ATEMÁTICAS II. 2003. RESERVA 3. EJERCICIO 3. OPCIÓN B.",enunciados_PNG/2003 - Matrices Y Determinantes_png/2003_matrices_y_determinantes_p05.png,2003 - Matrices Y Determinantes.pdf,sin metadatos
matesii,Matrices Y Determinantes,,,,"x y z Sabiendo que: t u v  6, calcula, indicando las propiedades que utilices, los siguientes a b c 3x y z 2y x z x y z determinantes: a) 3t u v ; b) 2u t v ; c) t u v 3a b c 2b a c 2xa 2yb 2zc M ATEMÁTICAS II. 2004. RESERVA 4. EJERCICIO 3. OPCIÓN B.",enunciados_PNG/2004 - Matrices Y Determinantes_png/2004_matrices_y_determinantes_p05.png,2004 - Matrices Y Determinantes.pdf,sin metadatos
matesii,Matrices Y Determinantes,,,,"1 0 0  1 0   3 1 2 S ean las matrices A  , B   0 1 1  y C   1 1   0 1 2  0 1 2  C alcula la matriz X que cumpla la ecuación AXBC M ATEMÁTICAS II. 2010. SEPTIEMBRE. EJERCICIO 3. OPCIÓN B.",enunciados_PNG/2010 - Matrices Y Determinantes_png/2010_matrices_y_determinantes_p07.png,2010 - Matrices Y Determinantes.pdf,sin metadatos
matesii,Matrices Y Determinantes,,,,"1 1 D ada la matriz A   2 1 a ) Demuestra que A2 2A I y que A1  A2I, siendo I la matriz identidad de orden 2. b ) Calcula la matriz X que verifica la ecuación: A2  XA5A4I M ATEMÁTICAS II. 2011. RESERVA 4. EJERCICIO 3. OPCIÓN B.",enunciados_PNG/2011 - Matrices Y Determinantes_png/2011_matrices_y_determinantes_p08.png,2011 - Matrices Y Determinantes.pdf,sin metadatos
matesii,Matrices Y Determinantes,,,,"3 2 2 1 D ada la matriz A  , sea B la matriz que verifica AB  . 5 1  7 3 a ) Comprueba que las matrices A y B poseen inversas. b ) Resuelve la ecuación matricial A1X B BA. M ATEMÁTICAS II. 2012. RESERVA 3. EJERCICIO 3. OPCIÓN B.",enunciados_PNG/2012 - Matrices Y Determinantes_png/2012_matrices_y_determinantes_p05.png,2012 - Matrices Y Determinantes.pdf,sin metadatos
matesii,Matrices Y Determinantes,,,,"a b c    Se sabe que el determinante de la matriz A b d e es 3, calcula los siguientes     c e f  determinantes, indicando, en cada caso, las propiedades que utilices: a b c a b 4ac a ) det(A3), det(A1) y det(A At); b) c e f ; c) b d 4be 2b 2d 2e c e 4c f M ATEMÁTICAS II. 2014. RESERVA 4. EJERCICIO 3. OPCIÓN A.",enunciados_PNG/2014 - Matrices Y Determinantes_png/2014_matrices_y_determinantes_p07.png,2014 - Matrices Y Determinantes.pdf,sin metadatos
matesii,Matrices Y Determinantes,,,," 1   1   1 1 1       Considera las matrices A 1 , B  1 y C  1 1 1              0   1   0 0 0 a ) Calcula el rango de ABt I según los valores de  (Bt es la matriz traspuesta de B, I es la m atriz identidad de orden 3). b ) Calcula la matriz X que verifica: CX  X  2I M ATEMÁTICAS II. 2016. SEPTIEMBRE. EJERCICIO 3. OPCIÓN B.",enunciados_PNG/2016 - Matrices Y Determinantes_png/2016_matrices_y_determinantes_p06.png,2016 - Matrices Y Determinantes.pdf,sin metadatos
matesii,Matrices Y Determinantes,,,,"Sea A una matriz 3x3 tal que det(2A)8. a) ¿Cuánto vale det(A)? b) Siendo B la matriz que se obtiene de A multiplicando por 3 la primera fila y por 1 la tercera, ¿cuánto vale det(B)? c) Determina los valores de x para los que la siguiente matriz A verifica que det(2A)8,  x 1 1   A x1 2 2      x x2 1 MATEMÁTICAS II. 2017. RESERR VE A S 3 .O E JLE RUC CIC II O Ó 3 .N O PCIÓN B.",enunciados_PNG/2017 - Matrices Y Determinantes_png/2017_matrices_y_determinantes_p05.png,2017 - Matrices Y Determinantes.pdf,sin metadatos
matesii,Matrices Y Determinantes,,,,"1 1 1   Sea la matriz A 1 1 1 e I la matriz identidad de orden 3.     1 1 1 a ) Halla los valores de m para que la matriz AmI no tenga inversa. 1 b) Halla x, distinto de cero, para que A xI sea la inversa de la matriz (AI) x M ATEMÁTICAS II. 2023. JULIO. EJERCICIO 5",enunciados_PNG/2023 - Matrices Y Determinantes_png/2023_matrices_y_determinantes_p07.png,2023 - Matrices Y Determinantes.pdf,sin metadatos
química,Equilibrio Químico,,,,n presencia de un catalizador: 120 100 80 J 60 k Reactivos 40 Productos 20 0,enunciados_PNG/2001 - Equilibrio Químico_png/2001_equilibrio_quimico_p10.png,2001 - Equilibrio Químico.pdf,sin metadatos
química,Equilibrio Químico,,,,ENERGÍA REACTIVOS PRODUCTOS COORDENADA DE REACCIÓN,enunciados_PNG/2002 - Equilibrio Químico_png/2002_equilibrio_quimico_p08.png,2002 - Equilibrio Químico.pdf,sin metadatos
química,Reactividad Orgánica,,,,"1,2 dicloro benceno 1,3 dicloro benceno 1,4 dicloro benceno u ó ó orto diclorobenceno meta diclorobenceno para diclorobenceno",enunciados_PNG/2008 - Reactividad Orgánica_png/2008_reactividad_organica_p05.png,2008 - Reactividad Orgánica.pdf,sin metadatos
química,Enlace Químico,,,,N AZZq2  1 U a 1   4 d  n 0 0,enunciados_PNG/2021 - Enlace Químico_png/2021_enlace_quimico_p05.png,2021 - Enlace Químico.pdf,sin metadatos
matesii,Geometría,,,,Halla la distancia entre el origen de coordenadas y la recta intersección de los planos de ecuaciones r espectivas: x y2z 4; 2x yz  2 M ATEMÁTICAS II. 2000. RESERVA 1. EJERCICIO 4. OPCIÓN A,enunciados_PNG/2000 - Geometría_png/2000_geometria_p04.png,2000 - Geometría.pdf,sin metadatos
matesii,Geometría,,,,Halla las ecuaciones de la recta que se apoya perpendicularmente en las rectas r y s definidas z1 x4 y1 z respectivamente por: r  x1 y2 ; s   2 1 3 2 M ATEMÁTICAS II. 2000. SEPTIEMBRE. EJERCICIO 3. OPCIÓN A,enunciados_PNG/2000 - Geometría_png/2000_geometria_p09.png,2000 - Geometría.pdf,sin metadatos
matesii,Geometría,,,,"C onsidera los puntos: A(1,0,3);B(3,1,0);C(0,1,2) y D(a,b,1). Halla a y b sabiendo que la r ecta que pasa por A y B corta perpendicularmente a la recta que pasa por C y D. M ATEMÁTICAS II. 2001. RESERVA 1. EJERCICIO 4. OPCIÓN B.",enunciados_PNG/2001 - Geometría_png/2001_geometria_p04.png,2001 - Geometría.pdf,sin metadatos
matesii,Geometría,,,,"C onsidera los puntos A(1,1,1);B(2,2,2);C(1,1,0) y D(1,0,0). a ) Halla la ecuación del plano que contiene a los puntos A y B y no corta a la recta determinada p or C y D. b ) Halla las ecuaciones de la recta determinada por los puntos medios de los segmentos AB y CD. M ATEMÁTICAS II. 2002. RESERVA 1. EJERCICIO 4. OPCIÓN B.",enunciados_PNG/2002 - Geometría_png/2002_geometria_p05.png,2002 - Geometría.pdf,sin metadatos
matesii,Geometría,,,,"Halla la ecuación de la recta que pasa por el punto (3,1,1), es paralela al plano 3x yz 4 y corta a la recta intersección de los planos xz4 y x2yz 1. M ATEMÁTICAS II. 2003. RESERVA 3. EJERCICIO 4. OPCIÓN A.",enunciados_PNG/2003 - Geometría_png/2003_geometria_p08.png,2003 - Geometría.pdf,sin metadatos
matesii,Geometría,,,,"Calcula el área del triángulo de vértices A(0,0,1), B(0,1,0) y C, siendo C la proyección ortogonal del punto (1,1,1) sobre el plano x y z 1. M ATEMÁTICAS II. 2004. RESERVA 4. EJERCICIO 4. OPCIÓN A.",enunciados_PNG/2004 - Geometría_png/2004_geometria_p10.png,2004 - Geometría.pdf,sin metadatos
matesii,Geometría,,,,"S e sabe que los puntos A(m,0,1);B(0,1,2);C(1,2,3) y D(7,2,1) están en un mismo plano. a ) Halla m y calcula la ecuación de dicho plano. b ) ¿Están los puntos B, C y D alineados? M ATEMÁTICAS II. 2005. RESERVA 1. EJERCICIO 4. OPCIÓN B.",enunciados_PNG/2005 - Geometría_png/2005_geometria_p05.png,2005 - Geometría.pdf,sin metadatos
matesii,Geometría,,,,z2 Considera un plano  x ymz  3 y la recta r  x y1 2 a ) Halla m para que r y  sean paralelos. b ) Halla m para que r y  sean perpendiculares. c ) ¿Existe algún valor de m para que la recta r esté contenida en el plano ?. M ATEMÁTICAS II. 2005. SEPTIEMBRE. EJERCICIO 4. OPCIÓN A.,enunciados_PNG/2005 - Geometría_png/2005_geometria_p12.png,2005 - Geometría.pdf,sin metadatos
matesii,Geometría,,,,Calcula el área del triángulo cuyos vértices son los puntos de intersección del plano 6x3y2z 6 con los ejes de coordenadas. M ATEMÁTICAS II. 2010. RESERVA 1. EJERCICIO 4. OPCIÓN A.,enunciados_PNG/2010 - Geometría_png/2010_geometria_p04.png,2010 - Geometría.pdf,sin metadatos
matesii,Geometría,,,,"x2 z1 Considera los puntos A(1,0,2) y B(1,2,4) y la recta r definida por  y1 2 3 a ) Determina la ecuación del plano formado por los puntos que equidistan de A y de B. b ) Halla la ecuación del plano paralelo a r y que contiene a los puntos A y B. M ATEMÁTICAS II. 2010. RESERVA 2. EJERCICIO 4. OPCIÓN A.",enunciados_PNG/2010 - Geometría_png/2010_geometria_p06.png,2010 - Geometría.pdf,sin metadatos
matesii,Geometría,,,,"C onsidera los puntos A(1,2,1) y B(1,0,3). a ) Calcula las coordenadas de los puntos que dividen al segmento AB en tres partes iguales. b ) Halla la ecuación del plano perpendicular al segmento AB y que pasa por A. M ATEMÁTICAS II. 2010. RESERVA 3. EJERCICIO 4. OPCIÓN A.",enunciados_PNG/2010 - Geometría_png/2010_geometria_p08.png,2010 - Geometría.pdf,sin metadatos
matesii,Geometría,,,,"C onsidera los planos  y  dados, respectivamente, por las ecuaciones 1 2 (x,y,z)(2,0,7)(1,2,0)(0,1,1) y 2x yz50 z1 D etermina los puntos de la recta r definida por x  y1 que equidistan de  y  . 3 1 2 M ATEMÁTICAS II. 2011. RESERVA 3. EJERCICIO 4. OPCIÓN B.",enunciados_PNG/2011 - Geometría_png/2011_geometria_p09.png,2011 - Geometría.pdf,sin metadatos
matesii,Geometría,,,,"S e consideran los vectoresu(k,1,1), v(2,1,2) y w (1,1,k), donde k es un número real. a) Determina los valores de k para los que u, v y w son linealmente dependientes. b) Determina los valores de k para los que uv y vw son ortogonales. c ) Para k  1, determina aquellos vectores que son ortogonales a v y w y tienen módulo 1. M ATEMÁTICAS II. 2012. RESERVA 3. EJERCICIO 4. OPCIÓN A.",enunciados_PNG/2012 - Geometría_png/2012_geometria_p08.png,2012 - Geometría.pdf,sin metadatos
matesii,Geometría,,,,x1 2 y Encuentra los puntos de la recta r    z3 cuya distancia al plano  x2y2z 1 4 2 v ale cuatro unidades. M ATEMÁTICAS II. 2012. RESERVA 3. EJERCICIO 4. OPCIÓN B.,enunciados_PNG/2012 - Geometría_png/2012_geometria_p09.png,2012 - Geometría.pdf,sin metadatos
matesii,Geometría,,,,"x  1  C onsidera A(1,0,1), B(1,0,2) y O(0,0,0), y la recta r  y   z  2  a ) (1’5 Puntos). Calcula la distancia del punto A a la recta r. b ) (1 Punto). Determina el área del triángulo de vértices A, B y O. M ATEMÁTICAS II. 2020. RESERVA 4. EJERCICIO 4",enunciados_PNG/2020 - Geometría_png/2020_geometria_p10.png,2020 - Geometría.pdf,sin metadatos
matesii,Geometría,,,,"4x3y4z 1 C onsidera el plano   x yaz  0 y la recta r  3x2yz 0 a ) (1’5 puntos) Halla a sabiendo que  es paralelo a r. b ) (1 punto) Determina el plano perpendicular a r que pasa por el punto P(1,2,3). M ATEMÁTICAS II. 2020. SEPTIEMBRE. EJERCICIO 4",enunciados_PNG/2020 - Geometría_png/2020_geometria_p12.png,2020 - Geometría.pdf,sin metadatos
matesii,Geometría,,,,"x y2 z1  x yz 2 C onsidera las rectas r    y s 1 2 1 3x yz 4 S abiendo que dos de los lados de un cuadrado están en las rectas r y s, calcula su área. M ATEMÁTICAS II. 2021. RESERVA 3. EJERCICIO 7",enunciados_PNG/2021 - Geometría_png/2021_geometria_p08.png,2021 - Geometría.pdf,sin metadatos
matesii,Geometría,,,,x   C onsidera el plano  x y z  0 y la recta r  y1  z 0 a ) Determina la ecuación del plano perpendicular a  que contiene a r. b ) Calcula la distancia entre r y . M ATEMÁTICAS II. 2022. RESERVA 2. EJERCICIO 7,enunciados_PNG/2022 - Geometría_png/2022_geometria_p06.png,2022 - Geometría.pdf,sin metadatos
matesii,Geometría,,,,"y z1 Sean los planos  2x yz30 y   x2yz50, y la recta r  x1  1 2 2 5 a) Halla los puntos de r que equidistan de los planos  y  . 1 2 b ) Halla el seno del ángulo que forma el plano  con la recta r. 1 M ATEMÁTICAS II. 2022. RESERVA 2. EJERCICIO 8",enunciados_PNG/2022 - Geometría_png/2022_geometria_p07.png,2022 - Geometría.pdf,sin metadatos
matesii,Geometría,,,, x yz 0 Determina los puntos de la recta r  que son equidistantes de los planos cartesianos x3y10 O YZ y OXZ. M ATEMÁTICAS II. 2023. RESERVA 4. EJERCICIO 7,enunciados_PNG/2023 - Geometría_png/2023_geometria_p10.png,2023 - Geometría.pdf,sin metadatos
matesccss,Matrices Y Determinantes,,,,"Se consideran las matrices:  7 6 2  2 2 3      1 2 1  a2 0 1 A  3 1 4  B  5 3 4  C   D      2 3 0  1 1 a 5 0 4 4 0 1 a) Resuelva la ecuación matricial At  X A 3I . 3 b) ¿Existe algún valor del parámetro a para el que se verifique Ct D  B?. En caso afirmativo, calcule dicho valor. SOCIALES. 2022 RESERVA 4. EJERCICIO A2",enunciados_PNG/2022 - Matrices Y Determinantes_png/2022_matrices_y_determinantes_p06.png,2022 - Matrices Y Determinantes.pdf,sin metadatos
matesccss,Matrices Y Determinantes,,,,Se consideran las matrices: P =  1 0 1 − 0 1 1 − 1 0 1  J =  2 0 0 1 2 0 − 0 0 1  a) Halle la matriz A que satisface la ecuación P − 1  A  P = J . b) Compruebe que A3 = PJ 3P−1 SOCIALES. 2024 RESERVA 1. EJERCICIO A1,enunciados_PNG/2024 - Matrices Y Determinantes_png/2024_matrices_y_determinantes_p03.png,2024 - Matrices Y Determinantes.pdf,sin metadatos
matesii,Distribución normal y binomial,,,,"E l peso de las manzanas producidas en una granja sigue una distribución normal de media 200 g ramos y desviación típica desconocida. a ) Si el 33% de las manzanas pesan más de 230 gramos, calcula la desviación típica del peso de las m anzanas. b ) Si la desviación típica es de 50 gramos, calcula el porcentaje de manzanas que pesan entre 160 y 220 gramos. M ATEMÁTICAS II. 2025. RESERVA 4. EJERCICIO 7",enunciados_PNG/2025 - Distribución normal y binomial_png/2025_distribucion_normal_y_binomial_p03.png,2025 - Distribución normal y binomial.pdf,sin metadatos
matesii,Integrales,,,,2 x3 S eaI   dx. 0 1 x2 a ) Expresa I aplicando el cambio de variables t 1 x2. b ) Calcula el valor de I. M ATEMÁTICAS II. 2006. JUNIO. EJERCICIO 2. OPCIÓN A.,enunciados_PNG/2006 - Integrales_png/2006_integrales_p02.png,2006 - Integrales.pdf,sin metadatos
matesii,Integrales,,,,Sea Considera las funciones f :  y g:  definidas por f(x)ex1 y g(x)e1x a ) Esboza las gráficas de f y de g y determina su punto de corte. b ) Calcula el área del recinto limitado por el eje OY y las gráficas de f y g. M ATEMÁTICAS II. 2007. RESERVA 1. EJERCICIO 2.OPCIÓN A.,enunciados_PNG/2007 - Integrales_png/2007_integrales_p04.png,2007 - Integrales.pdf,sin metadatos
matesii,Integrales,,,,2 S eaI   dx. 2ex a ) Expresa I haciendo el cambio de variablet  ex. b ) Calcula I. M ATEMÁTICAS II. 2007. RESERVA 2. EJERCICIO 2.OPCIÓN A.,enunciados_PNG/2007 - Integrales_png/2007_integrales_p06.png,2007 - Integrales.pdf,sin metadatos
matesii,Integrales,,,,Calcula 3x4 a)  dx x2 1  b)  4 xcos2x dx 0 M ATEMÁTICAS II. 2007. RESERVA 3. EJERCICIO 2. OPCIÓN B.,enunciados_PNG/2007 - Integrales_png/2007_integrales_p09.png,2007 - Integrales.pdf,sin metadatos
matesii,Integrales,,,,Sea Calcula 0 para que el área del recinto limitado por las gráficas de las funciones f :  y g:  definidas por f(x) x2 y g(x) x2 22 s ea 72 (unidades de área). M ATEMÁTICAS II. 2007. RESERVA 4. EJERCICIO 2. OPCIÓN A.,enunciados_PNG/2007 - Integrales_png/2007_integrales_p10.png,2007 - Integrales.pdf,sin metadatos
matesii,Integrales,,,,Sea Sean f :  y g:  las funciones definidas mediante f(x) x3 4x y g(x) 3x6 a ) Determina los puntos de corte de las gráficas de f y g. b ) Calcula el área del recinto limitado por dichas gráficas. M ATEMÁTICAS II. 2008. RESERVA 2. EJERCICIO 2.OPCIÓN A.,enunciados_PNG/2008 - Integrales_png/2008_integrales_p07.png,2008 - Integrales.pdf,sin metadatos
matesii,Integrales,,,,x x si x  2 S ea f :  la función definida por: f(x)  6 x si x  2 a ) Esboza la gráfica de f. b ) Estudia la derivabilidad de f. c ) Calcula el área comprendida entre la gráfica de f y el eje de abscisas. M ATEMÁTICAS II. 2008. RESERVA 3. EJERCICIO 1. OPCIÓN B.,enunciados_PNG/2008 - Integrales_png/2008_integrales_p09.png,2008 - Integrales.pdf,sin metadatos
matesii,Integrales,,,,Sea Sean f :  y g:  las funciones dadas por f(x) x2 y g(x)a (con a0) 4 Se sabe que el área del recinto limitado por las gráficas de las funciones f y g es . Calcula el 3 v alor de la constante a. M ATEMÁTICAS II. 2008. RESERVA 3. EJERCICIO 2. OPCIÓN A.,enunciados_PNG/2008 - Integrales_png/2008_integrales_p10.png,2008 - Integrales.pdf,sin metadatos
matesii,Integrales,,,,Considera la curva de ecuación y  x3 3x. a) Halla la recta tangente a la curva en el punto de abscisax  1. b ) Calcula el área del recinto limitado por la curva dada y la recta y  2. M ATEMÁTICAS II. 2009. JUNIO. EJERCICIO 2. OPCIÓN B,enunciados_PNG/2009 - Integrales_png/2009_integrales_p03.png,2009 - Integrales.pdf,sin metadatos
matesii,Integrales,,,,"C onsidera las funciones f,g:  definidas por: f(x)2 x2y g(x) x a ) Esboza sus gráficas en unos mismos ejes coordenados. b ) Calcula el área del recinto limitado por las gráficas de f y g. M ATEMÁTICAS II. 2010. RESERVA 1. EJERCICIO 2. OPCIÓN A.",enunciados_PNG/2010 - Integrales_png/2010_integrales_p04.png,2010 - Integrales.pdf,sin metadatos
matesii,Integrales,,,,"S ea f :(2,) la función definida por f(x)ln(x2). Halla una primitiva F de f que v erifique F(0)0. ( ln denota logaritmo neperiano). M ATEMÁTICAS II. 2010. RESERVA 2. EJERCICIO 2. OPCIÓN A.",enunciados_PNG/2010 - Integrales_png/2010_integrales_p06.png,2010 - Integrales.pdf,sin metadatos
matesii,Integrales,,,,C alcula el valor de a0 sabiendo que el área del recinto comprendido entre la parábola y x2 ax y la recta y x 0 vale 36 unidades cuadradas. M ATEMÁTICAS II. 2010. RESERVA 2. EJERCICIO 2. OPCIÓN B.,enunciados_PNG/2010 - Integrales_png/2010_integrales_p07.png,2010 - Integrales.pdf,sin metadatos
matesii,Integrales,,,,"3 Dada la función f definida por f(x) para x1 y x4. Calcula el área del recinto x2 5x4 l imitado por la gráfica de f, el eje de abscisas, y las rectas x2, x3. M ATEMÁTICAS II. 2010. RESERVA 3. EJERCICIO 2. OPCIÓN A.",enunciados_PNG/2010 - Integrales_png/2010_integrales_p08.png,2010 - Integrales.pdf,sin metadatos
matesii,Integrales,,,, C alcula  2 xcosx dx 0 M ATEMÁTICAS II. 2011. RESERVA 3. EJERCICIO 2. OPCIÓN B.,enunciados_PNG/2011 - Integrales_png/2011_integrales_p09.png,2011 - Integrales.pdf,sin metadatos
matesii,Integrales,,,,"D etermina la función f :(0,) sabiendo que f ''(x)ln(x) y que su gráfica tiene t angente horizontal en el punto P(1,2). ( ln denota la función logaritmo neperiano). M ATEMÁTICAS II. 2015. JUNIO. EJERCICIO 2. OPCIÓN B.",enunciados_PNG/2015 - Integrales_png/2015_integrales_p03.png,2015 - Integrales.pdf,sin metadatos
matesii,Integrales,,,,2xx1(x2 1)  x2 1 x2 x2 1 u ln ; du  dx dx  x  x2 1 x(x2 1) x dvdx; v x,enunciados_PNG/2019 - Integrales_png/2019_integrales_p04.png,2019 - Integrales.pdf,sin metadatos
matesii,Integrales,,,,"Considera las funciones f,g:, definidas por f(x)cos(x) y g(x) sen(x). a) Esboza sus gráficas en unos mismos ejes coordenados y calcula sus puntos de corte.  3  b) Calcula el área del recinto delimitado por las gráficas de f y de g en el intervalo  , .    4 4 M ATEMÁTICAS II. 2019. RESERVA 2. EJERCICIO 2. OPCIÓN B",enunciados_PNG/2019 - Integrales_png/2019_integrales_p07.png,2019 - Integrales.pdf,sin metadatos
matesii,Integrales,,,,"C onsidera las funciones f,g:  definidas por: f(x) x2 y g(x) a x , con a0. D etermina el valor de a para que el área total de los recintos limitados por las gráficas de ambas f unciones sea de 9 unidades cuadradas. M ATEMÁTICAS II. 2022. RESERVA 4. EJERCICIO 4",enunciados_PNG/2022 - Integrales_png/2022_integrales_p11.png,2022 - Integrales.pdf,sin metadatos
matesii,Funciones,,,,"2x Considera la función f :  definida por f(x)ex21 a) Calcula las asíntotas de la gráfica de f. b) Determina los intervalos de crecimiento y de decrecimiento, y los extremos relativos de f (puntos donde se obtienen y valor que alcanzan). M ATEMÁTICAS II. 2002. JUNIO. EJERCICIO 1. OPCIÓN A.",enunciados_PNG/2002 - Funciones_png/2002_funciones_p02.png,2002 - Funciones.pdf,sin metadatos
matesii,Funciones,,,,"9x3 Sea f la función definida por f(x) para x0 y x2. x2 2x a ) Calcula las asíntotas de la gráfica de f. b ) Determina los intervalos de crecimiento y de decrecimiento de f. c ) Con los datos obtenidos, esboza la gráfica de f. M ATEMÁTICAS II. 2002. JUNIO. EJERCICIO 1. OPCIÓN B.",enunciados_PNG/2002 - Funciones_png/2002_funciones_p03.png,2002 - Funciones.pdf,sin metadatos
matesii,Funciones,,,,C onsidera la función f :  definida por: f(x)(x3)ex. a ) Halla las asíntotas de la gráfica de f. b ) Determina los extremos relativos de f y los puntos de inflexión de su gráfica. c ) Esboza la gráfica de f. M ATEMÁTICAS II. 2003. JUNIO. EJERCICIO 2. OPCIÓN B.,enunciados_PNG/2003 - Funciones_png/2003_funciones_p02.png,2003 - Funciones.pdf,sin metadatos
matesii,Funciones,,,,"S ea f :[0,2] la función definida por f(x)ex(cosxsenx). a ) Determina los intervalos de crecimiento y de decrecimiento de f. b ) Halla los extremos relativos (locales) y absolutos (globales) de f. M ATEMÁTICAS II. 2004. RESERVA 1. EJERCICIO 1. OPCIÓN B.",enunciados_PNG/2004 - Funciones_png/2004_funciones_p04.png,2004 - Funciones.pdf,sin metadatos
matesii,Funciones,,,,"S ea f :  la función definida por f(x)(x1)2ex a ) Halla las asíntotas de la gráfica de f. b ) Determina los intervalos de crecimiento y de decrecimiento de f y calcula, si existen, sus e xtremos relativos o locales y sus extremos absolutos o globales (puntos en los que se obtienen y v alores que alcanza la función). c ) Esboza la gráfica de f. M ATEMÁTICAS II. 2005. SEPTIEMBRE. EJERCICIO 2. OPCIÓN A.",enunciados_PNG/2005 - Funciones_png/2005_funciones_p12.png,2005 - Funciones.pdf,sin metadatos
matesii,Funciones,,,,"De una función f :0,5 se sabe que f(3)6 y que su función derivada está dada por:  5x2 si 0 x 1 f '(x)  x2 6x8 si 1 x 5 a ) Calcula la ecuación de la recta tangente a la gráfica de f en el punto de abscisa x3. b ) Determina los intervalos de crecimiento y de decrecimiento de f y calcula sus extremos r elativos o locales (puntos en los que se obtienen y valores que alcanza la función). M ATEMÁTICAS II. 2005. SEPTIEMBRE. EJERCICIO 1. OPCIÓN B.",enunciados_PNG/2005 - Funciones_png/2005_funciones_p13.png,2005 - Funciones.pdf,sin metadatos
matesii,Funciones,,,,S ea f :  la función definida por f(x) x2  x a ) Estudia la derivabilidad de f. b ) Determina los intervalos de crecimiento y de decrecimiento de f. c ) Calcula los extremos relativos de f (puntos donde se alcanzan y valor de la función). M ATEMÁTICAS II. 2006. SEPTIEMBRE. EJERCICIO 1. OPCIÓN A.,enunciados_PNG/2006 - Funciones_png/2006_funciones_p11.png,2006 - Funciones.pdf,sin metadatos
matesii,Funciones,,,,"T enemos que fabricar dos chapas cuadradas con dos materiales distintos. El precio de cada uno d e estos materiales es 2 y 3 euros por centímetro cuadrado, respectivamente. Por otra parte, la s uma de los perímetros de los dos cuadrados tiene que ser 1 metro. ¿Cómo hemos de elegir los l ados de los cuadrados si queremos que el coste total sea mínimo? M ATEMÁTICAS II. 2007. RESERVA 1. EJERCICIO 1.OPCIÓN B.",enunciados_PNG/2007 - Funciones_png/2007_funciones_p05.png,2007 - Funciones.pdf,sin metadatos
matesii,Funciones,,,,"D e entre todos los rectángulos situados en el primer cuadrante que tienen dos de sus lados sobre x los ejes coordenados y un vértice en la recta r de ecuación  y 1 (ver figura), determina el 2 q ue tiene mayor área. M ATEMÁTICAS II. 2007. RESERVA 2. EJERCICIO 1.OPCIÓN A.",enunciados_PNG/2007 - Funciones_png/2007_funciones_p06.png,2007 - Funciones.pdf,sin metadatos
matesii,Funciones,,,,S ea f :  la función definida por f(x) x2ex . a ) Determina los extremos relativos de f (puntos donde se obtienen y valores que se alcanzan). b ) Estudia y determina las asíntotas de la gráfica de f. M ATEMÁTICAS II. 2007. RESERVA 2. EJERCICIO 1. OPCIÓN B.,enunciados_PNG/2007 - Funciones_png/2007_funciones_p07.png,2007 - Funciones.pdf,sin metadatos
matesii,Funciones,,,,S ea f :  la función definida por f(x)(x3)ex. a ) Calcula los extremos relativos de f (puntos donde se obtienen y valores que se alcanzan). b ) Determina la ecuación de la recta tangente a la gráfica de f en su punto de inflexión. M ATEMÁTICAS II. 2007. RESERVA 3. EJERCICIO 1. OPCIÓN A.,enunciados_PNG/2007 - Funciones_png/2007_funciones_p08.png,2007 - Funciones.pdf,sin metadatos
matesii,Funciones,,,,"x2 3 Sea f la función definida, para x2 y x  2, por f(x) x2 4 a ) Determina las asíntotas de la gráfica de f. b ) Determina los intervalos de crecimiento y de decrecimiento y los extremos relativos de f ( puntos donde se obtienen y valores que se alcanzan). c ) Esboza la gráfica de f. M ATEMÁTICAS II. 2007. RESERVA 3. EJERCICIO 1. OPCIÓN B.",enunciados_PNG/2007 - Funciones_png/2007_funciones_p09.png,2007 - Funciones.pdf,sin metadatos
matesii,Funciones,,,,S e quiere construir un depósito en forma de prisma de base cuadrada sin tapadera que tenga u na capacidad de 500 m3. ¿Qué dimensiones ha de tener el depósito para que su superficie sea m ínima?. M ATEMÁTICAS II. 2007. RESERVA 4. EJERCICIO 1. OPCIÓN B.,enunciados_PNG/2007 - Funciones_png/2007_funciones_p11.png,2007 - Funciones.pdf,sin metadatos
matesii,Funciones,,,,D etermina una función f :  sabiendo que su derivada viene dada por f '(x) x2  x6 y que el valor que alcanza f en su punto máximo (relativo) es el triple del valor que alcanza en su p unto mínimo (relativo). M ATEMÁTICAS II. 2007. SEPTIEMBRE. EJERCICIO 1. OPCIÓN B.,enunciados_PNG/2007 - Funciones_png/2007_funciones_p13.png,2007 - Funciones.pdf,sin metadatos
matesii,Funciones,,,,"Sean f :  y g:  las funciones definidas por f(x) x2 axb y g(x)ce(x1) S e sabe que las gráficas de f y g se cortan en el punto (1,2) y tienen en ese punto la misma recta t angente. a ) Calcula los valores de a, b y c. b ) Halla la ecuación de dicha recta tangente. M ATEMÁTICAS II. 2008. RESERVA 1. EJERCICIO 1.OPCIÓN A.",enunciados_PNG/2008 - Funciones_png/2008_funciones_p04.png,2008 - Funciones.pdf,sin metadatos
matesii,Funciones,,,,S ea f :  la función definida por f(x)(3x2x2)ex a ) Determina los intervalos de crecimiento y de decrecimiento de f. b ) Calcula los extremos relativos de f (abscisas donde se obtienen y valores que se alcanzan). M ATEMÁTICAS II. 2008. RESERVA 4. EJERCICIO 1. OPCIÓN A.,enunciados_PNG/2008 - Funciones_png/2008_funciones_p08.png,2008 - Funciones.pdf,sin metadatos
matesii,Funciones,,,,"D e entre todas las rectas del plano que pasan por el punto (1,2), encuentra aquella que forma c on las partes positivas de los ejes coordenados un triángulo de área mínima. Halla el área de d icho triángulo. M ATEMÁTICAS II. 2008. SEPTIEMBRE. EJERCICIO 1. OPCIÓN B.",enunciados_PNG/2008 - Funciones_png/2008_funciones_p11.png,2008 - Funciones.pdf,sin metadatos
matesii,Funciones,,,,"S ea f :  la función definida por f(x)ax3 bx2 cxd. Calcula los valores de a, b, c y d sabiendo que f verifica: - El punto (0,1) es un punto de inflexión de la gráfica de f. - f tiene un mínimo local en el punto de abscisa x1. - La recta tangente a la gráfica de f en el punto de abscisa x2 tiene de pendiente 1. M ATEMÁTICAS II. 2009. RESERVA 1. EJERCICIO 1. OPCIÓN A.",enunciados_PNG/2009 - Funciones_png/2009_funciones_p05.png,2009 - Funciones.pdf,sin metadatos
matesii,Funciones,,,,S ea f :  la función definida por f(x) x2 x3 . a ) Estudia la continuidad y derivabilidad de f. b ) Estudia el crecimiento y decrecimiento de f. Calcula sus extremos relativos (abscisas donde se o btienen y valores que se alcanzan). M ATEMÁTICAS II. 2009. RESERVA 2. EJERCICIO 1. OPCIÓN A.,enunciados_PNG/2009 - Funciones_png/2009_funciones_p07.png,2009 - Funciones.pdf,sin metadatos
matesii,Funciones,,,,"S ea f :  la función definida por f(x) xex. a ) Determina los intervalos de crecimiento y de decrecimiento de f, así como los extremos r elativos o locales de f. b ) Determina las asíntotas de la gráfica de f. c ) Esboza la gráfica de f. M ATEMÁTICAS II. 2009. RESERVA 4. EJERCICIO 1. OPCIÓN A.",enunciados_PNG/2009 - Funciones_png/2009_funciones_p11.png,2009 - Funciones.pdf,sin metadatos
matesii,Funciones,,,,D e todos los triángulos cuya base y altura suman 20 cm ¿qué base tiene el de área máxima?. M ATEMÁTICAS II. 2009. RESERVA 4. EJERCICIO 1. OPCIÓN B.,enunciados_PNG/2009 - Funciones_png/2009_funciones_p12.png,2009 - Funciones.pdf,sin metadatos
matesii,Funciones,,,,"e x(x2 ax) si x 0  S ea la función f :  dada por f(x)  bx2 c .  si x 0  x1 Calcula las constantes a, b y c sabiendo que f es derivable y que la recta tangente a la gráfica de f en el punto de abscisa x1 tiene de pendiente 3. M ATEMÁTICAS II. 2010. RESERVA 3. EJERCICIO 1. OPCIÓN A.",enunciados_PNG/2010 - Funciones_png/2010_funciones_p08.png,2010 - Funciones.pdf,sin metadatos
matesii,Funciones,,,,  e x si x 0  C onsidera la función f :  definida por f(x) 1 x2 si 0 x 1.  2  si 1 x x1 E studia su continuidad y derivabilidad. Determina la función derivada de f. M ATEMÁTICAS II. 2010. RESERVA 4. EJERCICIO 1. OPCIÓN B.,enunciados_PNG/2010 - Funciones_png/2010_funciones_p11.png,2010 - Funciones.pdf,sin metadatos
matesii,Funciones,,,,"S ea la función f :  definida por f(x)ex(x2). a ) Calcula las asíntotas de f. b ) Halla los extremos relativos (abscisas donde se obtienen y los valores que se alcanzan) y los i ntervalos de crecimiento y de decrecimiento de f. c ) Determina, si existen, los puntos de inflexión de f. M ATEMÁTICAS II. 2012. JUNIO. EJERCICIO 1. OPCIÓN A.",enunciados_PNG/2012 - Funciones_png/2012_funciones_p02.png,2012 - Funciones.pdf,sin metadatos
matesii,Funciones,,,,"S ea la función f :  definida por: f(x)ex(x2  x1). a ) Calcula: lim f(x) y lim f(x) x x b ) Halla los extremos relativos de f (abscisas donde se obtienen y los valores que se alcanzan, d eterminando si son máximos o mínimos). c ) Determina las abscisas de los puntos de inflexión de la gráfica de f. M ATEMÁTICAS II. 2012. RESERVA 2. EJERCICIO 1. OPCIÓN B",enunciados_PNG/2012 - Funciones_png/2012_funciones_p07.png,2012 - Funciones.pdf,sin metadatos
matesii,Funciones,,,, a 1 si x1   x2 S e considera la función derivable f :  definida por f(x)  b a si x 1  x  C alcula los valores de a y b. M ATEMÁTICAS II. 2012. RESERVA 4. EJERCICIO 1. OPCIÓN A.,enunciados_PNG/2012 - Funciones_png/2012_funciones_p10.png,2012 - Funciones.pdf,sin metadatos
matesii,Funciones,,,, xk si x  0  S ea la función continua f :  definida por f(x) ex2 1 .  si x  0  x2 a) Calcula el valor de k. b) Halla la ecuación de la recta tangente a la gráfica de la función f en el punto de abscisa x1. M ATEMÁTICAS II. 2012. SEPTIEMBRE. EJERCICIO 1. OPCIÓN A.,enunciados_PNG/2012 - Funciones_png/2012_funciones_p12.png,2012 - Funciones.pdf,sin metadatos
matesii,Funciones,,,," x2ex si x0 S ea f :(,1) la función definida por f(x)   a b x si 0 x1 a ) Determina a y b sabiendo que f es derivable en todo su dominio. b ) Halla la ecuación de la recta tangente y de la recta normal a la gráfica de f en el punto de a bscisa x0 M ATEMÁTICAS II. 2013. JUNIO. EJERCICIO 1. OPCIÓN B.",enunciados_PNG/2013 - Funciones_png/2013_funciones_p03.png,2013 - Funciones.pdf,sin metadatos
matesii,Funciones,,,,U n alambre de 10 metros de longitud se divide en dos trozos. Con uno de ellos se forma un t riángulo equilátero y con el otro un cuadrado. Halla la longitud de dichos trozos para que la s uma de las áreas sea mínima. M ATEMÁTICAS II. 2013. SEPTIEMBRE. EJERCICIO 1. OPCIÓN A.,enunciados_PNG/2013 - Funciones_png/2013_funciones_p12.png,2013 - Funciones.pdf,sin metadatos
matesii,Funciones,,,,"cos(3x)e x ax Sabiendo que lim es finito, calcula a y el valor del límite. x0 xsen(x) M ATEMÁTICAS II. 2014. SEPTIEMBRE. EJERCICIO 1. OPCIÓN A.",enunciados_PNG/2014 - Funciones_png/2014_funciones_p12.png,2014 - Funciones.pdf,sin metadatos
matesii,Funciones,,,, (3x6)e x si x0  Considera la función continua f :  definida por f(x) 36(sen(x)ax) .  si x0  x3 a) Calcula a. b) Halla la ecuación de la recta tangente a la gráfica de f en el punto de abscisa x  1. M ATEMÁTICAS II. 2021. JUNIO. EJERCICIO 2,enunciados_PNG/2021 - Funciones_png/2021_funciones_p03.png,2021 - Funciones.pdf,sin metadatos
matesii,Funciones,,,,ln(e x  x 3) si x0  x   S ea la función continua f :  definida por f(x)  4x2 a si 0 x1.  bsen(x) si 1 x   (ln denota la función logaritmo neperiano). Determina a y b. M ATEMÁTICAS II. 2021. RESERVA 4. EJERCICIO 1,enunciados_PNG/2021 - Funciones_png/2021_funciones_p10.png,2021 - Funciones.pdf,sin metadatos
matesii,Funciones,,,,"bx2 Halla a0 y b0 sabiendo que la gráfica de la función f :  dada por f(x) 1ax4 t iene en el punto (1,2) un punto crítico. M ATEMÁTICAS II. 2021. JULIO. EJERCICIO 2",enunciados_PNG/2021 - Funciones_png/2021_funciones_p13.png,2021 - Funciones.pdf,sin metadatos
matesii,Funciones,,,,"x4 3x2 2 Considera la función f definida por f(x) , para x  2 (x2)3 a ) Estudia y halla las asíntotas de la gráfica de f. b ) Calcula la ecuación de la recta normal a la gráfica de f en el punto de abscisa x0. M ATEMÁTICAS II. 2022. RESERVA 4. EJERCICIO 2",enunciados_PNG/2022 - Funciones_png/2022_funciones_p11.png,2022 - Funciones.pdf,sin metadatos
matesii,Funciones,,,,"Sea f : → la función definida por: f ( x ) = a + b c o s ( x ) + c s e n ( x )  Halla a, b y c sabiendo que su gráfica tiene en el punto de abscisa x = a la recta 2 y = 1 como recta tangente, y que la recta y = x − 1 corta a la gráfica de f en el punto de abscisa x = 0 MATEMATCAS II. 2024. JULIO. EJERCICIO 1",enunciados_PNG/2024 - Funciones_png/2024_funciones_p06.png,2024 - Funciones.pdf,sin metadatos
matesccss,Contraste De Hipótesis,,,,"La altura en cm. de las cañas producidas por una variedad de carrizo en cada cosecha es una variable aleatoria que sigue una ley normal con desviación típica  16 cm. Para contrastar si la altura media de las cañas de la última cosecha es de 170 cm, se ha tomado una muestra aleatoria de 64 de estas cañas y se han medido sus longitudes, resultando como media muestral x 166 cm . ¿Son suficientes estos datos para rechazar que la altura media de las cañas de la última cosecha es de 170 cm, a un nivel de significación0'05?. SOCIALES II. PONENCIA 2009. EJERCICIO 1",enunciados_PNG/2009 - Contraste De Hipótesis_png/2009_contraste_de_hipotesis_p02.png,2009 - Contraste De Hipótesis.pdf,sin metadatos
matesccss,Contraste De Hipótesis,,,,"Un comerciante ha observado durante un largo periodo de tiempo que sus beneficios semanales se distribuyen según una ley normal con una media de 5000 euros y una desviación típica de 520 euros. A finales del año pasado se abrió un supermercado frente a su comercio y él cree que su beneficio semanal medio ha disminuido desde entonces. Para contrastar esta suposición, ha tomado una muestra aleatoria de 16 semanas del año actual y ha encontrado que el beneficio semanal medio de esa muestra es de 4700 euros. ¿Puede afirmarse, a un nivel de significación 0'01, que estos datos avalan la creencia del comerciante?. SOCIALES II. PONENCIA 2009. EJERCICIO 2",enunciados_PNG/2009 - Contraste De Hipótesis_png/2009_contraste_de_hipotesis_p03.png,2009 - Contraste De Hipótesis.pdf,sin metadatos
matesccss,Contraste De Hipótesis,,,,"Sólo el 75% de los alumnos de un centro de enseñanza realizan correctamente un test psicotécnico que lleva utilizándose mucho tiempo. Para tratar de mejorar este resultado, se modificó la redacción del test, y se propuso a un grupo de 120 alumnos de ese centro, elegidos al azar. De los 120 alumnos a los que se le pasó el nuevo test, lo realizaron correctamente 107. ¿Podemos afirmar que la nueva redacción del test ha aumentado la proporción de respuestas correctas, a un nivel de significación 0'025?. SOCIALES II. PONENCIA 2009. EJERCICIO 3",enunciados_PNG/2009 - Contraste De Hipótesis_png/2009_contraste_de_hipotesis_p04.png,2009 - Contraste De Hipótesis.pdf,sin metadatos
matesccss,Contraste De Hipótesis,,,,"El peso en vacío de los envases fabricados por una empresa, según su método usual, es una variable aleatoria que sigue una ley normal con media 20 gramos y una desviación típica de 1 gramo. Se desea contrastar si un nuevo proceso de fabricación no aumenta dicho peso medio. Para ello, se eligen al azar 25 envases fabricados por la nueva técnica y se encuentra que la media de su peso en vacío es de 20;5 gramos. ¿Se puede afirmar, a un nivel de significación 0'02, que el nuevo proceso ha aumentado el peso medio de los envases? SOCIALES II. PONENCIA 2009. EJERCICIO 4",enunciados_PNG/2009 - Contraste De Hipótesis_png/2009_contraste_de_hipotesis_p05.png,2009 - Contraste De Hipótesis.pdf,sin metadatos
matesccss,Contraste De Hipótesis,,,,"En unas elecciones municipales de una ciudad, el 42% de los votantes dieron su voto al partido A. En una encuesta realizada un año después a 500 personas con derecho a voto, sólo 184 votarían al partido A. Con estos datos, ¿puede afirmarse que ha disminuido la proporción de votantes a ese partido? Responder a la pregunta anterior con niveles de significación 0'01, 0'025 y 0'001. SOCIALES II. PONENCIA 2009. EJERCICIO 5",enunciados_PNG/2009 - Contraste De Hipótesis_png/2009_contraste_de_hipotesis_p06.png,2009 - Contraste De Hipótesis.pdf,sin metadatos
matesccss,Contraste De Hipótesis,,,,"En una ciudad, donde la proporción de fumadores con edad comprendida entre 18 y 20 años es del 30 %, el ayuntamiento ha realizado una campaña contra el consumo de tabaco. Dos meses después de terminar dicha campaña, se ha realizado una encuesta a 400 personas de estas edades, elegidas al azar, y se ha encontrado entre ellos a 92 fumadores. ¿Podemos afirmar, a un nivel de significación 0'05, que esta campaña ha modificado la proporción de fumadores entre 18 y 25 años? SOCIALES II. PONENCIA 2009. EJERCICIO 6",enunciados_PNG/2009 - Contraste De Hipótesis_png/2009_contraste_de_hipotesis_p07.png,2009 - Contraste De Hipótesis.pdf,sin metadatos
matesccss,Contraste De Hipótesis,,,,"Un fabricante de automóviles produce dos tipos de un determinado modelo de turismo: el tipo A, con motor de gasolina, y el tipo B, con motor de gasoil. De una muestra aleatoria de 200 turismos de este modelo, 112 son del tipo B. ¿Proporcionan estos datos suficiente evidencia, a un nivel de significación 0'01, de que los clientes prefieren el modelo del tipo B al del tipo A? SOCIALES II. PONENCIA 2009. EJERCICIO 7",enunciados_PNG/2009 - Contraste De Hipótesis_png/2009_contraste_de_hipotesis_p08.png,2009 - Contraste De Hipótesis.pdf,sin metadatos
matesccss,Contraste De Hipótesis,,,,"Supongamos que 100 neumáticos de cierta marca duraron en promedio 21431 kilómetros. Si se supone que la población es normal con una desviación típica poblacional de 1295 km, utilizando 0'05 , ¿podemos considerar que la duración media de los neumáticos es inferior a 22000 km? SOCIALES II. PONENCIA 2009. EJERCICIO 8",enunciados_PNG/2009 - Contraste De Hipótesis_png/2009_contraste_de_hipotesis_p09.png,2009 - Contraste De Hipótesis.pdf,sin metadatos
matesccss,Contraste De Hipótesis,,,,Un constructor afirma que por lo menos el 75% de las casas que construye tienen calefacción. ¿Se estaría de acuerdo con tal afirmación si una inspección aleatoria muestra que 72 de 135 casas cuentan con calefacción?. (Usar 0'01) SOCIALES II. PONENCIA 2009. EJERCICIO 9,enunciados_PNG/2009 - Contraste De Hipótesis_png/2009_contraste_de_hipotesis_p10.png,2009 - Contraste De Hipótesis.pdf,sin metadatos
matesccss,Contraste De Hipótesis,,,,"Una compañía textil afirma que a lo sumo el 20% del público compra ropa de lana. Verifica esta afirmación para 0'01, si una encuesta aleatoria indica que 46 de 200 clientes compran ropa de lana. SOCIALES II. PONENCIA 2009. EJERCICIO 10",enunciados_PNG/2009 - Contraste De Hipótesis_png/2009_contraste_de_hipotesis_p11.png,2009 - Contraste De Hipótesis.pdf,sin metadatos
matesccss,Contraste De Hipótesis,,,,"Se sabe que la longitud en cm de una determinada especie de coleópteros sigue una distribución normal de varianza 0,25 cm2. Capturados 6 ejemplares de dicha especie, sus longitudes (en cm) fueron: 2,75 1,72 2,91 2,6 2,64 3,34 ¿Se puede aceptar la hipótesis de que la población tiene una longitud media de 2,656 cm? (Usar 0'05) SOCIALES II. PONENCIA 2009. EJERCICIO 11",enunciados_PNG/2009 - Contraste De Hipótesis_png/2009_contraste_de_hipotesis_p12.png,2009 - Contraste De Hipótesis.pdf,sin metadatos
matesccss,Contraste De Hipótesis,,,,"La edad de la población que vive en residencias de mayores en Cádiz sigue una distribución normal de desviación típica 7,3 años. Se toma una muestra aleatoria simple de tamaño 50, y se obtiene una media muestral de 69 años. ¿Se puede asegurar que la edad media de la población que vive en residencias de mayores en Cádiz es mayor de 70 años con un nivel de significación del 5% ? SOCIALES II. PONENCIA 2009. EJERCICIO 12",enunciados_PNG/2009 - Contraste De Hipótesis_png/2009_contraste_de_hipotesis_p13.png,2009 - Contraste De Hipótesis.pdf,sin metadatos
matesccss,Contraste De Hipótesis,,,,"Para conocer la producción media de sus olivos, un olivarero escoge al azar 10 de ellos, pesa su producción de aceitunas, y obtiene los siguientes valores, expresados en kg: 175, 180, 210, 215, 186, 213, 190, 213, 184, 195. Sabemos que la producción sigue una distribución normal con desviación típica igual a 15.3 kg. Con la información obtenida, ¿se puede asegurar que la producción media de un olivo de ese agricultor es menor de 200 kg? (Usar 0'05) SOCIALES II. PONENCIA 2009. EJERCICIO 13",enunciados_PNG/2009 - Contraste De Hipótesis_png/2009_contraste_de_hipotesis_p14.png,2009 - Contraste De Hipótesis.pdf,sin metadatos
matesccss,Contraste De Hipótesis,,,,"El 40% de los escolares de cierto país suelen perder al menos un día de clase a causa de gripes y catarros. Sin embargo, un estudio sobre 1000 escolares revela que en el último curso hubo 450 en tales circunstancias. Las autoridades defienden que el porcentaje del 40% para toda la población de escolares se ha mantenido. Contrastar con un nivel de significación del 5% la hipótesis defendida por las autoridades sanitarias, frente a que el porcentaje ha aumentado, como parecen indicar los datos, explicando claramente a qué conclusión se llega. SOCIALES II. PONENCIA 2009. EJERCICIO 14",enunciados_PNG/2009 - Contraste De Hipótesis_png/2009_contraste_de_hipotesis_p15.png,2009 - Contraste De Hipótesis.pdf,sin metadatos
matesccss,Contraste De Hipótesis,,,,"Una de las entradas a cierta ciudad andaluza sufría constantemente retenciones de tráfico, de forma que el tiempo de espera en la cola formada por el semáforo allí instalado seguía una distribución Normal de media 10 minutos y desviación típica 4 minutos. Con el fin de descongestionar ese punto y bajar la media de tiempo de espera, se habilitó una vía de acceso auxiliar. Transcurrida una semana se hizo un estudio sobre 36 vehículos y se obtuvo que el tiempo medio de espera en el citado semáforo fue de 8.5 minutos. Las autoridades municipales mostraron su satisfacción y dijeron que la medida había funcionado, pero la opinión pública, sin embargo, defiende que la situación sigue igual. Suponiendo que la desviación típica se ha mantenido: a) Plantee un test para contrastar la hipótesis defendida por la opinión pública frente a la de los responsables municipales. Si se concluye que la media de tiempo de espera bajó y realmente no lo hizo, ¿cómo se llama el error cometido? b) ¿A qué conclusión se llega con un nivel de significación del 5% ? c) ¿A qué conclusión se llega con un nivel de significación del 1% ? SOCIALES II. PONENCIA 2009. EJERCICIO 15",enunciados_PNG/2009 - Contraste De Hipótesis_png/2009_contraste_de_hipotesis_p16.png,2009 - Contraste De Hipótesis.pdf,sin metadatos
matesccss,Contraste De Hipótesis,,,,"En un hospital se observó que los pacientes abusaban del servicio de urgencias, de forma que un 30% de las consultas podían perfectamente haber esperado a concertar una cita con el médico de cabecera, porque no eran realmente urgencias. Puesto que esta situación ralentizaba el servicio, se realizó una campaña intensiva de concienciación. Transcurridos unos meses se ha recogido información de 120 consultas al servicio, de las cuales sólo 30 no eran realmente urgencias: a) Hay personal del hospital que defiende que la campaña no ha mejorado la situación. Plantee un test para contrastar esta hipótesis frente a que sí la mejoró. Si se concluye que la situación no ha mejorado y realmente sí lo hizo, ¿cómo se llama el error cometido? b) ¿A qué conclusión se llega en el test planteado en el apartado anterior con un nivel de significación del 1 %? SOCIALES II. PONENCIA 2009. EJERCICIO 16",enunciados_PNG/2009 - Contraste De Hipótesis_png/2009_contraste_de_hipotesis_p17.png,2009 - Contraste De Hipótesis.pdf,sin metadatos
matesccss,Contraste De Hipótesis,,,,"El alcalde de una ciudad prometió, en su programa electoral, oponerse a la construcción de una central de tratamiento de ciertos residuos, puesto que en aquel momento sólo un 10% de los ciudadanos estaban a favor de la central de tratamiento de residuos. En los últimos días se ha encuestado a 100 personas de las cuales 14 están a favor de la central. El alcalde afirma sin embargo que el porcentaje de ciudadanos a favor sigue siendo del 10% o incluso ha disminuido. ¿Tiene razón el alcalde con un nivel de significación del 2%? SOCIALES II. PONENCIA 2009. EJERCICIO 17",enunciados_PNG/2009 - Contraste De Hipótesis_png/2009_contraste_de_hipotesis_p18.png,2009 - Contraste De Hipótesis.pdf,sin metadatos
matesccss,Contraste De Hipótesis,,,,"Se desea estudiar el gasto mensual de los teléfonos móviles, en euros, de los estudiantes universitarios andaluces. Para ello, se ha elegido una muestra aleatoria de 10 de estos estudiantes, resultando los valores siguientes para el gasto mensual en móvil: 30 , 60 , 25 , 20 , 25 , 30 , 35 , 45 , 50 , 40 Se supone que la variable aleatoria objeto de estudio sigue una distribución normal de media desconocida y de desviación típica igual a 12 euros. a) ¿Se puede asegurar que los estudiantes universitarios andaluces gastan menos de 50 euros mensuales en teléfono móvil? (Usar0'01) b) ¿Cuál es la desviación típica de la media muestral? SOCIALES II. PONENCIA 2009. EJERCICIO 18",enunciados_PNG/2009 - Contraste De Hipótesis_png/2009_contraste_de_hipotesis_p19.png,2009 - Contraste De Hipótesis.pdf,sin metadatos
matesccss,Contraste De Hipótesis,,,,"Una máquina de envasado automático llena en cada saco una cierta cantidad de determinado producto. Se seleccionan 20 sacos, se pesa su contenido y se obtienen los siguientes resultados (en kilos): 49; 50; 49; 50; 50; 50; 49; 50; 50; 50; 49; 50; 50; 51; 52; 48; 50; 51; 51; 51 A partir de esta información y suponiendo que la variable, peso de cada saco, se distribuye normalmente con desviación típica 1 kg: a) ¿Se puede admitir que el peso medio de los sacos que llena la máquina es de aproximadamente 51 kg? (Usar 0'01) b) ¿Se puede admitir que el peso medio de los sacos que llena la máquina es menor de 50 kg? (Usar0'05) SOCIALES II. PONENCIA 2009. EJERCICIO 19",enunciados_PNG/2009 - Contraste De Hipótesis_png/2009_contraste_de_hipotesis_p20.png,2009 - Contraste De Hipótesis.pdf,sin metadatos
matesccss,Contraste De Hipótesis,,,,El consumo de cierto producto sigue una distribución normal con varianza 300. A partir de una muestra de tamaño 25 se ha obtenido una media muestral igual a 180. a) Halle un intervalo de confianza al 95% para la media del consumo. b) ¿Se podría afirmar que el consumo medio de este producto no llega a 200? (Usar 0'05) SOCIALES II. PONENCIA 2009. EJERCICIO 20,enunciados_PNG/2009 - Contraste De Hipótesis_png/2009_contraste_de_hipotesis_p21.png,2009 - Contraste De Hipótesis.pdf,sin metadatos
matesccss,Contraste De Hipótesis,,,,Los estudiantes universitarios de cierto país dedican al estudio un número de horas semanales que sigue una distribución normal de media desconocida y de desviación típica 7 horas. Si en una muestra de 200 estudiantes se obtuvo una media muestral de 30 horas de estudio semanal. a) Halle un intervalo de confianza al 95% para el número de horas de estudio semanales de los estudiantes universitarios de dicho país. b) ¿Se podría afirmar que los estudiantes universitarios de ese país estudian menos de 35 horas semanales?.(Usar 0'01) SOCIALES II. PONENCIA 2009. EJERCICIO 21,enunciados_PNG/2009 - Contraste De Hipótesis_png/2009_contraste_de_hipotesis_p22.png,2009 - Contraste De Hipótesis.pdf,sin metadatos
matesccss,Contraste De Hipótesis,,,,"La talla de los individuos de una población sigue una distribución normal de desviación típica 8 cm. Se han determinado las tallas de 25 individuos, encontrándose una media de 168 cm. ¿Se podría afirmar que la talla media de la población es menor de 170 cm? (Usar 0'03) SOCIALES II. PONENCIA 2009. EJERCICIO 22",enunciados_PNG/2009 - Contraste De Hipótesis_png/2009_contraste_de_hipotesis_p23.png,2009 - Contraste De Hipótesis.pdf,sin metadatos
matesccss,Contraste De Hipótesis,,,,Los estudiantes de Bachillerato de una cierta comunidad autónoma duermen un número de horas diarias que se distribuye según una ley normal de media desconocida y desviación típica 3 horas. A partir de una muestra aleatoria de tamaño 30 se ha obtenido una media igual a 7 horas. ¿Se podría afirmar que el número medio de horas de sueño de los estudiantes de Bachillerato de dicha comunidad autónoma es mayor de 6 horas? (Usar 0'04) SOCIALES II. PONENCIA 2009. EJERCICIO 23,enunciados_PNG/2009 - Contraste De Hipótesis_png/2009_contraste_de_hipotesis_p24.png,2009 - Contraste De Hipótesis.pdf,sin metadatos
matesccss,Contraste De Hipótesis,,,,Las autoridades educativas publican en un estudio que el 25% de los estudiantes de Bachillerato de una cierta comunidad autónoma tienen ordenador portátil. A partir de una muestra aleatoria de tamaño 300 se ha obtenido que sólo 70 de ellos tienen ordenador portátil. ¿Se podría asegurar que las autoridades dicen la verdad? (Usar 0'06) SOCIALES II. PONENCIA 2009. EJERCICIO 24,enunciados_PNG/2009 - Contraste De Hipótesis_png/2009_contraste_de_hipotesis_p25.png,2009 - Contraste De Hipótesis.pdf,sin metadatos
matesccss,Contraste De Hipótesis,,,,"Un laboratorio farmacéutico fabrica un producto para la caída del cabello que envasa en botes, y en el etiquetado indica que su contenido aproximado es de 100 cc. Se eligen, al azar, 7 de estos botes y se miden sus contenidos dando el siguiente resultado (en cc): 97 ; 101 ; 102 ; 99 ; 98 , 100 , 103 ¿Podemos asegurar que la capacidad media de los botes que se fabrican es la indicada en el bote? (Usar 0'01). (Se sabe que el contenido es una variable aleatoria normal de desviación típica 2 c.c.) SOCIALES II. PONENCIA 2009. EJERCICIO 25",enunciados_PNG/2009 - Contraste De Hipótesis_png/2009_contraste_de_hipotesis_p26.png,2009 - Contraste De Hipótesis.pdf,sin metadatos
matesccss,Contraste De Hipótesis,,,,"Se ha tomado una muestra de precios de un mismo producto en 16 comercios, elegidos al azar en una ciudad, y se han encontrado los siguientes precios (en euros): 95 ; 108 ; 97 ; 112 ; 99 ; 106 ; 105 ; 100 ; 99 ; 98 ; 104 ; 110 ; 107 ; 111 ; 103 ; 110 Suponiendo que los precios de este producto se distribuyen según una ley normal de varianza 25 y media desconocida: a) ¿Cuál es la distribución de la media muestral? b) ¿Se puede afirmar que el precio medio de dicho producto es menor de 105 euros? (Usar 0'03) SOCIALES II. PONENCIA 2009. EJERCICIO 26",enunciados_PNG/2009 - Contraste De Hipótesis_png/2009_contraste_de_hipotesis_p27.png,2009 - Contraste De Hipótesis.pdf,sin metadatos
matesccss,Contraste De Hipótesis,,,,"Los alumnos de preescolar de Andalucía tienen una estatura que es una variable aleatoria de media desconocida y desviación típica 16 cm. Si seleccionamos una muestra aleatoria de 100 de tales alumnos y obtenemos una estatura media de 95 cm, a) ¿Se puede afirmar que la estatura media de los alumnos de preescolar de Andalucía es menor de 95 cm? (Usar 0'01). b) ¿Se puede afirmar que la estatura media de los alumnos de preescolar de Andalucía es mayor de 100 cm? (Usar 0'05) SOCIALES II. PONENCIA 2009. EJERCICIO 27",enunciados_PNG/2009 - Contraste De Hipótesis_png/2009_contraste_de_hipotesis_p28.png,2009 - Contraste De Hipótesis.pdf,sin metadatos
matesii,Probabilidad,,,,"U na empresa fabrica bolígrafos en tres provincias: Almería, Barcelona y Cáceres. El porcentaje d e producción total de bolígrafos que se fabrica en cada provincia es, respectivamente, del 20%, 5 0% y 30%. Además, el porcentaje de bolígrafos defectuosos en cada una de ellas es del 7%, 6% y 2%, respectivamente. a ) ¿Cuál es la probabilidad de que un bolígrafo, tomado al azar, sea defectuoso? b ) Si se ha escogido un bolígrafo no defectuoso, ¿cuál es la probabilidad de que provenga de A lmería? M ATEMÁTICAS II. 2025. RESERVA 3. EJERCICIO 7",enunciados_PNG/2025 - Probabilidad_png/2025_probabilidad_p04.png,2025 - Probabilidad.pdf,sin metadatos
matesii,Probabilidad,,,,"T res máquinas A, B y C, producen el 45%, 30% y 25%, respectivamente del total de los coches q ue se producen en una fábrica. Los porcentajes de producción defectuosa de estas máquinas son d el 3%, 4% y 5%, respectivamente. a ) Seleccionamos un coche al azar. Calcula la probabilidad de que sea defectuoso. b ) Tomamos, al azar, un coche y resulta ser defectuoso. ¿Qué máquina tiene la mayor probabilidad d e haber producido ese coche? M ATEMÁTICAS II. 2026. JULIO. EJERCICIO 4.2",enunciados_PNG/2026 - Probabilidad_png/2026_probabilidad_p04.png,2026 - Probabilidad.pdf,sin metadatos
matesccss,Probabilidad,,,,"2 Dado un espacio muestral E se consideran los sucesos A y B, cuyas probabilidades son P(A) 3 1 y P(B) . 2 a) ¿Pueden ser los sucesos A y B incompatibles? ¿Por qué? b) Suponiendo que los sucesos A y B son independientes, calculeP(AB). c) Suponiendo que AB E, calcule P(AB). S OCIALES II. 2001 RESERVA 1. EJERCICIO 3. PARTE I. OPCIÓN A",enunciados_PNG/2001 - Probabilidad_png/2001_probabilidad_p04.png,2001 - Probabilidad.pdf,sin metadatos
matesccss,Probabilidad,,,,"E l 35 % de los estudiantes de un centro docente practica el fútbol. El 70 % de los que practican e l fútbol estudia Matemáticas, así como el 25 % de los que no practican el fútbol. Calcule la p robabilidad de que al elegir, al azar, un estudiante de ese centro: a ) Estudie Matemáticas. b ) Practique el fútbol, sabiendo que no es alumno de Matemáticas. S OCIALES II. 2001 RESERVA 1. EJERCICIO 3. PARTE I. OPCIÓN B",enunciados_PNG/2001 - Probabilidad_png/2001_probabilidad_p05.png,2001 - Probabilidad.pdf,sin metadatos
matesccss,Probabilidad,,,,"D os cajas, A y B, tienen el siguiente contenido: La A: 5 monedas de 1 euro y 3 de 10 pesetas. La B: 4 monedas de 1 euro, 4 de 10 pesetas y 2 de 25 pesetas. D e una de las cajas elegida al azar, se extrae una moneda. a ) ¿Cuál es la probabilidad de que sea de 1 euro? b ) Si la moneda extraída resulta ser de 10 pesetas, ¿cuál es la probabilidad de que proceda de la c aja B? S OCIALES II. 2001. RESERVA 2. EJERCICIO 3. PARTE I. OPCIÓN A",enunciados_PNG/2001 - Probabilidad_png/2001_probabilidad_p06.png,2001 - Probabilidad.pdf,sin metadatos
matesccss,Probabilidad,,,,E n un cineclub hay 80 películas; 60 son de “acción” y 20 de “terror”. Susana elige una película al a zar y se la lleva. A continuación Luís elige otra película al azar. a ) ¿Cuál es la probabilidad de que tanto Susana como Luís elijan películas de acción? b ) ¿Cuál es la probabilidad de que la película elegida por Luís sea de acción? S OCIALES II. 2001. RESERVA 3. EJERCICIO 3. PARTE I. OPCIÓN B,enunciados_PNG/2001 - Probabilidad_png/2001_probabilidad_p09.png,2001 - Probabilidad.pdf,sin metadatos
matesccss,Probabilidad,,,,"E n una ciudad el 60 % de sus habitantes son aficionados al fútbol, el 30 % son aficionados al b aloncesto y el 25 % a ambos deportes. a ) ¿Son independientes los sucesos “ser aficionado al fútbol” y “ser aficionado al baloncesto”?. b ) Si una persona no es aficionada al fútbol, ¿cuál es la probabilidad de que no sea aficionada al b aloncesto? c ) Si una persona no es aficionada al baloncesto, ¿cuál es la probabilidad de que sea aficionada al f útbol? S OCIALES II. 2001. RESERVA 4. EJERCICIO 3. PARTE I. OPCIÓN A",enunciados_PNG/2001 - Probabilidad_png/2001_probabilidad_p10.png,2001 - Probabilidad.pdf,sin metadatos
matesccss,Probabilidad,,,,"T enemos un cofre A con 2 monedas de oro y 3 de plata, un cofre B con 5 monedas de oro y 4 de p lata y un tercer cofre C con 2 monedas de oro. Elegimos un cofre al azar y sacamos una m oneda. a ) Calcule la probabilidad de que sea de oro. b) Sabiendo que ha sido de plata, calcule la p robabilidad de que haya sido extraída del cofre A. S OCIALES II. 2001 RESERVA 4. EJERCICIO 3. PARTE I. OPCIÓN B",enunciados_PNG/2001 - Probabilidad_png/2001_probabilidad_p11.png,2001 - Probabilidad.pdf,sin metadatos
matesccss,Probabilidad,,,,"S egún la estadística de los resultados en las Pruebas de Acceso en una provincia andaluza, en s eptiembre de 2001, el número de alumnas presentadas es 840, de las que han aprobado un 70% m ientras que el número de alumnos presentados es 668, habiendo aprobado un 75% de éstos. a ) Elegida, al azar, una persona presentada a las Pruebas, ¿cuál es la probabilidad de que haya a probado?. b ) Sabiendo que una persona ha aprobado, ¿cuál es la probabilidad de que sea varón?. S OCIALES II. 2002. JUNIO. EJERCICIO 3. PARTE I. OPCIÓN B",enunciados_PNG/2002 - Probabilidad_png/2002_probabilidad_p03.png,2002 - Probabilidad.pdf,sin metadatos
matesccss,Probabilidad,,,,"U na urna contiene 15 bolas, de las cuales 6 son azules y 9 son rojas. Se extraen sucesivamente y s in reemplazamiento, 3 bolas, al azar. a ) Describa el espacio muestral asociado al experimento. b ) Determine la probabilidad de que se extraiga, al menos, una bola azul. c ) Halle la probabilidad de que la tercera bola extraída sea roja. S OCIALES II. 2002 RESERVA 1. EJERCICIO 3. PARTE I. OPCIÓN A",enunciados_PNG/2002 - Probabilidad_png/2002_probabilidad_p04.png,2002 - Probabilidad.pdf,sin metadatos
matesccss,Probabilidad,,,,"T enemos 3 estuches de lápices A, B y C. El estuche A tiene 9 lápices, de los cuales 3 son negros; el B contiene 7 lápices, de los cuales 2 son negros; el C contiene 5 lápices de los que 1 es negro. a ) Si tomamos, al azar, un lápiz del estuche B, ¿cuál es la probabilidad de que sea negro? b ) Si elegimos, al azar, uno de los 3 estuches y de éste tomamos, al azar, un lápiz, ¿cuál es la p robabilidad de que no sea negro? S OCIALES II. 2002 RESERVA 1. EJERCICIO 3. PARTE I. OPCIÓN B",enunciados_PNG/2002 - Probabilidad_png/2002_probabilidad_p05.png,2002 - Probabilidad.pdf,sin metadatos
matesccss,Probabilidad,,,,"E l despertador de Pedro no funciona bien, pues el 20 % de las veces no suena. Cuando suena, P edro llega tarde a clase con probabilidad 0’2; pero si no suena, la probabilidad de que llegue t arde a clase es 0’9. a ) Calcule la probabilidad de que Pedro llegue a tiempo. b ) Determine la probabilidad de que el despertador haya funcionado bien, si sabemos que Pedro h a llegado tarde a clase. S OCIALES II. 2002. RESERVA 2. EJERCICIO 3. PARTE I. OPCIÓN A",enunciados_PNG/2002 - Probabilidad_png/2002_probabilidad_p06.png,2002 - Probabilidad.pdf,sin metadatos
matesccss,Probabilidad,,,,"L as instalaciones de un club tienen una sala de medios audiovisuales y una de informática. El 6 0% de los socios utiliza la 1ª, el 30 % la 2ª y el 20 % ambas. a ) Calcule la probabilidad de que un socio, elegido al azar, no utilice ninguna de las dos salas. b ) Si se sabe que un socio utiliza la sala de audiovisuales, ¿cuál es la probabilidad de que no u tilice la de informática? S OCIALES II. 2002. RESERVA 2. EJERCICIO 3. PARTE I. OPCIÓN B",enunciados_PNG/2002 - Probabilidad_png/2002_probabilidad_p07.png,2002 - Probabilidad.pdf,sin metadatos
matesccss,Probabilidad,,,,"E n un colectivo de personas, el 80 % tiene más de 35 años. De los mayores de 35 años, el 40 % s on mujeres. De los que no han superado los 35 años, el 45 % son hombres. S e elige una persona, al azar, de ese colectivo. a ) ¿Cuál es la probabilidad de que sea mujer? b ) ¿Cuál es la probabilidad de que no haya superado los 35 años sabiendo que se ha elegido un h ombre? S OCIALES II. 2002. RESERVA 3. EJERCICIO 3. PARTE I. OPCIÓN A",enunciados_PNG/2002 - Probabilidad_png/2002_probabilidad_p08.png,2002 - Probabilidad.pdf,sin metadatos
matesccss,Probabilidad,,,,"D e una bolsa que contiene 4 monedas de 2 euros, 5 de 1 euro y 3 de 0’20 euros, se extraen dos m onedas, al azar, sucesivamente y sin devolverlas a la bolsa. a ) Calcule las probabilidades de los siguientes sucesos: A = “la suma de las dos monedas es inferior a 2’20 euros”. B = “al menos una de las dos monedas es de 0’20 euros”. b ) Razone si esos dos sucesos son independientes. S OCIALES II. 2002. RESERVA 3. EJERCICIO 3. PARTE I. OPCIÓN B",enunciados_PNG/2002 - Probabilidad_png/2002_probabilidad_p09.png,2002 - Probabilidad.pdf,sin metadatos
matesccss,Probabilidad,,,,"S e dispone de una baraja española de 40 cartas (10 de oros, 10 de copas, 10 de espadas y 10 de b astos). Se saca una carta, al azar, y, sin devolverla, se saca otra, al azar. a ) Calcule la probabilidad de que ninguna de las dos cartas sea de oros. b ) Sabiendo que la 2ª carta extraída ha sido de copas, calcule la probabilidad de que también lo f uera la primera. S OCIALES II. 2002. RESERVA 4. EJERCICIO 3. PARTE I. OPCIÓN A",enunciados_PNG/2002 - Probabilidad_png/2002_probabilidad_p10.png,2002 - Probabilidad.pdf,sin metadatos
matesccss,Probabilidad,,,,"J uan y Pedro juegan a obtener la puntuación más alta lanzando sus dados. El dado de Juan tiene c uatro caras con la puntuación 5 y las otras dos caras con el 1. El dado de Pedro tiene dos caras c on el 6, otras dos con el 4 y las otras dos con el 1. a ) ¿Cuál es la probabilidad de que gane Pedro? b ) ¿Cuál es la probabilidad de empatar? S OCIALES II. 2002 RESERVA 4. EJERCICIO 3. PARTE I. OPCIÓN B",enunciados_PNG/2002 - Probabilidad_png/2002_probabilidad_p11.png,2002 - Probabilidad.pdf,sin metadatos
matesccss,Probabilidad,,,,"E n una residencia hay 212 ancianos de los que 44 tienen afecciones pulmonares. Del total de a ncianos, 78 son fumadores, y sólo hay 8 que tienen enfermedad de pulmón y no fuman. a ) ¿Cuál es la probabilidad de que un anciano de esa residencia, elegido al azar, no fume y t ampoco tenga afección pulmonar?. b ) ¿Qué porcentaje de enfermos de pulmón son fumadores?. S OCIALES II. 2003 RESERVA 1. EJERCICIO 3. PARTE I. OPCIÓN A",enunciados_PNG/2003 - Probabilidad_png/2003_probabilidad_p04.png,2003 - Probabilidad.pdf,sin metadatos
matesccss,Probabilidad,,,,"D isponemos de dos urnas A y B conteniendo bolas de colores. La urna A tiene 4 bolas blancas y 3 r ojas, y la urna B tiene 5 blancas, 2 rojas y 1 negra. Lanzamos un dado, si sale 1, 2, 3 ó 4 e xtraemos una bola de A y si sale 5 ó 6 la extraemos de B. a ) Calcule la probabilidad de que la bola extraída sea roja. b ) Calcule la probabilidad de que la bola extraída sea negra. c ) Sabiendo que la bola extraída ha sido blanca, calcule la probabilidad de que en el dado haya s alido 5 ó 6. S OCIALES II. 2003 RESERVA 1. EJERCICIO 3. PARTE I. OPCIÓN B",enunciados_PNG/2003 - Probabilidad_png/2003_probabilidad_p05.png,2003 - Probabilidad.pdf,sin metadatos
matesccss,Probabilidad,,,,"E n un hospital se han producido 200 nacimientos en un mes. De ellos, 105 son varones y, de éstos, 2 1 tienen los ojos azules. Asimismo se ha observado que 38 de las niñas nacidas en ese mes tienen l os ojos azules. S e elige, al azar, un recién nacido entre los 200 citados. a ) Calcule la probabilidad de que tenga los ojos azules. b ) Si el recién nacido que se elige tiene los ojos azules, ¿cuál es la probabilidad de que sea un v arón?. S OCIALES II. 2003. RESERVA 2. EJERCICIO 3. PARTE I. OPCIÓN B",enunciados_PNG/2003 - Probabilidad_png/2003_probabilidad_p07.png,2003 - Probabilidad.pdf,sin metadatos
matesccss,Probabilidad,,,,"E l 55% de la población española son mujeres, de las cuales un 23% usa el coche para ir al t rabajo. Se sabe que la probabilidad de que una persona, sea hombre o mujer, vaya al trabajo en c oche es 0’52. a ) Elegido un hombre, al azar, ¿cuál es la probabilidad de que utilice el coche para desplazarse al t rabajo?. b ) Si se elige una persona, al azar, y resulta que no utiliza el coche para ir al trabajo, calcule la p robabilidad de que sea mujer. S OCIALES II. 2003. RESERVA 3. EJERCICIO 3. PARTE I. OPCIÓN A",enunciados_PNG/2003 - Probabilidad_png/2003_probabilidad_p08.png,2003 - Probabilidad.pdf,sin metadatos
matesccss,Probabilidad,,,,"E n un curso, el porcentaje de aprobados en Lengua es del 65% y en Filosofía del 50%. Se sabe q ue la probabilidad P(F /L)0'7, siendo F y L los sucesos “aprobar Filosofía” y “aprobar L engua”, respectivamente. a ) Calcule P(L/F). b ) Halle la probabilidad de no aprobar ninguna de las dos asignaturas. S OCIALES II. 2003. RESERVA 4. EJERCICIO 3. PARTE I. OPCIÓN A",enunciados_PNG/2003 - Probabilidad_png/2003_probabilidad_p10.png,2003 - Probabilidad.pdf,sin metadatos
matesccss,Probabilidad,,,,S ea el experimento aleatorio consistente en lanzar 3 veces una moneda y observar el resultado a ) Escriba el espacio muestral asociado y las probabilidades de los sucesos elementales. b ) Sean los sucesos A: “Obtener al menos una cara” y B: “Obtener cara en sólo uno de los tres l anzamientos”. Calcule p(A) y p(B).¿Son independientes A y B? S OCIALES II. 2003 RESERVA 4. EJERCICIO 3. PARTE I. OPCIÓN B,enunciados_PNG/2003 - Probabilidad_png/2003_probabilidad_p11.png,2003 - Probabilidad.pdf,sin metadatos
matesccss,Probabilidad,,,,"Dados los sucesos aleatorios A y B, se sabe que: 3 1 P(BC) y P(A) P(A B) 4 3 a ) Razone si los sucesos A y B son independientes. b ) Calcule P(AB) S OCIALES II. 2004. JUNIO. EJERCICIO 3. PARTE I. OPCIÓN B",enunciados_PNG/2004 - Probabilidad_png/2004_probabilidad_p03.png,2004 - Probabilidad.pdf,sin metadatos
matesccss,Probabilidad,,,,"S e realiza una encuesta sobre las preferencias de vivir en la ciudad o en urbanizaciones cercanas. D el total de la población encuestada el 60% son mujeres, de las cuales prefieren vivir en la c iudad un 73%. Se sabe que la probabilidad de que una persona, sea hombre o mujer, desee vivir e n la ciudad es 0’62. a ) Calcule la probabilidad de que elegido un hombre al azar, prefiera vivir en la ciudad. b ) Supuesto que una persona, elegida al azar, desee vivir en la ciudad, calcule la probabilidad de q ue sea mujer. S OCIALES II. 2004 RESERVA 1. EJERCICIO 3. PARTE I. OPCIÓN B",enunciados_PNG/2004 - Probabilidad_png/2004_probabilidad_p05.png,2004 - Probabilidad.pdf,sin metadatos
matesccss,Probabilidad,,,,"U na urna contiene 5 bolas rojas y 3 verdes. Se extrae una bola y se reemplaza por 2 bolas del o tro color. A continuación, se extrae una segunda bola. Calcule: a ) La probabilidad de que la segunda bola sea verde. b ) La probabilidad de que la primera haya sido roja, sabiendo que la segunda también ha sido r oja. S OCIALES II. 2004. RESERVA 2. EJERCICIO 3. PARTE I. OPCIÓN A",enunciados_PNG/2004 - Probabilidad_png/2004_probabilidad_p06.png,2004 - Probabilidad.pdf,sin metadatos
matesccss,Probabilidad,,,,"E l despertador de un trabajador suena en el 80% de los casos. Si suena, la probabilidad de que l legue puntual al trabajo es 0’9; si no suena, llega tarde el 50% de las veces. a ) ¿Cuál es la probabilidad de que llegue puntual? b ) Si llega tarde, ¿cuál es la probabilidad de que no haya sonado el despertador? S OCIALES II. 2004. RESERVA 2. EJERCICIO 3. PARTE I. OPCIÓN B",enunciados_PNG/2004 - Probabilidad_png/2004_probabilidad_p07.png,2004 - Probabilidad.pdf,sin metadatos
matesccss,Probabilidad,,,,"E n una universidad española el 30% de los estudiantes son extranjeros y, de éstos, el 15% están b ecados. De los estudiantes españoles, sólo el 8% tienen beca. Si se elige, al azar, un alumno de e sa universidad: a ) ¿Cuál es la probabilidad de que sea español y no tenga beca? b ) Calcule la probabilidad de que sea extranjero, sabiendo que tiene beca. S OCIALES II. 2004. RESERVA 3. EJERCICIO 3. PARTE I. OPCIÓN A",enunciados_PNG/2004 - Probabilidad_png/2004_probabilidad_p08.png,2004 - Probabilidad.pdf,sin metadatos
matesccss,Probabilidad,,,,"E n un centro de Bachillerato, los alumnos de 1º son el 60% del total, y los de 2º el 40% restante. D e todos ellos, el 46% posee móvil y el 18% son de 1º y tienen móvil. a ) Calcule la probabilidad de que un alumno de 1º, elegido al azar, posea móvil. b ) Elegido un alumno, al azar, resulta que tiene móvil, ¿cuál es la probabilidad de que sea de 2º? S OCIALES II. 2004. RESERVA 3. EJERCICIO 3. PARTE I. OPCIÓN B",enunciados_PNG/2004 - Probabilidad_png/2004_probabilidad_p09.png,2004 - Probabilidad.pdf,sin metadatos
matesccss,Probabilidad,,,,"E n cierto barrio hay dos panaderías. El 40% de la población compra en la panadería A, el 25% e n la B, y el 15% en ambas. Se escoge una persona al azar: a ) ¿Cuál es la probabilidad de que esta persona compre en A y no compre en B ? b ) Si esta persona es cliente de A, ¿cuál es la probabilidad de que también sea cliente de B? c ) ¿Cuál es la probabilidad de que no sea cliente de A ni de B? d ) ¿Son independientes los sucesos “ser cliente de A” y “ser cliente de B”? S OCIALES II. 2004. RESERVA 4. EJERCICIO 3. PARTE I. OPCIÓN A",enunciados_PNG/2004 - Probabilidad_png/2004_probabilidad_p10.png,2004 - Probabilidad.pdf,sin metadatos
matesccss,Probabilidad,,,,"E ntre las 7 bolas de una máquina de futbolín hay 2 rojas y 5 blancas; en cada partida, la m áquina va sacando las bolas de una en una, de forma aleatoria, sin reemplazamiento. Calcule la p robabilidad de cada uno de los siguientes sucesos: a ) “La primera bola es roja”. b ) “Las dos primeras bolas son blancas”. c ) “Las dos primeras bolas son de colores distintos”. S OCIALES II. 2004 RESERVA 4. EJERCICIO 3. PARTE I. OPCIÓN B",enunciados_PNG/2004 - Probabilidad_png/2004_probabilidad_p11.png,2004 - Probabilidad.pdf,sin metadatos
matesccss,Probabilidad,,,,"U na bolsa contiene tres cartas: una es roja por las dos caras, otra tiene una cara blanca y otra roja, y la tercera tiene una cara negra y otra blanca. Se saca una carta al azar y se muestra, también al a zar, una de sus caras. a ) ¿Cuál es la probabilidad de que la cara mostrada sea roja? b ) ¿Cuál es la probabilidad de que la cara mostrada sea blanca?. c ) Si la cara mostrada es blanca, ¿cuál es la probabilidad de que la otra cara sea roja? S OCIALES II. 2005. JUNIO. EJERCICIO 3. PARTE I. OPCIÓN B",enunciados_PNG/2005 - Probabilidad_png/2005_probabilidad_p03.png,2005 - Probabilidad.pdf,sin metadatos
matesccss,Probabilidad,,,,"U n estudiante se presenta a un examen en el que debe responder a dos temas, elegidos al azar, de u n temario de 80, de los que se sabe 60. a ) ¿Cuál es la probabilidad de que responda correctamente a los dos? b ) ¿Cuál es la probabilidad de que responda correctamente al menos a uno de los dos? S OCIALES II. 2005 RESERVA 1. EJERCICIO 3. PARTE I. OPCIÓN A",enunciados_PNG/2005 - Probabilidad_png/2005_probabilidad_p04.png,2005 - Probabilidad.pdf,sin metadatos
matesccss,Probabilidad,,,,"E n los “Juegos Mediterráneos Almería 2005” se sabe que el 5% de los atletas son asiáticos, el 2 5% son africanos y el resto son europeos. También se sabe que el 10% de los atletas asiáticos, el 2 0% de los atletas africanos y el 25% de los atletas europeos hablan español. a ) Calcule la probabilidad de que un atleta, elegido al azar, hable español. b ) Si nos encontramos con un atleta que no habla español, ¿cuál es la probabilidad de que sea a fricano? S OCIALES II. 2005 RESERVA 1. EJERCICIO 3. PARTE I. OPCIÓN B",enunciados_PNG/2005 - Probabilidad_png/2005_probabilidad_p05.png,2005 - Probabilidad.pdf,sin metadatos
matesccss,Probabilidad,,,,"E n una agrupación musical el 60% de sus componentes son mujeres. El 20% de las mujeres y el 3 0% de los hombres de la citada agrupación están jubilados. a ) ¿Cuál es la probabilidad de que un componente de la agrupación, elegido al azar, esté j ubilado? b ) Sabiendo que un componente de la agrupación, elegido al azar, está jubilado ¿cuál es la p robabilidad de que sea mujer? S OCIALES II. 2005. RESERVA 2. EJERCICIO 3. PARTE I. OPCIÓN A",enunciados_PNG/2005 - Probabilidad_png/2005_probabilidad_p06.png,2005 - Probabilidad.pdf,sin metadatos
matesccss,Probabilidad,,,,"E n una urna hay 1 bola blanca, 3 rojas y 4 verdes. Se considera el experimento que consiste en s acar primero una bola, si es blanca se deja fuera, y si no lo es se vuelve a introducir en la urna; a c ontinuación se extrae una segunda bola y se observa su color. a ) ¿Cuál es la probabilidad de que salgan 2 bolas del mismo color? b ) ¿Cuál es la probabilidad de que la bola blanca salga en la 2ª extracción? S OCIALES II. 2005. RESERVA 3. EJERCICIO 3. PARTE I. OPCIÓN A",enunciados_PNG/2005 - Probabilidad_png/2005_probabilidad_p08.png,2005 - Probabilidad.pdf,sin metadatos
matesccss,Probabilidad,,,,"E n un concurso se dispone de cinco sobres; dos de ellos contienen premio y los otros tres no. Se p ide a un primer concursante que escoja un sobre y observe si tiene premio, y a un segundo c oncursante que elija otro de los restantes y observe si tiene premio. a ) Escriba el conjunto de resultados posibles asociado a este experimento e indique la p robabilidad de cada uno de ellos. b ) ¿Qué probabilidad tiene el segundo concursante de obtener premio? ¿Cuál es la probabilidad d e que ambos concursantes obtengan premio? S OCIALES II. 2005. RESERVA 4. EJERCICIO 3. PARTE I. OPCIÓN A",enunciados_PNG/2005 - Probabilidad_png/2005_probabilidad_p10.png,2005 - Probabilidad.pdf,sin metadatos
matesccss,Probabilidad,,,,"J uan dispone de dos días para estudiar un examen. La probabilidad de estudiarlo solamente el p rimer día es del 10%, la de estudiarlo los dos días es del 10% y la de no hacerlo ningún día es d el 25%. Calcule la probabilidad de que Juan estudie el examen en cada uno de los siguientes c asos: a ) El segundo día. b ) Solamente el segundo día. c ) El segundo día, sabiendo que no lo ha hecho el primero. S OCIALES II. 2005 RESERVA 4. EJERCICIO 3. PARTE I. OPCIÓN B",enunciados_PNG/2005 - Probabilidad_png/2005_probabilidad_p11.png,2005 - Probabilidad.pdf,sin metadatos
matesccss,Probabilidad,,,,"En un aula de dibujo hay 40 sillas, 30 con respaldo y 10 sin él. Entre las sillas sin respaldo hay 3 nuevas y entre las sillas con respaldo hay 7 nuevas. a) Tomada una silla al azar, ¿cuál es la probabilidad de que sea nueva?. b) Si se coge una silla que no es nueva, ¿cuál es la probabilidad de que no tenga respaldo?. (SOCIALES II. OPCIÓN A. EJERCICIO 3. PARTE I. JUNIO 2006)",enunciados_PNG/2006 - Probabilidad_png/2006_probabilidad_p02.png,2006 - Probabilidad.pdf,sin metadatos
matesccss,Probabilidad,,,,S ean los sucesos A y B independientes. La probabilidad de que ocurra el suceso B es 0’6. S abemos también que PA/B0'3. a) Calcule la probabilidad de que suceda al menos uno de los dos sucesos. b) Calcule la probabilidad de que ocurra el suceso A pero no el B. (SOCIALES II. OPCIÓN B. EJERCICIO 3. PARTE I. JUNIO 2006),enunciados_PNG/2006 - Probabilidad_png/2006_probabilidad_p03.png,2006 - Probabilidad.pdf,sin metadatos
matesccss,Probabilidad,,,,U na urna contiene tres bolas azules y cuatro rojas. Se extraen al azar tres bolas sucesivamente c on reemplazamiento. a ) Calcule la probabilidad de que las tres sean del mismo color. b ) Calcule la probabilidad de que dos sean azules y una roja. S OCIALES II. 2006. RESERVA 1. EJERCICIO 3. PARTE I. OPCIÓN B,enunciados_PNG/2006 - Probabilidad_png/2006_probabilidad_p05.png,2006 - Probabilidad.pdf,sin metadatos
matesccss,Probabilidad,,,,"U na enfermedad afecta a un 5 % de la población. Se aplica una prueba diagnóstica para detectar d icha enfermedad, obteniéndose el siguiente resultado: Aplicada a personas que padecen la e nfermedad se obtiene un 96 % de resultados positivos, y aplicada a personas que no la padecen s e obtiene un 2 % de resultados positivos. Elegida una persona, al azar, y aplicada la prueba: a ) ¿Cuál es la probabilidad de que se obtenga un resultado positivo? b ) Si se obtiene un resultado positivo, ¿cuál es la probabilidad de que esta persona no padezca la e nfermedad? S OCIALES II. 2006. RESERVA 2. EJERCICIO 3. PARTE I. OPCIÓN A",enunciados_PNG/2006 - Probabilidad_png/2006_probabilidad_p06.png,2006 - Probabilidad.pdf,sin metadatos
matesccss,Probabilidad,,,,"U na urna A contiene diez bolas numeradas del 1 al 10, y otra urna B contiene ocho bolas n umeradas del 1 al 8. S e escoge una urna al azar y se saca una bola. a ) ¿Cuál es la probabilidad de que la bola extraída tenga el número 2? b ) Si el número de la bola extraída es impar, ¿cuál es la probabilidad de que proceda de la urna B . S OCIALES II. 2006. RESERVA 2. EJERCICIO 3. PARTE I. OPCIÓN B",enunciados_PNG/2006 - Probabilidad_png/2006_probabilidad_p07.png,2006 - Probabilidad.pdf,sin metadatos
matesccss,Probabilidad,,,,"S e dispone de dos urnas A y B. En la urna A hay diez bolas, numeradas del 1 al 10 y en la urna B h ay 3 bolas, numeradas del 1 al 3. Se lanza una moneda, si sale cara se extrae una bola de la urna A y si sale cruz se extrae de la B. a ) Calcule la probabilidad de obtener cara y un 5. b ) Halle la probabilidad de obtener un 6. c ) Calcule la probabilidad de obtener un 3. S OCIALES II. 2006. RESERVA 3. EJERCICIO 3. PARTE I. OPCIÓN A",enunciados_PNG/2006 - Probabilidad_png/2006_probabilidad_p08.png,2006 - Probabilidad.pdf,sin metadatos
matesccss,Probabilidad,,,,"S e conocen los siguientes datos de un grupo de personas, relativos al consumo de un determinado p roducto: Consume No consume Hombre 10 30 Mujer 25 12 S e elige en ese grupo una persona al azar. Calcule la probabilidad de que: a ) Sea mujer. b ) Habiendo consumido el producto, se trate de una mujer. c ) Sea mujer y no consuma el producto. S OCIALES II. 2006. RESERVA 3. EJERCICIO 3. PARTE I. OPCIÓN B",enunciados_PNG/2006 - Probabilidad_png/2006_probabilidad_p09.png,2006 - Probabilidad.pdf,sin metadatos
matesccss,Probabilidad,,,,"E n un espacio muestral se tienen dos sucesos independientes, A y B. Se sabe que P(AB)0'18 y P(A/B)0'30. a ) Calcule las probabilidades de A y de B. b ) Calcule la probabilidad de que no ocurra ninguno de esos dos sucesos. S OCIALES II. 2006. RESERVA 4. EJERCICIO 3. PARTE I. OPCIÓN A",enunciados_PNG/2006 - Probabilidad_png/2006_probabilidad_p10.png,2006 - Probabilidad.pdf,sin metadatos
matesccss,Probabilidad,,,,"E n una empresa, el 65 % de la plantilla son hombres; de ellos, el 80 % usan el ordenador. Se s abe que el 83’5 % de la plantilla de la empresa usa el ordenador. a ) Calcule la probabilidad de que una persona de esa empresa, elegida al azar, sea un hombre q ue no utiliza el ordenador. b ) Seleccionada una mujer de esa empresa, al azar, calcule la probabilidad de que utilice el o rdenador. S OCIALES II. 2006 RESERVA 4. EJERCICIO 3. PARTE I. OPCIÓN B",enunciados_PNG/2006 - Probabilidad_png/2006_probabilidad_p11.png,2006 - Probabilidad.pdf,sin metadatos
matesccss,Probabilidad,,,,0’48 0’09 0’15 0’28,enunciados_PNG/2007 - Probabilidad_png/2007_probabilidad_p09.png,2007 - Probabilidad.pdf,sin metadatos
matesccss,Probabilidad,,,,"U na urna A contiene tres bolas azules y cuatro rojas y otra urna B contiene dos bolas azules, dos r ojas y dos negras. Se extrae, al azar, una bola de una de las urnas. a ) Calcule la probabilidad de que la bola extraída sea roja. b ) Si la bola extraída resulta ser azul, ¿cuál es la probabilidad de que proceda de la urna B . S OCIALES II. 2007. SEPTIEMBRE. EJERCICIO 3. PARTE I. OPCIÓN B",enunciados_PNG/2007 - Probabilidad_png/2007_probabilidad_p13.png,2007 - Probabilidad.pdf,sin metadatos
matesccss,Probabilidad,,,,"U n turista que realice un crucero tiene un 50% de probabilidad de visitar Cádiz, un 40% de v isitar Sevilla y un 30% de visitar ambas. Calcule la probabilidad de que: a ) Visite al menos una de las dos ciudades. b ) Visite únicamente una de las dos ciudades. c ) Visite Cádiz pero no visite Sevilla. d ) Visite Sevilla, sabiendo que ha visitado Cádiz. S OCIALES II. 2009. JUNIO 4. EJERCICIO 3. PARTE I. OPCIÓN A",enunciados_PNG/2009 - Probabilidad_png/2009_probabilidad_p02.png,2009 - Probabilidad.pdf,sin metadatos
matesccss,Probabilidad,,,,C S 0’2 0’3 0’1 0’4,enunciados_PNG/2009 - Probabilidad_png/2009_probabilidad_p02_2.png,2009 - Probabilidad.pdf,sin metadatos
matesccss,Probabilidad,,,,"U na encuesta realizada por un banco muestra que el 60% de sus clientes tiene un préstamo h ipotecario, el 50% tiene un préstamo personal y el 20% tiene un préstamo de cada tipo. Se elige, a l azar, un cliente de ese banco. a ) Calcule la probabilidad de que no tenga ninguno de los dos préstamos. b ) Calcule la probabilidad de que tenga un préstamo hipotecario, sabiendo que no tiene un p réstamo personal. S OCIALES II. 2009. RESERVA 1. EJERCICIO 3. PARTE I. OPCIÓN B",enunciados_PNG/2009 - Probabilidad_png/2009_probabilidad_p05.png,2009 - Probabilidad.pdf,sin metadatos
matesccss,Probabilidad,,,,"U n polideportivo dispone de 100 bolas de pádel y 120 bolas de tenis. Se sabe que 65 bolas son n uevas. Además, 75 bolas de pádel son usadas. Por un error, todas las bolas se han mezclado. a ) Calcule la probabilidad de que si elegimos, al azar, una bola de tenis, ésta sea usada. b ) Calcule la probabilidad de que si elegimos, al azar, una bola, sea nueva. S OCIALES II. 2009. RESERVA 2. EJERCICIO 3. PARTE I. OPCIÓN B",enunciados_PNG/2009 - Probabilidad_png/2009_probabilidad_p07.png,2009 - Probabilidad.pdf,sin metadatos
matesccss,Probabilidad,,,,"S e consideran dos sucesos A y B, asociados a un espacio muestral, tales que: p(AB)1 , p(AB)0.3 , p(A/B)0.6 a ) Halle las probabilidades de los sucesos A y B. b ) Determine si el suceso B es independiente del suceso A. S OCIALES II. 2009. RESERVA 4. EJERCICIO 3. PARTE I. OPCIÓN A",enunciados_PNG/2009 - Probabilidad_png/2009_probabilidad_p10.png,2009 - Probabilidad.pdf,sin metadatos
matesccss,Probabilidad,,,,"E l 70% de los visitantes de un museo son españoles. El 49% son españoles y mayores de edad. De l os que no son españoles, el 40% son menores de edad. a ) Si se escoge, al azar, un visitantes de este museo, ¿cuál es la probabilidad de que sea mayor de e dad?. b ) Se ha elegido, aleatoriamente, un visitante de este museo y resulta que es menor de edad, ¿cuál e s la probabilidad de que no sea español?. S OCIALES II. 2009. RESERVA 4. EJERCICIO 3. PARTE I. OPCIÓN B",enunciados_PNG/2009 - Probabilidad_png/2009_probabilidad_p11.png,2009 - Probabilidad.pdf,sin metadatos
matesccss,Probabilidad,,,,"U n alumno va a la Facultad en autobús el 80% de los días y el resto en su coche. Cuando va en a utobús llega tarde el 20% de las veces y cuando va en coche llega a tiempo sólo el 10% de las v eces. Elegido un día cualquiera al azar, determine: a ) La probabilidad de que llegue a tiempo a clase y haya ido en autobús. b ) La probabilidad de que llegue tarde a clase. c ) Si ha llegado a tiempo a clase, ¿cuál es la probabilidad de que no haya ido en autobús?. S OCIALES II. 2010. JUNIO. EJERCICIO 3. OPCIÓN A",enunciados_PNG/2010 - Probabilidad_png/2010_probabilidad_p02.png,2010 - Probabilidad.pdf,sin metadatos
matesccss,Probabilidad,,,,"D e las 180 personas que asisten a un congreso médico, 100 son mujeres. Observando las e specialidades de los congresistas, vemos que de las 60 personas que son pediatras 20 son m ujeres. Se elige al azar una persona asistente al congreso. a ) ¿Cuál es la probabilidad de que sea mujer y pediatra?. b ) ¿Cuál es la probabilidad de que no sea hombre ni sea pediatra?. c ) ¿Cuál es la probabilidad de que sea pediatra?. S OCIALES II. 2010. JUNIO. EJERCICIO 3. OPCIÓN B",enunciados_PNG/2010 - Probabilidad_png/2010_probabilidad_p03.png,2010 - Probabilidad.pdf,sin metadatos
matesccss,Probabilidad,,,,"E l 60% de los camareros de una localidad tienen 35 años o más, y de ellos el 70% son dueños del l ocal donde trabajan. Por otra parte, de los camareros con menos de 35 años sólo el 40% son d ueños del local donde trabajan. a ) Seleccionado un camarero al azar, ¿cuál es la probabilidad de que no sea dueño del local?. b ) Elegido al azar un camarero dueño de su local, ¿cuál es la probabilidad de que tenga menos de 3 5 años?. S OCIALES II. 2010. RESERVA 1. EJERCICIO 3. OPCIÓN B",enunciados_PNG/2010 - Probabilidad_png/2010_probabilidad_p05.png,2010 - Probabilidad.pdf,sin metadatos
matesccss,Probabilidad,,,,"E n un centro de enseñanza secundaria se sabe que el 45% de los alumnos juegan al fútbol, que el 6 0% practican atletismo, y que de los que practican atletismo el 50% juegan al fútbol. a ) ¿Qué porcentaje de alumnos practican ambos deportes? b ) Si se elige al azar un alumno de ese centro, ¿cuál es la probabilidad de que no practique n inguno de estos deportes?. c ) Si un alumno de ese centro no juega al fútbol, ¿cuál es la probabilidad de que practique a tletismo?. S OCIALES II. 2010. RESERVA 2. EJERCICIO 3. OPCIÓN B",enunciados_PNG/2010 - Probabilidad_png/2010_probabilidad_p07.png,2010 - Probabilidad.pdf,sin metadatos
matesccss,Probabilidad,,,,"E l 41% de quienes se presentan a un examen son varones. Aprueban dicho examen el 70% de los v arones presentados y el 60% de las mujeres presentadas. a ) Calcule la probabilidad de que si una persona escogida al azar ha aprobado, sea mujer. b ) Calcule la probabilidad de que si una persona escogida al azar ha suspendido, sea mujer. c ) Ana dice que si alguien ha aprobado, es más probable que sea mujer que varón; Benito dice q ue si alguien ha suspendido es más probable que sea mujer que varón. ¿Quién tiene razón?. S OCIALES II. 2010. RESERVA 3. EJERCICIO 3. OPCIÓN A",enunciados_PNG/2010 - Probabilidad_png/2010_probabilidad_p08.png,2010 - Probabilidad.pdf,sin metadatos
matesccss,Probabilidad,,,,"U na persona lanza dos veces consecutivas un dado equilibrado, con las caras numeradas de 1 al 6 . a ) Determine el número de resultados del espacio muestral de este experimento aleatorio. b ) Sea A el suceso “la mayor de las puntuaciones obtenidas es menor que 4” y B el suceso “la p rimera puntuación es impar”. Halle la probabilidad de A y la de B. c ) ¿Son independientes A y B?. S OCIALES II. 2010. RESERVA 3. EJERCICIO 3. OPCIÓN B",enunciados_PNG/2010 - Probabilidad_png/2010_probabilidad_p09.png,2010 - Probabilidad.pdf,sin metadatos
matesccss,Probabilidad,,,,"U na fábrica posee un sistema de alarma contra robos. Por estudios previos a la instalación del s istema se sabe que la probabilidad de que un día se produzca un robo en la fábrica es 0.08. L as indicaciones técnicas del fabricante de la alarma dicen que la probabilidad de que suene si se h a producido un robo es 0.98, y de que suene si no ha habido robo es 0.03. a ) En un día cualquiera calcule la probabilidad de que no suene la alarma. b ) Si suena la alarma, ¿cuál es la probabilidad de que no sea debido a un robo?. S OCIALES II. 2010. RESERVA 4. EJERCICIO 3. OPCIÓN B",enunciados_PNG/2010 - Probabilidad_png/2010_probabilidad_p11.png,2010 - Probabilidad.pdf,sin metadatos
matesccss,Probabilidad,,,,"E n una capital de editan dos periódicos, CIUDAD y LA MAÑANA. Se sabe que el 85% de la p oblación lee alguno de ellos, que el 18% lee los dos y que el 70% lee CIUDAD. Si elegimos al a zar un habitante de esa capital, halle la probabilidad de que: a ) No lea ninguno de los dos. b ) Lea sólo LA MAÑANA. c ) Lea CIUDAD, sabiendo que no lee LA MAÑANA. S OCIALES II. 2010. SEPTIEMBRE. EJERCICIO 3. OPCIÓN A",enunciados_PNG/2010 - Probabilidad_png/2010_probabilidad_p12.png,2010 - Probabilidad.pdf,sin metadatos
matesccss,Probabilidad,,,,"U n dado tiene seis caras, tres de ellas marcadas con un 1, dos marcadas con una X y la otra m arcada con un 2. Se lanza tres veces ese dado. a ) ¿Cuál es la probabilidad de obtener tres veces el 1?. b ) ¿Cuál es la probabilidad de obtener dos X y un 2 en cualquier orden?. c ) ¿Cuál es la probabilidad de obtener tres resultados diferentes?. S OCIALES II. 2010. SEPTIEMBRE. EJERCICIO 3. OPCIÓN B",enunciados_PNG/2010 - Probabilidad_png/2010_probabilidad_p13.png,2010 - Probabilidad.pdf,sin metadatos
matesccss,Probabilidad,,,,"E n una primera bolsa se han colocado 4 bolas blancas y 3 negras, y en una segunda bolsa 3 b lancas y 5 negras. Se saca una bola de la primera y, sin verla, se introduce en la segunda. A c ontinuación se saca una bola de la segunda. Halle la probabilidad de que: a ) La bola extraída de la segunda bolsa sea negra. b ) La bola extraída de la primera bolsa sea negra, si sabemos que la bola extraída de la segunda h a sido blanca. S OCIALES II. 2011. JUNIO. EJERCICIO 3. OPCIÓN A",enunciados_PNG/2011 - Probabilidad_png/2011_probabilidad_p02.png,2011 - Probabilidad.pdf,sin metadatos
matesccss,Probabilidad,,,,"U n libro tiene cuatro capítulos. El primer capítulo tiene 140 páginas, el segundo 100, el tercero 1 50 y el cuarto 50. El 5% de las páginas del primer capítulo, el 4% del segundo y el 2% del t ercero tienen algún error. Las páginas del cuarto capítulo no tienen errores. a ) ¿Cuál es la probabilidad de que, al elegir una página al azar, tenga algún error? b ) Supongamos que elegimos una página al azar y observamos que no tiene ningún error,¿cuál es l a probabilidad de que sea del segundo capitulo?. S OCIALES II. 2011. JUNIO. EJERCICIO 3. OPCIÓN B",enunciados_PNG/2011 - Probabilidad_png/2011_probabilidad_p03.png,2011 - Probabilidad.pdf,sin metadatos
matesccss,Probabilidad,,,,U n examen consta de una parte teórica y una parte práctica. La probabilidad de que se apruebe l a parte teórica es 0.7 y la de que se apruebe la parte práctica es 0.75. Se sabe que el 50% de los a lumnos ha aprobado ambas. a ) Calcula la probabilidad de aprobar alguna de las dos partes. b ) Calcule la probabilidad de aprobar la parte práctica sabiendo que no se ha aprobado la parte t eórica. c ) ¿Son independientes los sucesos “aprobar parte teórica” y “aprobar parte práctica?. S OCIALES II. 2011. RESERVA 1. EJERCICIO 3. OPCIÓN A,enunciados_PNG/2011 - Probabilidad_png/2011_probabilidad_p04.png,2011 - Probabilidad.pdf,sin metadatos
matesccss,Probabilidad,,,,"P edro vive en una ciudad donde el 40% de los días del año hay riesgo de lluvia y el resto no lo h ay. Cuando hay riesgo de lluvia, Pedro coge el paraguas un 98% de las veces y cuando no lo h ay, un 5% de las veces. Si se selecciona un día del año al azar, a ) ¿Cuál es la probabilidad de que Pedro no haya cogido el paraguas?. b ) ¿Cuál es la probabilidad de que exista riesgo de lluvia, si sabemos que ese día Pedro ha cogido e l paraguas?. S OCIALES II. 2011. RESERVA 1. EJERCICIO 3. OPCIÓN B",enunciados_PNG/2011 - Probabilidad_png/2011_probabilidad_p05.png,2011 - Probabilidad.pdf,sin metadatos
matesccss,Probabilidad,,,,"S ean los sucesos, A y B, tales que p(A)0.5, p(B)0.4 y p(A/B)0.5 a ) Halle la probabilidad de que se verifique alguno de los dos sucesos. b ) Calcule la probabilidad de que no de verifique B si se ha verificado A. c ) ¿Son independientes los sucesos A y B?. Razone la respuesta. S OCIALES II. 2011. RESERVA 2. EJERCICIO 3. OPCIÓN A",enunciados_PNG/2011 - Probabilidad_png/2011_probabilidad_p06.png,2011 - Probabilidad.pdf,sin metadatos
matesccss,Probabilidad,,,,"U na compañía aseguradora realiza operaciones de seguros médicos y de seguros de vida. El 20% d e las operaciones corresponde a seguros médicos y el resto a seguros de vida. El porcentaje de o peraciones en las que no se producen retrasos en los pagos es del 10% en los seguros médicos y d el 15% en seguros de vida. a ) Halle el porcentaje de operaciones en las que no se producen retrasos en los pagos. b ) De las operaciones que han sufrido retrasos en los pagos, ¿qué porcentaje corresponde a los s eguros de vida?. S OCIALES II. 2011. RESERVA 2. EJERCICIO 3. OPCIÓN B",enunciados_PNG/2011 - Probabilidad_png/2011_probabilidad_p07.png,2011 - Probabilidad.pdf,sin metadatos
matesccss,Probabilidad,,,,"U n jugador lanza a la vez un dado y una moneda a ) Construya el espacio muestral de este experimento aleatorio. b ) Determine la probabilidad del suceso A: “El jugador obtiene un número par en el dado y cruz e n la moneda”. c ) Si sabemos que en la moneda ha salido cara, ¿cuál es la probabilidad de que en el dado haya s alido más de 3 puntos?. S OCIALES II. 2011. RESERVA 3. EJERCICIO 3. OPCIÓN A",enunciados_PNG/2011 - Probabilidad_png/2011_probabilidad_p08.png,2011 - Probabilidad.pdf,sin metadatos
matesccss,Probabilidad,,,,"U na bolsa contiene 5 bolas blancas, 3 rojas y 4 negras. Ana y manolo practican el siguiente juego: A na saca una bola, anota su color y la devuelve a la bolsa, a continuación Manolo extrae una b ola y anota su color. Si las dos bolas extraídas tienen el mismo color gana Ana, si sólo hay una b ola blanca gana Manolo, y en otro caso hay empate. a ) Calcule la probabilidad de que gane Ana. b ) Calcule la probabilidad de que gane Manolo. c ) Calcule la probabilidad de que haya empate. S OCIALES II. 2011. RESERVA 3. EJERCICIO 3. OPCIÓN B",enunciados_PNG/2011 - Probabilidad_png/2011_probabilidad_p09.png,2011 - Probabilidad.pdf,sin metadatos
matesccss,Probabilidad,,,,"E n una ciudad, el 55% de la población consume aceite de oliva, el 30% de girasol, y el 20% a mbos tipos de aceite. Se escoge una persona al azar: a ) Si consume aceite de oliva, ¿cuál es la probabilidad de que consuma también aceite de g irasol?. b ) Si consume aceite de girasol, ¿cuál es la probabilidad de que no consuma aceite de oliva?. c ) ¿Cuál es la probabilidad de que no consuma ninguno de los dos tipos de aceite? S OCIALES II. 2011. RESERVA 4. EJERCICIO 3. OPCIÓN A",enunciados_PNG/2011 - Probabilidad_png/2011_probabilidad_p10.png,2011 - Probabilidad.pdf,sin metadatos
matesccss,Probabilidad,,,,"E l 30% de los aparatos que llegan a un servicio técnico para ser reparados están en garantía. De l os que no están en garantía, el 20% ya fueron reparados en otra ocasión y de los que sí lo están, s olamente un 5% fueron reparados anteriormente. Se elige un aparato al azar en el servicio t écnico: a ) ¿Cuál es la probabilidad de que haya sido reparado en otra ocasión? b ) Si es la primera vez que ha llegado al servicio técnico, ¿cuál es la probabilidad de que esté en g arantía?. S OCIALES II. 2011. RESERVA 4. EJERCICIO 3. OPCIÓN B",enunciados_PNG/2011 - Probabilidad_png/2011_probabilidad_p11.png,2011 - Probabilidad.pdf,sin metadatos
matesccss,Probabilidad,,,,"E n un sistema de alarma, la probabilidad de que haya un incidente es 0.1. Si éste se produce, la p robabilidad de que la alarma suene es 0.95. La probabilidad de que suene la alarma sin que h aya incidente es de 0.03. a ) ¿Cuál es la probabilidad de que suene la alarma?. b ) Si ha sonado la alarma, calcule la probabilidad de que no haya habido incidente. S OCIALES II. 2011. SEPTIEMBRE. EJERCICIO 3. OPCIÓN A",enunciados_PNG/2011 - Probabilidad_png/2011_probabilidad_p12.png,2011 - Probabilidad.pdf,sin metadatos
matesccss,Probabilidad,,,,"U na compañía de seguros ha hecho un seguimiento durante un año a 50.000 coches de la marca A , a 20.000 de la marca B y a 30.000 de la C, que tenía asegurados, obteniendo que, de ellos, h abían tenido accidente 650 coches de la marca A, 200 de la B y 150 de la C. A la vista de estos d atos: a ) ¿Cuál de las tres marcas de coches tiene menos proporción de accidentes?. b ) Si, elegido al azar uno de los coches observados, ha tenido un accidentes, ¿cuál es la p robabilidad de que sea la marca C?. S OCIALES II. 2012. JUNIO. EJERCICIO 3. OPCIÓN A",enunciados_PNG/2012 - Probabilidad_png/2012_probabilidad_p02.png,2012 - Probabilidad.pdf,sin metadatos
matesccss,Probabilidad,,,,"E n una localidad hay solamente dos supermercados A y B. El 58% de los habitantes compra en e l A, el 35% en el B y el 12% compra en ambos. S i se elige un ciudadano al azar, calcule la probabilidad de que: a ) Compre en algún supermercado. b ) No compre en ningún supermercado. c ) Compre solamente en un supermercado. d ) Compre en el supermercado A, sabiendo que no compra en el B. S OCIALES II. 2012. JUNIO. EJERCICIO 3. OPCIÓN B",enunciados_PNG/2012 - Probabilidad_png/2012_probabilidad_p03.png,2012 - Probabilidad.pdf,sin metadatos
matesccss,Probabilidad,,,,"E n un congreso de 200 jóvenes profesionales se pasa una encuesta para conocer los hábitos en c uanto a contratar los viajes por internet. Se observa que 120 son hombres y que, de estos, 84 c ontratan los viajes por Internet, mientras que 24 de las mujeres no emplean esa vía. E legido un congresista al azar, calcule la probabilidad de que: a ) No contrate sus viajes por internet. b ) Use internet para contratar los viajes, si la persona elegida es una mujer. c ) Sea hombre, sabiendo que contrata sus viajes por internet. S OCIALES II. 2012. RESERVA 1. EJERCICIO 3. OPCIÓN A",enunciados_PNG/2012 - Probabilidad_png/2012_probabilidad_p04.png,2012 - Probabilidad.pdf,sin metadatos
matesccss,Probabilidad,,,,"L anzamos un dado, si sale 5 o 6 extraemos una bola de la urna A, que contiene 6 bolas blancas y 4 negras. Si sale otro resultado se extrae una bola de la urna B, que contiene 3 bolas blancas y 7 n egras. Calcule: a ) La probabilidad de que la bola extraída sea negra. b ) La probabilidad de que la bola sea negra y de la urna B. c ) La probabilidad de que haya salido menos de 5 si la bola extraída ha sido blanca. S OCIALES II. 2012. RESERVA 1. EJERCICIO 3. OPCIÓN B",enunciados_PNG/2012 - Probabilidad_png/2012_probabilidad_p05.png,2012 - Probabilidad.pdf,sin metadatos
matesccss,Probabilidad,,,,"U na empresa dispone de tres máquinas A, B y C, que fabrican, respectivamente, el 60%, 30% y 1 0% de los artículos que comercializa. E l 5% de los artículos que fabrica A, el 4% de los de B y el 3% de los de C son defectuosos. E legido, al azar, un artículo de los que se fabrican en la empresa: a ) ¿Cuál es la probabilidad de que sea defectuoso y esté fabricado por la máquina C?. b ) ¿Cuál es la probabilidad de que no sea defectuoso?. c ) Si sabemos que no es defectuoso, ¿cuál es la probabilidad de que proceda de la máquina A?. S OCIALES II. 2012. RESERVA 2. EJERCICIO 3. OPCIÓN A",enunciados_PNG/2012 - Probabilidad_png/2012_probabilidad_p06.png,2012 - Probabilidad.pdf,sin metadatos
matesccss,Probabilidad,,,,"S e sabe que el 90% de los estudiantes del último curso de una Universidad está preocupado por s us posibilidades de encontrar trabajo, el 30% está preocupado por sus notas y el 25% por a mbas cosas. a ) Si hay 400 alumnos matriculados en el último curso de dicha Universidad, ¿cuántos de ellos no e stán preocupados por ninguna de las dos cosas?. b ) Si un alumno del último curso, elegido al azar, no está preocupado por encontrar trabajo, ¿ cuál es la probabilidad de que esté preocupado por sus notas?. S OCIALES II. 2012. RESERVA 2. EJERCICIO 3. OPCIÓN B",enunciados_PNG/2012 - Probabilidad_png/2012_probabilidad_p07.png,2012 - Probabilidad.pdf,sin metadatos
matesccss,Probabilidad,,,,"S e ha impartido un curso de “conducción eficiente” a 200 personas. De los asistentes al curso, 60 s on profesionales de autoescuela y, de ellos, el 95% han mejorado su conducción. Este porcentaje b aja al 80% en el resto de los asistentes. Halle la probabilidad de que, elegido un asistente al a zar: a ) No haya mejorado su conducción. b ) No sea profesor de autoescuela, sabiendo que ha mejorado su conducción. S OCIALES II. 2012. RESERVA 3. EJERCICIO 3. OPCIÓN A",enunciados_PNG/2012 - Probabilidad_png/2012_probabilidad_p08.png,2012 - Probabilidad.pdf,sin metadatos
matesccss,Probabilidad,,,,"S e sabe que el 44% de la población activa de cierta provincia está formada por mujeres. T ambién se sabe que, de ellas, el 25% está en paro y que el 20% de los hombres de la población a ctiva también están en paro. a ) Elegida, al azar, una persona de la población activa de esa provincia, calcule la probabilidad d e que esté en paro. b ) Si hemos elegido, al azar, una persona que trabaja, ¿cuál es la probabilidad de que sea h ombre?. S OCIALES II. 2012. RESERVA 3. EJERCICIO 3. OPCIÓN B",enunciados_PNG/2012 - Probabilidad_png/2012_probabilidad_p09.png,2012 - Probabilidad.pdf,sin metadatos
matesccss,Probabilidad,,,,"U na urna contiene 25 bolas blancas sin marcar, 75 bolas blancas marcadas, 125 bolas negras sin m arcar y 175 bolas negras marcadas. Se extrae una bola al azar. a ) Calcule la probabilidad de que sea blanca. b ) ¿Cuál es la probabilidad de que sea blanca sabiendo que está marcada?. c ) ¿cuál es la probabilidad de que sea negra y esté marcada?. d ) Son independientes los sucesos “sacar bola marcada” y “sacar bola blanca”. S OCIALES II. 2012. RESERVA 4. EJERCICIO 3. OPCIÓN A",enunciados_PNG/2012 - Probabilidad_png/2012_probabilidad_p10.png,2012 - Probabilidad.pdf,sin metadatos
matesccss,Probabilidad,,,,"S e consideran dos sucesos A y B asociados a un experimento aleatorio. Se sabe que p(A)0.8, p(B)0.7 y p(AB)0.94 a) ¿Son A y B sucesos independientes?. b) Calcule p(A/B) c) Calcule p(AC BC) S OCIALES II. 2012. RESERVA 4. EJERCICIO 3. OPCIÓN B",enunciados_PNG/2012 - Probabilidad_png/2012_probabilidad_p11.png,2012 - Probabilidad.pdf,sin metadatos
matesccss,Probabilidad,,,,"E l 55% de los alumnos de un centro docente utiliza en su desplazamiento transporte público, el 3 0% usa vehículo propio y el resto va andando. El 65% de los que utilizan transporte público son m ujeres, el 70% de los que usan vehículo propio son hombres y el 52% de los que van andando s on mujeres. a ) Elegido al azar un alumno de ese centro, calcule la probabilidad de que sea hombre. b ) Elegido al azar un hombre, alumno de ese centro, ¿cuál es la probabilidad de que vaya a ndando?. S OCIALES II. 2013. JUNIO. EJERCICIO 3. OPCIÓN A",enunciados_PNG/2013 - Probabilidad_png/2013_probabilidad_p02.png,2013 - Probabilidad.pdf,sin metadatos
matesccss,Probabilidad,,,,"S e cree que hay una vuelta hacia estilos de bailes más populares, por lo que se realiza una e ncuesta a estudiantes de bachillerato, resultando que al 40% les gusta la salsa, al 30% le gusta el m erengue y al 10% les gusta tanto la salsa como el merengue. a ) ¿Cual es la probabilidad de que a un estudiante le guste el merengue si le gusta la salsa? b ) ¿Y la de que a un estudiante le guste el merengue si no le gusta la salsa? c ) ¿Son independientes los sucesos ""gustar la salsa"" y ""gustar el merengue""? ¿Son compatibles? S OCIALES II. 2013. SEPTIEMBRE. EJERCICIO 3. OPCIÓN A",enunciados_PNG/2013 - Probabilidad_png/2013_probabilidad_p12.png,2013 - Probabilidad.pdf,sin metadatos
matesccss,Probabilidad,,,,"E l 50% de los préstamos que concede un banco son para vivienda, el 30% para industria y el 2 0% para consumo. No se pagan el 20% de los préstamos para vivienda, el 15% de los préstamos p ara industria y el 70% de los préstamos para consumo. a ) Si se elige al azar un préstamo, calcule la probabilidad de que se pague. b ) Se elige un préstamo al azar que resulta impagado, ¿cuál es la probabilidad de que sea un p réstamo para consumo? c ) Ante un préstamo impagado el director del banco afirma que es más probable que sea para v ivienda que para consumo, ¿lleva razón el director? S OCIALES II. 2013. SEPTIEMBRE. EJERCICIO 3. OPCIÓN B",enunciados_PNG/2013 - Probabilidad_png/2013_probabilidad_p13.png,2013 - Probabilidad.pdf,sin metadatos
matesccss,Probabilidad,,,,"U na urna, A, contiene siete bolas numeradas de 1 al 7. Otra urna, B, contiene cinco bolas n umeradas del 1 al 5. Lanzamos una moneda equilibrada, de forma que si sale cara, extraemos u na bola de la urna A, y, si sale cruz, la extraemos de la urna B. Calcule las probabilidades de los siguientes sucesos: a) “La bola haya sido extraída de la urna A y el número sea par”. b) “El número de la bola extraída sea par”. c) “La bola sea de la urna A, si ha salido un número par” S OCIALES II. 2014. JUNIO. EJERCICIO 3. OPCIÓN A",enunciados_PNG/2014 - Probabilidad_png/2014_probabilidad_p02.png,2014 - Probabilidad.pdf,sin metadatos
matesccss,Probabilidad,,,,"Antonio va de compras dos días de cada cinco. A lo largo del tiempo, ha observado que la fruta está de oferta la tercera parte de los días que va de compras y la mitad de los días que no va. Elegido un día al azar: a ) ¿Cuál es la probabilidad de que la fruta esté de oferta ese día?. b ) Calcule la probabilidad de que ese día Antonio vaya a la compra o la fruta esté de oferta. S OCIALES II. 2014. JUNIO. EJERCICIO 3. OPCIÓN B",enunciados_PNG/2014 - Probabilidad_png/2014_probabilidad_p03.png,2014 - Probabilidad.pdf,sin metadatos
matesccss,Probabilidad,,,,"En un servicio técnico especializado en cámaras fotográficas, el 70% de las cámaras que se reciben son del modelo A y el resto del modelo B. El 95% de las cámaras del modelo A son reparadas, mientras que del modelo B sólo se reparan el 80%. Si se elige una cámara al azar: a ) Calcule la probabilidad de que no se haya podido reparar. b ) Si se observa que no ha sido reparada, ¿cuál es la probabilidad de que sea del modelo B? S OCIALES II. 2014. RESERVA 3. EJERCICIO 3. OPCIÓN A",enunciados_PNG/2014 - Probabilidad_png/2014_probabilidad_p08.png,2014 - Probabilidad.pdf,sin metadatos
matesccss,Probabilidad,,,,"D e los 700 alumnos matriculados en una asignatura, 210 son hombres y 490 mujeres. Se sabe que e l 60% de los hombres y el 70% de las mujeres aprueban dicha asignatura. Se elige una persona a l azar. a ) ¿Cuál es la probabilidad de que apruebe la asignatura? b ) Sabiendo que ha aprobado la asignatura, ¿cuál es la probabilidad de que sea una mujer? S OCIALES II. 2015. JUNIO. EJERCICIO 3. OPCIÓN A",enunciados_PNG/2015 - Probabilidad_png/2015_probabilidad_p02.png,2015 - Probabilidad.pdf,sin metadatos
matesccss,Probabilidad,,,,"L ucía quiere ir de vacaciones a la costa. En su guía de viajes lee que en esa época del año llueve d os días a la semana y que hace viento el 25% de los días que llueve y el 40% de los días que no l lueve. Elegido un día de esa época a ) ¿Cuál es la probabilidad de que haga viento?. b ) Si hace viento, ¿cuál es la probabilidad de que esté lloviendo?. c ) ¿Cuál es la probabilidad de que no llueva y no haga viento?. S OCIALES II. 2015. SEPTIEMBRE. EJERCICIO 3. OPCIÓN A",enunciados_PNG/2015 - Probabilidad_png/2015_probabilidad_p12.png,2015 - Probabilidad.pdf,sin metadatos
matesccss,Probabilidad,,,,"E n una urna A hay 8 bolas verdes y 6 rojas. En otra urna B hay 4 bolas verdes, 5 rojas y 1 negra. S e lanza un dado, si sale un número menor que 3 se saca una bola de la urna A, y si sale mayor o i gual que 3 se saca una bola de la urna B. a ) Calcule la probabilidad de que la bola sea verde si ha salido un 4. b ) Calcule la probabilidad de que la bola elegida sea roja. c ) Sabiendo que ha salido una bola verde, ¿cuál es la probabilidad de que sea de la urna A? S OCIALES II. 2015. SEPTIEMBRE. EJERCICIO 3. OPCIÓN B",enunciados_PNG/2015 - Probabilidad_png/2015_probabilidad_p13.png,2015 - Probabilidad.pdf,sin metadatos
matesccss,Probabilidad,,,,"Un hotel dispone de tras lavadoras industriales L , L y L para el servicio de lavandería. El 1 2 3 5 0% de los lavados los realiza L , el 30% los hace L y el resto L . La lavadora L produce un 1 2 3 1 5 % de lavados defectuosos, L produce un 15% y L un 20%. Se elige al azar un lavado del 2 3 hotel. a) Calcule la probabilidad de que no sea defectuoso. b) Calcule la probabilidad de que el lavado haya sido realizado por L , sabiendo que ha sido 1 d efectuoso. S OCIALES II. 2018. SEPTIEMBRE. EJERCICIO 3. OPCIÓN B",enunciados_PNG/2018 - Probabilidad_png/2018_probabilidad_p13.png,2018 - Probabilidad.pdf,sin metadatos
matesccss,Probabilidad,,,,"Una agencia ha realizado un estudio acerca de la siniestralidad de los vehículos de una región. Se ha dividido a los conductores en dos grupos: jóvenes los menores de 30 años y sénior al resto de conductores. Asimismo, también se ha dividido a los vehículos en dos grupos: nuevos los que t ienen menos de 5 años de antigüedad y viejos el resto de vehículos. De los 54 siniestros r egistrados, en 19 de ellos el vehículo implicado era nuevo y en 29 los conductores eran jóvenes. F inalmente, 21 de los siniestros se dieron con vehículos viejos y conductores jóvenes. Se escoge uno de estos siniestros al azar. a) Calcule la probabilidad de que el conductor sea sénior y el vehículo viejo. b) Calcule la probabilidad de que el conductor sea joven sabiendo que el vehículo es viejo. c) Determine razonadamente si la siguiente afirmación es cierta: “Los siniestros de este estudio m enos probables son aquellos en los que el conductor es sénior y el vehículo es nuevo”. S OCIALES II. 2024. JUNIO. EJERCICIO C5",enunciados_PNG/2024 - Probabilidad_png/2024_probabilidad_p02.png,2024 - Probabilidad.pdf,sin metadatos
matesccss,Probabilidad,,,,"U n grupo de turistas programa una visita a la Geoda de Pulpí. El 42% de los turistas del grupo p roceden de Andalucía, el 32% de otras comunidades autónomas y el resto del extranjero. Son m ayores de edad el 65% de los visitantes que proceden de Andalucía y el 75% de los que proceden de otras comunidades autónomas. Son menores de edad el 20% de los visitantes extranjeros. Elegido un turista de este grupo al azar, halle la probabilidad de que: a) Sea mayor de edad. b) Proceda de Andalucía y sea menor de edad. c ) Sea extranjero sabiendo que es menor de edad. S OCIALES II. 2024. JUNIO. EJERCICIO C6",enunciados_PNG/2024 - Probabilidad_png/2024_probabilidad_p03.png,2024 - Probabilidad.pdf,sin metadatos
matesccss,Probabilidad,,,,"U na fábrica dispone de tres máquinas A, B y C para la fabricación de una cierta pieza. El 25% d e las piezas son fabricadas por la máquina A, el 35% por B y el resto por C. Tras un estudio se d etermina que el 2’05% del total de piezas fabricadas son defectuosas y que el 1% de las piezas fabricadas por B son defectuosas. a) Se selecciona una pieza al azar y resulta no ser defectuosa, ¿qué probabilidad hay de que fuera fabricada por la máquina B?. b) Si A y C tienen la misma probabilidad de fabricar una pieza defectuosa, ¿cuál es la p robabilidad de que una pieza sea fabricada por A sabiendo que es defectuosa?. S OCIALES II. 2024. RESERVA 1. EJERCICIO C6",enunciados_PNG/2024 - Probabilidad_png/2024_probabilidad_p05.png,2024 - Probabilidad.pdf,sin metadatos
matesccss,Probabilidad,,,,"U na empresa ha instalado 50 alarmas de las que 30 son de tipo básico y el resto de tipo superior. S e sabe que el 80% de todas las alarmas no presentan incidencias y que de las de tipo básico un 3 0% presentan alguna incidencia. Se elige al azar una de estas alarmas. Calcule la probabilidad d e que: a ) Sea de tipo básico y no presente incidencias. b ) No presente incidencias siendo de tipo superior. c ) Teniendo incidencias sea de tipo básico. d ) Sea de ""tipo básico y tenga incidencias"" o sea de ""tipo superior y no tenga incidencias"". S OCIALES II. 2024. RESERVA 2. EJERCICIO C6",enunciados_PNG/2024 - Probabilidad_png/2024_probabilidad_p07.png,2024 - Probabilidad.pdf,sin metadatos
matesccss,Probabilidad,,,,"U n nuevo servicio de streaming utiliza un algoritmo para recomendar películas a sus usuarios en f unción de las películas vistas anteriormente. Como la plataforma es de reciente creación, solo t iene disponibles tres géneros: ciencia ficción, terror y musicales. El 62% de las películas d isponibles son de ciencia ficción, la cuarta parte son de terror y el resto musicales. De las películas d e ciencia ficción, el algoritmo hace una recomendación correcta en el 70% de las ocasiones, de las d e terror, el 75% de las veces y de los musicales, el 15%. Un usuario selecciona al azar una película d e su lista de recomendaciones: a ) ¿Cuál es la probabilidad de que el algoritmo haya hecho una recomendación correcta? b ) Si no ha sido recomendada correctamente, ¿qué probabilidad hay de que la película sea de t error? c ) De las recomendaciones correctas del género de ciencia ficción, el usuario queda satisfecho con l a elección de la película en el 55% de las ocasiones. ¿Qué probabilidad hay de que la película sea d e ciencia ficción, esté recomendada correctamente y el usuario haya quedado satisfecho? S OCIALES II. 2025. RESERVA 1. EJERCICIO C5",enunciados_PNG/2025 - Probabilidad_png/2025_probabilidad_p03.png,2025 - Probabilidad.pdf,sin metadatos
matesccss,Probabilidad,,,,"L os alumnos de un colegio de una localidad andaluza van a realizar una excursión a la estación de e squí de Sierra Nevada desplazándose en tres autobuses A, B y C. En el autobús A se desplazan c uatro novenos de los alumnos de la excursión, en el B se desplaza la tercera parte y el resto vanen e l autobús C. Se sabe que el 65% de los alumnos que viajan en el autobús A y el 40% de los del a utobús B no sabe esquiar y todos los del autobús C sí que saben esquiar. Se escoge al azar a uno d e los alumnos de la excursión. Calcule la probabilidad de que: a ) Sepa esquiar. b ) Viaje en el autobús C, si sabe esquiar. c ) Sepa esquiar y no viaje en el autobús B. S OCIALES II. 2025. JULIO. EJERCICIO C5",enunciados_PNG/2025 - Probabilidad_png/2025_probabilidad_p09.png,2025 - Probabilidad.pdf,sin metadatos
