asignatura,año,convocatoria,ejercicio,tema,metadata,enunciado,archivo,imagen,aviso
Química,2000,Junio,Ejercicio 6. Opc Ión A,Reacciones Redox,QUÍMICA. 2000. JUNIO EJERCICIO 6. OPC IÓN A,"Dada la siguiente reacción redox en disolución acuosa:
KMnO KIH SO I MnSO K SO H O
4 2 4 2 4 2 4 2
a) Ajustar la reacción por el método del ión-electrón.
b) Calcule los litros de disolución 2 M de permanganato de potasio necesarios para obtener 1
Kg de yodo.",2000 - Reacciones Redox.pdf,enunciados_PNG/2000 - Reacciones Redox_png/2000_junio_ejercicio_6_opc_ion_a.png,
Química,2000,Reserva 1,Ejercicio 5. Opción B,Reacciones Redox,QUÍMICA. 2000. RESERVA 1. EJERCICIO 5. OPCIÓN B,"Dada la reacción redox en disolución acuosa:
KIH SO K CrO K SO H OCr (SO ) I
2 4 2 2 7 2 4 2 2 4 3 2
a) Ajuste por el método del ión-electrón la reacción.
b) Calcule la molaridad de la disolución de dicromato de potasio, si 30 mL de la misma
reaccionan con 60 mL de una disolución que contiene 80 g/L de yoduro de potasio.",2000 - Reacciones Redox.pdf,enunciados_PNG/2000 - Reacciones Redox_png/2000_reserva_1_ejercicio_5_opcion_b.png,
Química,2000,Reserva 2,Ejercicio 5. Opción A,Reacciones Redox,QUÍMICA. 2000. RESERVA 2. EJERCICIO 5. OPCIÓN A,"El ácido sulfúrico concentrado reacciona con el bromuro de potasio según la reacción:
H SO KBrK SO Br SO H O
2 4 2 4 2 2 2
a) Ajuste, por el método del ión-electrón, la reacción anterior.
b) Calcule el volumen de bromo líquido (densidad 2’92 g/cm3) que se obtendrá al tratar 90’1 g
de bromuro de potasio con suficiente cantidad de ácido sulfúrico.",2000 - Reacciones Redox.pdf,enunciados_PNG/2000 - Reacciones Redox_png/2000_reserva_2_ejercicio_5_opcion_a.png,
Química,2000,Reserva 3,Ejercicio 3. Opción A,Reacciones Redox,QUÍMICA. 2000. RESERVA 3. EJERCICIO 3. OPCIÓN A,"a) ¿Reaccionará una disolución acuosa de ácido clorhídrico con hierro metálico?
b) ¿Reaccionará una disolución acuosa de ácido clorhídrico con cobre?
c) ¿Qué ocurrirá si se añaden limaduras de hierro a una disolución de Cu2?.
Justifique las respuestas.
Datos: E0(Cu2 /Cu)0'34v; E0(Fe2 /Fe) 0'44v; E0(H /H ) 0v",2000 - Reacciones Redox.pdf,enunciados_PNG/2000 - Reacciones Redox_png/2000_reserva_3_ejercicio_3_opcion_a.png,
Química,2000,Reserva 4,Ejercicio 3. Opción A,Reacciones Redox,QUÍMICA. 2000. RESERVA 4. EJERCICIO 3. OPCIÓN A,"De las siguientes reacciones:
HCO  H CO H O
3 2 2
CuONH N H OCu
3 2 2
KClO KClO
3 2
a) Justifique si son todos procesos redox.",2000 - Reacciones Redox.pdf,enunciados_PNG/2000 - Reacciones Redox_png/2000_reserva_4_ejercicio_3_opcion_a.png,
Química,2000,Reserva 4,Ejercicio 6. Opción B,Reacciones Redox,QUÍMICA. 2000. RESERVA 4. EJERCICIO 6. OPCIÓN B,"Al hacer la electrolisis del cloruro de sodio, se depositan 12 g de sodio en el cátodo. Calcule:
a) Los moles de cloro gaseoso liberados en el ánodo.
b) El volumen que ocupa el cloro del apartado anterior a 700 mm de Hg y 100 ºC.",2000 - Reacciones Redox.pdf,enunciados_PNG/2000 - Reacciones Redox_png/2000_reserva_4_ejercicio_6_opcion_b.png,
Química,2000,Septiembre,Ejercicio 3. Opción A,Reacciones Redox,QUÍMICA. 2000. SEPTIEMBRE. EJERCICIO 3. OPCIÓN A,"Dados los potenciales normales de reducción E0(Pb2 /Pb) 0'13V y E0(Cu2 /Cu)0'34V
a) Escriba las semirreacciones y la reacción ajustada de la pila formada. b) Calcule su fuerza",2000 - Reacciones Redox.pdf,enunciados_PNG/2000 - Reacciones Redox_png/2000_septiembre_ejercicio_3_opcion_a.png,
Química,2000,Septiembre,Ejercici O 6. Opción B,Reacciones Redox,QUÍMICA. 2000. SEPTIEMBRE. EJERCICI O 6. OPCIÓN B,"Al pasar una corriente eléctrica por una disolución acuosa de nitrato de cobalto (II) se
desprende oxígeno en el ánodo y se deposita cobalto en el cátodo. Calcule:
a) La intensidad de la corriente que se necesita para depositar 8’42 g de Co de una disolución
acuosa de Co(NO ) en 35 minutos.
3 2
b) El volumen de oxígeno gaseoso, medido en condiciones normales, que se desprende en el
ánodo.",2000 - Reacciones Redox.pdf,enunciados_PNG/2000 - Reacciones Redox_png/2000_septiembre_ejercici_o_6_opcion_b.png,
Química,2001,Junio,Ejercicio 5. Opción A,Reacciones Redox,QUÍMICA. 2001. JUNIO. EJERCICIO 5. OPCIÓN A,"ElKMnO , en medio ácido sulfúrico, reacciona con el H O para dar MnSO O , H O y
4 2 2 4, 2 2
K SO .
2 4
a) Ajuste la reacción molecular por el método del ion-electrón. b) ¿Qué volumen de O medido
2
a 1520 mm de mercurio y 125 ºC se obtiene a partir de 100 g de KMnO ?
4",2001 - Reacciones Redox.pdf,enunciados_PNG/2001 - Reacciones Redox_png/2001_junio_ejercicio_5_opcion_a.png,
Química,2001,Reserva 1,Ejercicio 6. Opción B,Reacciones Redox,QUÍMICA. 2001. RESERVA 1. EJERCICIO 6. OPCIÓN B,"Por una cuba electrolítica que contiene cloruro de cobre (II) fundido, circula una corriente
eléctrica de 3 A durante 45 minutos. Calcule: a) La masa de cobre que se deposita. b) El
volumen de cloro que se desprende, medido en condiciones normales.",2001 - Reacciones Redox.pdf,enunciados_PNG/2001 - Reacciones Redox_png/2001_reserva_1_ejercicio_6_opcion_b.png,
Química,2001,Reserva 2,Ejercicio 5. Opción A,Reacciones Redox,QUÍMICA. 2001. RESERVA 2. EJERCICIO 5. OPCIÓN A,"En una valoración, 31’25 mL de una disolución 0’1 M de Na C O (oxalato de sodio) en medio
2 2 4
ácido consumen 17’38 mL de una disolución de KMnO de concentración desconocida.
4
Sabiendo que el oxalato pasa a CO y el permanganato a Mn2. a) Ajuste la ecuación iónica
2
por el método del ión-electrón. b) Calcule la concentración de la disolución de KMnO .
4",2001 - Reacciones Redox.pdf,enunciados_PNG/2001 - Reacciones Redox_png/2001_reserva_2_ejercicio_5_opcion_a.png,
Química,2001,Reserva 3,Ejercicio 3. Opción A,Reacciones Redox,QUÍMICA. 2001. RESERVA 3. EJERCICIO 3. OPCIÓN A,"Dadas las siguientes reacciones (sin ajustar):
CaOH
2
OCa(OH)
2
AgHNO AgNO NO H O
3 3 2 2
Razone: a) Si son de oxidación-reducción. b) ¿Qué especies se oxidan y qué especies se",2001 - Reacciones Redox.pdf,enunciados_PNG/2001 - Reacciones Redox_png/2001_reserva_3_ejercicio_3_opcion_a.png,
Química,2001,Reserva 3,Ejercicio 6. Opción B,Reacciones Redox,QUÍMICA. 2001. RESERVA 3. EJERCICIO 6. OPCIÓN B,"El principal método de obtención del aluminio comercial es la electrolisis de las sales de Al3
fundidas. a) ¿Cuántos culombios deben pasar a través del fundido para depositar 1kg de
aluminio?. b) Si una célula electrolítica industrial de aluminio opera con una intensidad de
corriente de 40.000 A. ¿Cuánto tiempo será necesario para producir 1 kg de aluminio?",2001 - Reacciones Redox.pdf,enunciados_PNG/2001 - Reacciones Redox_png/2001_reserva_3_ejercicio_6_opcion_b.png,
Química,2001,Reserva 4,Ejercicio 3. Opción A,Reacciones Redox,QUÍMICA. 2001. RESERVA 4. EJERCICIO 3. OPCIÓN A,"Se construye una pila, en condiciones estándar, con un electrodo de cobre y un electrodo de
aluminio. a) Indique razonadamente cuál es el cátodo y cuál el ánodo. b) Calcule la f.e.m de la
pila.",2001 - Reacciones Redox.pdf,enunciados_PNG/2001 - Reacciones Redox_png/2001_reserva_4_ejercicio_3_opcion_a.png,
Química,2001,Reserva 4,Ejercicio 6. Opción B,Reacciones Redox,QUÍMICA. 2001. RESERVA 4. EJERCICIO 6. OPCIÓN B,"En medio ácido sulfúrico, el permanganato de potasio reacciona con Fe (II) según:
KMnO FeSO H SO MnSO Fe (SO ) K SO H O
4 4 2 4 4 2 4 3 2 4 2
a) Ajuste la reacción por el método del ión-electrón.
b) Calcule el número de moles de sulfato de hierro (III) que se obtienen cuando reaccionan 79 g
de permanganato de potasio con la cantidad necesaria de Fe (II).",2001 - Reacciones Redox.pdf,enunciados_PNG/2001 - Reacciones Redox_png/2001_reserva_4_ejercicio_6_opcion_b.png,
Química,2001,Septiembre,Ejercicio 6. Opción A,Reacciones Redox,QUÍMICA. 2001. SEPTIEMBRE. EJERCICIO 6. OPCIÓN A,"Una muestra de un metal se disuelve en ácido clorhídrico y se realiza la electrólisis de la
disolución. Cuando han pasado por la célula electrolítica 3215 C, se encuentra que en el cátodo
se han depositado 1’74 g de metal. Calcule: a) La carga del ión metálico. b) El volumen de cloro
desprendido medido en condiciones normales.",2001 - Reacciones Redox.pdf,enunciados_PNG/2001 - Reacciones Redox_png/2001_septiembre_ejercicio_6_opcion_a.png,
Química,2001,Septiembre,Ejercicio 3. Opción B,Reacciones Redox,QUÍMICA. 2001. SEPTIEMBRE. EJERCICIO 3. OPCIÓN B,"Sabiendo que:
Zn(s)│Zn2(1M) ║H(1M) │H (1atm)│Pt(s) E0 0'76V.
2 pila
Zn(s) │Zn2(1M) ║Cu2(1M) │Cu(s) E0 1'10V
pila",2001 - Reacciones Redox.pdf,enunciados_PNG/2001 - Reacciones Redox_png/2001_septiembre_ejercicio_3_opcion_b.png,
Química,2002,Junio,Ejercicio 3. Opción B,Reacciones Redox,QUÍMICA. 2002. JUNIO. EJERCICIO 3. OPCIÓN B,"a) Indique los números de oxidación del nitrógeno en las siguientes moléculas: N ; NO; N O;
2 2
N O
2 4
b) Escriba la semirreacción de reducción del HNO a NO.",2002 - Reacciones Redox.pdf,enunciados_PNG/2002 - Reacciones Redox_png/2002_junio_ejercicio_3_opcion_b.png,
Química,2002,Reserva 1,Ejercicio 6. Opción B,Reacciones Redox,QUÍMICA. 2002. RESERVA 1. EJERCICIO 6. OPCIÓN B,"Se hace pasar una corriente de 0’5 A a través de un litro de disolución de AgNO 0’1 M
3
durante 2 horas. Calcule:
a) La masa de plata que se deposita en el cátodo.
b) La concentración de ión plata que queda en la disolución, una vez finalizada la electrólisis.",2002 - Reacciones Redox.pdf,enunciados_PNG/2002 - Reacciones Redox_png/2002_reserva_1_ejercicio_6_opcion_b.png,
Química,2002,Reserva 2,Ejercicio 5. Opción A,Reacciones Redox,QUÍMICA. 2002. RESERVA 2. EJERCICIO 5. OPCIÓN A,"Dada la reacción: KMnO FeSO H SO MnSO Fe (SO ) K SO H O
4 4 2 4 4 2 4 3 2 4 2
a) Ajuste la reacción anterior por el método del ión-electrón.
b) Calcule los mL de disolución 0’5 M de KMnO necesarios para que reaccionen
4
completamente con 2’4 g de FeSO .
4",2002 - Reacciones Redox.pdf,enunciados_PNG/2002 - Reacciones Redox_png/2002_reserva_2_ejercicio_5_opcion_a.png,
Química,2002,Reserva 3,Ejercicio 5. Opción A,Reacciones Redox,QUÍMICA. 2002. RESERVA 3. EJERCICIO 5. OPCIÓN A,"El óxido nítrico (NO) se prepara según la reacción: CuHNO Cu(NO ) NOH O
3 3 2 2
a) Ajuste la reacción molecular por el método del ión-electrón.
b) Calcule la masa de cobre que se necesita para obtener 0’5 L de NO medidos a 750 mm de
mercurio y 25º C.",2002 - Reacciones Redox.pdf,enunciados_PNG/2002 - Reacciones Redox_png/2002_reserva_3_ejercicio_5_opcion_a.png,
Química,2002,Reserva 4,Ejercicio 3. Opción A,Reacciones Redox,QUÍMICA. 2002. RESERVA 4. EJERCICIO 3. OPCIÓN A,"Dados los potenciales normales de reducción E0(Pb2 /Pb)  0'13 V y
E0(Zn2 /Zn) 0'76 V
a) Escriba las semirreacciones y la reacción ajustada de la pila que se puede formar.
b) Calcule la fuerza electromotriz de la misma.",2002 - Reacciones Redox.pdf,enunciados_PNG/2002 - Reacciones Redox_png/2002_reserva_4_ejercicio_3_opcion_a.png,
Química,2002,Reserva 4,Ejercicio 6. Opción B,Reacciones Redox,QUÍMICA. 2002. RESERVA 4. EJERCICIO 6. OPCIÓN B,"En medio ácido, el ión cromato oxida al ión sulfito según la ecuación:
CrO2 SO2 H  Cr3 SO2 H O
4 3 4 2
a) Ajuste la ecuación iónica por el método del ión-electrón.
b) Si 25 mL de una disolución de Na SO reaccionan con 28’1 mL de disolución 0’088 M de
2 3
K CrO , calcule la molaridad de la disolución de Na SO .",2002 - Reacciones Redox.pdf,enunciados_PNG/2002 - Reacciones Redox_png/2002_reserva_4_ejercicio_6_opcion_b.png,
Química,2002,Septiembre,Ejercicio 3. Opción A,Reacciones Redox,QUÍMICA. 2002. SEPTIEMBRE. EJERCICIO 3. OPCIÓN A,"Dadas las siguientes reacciones:
a) NaOHHNO  NaNO H O
3 3 2
b) CuCl CuCl
2 2
c) CH 2O CO 2H O
4 2 2 2
a) Justifique si todas son de oxidación-reducción.",2002 - Reacciones Redox.pdf,enunciados_PNG/2002 - Reacciones Redox_png/2002_septiembre_ejercicio_3_opcion_a.png,
Química,2002,Septiembre,Ejercici O 6. Opción B,Reacciones Redox,QUÍMICA. 2002. SEPTIEMBRE. EJERCICI O 6. OPCIÓN B,"Se electroliza una disolución acuosa de NiCl pasando una corriente de 0’1 A durante 20
2
horas. Calcule:
a) La masa de níquel depositada en el cátodo.
b) El volumen de cloro, medido en condiciones normales, que se desprende en el ánodo.",2002 - Reacciones Redox.pdf,enunciados_PNG/2002 - Reacciones Redox_png/2002_septiembre_ejercici_o_6_opcion_b.png,
Química,2003,Junio,Ejercicio 3. Op Ción A,Reacciones Redox,QUÍMICA. 2003. JUNIO. EJERCICIO 3. OP CIÓN A,"La siguiente reacción redox tiene lugar en medio ácido:
MnO Cl H Mn2 Cl H O
4 2 2
Indique, razonando la respuesta, la veracidad o falsedad de las afirmaciones siguientes:
a) El Cl es el agente reductor.
b) El MnO experimenta una oxidación.
4
c) En la reacción, debidamente ajustada, se forman también 4 moles de H O por cada mol de
2
MnO.",2003 - Reacciones Redox.pdf,enunciados_PNG/2003 - Reacciones Redox_png/2003_junio_ejercicio_3_op_cion_a.png,
Química,2003,Junio,Ejercicio 6. Op Ción B,Reacciones Redox,QUÍMICA. 2003. JUNIO. EJERCICIO 6. OP CIÓN B,"El bromuro sódico reacciona con el ácido nítrico, en caliente, según la siguiente ecuación:
NaBrHNO  Br NO NaNO H O
3 2 2 3 2
a) Ajuste esta reacción por el método del ión electrón.
b) Calcule la masa de bromo que se obtiene cuando 100 g de bromuro de sodio se tratan con
ácido nítrico en exceso.",2003 - Reacciones Redox.pdf,enunciados_PNG/2003 - Reacciones Redox_png/2003_junio_ejercicio_6_op_cion_b.png,
Química,2003,Reserva 1,Ejercicio 6. Opción B,Reacciones Redox,QUÍMICA. 2003. RESERVA 1. EJERCICIO 6. OPCIÓN B,"Para cada una de las siguientes electrolisis, calcule:
a) La masa de cinc metálico depositada en el cátodo al pasar por una disolución acuosa de
Zn2 una corriente de 1’87 amperios durante 42’5 minutos.
b) El tiempo necesario para que se depositen 0’58 g de plata tras pasar por una disolución
acuosa de AgNO una corriente de 1’84 amperios.
3",2003 - Reacciones Redox.pdf,enunciados_PNG/2003 - Reacciones Redox_png/2003_reserva_1_ejercicio_6_opcion_b.png,
Química,2003,Reserva 2,Ejercicio 3. Opción A,Reacciones Redox,QUÍMICA. 2003. RESERVA 2. EJERCICIO 3. OPCIÓN A,"A partir de los valores de potenciales normales de reducción siguientes: (Cl /Cl) 1'36 V ;
2
(I /I) 0'54 V; (Fe3 /Fe2)0'77 V, , indique, razonando la respuesta:
2
a) Si el cloro puede reaccionar con iones Fe2 y transformarlos enFe3.",2003 - Reacciones Redox.pdf,enunciados_PNG/2003 - Reacciones Redox_png/2003_reserva_2_ejercicio_3_opcion_a.png,
Química,2003,Reserva 2,Ejercicio 6. Opción B,Reacciones Redox,QUÍMICA. 2003. RESERVA 2. EJERCICIO 6. OPCIÓN B,"Dos cubas electrolíticas, conectadas en serie, contienen una disolución acuosa de AgNO , la
3
primera, y una disolución acuosa de H SO , la segunda. Al pasar cierta cantidad de
2 4
electricidad por las dos cubas se han obtenido, en la primera, 0’090 g de plata.
Calcule:
a) La carga eléctrica que pasa por las cubas.
b) El volumen de H , medido en condiciones normales, que se obtiene en la segunda cuba.
2",2003 - Reacciones Redox.pdf,enunciados_PNG/2003 - Reacciones Redox_png/2003_reserva_2_ejercicio_6_opcion_b.png,
Química,2003,Reserva 3,Ejercicio 5. Opción A,Reacciones Redox,QUÍMICA. 2003. RESERVA 3. EJERCICIO 5. OPCIÓN A,"La siguiente reacción redox tiene lugar en medio ácido:
MnO AgH  Mn2 Ag H O
4 2
a) Ajuste esta reacción por el método del ión electrón.
b) Calcule los gramos de plata metálica que podría ser oxidada por 50 mL de una disolución
acuosa de MnO 0’2 M.
4",2003 - Reacciones Redox.pdf,enunciados_PNG/2003 - Reacciones Redox_png/2003_reserva_3_ejercicio_5_opcion_a.png,
Química,2003,Reserva 4,Ejercicio 5. Opción A,Reacciones Redox,QUÍMICA. 2003. RESERVA 4. EJERCICIO 5. OPCIÓN A,"El ácido nítrico (HNO ) reacciona con el sulfuro de hidrógeno (H S) dando azufre elemental
3 2
(S) , monóxido de mononitrógeno (NO) y agua.
a) Escriba y ajuste por el método del ión electrón la reacción correspondiente.
b) Determine el volumen de H S, medido a 60º C y 1 atm, necesario para que reaccione con
2
500 mL de HNO 0’2 M.
3",2003 - Reacciones Redox.pdf,enunciados_PNG/2003 - Reacciones Redox_png/2003_reserva_4_ejercicio_5_opcion_a.png,
Química,2003,Septiembre,Ejercicio 3. Opción B,Reacciones Redox,QUÍMICA. 2003. SEPTIEMBRE. EJERCICIO 3. OPCIÓN B,"Razone la certeza o falsedad de las siguientes afirmaciones:
a) Todas las reacciones de combustión son procesos redox.
b) El agente oxidante es la especie que dona electrones en un proceso redox.",2003 - Reacciones Redox.pdf,enunciados_PNG/2003 - Reacciones Redox_png/2003_septiembre_ejercicio_3_opcion_b.png,
Química,2004,Junio,Ejercicio 5. Op Ción A,Reacciones Redox,QUÍMICA. 2004. JUNIO. EJERCICIO 5. OP CIÓN A,"Dada la siguiente reacción redox:
HClK Cr O CrCl KClCl H O
2 2 7 3 2 2
a) Ajuste la reacción por el método del ion-electrón.
b) Calcule la molaridad de la disolución de HCl si cuando reaccionan 25 mL de la misma con
exceso de K Cr O producen 0’3 L de Cl medidos en condiciones normales.",2004 - Reacciones Redox.pdf,enunciados_PNG/2004 - Reacciones Redox_png/2004_junio_ejercicio_5_op_cion_a.png,
Química,2004,Reserva 1,Ejercicio 6. Opción B,Reacciones Redox,QUÍMICA. 2004. RESERVA 1. EJERCICIO 6. OPCIÓN B,"Al realizar la electrolisis de ZnCl fundido, haciendo pasar durante cierto tiempo una
2
corriente de 3 A a través de una celda electrolítica, se depositan 24’5 g de cinc metálico en el
cátodo.
Calcule:
a) El tiempo que ha durado la electrolisis.
b) El volumen de cloro liberado en el ánodo, m edido en condiciones normales.",2004 - Reacciones Redox.pdf,enunciados_PNG/2004 - Reacciones Redox_png/2004_reserva_1_ejercicio_6_opcion_b.png,
Química,2004,Reserva 2,Ejercicio 6. Opción A,Reacciones Redox,QUÍMICA. 2004. RESERVA 2. EJERCICIO 6. OPCIÓN A,"a) Se hace pasar una corriente eléctrica de 1’5 A a través de 250 mL de una disolución acuosa
0’1 M en iones Cu2. ¿Cuánto tiempo tiene que transcurrir para que todo el cobre de la
disolución se deposite como cobre metálico?
b) ¿Qué intensidad de corriente eléctrica hay que hacer pasar a través de una disolución acuosa
de iones Au3 si se quiere obtener 1 gramo de oro metálico en 30 minutos?",2004 - Reacciones Redox.pdf,enunciados_PNG/2004 - Reacciones Redox_png/2004_reserva_2_ejercicio_6_opcion_a.png,
Química,2004,Reserva 2,Ejercicio 3. Opción B,Reacciones Redox,QUÍMICA. 2004. RESERVA 2. EJERCICIO 3. OPCIÓN B,"Indique, razonadamente, si cada una de las siguientes transformaciones es una reacción de
oxidación-reducción, identificando, en su caso, el agente oxidante y el reductor:
a) 2Al6HCl  2AlCl 3H
3 2
b) H OSO  H SO
2 3 2 4
c) 2NaBrCl  2NaClBr",2004 - Reacciones Redox.pdf,enunciados_PNG/2004 - Reacciones Redox_png/2004_reserva_2_ejercicio_3_opcion_b.png,
Química,2004,Reserva 3,Ejercicio 3. Opción A,Reacciones Redox,QUÍMICA. 2004. RESERVA 3. EJERCICIO 3. OPCIÓN A,"Una pila electroquímica se representa por: Mg │Mg2(1M) ║Sn2(1M) │Sn.
a) Dibuje un esquema de la misma indicando el electrodo que hace de ánodo y el que hace de
cátodo.
b) Escriba las semirreacciones que tienen lugar en cada semipila.
c) Indique el sentido del movimiento de los electrones por el circuito exterior.",2004 - Reacciones Redox.pdf,enunciados_PNG/2004 - Reacciones Redox_png/2004_reserva_3_ejercicio_3_opcion_a.png,
Química,2004,Reserva 3,Ejercicio 6. Opción B,Reacciones Redox,QUÍMICA. 2004. RESERVA 3. EJERCICIO 6. OPCIÓN B,"Dada la siguiente reacción redox: H SO KBrK SO Br SO H O
2 4 2 4 2 2 2
a) Ajuste la reacción por el método del ión-electrón.
b) Calcule el volumen de SO , medido a 700 mm de Hg y 25 ºC, que se puede obtener a partir
2
de 50 g de KBr y exceso de H SO .
2 4",2004 - Reacciones Redox.pdf,enunciados_PNG/2004 - Reacciones Redox_png/2004_reserva_3_ejercicio_6_opcion_b.png,
Química,2004,Reserva 4,Ejercicio 5. Opción A,Reacciones Redox,QUÍMICA. 2004. RESERVA 4. EJERCICIO 5. OPCIÓN A,"Dada la siguiente reacción redox: CuHNO Cu(NO ) NOH O
3 3 2 2
a) Ajústela por el método del ión-electrón.
b) Calcule el volumen de NO, medido en condiciones normales, que se obtiene a partir de 7’5 g
de Cu.",2004 - Reacciones Redox.pdf,enunciados_PNG/2004 - Reacciones Redox_png/2004_reserva_4_ejercicio_5_opcion_a.png,
Química,2004,Septiembre,Ejercici O 3. Opción B,Reacciones Redox,QUÍMICA. 2004. SEPTIEMBRE. EJERCICI O 3. OPCIÓN B,"La notación de una pila electroquímica es: Mg │Mg2(1M) ║Ag(1M) │Ag.
a) Calcule el potencial estándar de la pila.
b) Escriba y ajuste la ecuación química para la reacción que ocurre en la pila.
c) Indique la polaridad de los electrodos.",2004 - Reacciones Redox.pdf,enunciados_PNG/2004 - Reacciones Redox_png/2004_septiembre_ejercici_o_3_opcion_b.png,
Química,2005,Junio,Ejercicio 5. Opción A,Reacciones Redox,QUÍMICA. 2005. JUNIO. EJERCICIO 5. OPCIÓN A,"El monóxido de nitrógeno se puede obtener según la siguiente reacción:
CuHNO Cu(NO ) NOH O
3 3 2 2
a) Ajuste por el método del ión-electrón esta reacción en sus formas iónica y molecular.
b) Calcule la masa de cobre que se necesita para obtener 5 litros de NO medidos a 750 mm de
Hg y 40ºC",2005 - Reacciones Redox.pdf,enunciados_PNG/2005 - Reacciones Redox_png/2005_junio_ejercicio_5_opcion_a.png,
asignatura_desconocida,2005,Reserva 1,Ejercicio 5. Opción A,Reacciones Redox,QUIMICA. 2005. RESERVA 1. EJERCICIO 5. OPCIÓN A,"La siguiente reacción tiene lugar en medio ácido: MnO   Fe2  Mn2  Fe3
4
a) Ajuste la reacción iónica por el método del ión-electrón.
b) Calcule la molaridad de una disolución de KMnO , sabiendo que a partir de 50 mL de la
4",2005 - Reacciones Redox.pdf,enunciados_PNG/2005 - Reacciones Redox_png/2005_reserva_1_ejercicio_5_opcion_a.png,
asignatura_desconocida,2005,Reserva 2,Ejercicio 6 O Pción B,Reacciones Redox,QUIMICA. 2005. RESERVA 2 EJERCICIO 6 O PCIÓN B,"Se hace pasar una corriente eléctrica de 6’5 amperios a través de una celda electrolítica que
contiene NaCl fundido hasta que se obtienen 1’2 litros de Cl , medido en condiciones
2
normales. Calcule: a) El tiempo que ha durado la electrolisis. b) La masa de sodio depositado",2005 - Reacciones Redox.pdf,enunciados_PNG/2005 - Reacciones Redox_png/2005_reserva_2_ejercicio_6_o_pcion_b.png,
asignatura_desconocida,2005,Reserva 3,Ejercicio 3 O Pción A,Reacciones Redox,QUIMICA. 2005. RESERVA 3 EJERCICIO 3 O PCIÓN A,"a) ¿Tiene el Zn2 capacidad para oxidar el Br a Br en condiciones estándar? Razone la
2
respuesta. Datos: E0(Zn2 /Zn) 0'76 v; E0(Br /Br)1'06 v.
2
b) Escriba, según el convenio establecido, la notación simbólica de la pila que se puede formar",2005 - Reacciones Redox.pdf,enunciados_PNG/2005 - Reacciones Redox_png/2005_reserva_3_ejercicio_3_o_pcion_a.png,
asignatura_desconocida,2005,Reserva 3,Ejercicio 6 O Pción B,Reacciones Redox,QUIMICA. 2005. RESERVA 3 EJERCICIO 6 O PCIÓN B,"Dada la siguiente reacción redox: KI  H SO  K SO  I  H S  H O
2 4 2 4 2 2 2
a) Ajuste la reacción por el método del ión-elect rón.
b) Calcule los moles de I que se obtienen cuan do 1 L de una disolución 2 M de KI se ponen a
2
reaccionar con 2 L de una disolución 0’5 M de H SO",2005 - Reacciones Redox.pdf,enunciados_PNG/2005 - Reacciones Redox_png/2005_reserva_3_ejercicio_6_o_pcion_b.png,
asignatura_desconocida,2005,Reserva 4,Ejercicio 6 Opción A,Reacciones Redox,QUIMICA. 2005. RESERVA 4 EJERCICIO 6 OPCIÓN A,"Se hace pasar durante 2’5 horas una corriente eléctrica de 5 amperios a través de una celda
electrolítica que contiene SnI . Calcule: a) La masa de estaño metálico depositado en el cátodo.
2
b) Los moles de I liberados en el ánodo. Datos: F = 96500 C. Masa atómica: Sn = 118’7.",2005 - Reacciones Redox.pdf,enunciados_PNG/2005 - Reacciones Redox_png/2005_reserva_4_ejercicio_6_opcion_a.png,
asignatura_desconocida,2005,Reserva 4,Ejercicio 3 Opción B,Reacciones Redox,QUIMICA. 2005. RESERVA 4 EJERCICIO 3 OPCIÓN B,"Dada la reacción: 3Cu  8HNO  3Cu(NO )  2NO  4H O
3 3 2 2
Justifique la veracidad o falsedad de las afirmaciones siguientes: a) El Cu acepta electrones
experimentando, por tanto, una reducción. b) El número de oxidación del nitrógeno en el ácido",2005 - Reacciones Redox.pdf,enunciados_PNG/2005 - Reacciones Redox_png/2005_reserva_4_ejercicio_3_opcion_b.png,
Química,2005,Septiembre,Ejercicio 3. Opción B,Reacciones Redox,QUÍMICA. 2005. SEPTIEMBRE. EJERCICIO 3. OPCIÓN B,"Se dispone de una pila con dos electrodos de Cu y Ag sumergidos en una disolución 1 M de sus
respectivos iones, Cu2y Ag. Conteste sobre la veracidad o falsedad de las afirmaciones
siguientes: a) El electrodo de plata es el cátodo y el de cobre el ánodo. b) El potencial de la pila
es 0’46 V. c) En el ánodo de la pila tiene lugar la reducción del oxidante.",2005 - Reacciones Redox.pdf,enunciados_PNG/2005 - Reacciones Redox_png/2005_septiembre_ejercicio_3_opcion_b.png,
Química,2006,Junio,Ejercicio 3. Opción A,Reacciones Redox,QUÍMICA. 2006. JUNIO. EJERCICIO 3. OPCIÓN A,"Para la reacción: HNO C  CO NOH O
3 2 2
Justifique la veracidad o falsedad de las afirmaciones siguientes:
a) El número de oxidación del oxígeno pasa de 2 a 0.
b) El carbono se oxida a CO
2
c) El HNO se reduce a NO.",2006 - Reacciones Redox.pdf,enunciados_PNG/2006 - Reacciones Redox_png/2006_junio_ejercicio_3_opcion_a.png,
Química,2006,Junio,Ejercicio 6. Opción B,Reacciones Redox,QUÍMICA. 2006. JUNIO. EJERCICIO 6. OPCIÓN B,"Se realiza la electrolisis completa de 2 litros de una disolución de AgNO durante 12 minutos,
3
obteniéndose 1’5 g de plata en el cátodo.
a) ¿Qué intensidad de corriente ha pasado a través de la cuba electrolítica?.
b) Calcule la molaridad de la disolución inicial de AgNO .
3",2006 - Reacciones Redox.pdf,enunciados_PNG/2006 - Reacciones Redox_png/2006_junio_ejercicio_6_opcion_b.png,
Química,2006,Reserva 1,Ejercicio 3. Opción A,Reacciones Redox,QUÍMICA. 2006. RESERVA 1. EJERCICIO 3. OPCIÓN A,"Razone si los enunciados siguientes, relativos a una reacción redox, son verdaderos o falsos:
a) Un elemento se reduce cuando pierde electrones.
b) Una especie química se oxida al mismo tiempo que otra se reduce.",2006 - Reacciones Redox.pdf,enunciados_PNG/2006 - Reacciones Redox_png/2006_reserva_1_ejercicio_3_opcion_a.png,
Química,2006,Reserva 1,Ejercicio 6. Opción B,Reacciones Redox,QUÍMICA. 2006. RESERVA 1. EJERCICIO 6. OPCIÓN B,"La siguiente reacción redox tiene lugar en medio ácido:
Zn  BrO  Zn2  Br
4
a) Ajuste la reacción iónica por el método del ión-electrón.
b) Calcule la riqueza de una muestra de cinc si 1 g de la misma reacciona con 25 mL de una
disolución 0’1 M en iones BrO.
4",2006 - Reacciones Redox.pdf,enunciados_PNG/2006 - Reacciones Redox_png/2006_reserva_1_ejercicio_6_opcion_b.png,
Química,2006,Reserva 2,Ejercicio 5. Opción A,Reacciones Redox,QUÍMICA. 2006. RESERVA 2. EJERCICIO 5. OPCIÓN A,"Dada la siguiente reacción redox: Cu  HNO  Cu(NO )  NO  H O
3 3 2 2
a) Ajústela por el método del ión-electrón.
b) Calcule el volumen de NO, medido en condiciones normales, que se obtiene cuando
reaccionan 7’5 g de Cu con 1 litro de disolución 0’2 M de HNO .
3",2006 - Reacciones Redox.pdf,enunciados_PNG/2006 - Reacciones Redox_png/2006_reserva_2_ejercicio_5_opcion_a.png,
Química,2006,Reserva 3,Ejercicio 6. Opción B,Reacciones Redox,QUÍMICA. 2006. RESERVA 3. EJERCICIO 6. OPCIÓN B,"La fórmula de un cloruro metálico es MCl . Se realiza la electrolisis a una disolución de dicho
4
cloruro haciendo pasar una corriente eléctrica de 1’81 amperios durante 25’6 minutos,
obteniéndose 0’53 g del metal.
Calcule:
a) La masa atómica del metal.
b) El volumen de Cl que se obtendrá en el án odo, medido en condiciones normales.
2",2006 - Reacciones Redox.pdf,enunciados_PNG/2006 - Reacciones Redox_png/2006_reserva_3_ejercicio_6_opcion_b.png,
Química,2006,Reserva 4,Ejercicio 3. Opción B,Reacciones Redox,QUÍMICA. 2006. RESERVA 4. EJERCICIO 3. OPCIÓN B,"Cuando se introduce una lámina de aluminio en una disolución de nitrato de cobre (II), se
deposita cobre sobre la lámina de aluminio y aparecen iones Al3 en la disolución.
a) Escriba las semirreacciones de oxidación y de reducción que tienen lugar.
b) Escriba la reacción redox global indicando el agente oxidante y el reductor.
c) ¿Por qué la reacción es espontánea?",2006 - Reacciones Redox.pdf,enunciados_PNG/2006 - Reacciones Redox_png/2006_reserva_4_ejercicio_3_opcion_b.png,
Química,2006,Septiembre,Ejercici O 5. Opción A,Reacciones Redox,QUÍMICA. 2006. SEPTIEMBRE. EJERCICI O 5. OPCIÓN A,"La siguiente reacción tiene lugar en medio ácido:
CrO 2 C O 2  Cr3 CO
2 7 2 4 2
a) Ajuste por el método del ión-electrón esta reacción en su forma iónica.
b) Calcule el volumen deCO , medido a 700 mm de Hg y 30 ºC que se obtendrá cuando
2
reaccionan 25’8 mL de una disolución de K CrO 0’02 M con exceso de ión C O 2.
2 2 7 2 4",2006 - Reacciones Redox.pdf,enunciados_PNG/2006 - Reacciones Redox_png/2006_septiembre_ejercici_o_5_opcion_a.png,
Química,2007,Junio,Ejercicio 5. Opción A,Reacciones Redox,QUÍMICA. 2007. JUNIO EJERCICIO 5. OPCIÓN A,"La siguiente reacción tiene lugar en medio ácido: BrO  Zn  Br Zn2
4
a) Ajuste la reacción iónica por método del ión-electrón
b) Calcule la riqueza de una muestra de Zn si 1 g de la misma reacciona con 25 mL de una
disolución 0’1 M de iones BrO.
4",2007 - Reacciones Redox.pdf,enunciados_PNG/2007 - Reacciones Redox_png/2007_junio_ejercicio_5_opcion_a.png,
Química,2007,Reserva 1,Ejercicio 6. Opción B,Reacciones Redox,QUÍMICA. 2007. RESERVA 1. EJERCICIO 6. OPCIÓN B,"Se realiza la electrolisis de 2 litros de una disolución de nitrato de plata 0’2 M haciendo pasar
una corriente eléctrica de 0’5 amperios durante 4 horas. Calcule:
a) La masa de plata que se deposita en el cátodo.
b) La concentración de iones Ag que queda en la disolución una vez finalizada la electrolisis.",2007 - Reacciones Redox.pdf,enunciados_PNG/2007 - Reacciones Redox_png/2007_reserva_1_ejercicio_6_opcion_b.png,
Química,2007,Reserva 2,Ejercicio 3. Opción A,Reacciones Redox,QUÍMICA. 2007. RESERVA 2. EJERCICIO 3. OPCIÓN A,"Cuando el I reacciona con gas hidrógeno, se transforma en yoduro de hidrógeno:
2
a) Escriba el proceso que tiene lugar, estableciendo las correspondientes semirreacciones redox.
b) Identifique, razonando la respuesta, la especie oxidante y la especie reductora.
c) ¿Cuántos electrones se transfieren para obtener un mol de yoduro de hidrógeno según el",2007 - Reacciones Redox.pdf,enunciados_PNG/2007 - Reacciones Redox_png/2007_reserva_2_ejercicio_3_opcion_a.png,
Química,2007,Reserva 2,Ejercicio 6. Opción B,Reacciones Redox,QUÍMICA. 2007. RESERVA 2. EJERCICIO 6. OPCIÓN B,"Se hace pasar una corriente eléctrica de 5 amperios durante 2’5 horas a través de una celda
electrolítica que contiene una disolución acuosa deCuCl . Calcule:
2
a) La masa de cobre metálico depositado en el cátodo.
b) El volumen de Cl medido en condiciones normales que se genera en el ánodo.
2",2007 - Reacciones Redox.pdf,enunciados_PNG/2007 - Reacciones Redox_png/2007_reserva_2_ejercicio_6_opcion_b.png,
Química,2007,Reserva 3,Ejercicio 3. Opción A,Reacciones Redox,QUÍMICA. 2007. RESERVA 3. EJERCICIO 3. OPCIÓN A,"Se dispone de una pila formada por un electrodo de cinc y otro de plata sumergidos en una
disolución 1 M de sus respectivos iones, Zn2 y Ag. Razone la veracidad o falsedad de las
afirmaciones siguientes:
a) La plata es el cátodo y el cinc el ánodo.
b) El potencial de la pila es 0’04 V.
c) En el ánodo de la pila tiene lugar la reducci ón del oxidante.",2007 - Reacciones Redox.pdf,enunciados_PNG/2007 - Reacciones Redox_png/2007_reserva_3_ejercicio_3_opcion_a.png,
Química,2007,Reserva 3,Ejercicio 6. Opción B,Reacciones Redox,QUÍMICA. 2007. RESERVA 3. EJERCICIO 6. OPCIÓN B,"Una muestra que contiene sulfuro de calcio, CaS, se trata con ácido nítrico concentrado hasta
reacción completa, según: CaS  HNO  NO  SO  Ca(NO )  H O
3 2 3 2 2
a) Ajuste por el método del ión-electrón esta reacción en sus formas iónica y molecular.
b) Sabiendo que al tratar 35 g de la muestra con exceso de ácido se obtienen 20’3 L de NO,
medidos a 30 ºC y 780º mm de Hg, calcule la r iqueza en CaS de la muestra.",2007 - Reacciones Redox.pdf,enunciados_PNG/2007 - Reacciones Redox_png/2007_reserva_3_ejercicio_6_opcion_b.png,
Química,2007,Reserva 4,Ejercicio 3. Opción B,Reacciones Redox,QUÍMICA. 2007. RESERVA 4. EJERCICIO 3. OPCIÓN B,"a) El proceso global de una reacción redox es: Cu  HNO  Cu(NO )  NO  H O
3 3 2 2
Escriba las semirreacciones de oxidación y de reducción de este proceso, indicando el agente
oxidante y el agente reductor.
b) El potencial de reducción estándar del Mg2 /Mg es −2’34 V. Razone cuál será el electrodo
que actúa como ánodo y cuál como cátodo c uando se construye una pila con el electrodo de",2007 - Reacciones Redox.pdf,enunciados_PNG/2007 - Reacciones Redox_png/2007_reserva_4_ejercicio_3_opcion_b.png,
Química,2007,Septiembre,Ejercici O 5. Opción A,Reacciones Redox,QUÍMICA. 2007. SEPTIEMBRE. EJERCICI O 5. OPCIÓN A,"El ácido nítrico reacciona con el sulfuro de hidrógeno según la ecuación:
HNO (ac)  H S(g)  NO(g)  SO (g)  H O(l)
3 2 2 2
a) Ajuste por el método del ión-electrón esta reacción en sus formas iónica y molecular.
b) Calcule el volumen de sulfuro de hidrógeno, medido a 700 mm de Hg y 60ºC, necesario para
reaccionar con 500 mL de una disolución de ácido nítrico 0’5 M.",2007 - Reacciones Redox.pdf,enunciados_PNG/2007 - Reacciones Redox_png/2007_septiembre_ejercici_o_5_opcion_a.png,
Química,2008,Junio,Ejercicio 3. Opción A,Reacciones Redox,QUÍMICA. 2008. JUNIO EJERCICIO 3. OPCIÓN A,"Teniendo en cuenta los potenciales de reducción estándar de los pares
E0 Ag /Ag   0'80 V y E0 Ni2 /Ni   0'25 V
a) ¿Cuál es la fuerza electromotriz, en condiciones estándar, de la pila que se podría construir?.",2008 - Reacciones Redox.pdf,enunciados_PNG/2008 - Reacciones Redox_png/2008_junio_ejercicio_3_opcion_a.png,
Química,2008,Junio,Ejercicio 6. Opc Ión B,Reacciones Redox,QUÍMICA. 2008. JUNIO EJERCICIO 6. OPC IÓN B,"Dada la reacción:
K Cr O (ac)Na SO (ac)H SO  Cr (SO ) (ac)K SO (ac)Na SO (ac)  H O
2 2 7 2 3 2 4 2 4 3 2 4 2 4 2
a) Ajuste por el método del ión-electrón esta reacción en sus formas iónica y molecular.
b) Calcule la molaridad de una disolución de sulfito de sodio, si 15 mL de ésta reaccionan",2008 - Reacciones Redox.pdf,enunciados_PNG/2008 - Reacciones Redox_png/2008_junio_ejercicio_6_opc_ion_b.png,
Química,2008,Reserva 1,Ejercicio 3 Opción A,Reacciones Redox,QUÍMICA. 2008. RESERVA 1 EJERCICIO 3 OPCIÓN A,"La siguiente reacción transcurre en medio ácido: MnO   SO 2  MnO  SO 2
4 3 2 4
a) Razone qué especie se oxida y cuál se reduce.
b) Indique cuál es el oxidante y cuál el reductor, justificando la respuesta.",2008 - Reacciones Redox.pdf,enunciados_PNG/2008 - Reacciones Redox_png/2008_reserva_1_ejercicio_3_opcion_a.png,
Química,2008,Reserva 1,Ejercicio 6 Opción B,Reacciones Redox,QUÍMICA. 2008. RESERVA 1 EJERCICIO 6 OPCIÓN B,"Una corriente de 6 amperios pasa a través de una disolución acuosa de ácido sulfúrico durante
2 horas.
Calcule:
a) La masa de oxígeno liberado.
b) El volumen de hidrógeno que se obtendrá, medido a 27ºC y 740 mm de Hg.",2008 - Reacciones Redox.pdf,enunciados_PNG/2008 - Reacciones Redox_png/2008_reserva_1_ejercicio_6_opcion_b.png,
Química,2008,Reserva 2,Ejercicio 3. Opción B,Reacciones Redox,QUÍMICA. 2008. RESERVA 2 EJERCICIO 3. OPCIÓN B,"El ácido nítrico reacciona con el cobre generando nitrato de cobre (II), monóxido de nitrógeno
(NO) y agua.
a) Escriba la ecuación iónica del proceso.
b) Asigne los números de oxidación y explique qué sustancia se oxida y cuál se reduce.",2008 - Reacciones Redox.pdf,enunciados_PNG/2008 - Reacciones Redox_png/2008_reserva_2_ejercicio_3_opcion_b.png,
Química,2008,Reserva 3,Ejercicio 5. Opción A,Reacciones Redox,QUÍMICA. 2008. RESERVA 3 EJERCICIO 5. OPCIÓN A,"Dada la reacción:
KMnO  Na C O  H SO  K SO  MnSO  Na SO  H O  CO
4 2 2 4 2 4 2 4 4 2 4 2 2
a) Ajuste por el método del ión-electrón esta reacción en sus formas iónica y molecular.
b) Calcule la molaridad de una disolución de KMnO , sabiendo que 20 mL de la misma
4
reaccionan por completo con 0’268 g de Na C O
2 2 4",2008 - Reacciones Redox.pdf,enunciados_PNG/2008 - Reacciones Redox_png/2008_reserva_3_ejercicio_5_opcion_a.png,
Química,2008,Reserva 4,Ejercicio 6. Opción B,Reacciones Redox,QUÍMICA. 2008. RESERVA 4. EJERCICIO 6. OPCIÓN B,"a) Calcule el tiempo necesario para que una corriente de 6 amperios deposite 190’50 g de cobre
de una disolución de CuSO
4
b) ¿Cuántos moles de electrones intervienen?",2008 - Reacciones Redox.pdf,enunciados_PNG/2008 - Reacciones Redox_png/2008_reserva_4_ejercicio_6_opcion_b.png,
Química,2008,Septiembre,Ejercici O 5. Opción A,Reacciones Redox,QUÍMICA. 2008. SEPTIEMBRE. EJERCICI O 5. OPCIÓN A,"Dada la reacción:
KMnO  FeSO  H SO  MnSO  K SO  Fe (SO )  H O
4 4 2 4 4 2 4 2 4 3 2
a) Ajuste por el método del ión-electrón esta reacción, en su forma iónica y molecular.
b) ¿Qué volumen de disolución 0’02 M de permanganato de potasio se necesita para oxidar 30",2008 - Reacciones Redox.pdf,enunciados_PNG/2008 - Reacciones Redox_png/2008_septiembre_ejercici_o_5_opcion_a.png,
asignatura_desconocida,2009,Junio,Ejercicio 5. Op Ción A,Reacciones Redox,QUIMICA. 2009. JUNIO. EJERCICIO 5. OP CIÓN A,"El ácido sulfúrico concentrado reacciona con el bromuro de potasio según la reacción:
H SO  KBr  K SO  Br  SO  H O
2 4 2 4 2 2 2
a) Ajústela por el método del ión-electrón y escriba las dos semiecuaciones redox.
b) Calcule el volumen de bromo liquido (densidad 2’92 g/mL) que se obtendrá al tratar 90’1 g
de bromuro de potasio con suficiente cantidad de ácido sulfúrico.",2009 - Reacciones Redox.pdf,enunciados_PNG/2009 - Reacciones Redox_png/2009_junio_ejercicio_5_op_cion_a.png,
Química,2009,Reserva 1,Ejercicio 3. Opción B,Reacciones Redox,QUÍMICA. 2009. RESERVA 1. EJERCICIO 3. OPCIÓN B,"Sea una pila constituida, en condiciones estándar, por un electrodo de plata sumergido en una
disolución de nitrato de plata y un electrodo de cadmio sumergido en una disolución de nitrato
de cadmio.
a) Escriba la reacción química que se produce en esta pila.
b) Escriba la notación de la pila formada.
c) Calcule la fuerza electromotriz de la pila.",2009 - Reacciones Redox.pdf,enunciados_PNG/2009 - Reacciones Redox_png/2009_reserva_1_ejercicio_3_opcion_b.png,
Química,2009,Reserva 2,Ejercicio 5. Opción A,Reacciones Redox,QUÍMICA. 2009. RESERVA 2. EJERCICIO 5. OPCIÓN A,"El ácido nítrico concentrado reacciona con mercurio elemental en presencia de ácido
clorhídrico produciendo cloruro de mercurio (II), monóxido de nitrógeno y agua.
a) Ajuste la ecuación iónica y molecular por el método del ión-electrón.
b) Calcule el volumen de ácido nítrico 2 M que se debe emplear para oxidar completamente 3 g
de mercurio elemental.",2009 - Reacciones Redox.pdf,enunciados_PNG/2009 - Reacciones Redox_png/2009_reserva_2_ejercicio_5_opcion_a.png,
Química,2009,Reserva 3,Ejercicio 3. Opción A,Reacciones Redox,QUÍMICA. 2009. RESERVA 3. EJERCICIO 3. OPCIÓN A,"Teniendo en cuenta los potenciales de reducción estándar de los pares E0(Hg 2 /Hg)0'27 V
2
y E0(Cu2 /Cu)0'34 V:
a) ¿Cuál es la fuerza electromotriz, en condiciones estándar, de la pila que se podría construir?
b) Escriba las semireacciones y la reacción global de esa pila.",2009 - Reacciones Redox.pdf,enunciados_PNG/2009 - Reacciones Redox_png/2009_reserva_3_ejercicio_3_opcion_a.png,
Química,2009,Reserva 3,Ejercicio 6. Opción B,Reacciones Redox,QUÍMICA. 2009. RESERVA 3. EJERCICIO 6. OPCIÓN B,"Se electroliza una disolución acuosa de ácido sulfúrico y se desprende hidrógeno y oxígeno.
a) ¿Qué cantidad de carga eléctrica se ha de utilizar para obtener 1 L de oxígeno medido en
condiciones normales?
b) ¿Cuántos moles de hidrógeno se obtienen en esas condiciones?",2009 - Reacciones Redox.pdf,enunciados_PNG/2009 - Reacciones Redox_png/2009_reserva_3_ejercicio_6_opcion_b.png,
Química,2009,Reserva 4,Ejercicio 3. Opción A,Reacciones Redox,QUÍMICA. 2009. RESERVA 4. EJERCICIO 3. OPCIÓN A,"Razone si se produce alguna reacción, en condiciones estándar, al añadir:
a) Cinc metálico a una disolución acuosa de iones Pb2
b) Plata metálica a una disolución acuosa de iones Pb2",2009 - Reacciones Redox.pdf,enunciados_PNG/2009 - Reacciones Redox_png/2009_reserva_4_ejercicio_3_opcion_a.png,
Química,2009,Reserva 4,Ejercicio 6. Opción B,Reacciones Redox,QUÍMICA. 2009. RESERVA 4. EJERCICIO 6. OPCIÓN B,"El estaño metálico es oxidado por el ácido nítrico produciendo óxido de estaño (IV), dióxido de
nitrógeno y agua.
a) Ajuste las ecuaciones iónica y molecular del proceso por el método del ión-electrón.
b) Calcule los gramos de estaño que reaccionan con 2 L de disolución de ácido nítrico 2 M.",2009 - Reacciones Redox.pdf,enunciados_PNG/2009 - Reacciones Redox_png/2009_reserva_4_ejercicio_6_opcion_b.png,
Química,2009,Septiembre,Ejercicio 6. Opción B,Reacciones Redox,QUÍMICA. 2009. SEPTIEMBRE. EJERCICIO 6. OPCIÓN B,"Para platear un objeto se ha estimado que es necesario depositar 40 g de plata.
a) Si se realiza la electrolisis de una disolución acuosa de sal de plata con una corriente de 2
amperios ¿cuánto tiempo se tardará en realizar el plateado?.
b) ¿Cuántos moles de electrones han sido necesarios para ello?.",2009 - Reacciones Redox.pdf,enunciados_PNG/2009 - Reacciones Redox_png/2009_septiembre_ejercicio_6_opcion_b.png,
Química,2010,Junio,Ejercicio 5. Opc Ión A,Reacciones Redox,QUÍMICA. 2010. JUNIO. EJERCICIO 5. OPC IÓN A,"El gas cloro se puede obtener por reacción de ácido clorhídrico con ácido nítrico,
produciéndose simultáneamente dióxido de nitrógeno y agua.
a) Ajuste la ecuación iónica y molecular por el método del ión-electrón.
b) Calcule el volumen de cloro obtenido, a 17 ºC y 720 mm de mercurio, cuando reaccionan 100
mL de una disolución de ácido clorhídrico 0’5 M con ácido nítrico en exceso.",2010 - Reacciones Redox.pdf,enunciados_PNG/2010 - Reacciones Redox_png/2010_junio_ejercicio_5_opc_ion_a.png,
Química,2010,Reserva 1,Ejercicio 3. Opción A,Reacciones Redox,QUÍMICA. 2010. RESERVA 1. EJERCICIO 3. OPCIÓN A,"Teniendo en cuenta los potenciales de reducción estándar de los pares E0(Cl /Cl)1'36 V y
2
E0(Cu2 /Cu)0'34 V:
a) Escriba la reacción global de la pila que se podría construir.
b) Indique cuál es el cátodo y cuál el ánodo.",2010 - Reacciones Redox.pdf,enunciados_PNG/2010 - Reacciones Redox_png/2010_reserva_1_ejercicio_3_opcion_a.png,
Química,2010,Reserva 1,Ejercicio 6. Opción B,Reacciones Redox,QUÍMICA. 2010. RESERVA 1. EJERCICIO 6. OPCIÓN B,"Por dos cubas electrolíticas que contienen disoluciones de nitrato de plata y sulfato de cobre
(II), respectivamente, pasa la misma cantidad de corriente. Calcule:
a) Los gramos de cobre depositados en la segunda cuba, si en la primera se han depositado 10 g
de plata.
b) El tiempo que dura el proceso si la corriente que circula es de 5 amperios.",2010 - Reacciones Redox.pdf,enunciados_PNG/2010 - Reacciones Redox_png/2010_reserva_1_ejercicio_6_opcion_b.png,
Química,2010,Reserva 2,Ejercicio 5. Opción A,Reacciones Redox,QUÍMICA. 2010. RESERVA 2. EJERCICIO 5. OPCIÓN A,"a) Ajuste por el método del ión-electrón la siguiente reacción:
KClO  KI  H O  KCl  I  KOH
3 2 2
b) Calcule la masa de clorato de potasio que se necesitará para obtener 1 gramo de yodo.",2010 - Reacciones Redox.pdf,enunciados_PNG/2010 - Reacciones Redox_png/2010_reserva_2_ejercicio_5_opcion_a.png,
Química,2010,Reserva 3,Ejercicio 6. Opción B,Reacciones Redox,QUÍMICA. 2010. RESERVA 3. EJERCICIO 6. OPCIÓN B,"Se realiza la electrodeposición completa de la plata que hay en 2 L de una disolución deAgNO
3
Si fue necesaria una corriente de 1’86 amperios durante 12 minutos, calcule:
a) La molaridad de la disolución de AgNO
3
b) Los gramos de plata depositados en el cátodo.",2010 - Reacciones Redox.pdf,enunciados_PNG/2010 - Reacciones Redox_png/2010_reserva_3_ejercicio_6_opcion_b.png,
Química,2010,Reserva 4,Ejercicio 3. Opción A,Reacciones Redox,QUÍMICA. 2010. RESERVA 4. EJERCICIO 3. OPCIÓN A,"Se dispone de una disolución acuosa de AgNO 1 M.
3
a) Si se sumerge un alambre de cobre, ¿se oxidará? Justifique la respuesta.
b) Si el alambre fuese de oro, ¿se oxidaría? Justifique la respuesta.
c) Si se produce reacción, escriba y ajuste la ecuación correspondiente.",2010 - Reacciones Redox.pdf,enunciados_PNG/2010 - Reacciones Redox_png/2010_reserva_4_ejercicio_3_opcion_a.png,
Química,2010,Reserva 4,Ejercicio 6. Opción B,Reacciones Redox,QUÍMICA. 2010. RESERVA 4. EJERCICIO 6. OPCIÓN B,"El permanganato de potasio oxida al sulfato de hierro (II) en medio ácido sulfúrico, para dar
sulfato de manganeso (II), sulfato de hierro (III), sulfato de potasio y agua.
a) Ajuste la ecuación iónica y la molecular del proceso por el método del ión-electrón.
b) Calcule el volumen de una disolución de permanganato de potasio 0’02 M que se requiere",2010 - Reacciones Redox.pdf,enunciados_PNG/2010 - Reacciones Redox_png/2010_reserva_4_ejercicio_6_opcion_b.png,
Química,2010,Septiembre,Ejercicio 3. Opción B,Reacciones Redox,QUÍMICA. 2010. SEPTIEMBRE. EJERCICIO 3. OPCIÓN B,"a) Justifique si los siguientes procesos son redox:
HCO   H  CO  H O
3 2 2
I  HNO  HIO  NO  H O
2 3 3 2",2010 - Reacciones Redox.pdf,enunciados_PNG/2010 - Reacciones Redox_png/2010_septiembre_ejercicio_3_opcion_b.png,
Química,2011,Junio,Ejercicio 3. Opc Ión B,Reacciones Redox,QUÍMICA. 2011. JUNIO. EJERCICIO 3. OPC IÓN B,"En la tabla siguiente se indican los potenciales estándar de distintos pares en disolución acuosa:
Fe2 /Fe 0'44 V ; Cu2 /Cu0'34 V ; Ag /Ag0'80 V ; Pb2 /Pb0'14 V
Mg2 /Mg 2'34 V
a) De esta especies, razone: ¿Cuál es la más oxidante?. ¿Cuál es la más reductora?.
b) Si se introduce una barra de plomo en una disolución acuosa de cada una de las siguientes
sales: AgNO , CuSO , FeSO y MgCl , ¿en qué casos se depositará una capa de otro metal
3 4 4 2",2011 - Reacciones Redox.pdf,enunciados_PNG/2011 - Reacciones Redox_png/2011_junio_ejercicio_3_opc_ion_b.png,
Química,2011,Reserva 1,Ejercicio 5. Opción A,Reacciones Redox,QUÍMICA. 2011. RESERVA 1. EJERCICIO 5. OPCIÓN A,"Un método de obtención de cloro gaseoso se basa en la oxidación del HCl con HNO
3
produciéndose simultáneamente NO y H O
2 2
a) Ajuste la reacción molecular por el método del ión-electrón.
b) Calcule el volumen de cloro obtenido, a 25ºC y 1 atm, cuando reaccionan 500 mL de una
disolución acuosa 2 M de HCl con HNO en exceso, si el rendimiento de la reacción es del 80
3
%.",2011 - Reacciones Redox.pdf,enunciados_PNG/2011 - Reacciones Redox_png/2011_reserva_1_ejercicio_5_opcion_a.png,
Química,2011,Reserva 2,Ejercicio 5. Opción A,Reacciones Redox,QUÍMICA. 2011. RESERVA 2. EJERCICIO 5. OPCIÓN A,"En la valoración de una muestra de nitrito de potasio (KNO ) impuro, disuelto en 100 mL de
2
agua acidulada con ácido sulfúrico, se han empleado 5’0 mL de KMnO 0’1 M. Sabiendo que
4
se obtiene KNO , K SO y MnSO :
3 2 4 4
a) Ajuste las ecuaciones iónica y molecular por el método del ión-electrón.
b) Calcule la riqueza en nitrito de la muestra in icial, si su masa era 0’125 g.",2011 - Reacciones Redox.pdf,enunciados_PNG/2011 - Reacciones Redox_png/2011_reserva_2_ejercicio_5_opcion_a.png,
Química,2011,Reserva 3,Ejercicio 3. Opción A,Reacciones Redox,QUÍMICA. 2011. RESERVA 3. EJERCICIO 3. OPCIÓN A,"Se construye una pila conectando dos electrodos formados introduciendo una varilla de cobre
en una disolución 1’0 M de Cu2 y otra varilla de aluminio en una disolución de Al3 1’0 M.
a) Escriba las semirreacciones que se producen en cada electrodo, indicando razonadamente
cuál será el cátodo y cuál el ánodo.
b) Escriba la notación de la pila y calcule el potencial electroquímico de la misma, en
condiciones estándar",2011 - Reacciones Redox.pdf,enunciados_PNG/2011 - Reacciones Redox_png/2011_reserva_3_ejercicio_3_opcion_a.png,
Química,2011,Reserva 3,Ejercicio 6. Opción B,Reacciones Redox,QUÍMICA. 2011. RESERVA 3. EJERCICIO 6. OPCIÓN B,"Calcule:
a) Los gramos de cinc depositados en el cátodo al pasar una corriente de 1’87 amperios durante
42’5 minutos por una disolución acuosa de Zn2.
b) El tiempo necesario para producir 2’79 g de I en el ánodo al pasar una corriente de 1’75
2
amperios por una disolución acuosa de KI.",2011 - Reacciones Redox.pdf,enunciados_PNG/2011 - Reacciones Redox_png/2011_reserva_3_ejercicio_6_opcion_b.png,
Química,2011,Reserva 4,Ejercicio 6. Opción B,Reacciones Redox,QUÍMICA. 2011. RESERVA 4. EJERCICIO 6. OPCIÓN B,"En el cátodo de una cuba electrolítica se reduce la especie Cr O 2 a Cr3, en medio ácido.
2 7
Calcule:
a) ¿Cuántos moles de electrones deben llegar al cátodo para reducir un mol de Cr O 2?
2 7
b) Para reducir toda la especie Cr O 2 presente en 20 mL de disolución, se requiere una
2 7
corriente eléctrica de 2’2 amperios durante 1 5 minutos. Calcule la carga que se consume,
expresada en Faraday, y deduzca cuál será la concentración inicial de Cr O 2.
2 7",2011 - Reacciones Redox.pdf,enunciados_PNG/2011 - Reacciones Redox_png/2011_reserva_4_ejercicio_6_opcion_b.png,
Química,2011,Septiembre,Ejercicio 3. Opción A,Reacciones Redox,QUÍMICA. 2011. SEPTIEMBRE. EJERCICIO 3. OPCIÓN A,"Dados los valores de potencial de reducción estándar de los sistemas:
Cl /Cl 1'36 V;Br /Br 1'07 V y l /l 0'54 V
2 2 2
a) ¿Cuál es la especie química más oxidante entre las mencionadas anteriormente?.
b) ¿Es espontánea la reacción entre el cloro molecular y el ión yoduro?.",2011 - Reacciones Redox.pdf,enunciados_PNG/2011 - Reacciones Redox_png/2011_septiembre_ejercicio_3_opcion_a.png,
Química,2011,Septiembre,Ejercicio 6. Opción B,Reacciones Redox,QUÍMICA. 2011. SEPTIEMBRE. EJERCICIO 6. OPCIÓN B,"En disolución acuosa y en medio ácido sulfúrico el sulfato de hierro (II) reacciona con
permanganato de potasio para dar sulfato de manganeso (II), sulfato de hierro (III) y sulfato de
potasio.
a) Escriba y ajuste las correspondientes reacciones iónicas y la molecular del proceso por el
método del ión-electrón.
b) Calcule la concentración molar de una disol ución de sulfato de hierro (II) si 10 mL de esta
disolución han consumido 22’3 mL de una diso lución acuosa de permanganato de potasio 0’02",2011 - Reacciones Redox.pdf,enunciados_PNG/2011 - Reacciones Redox_png/2011_septiembre_ejercicio_6_opcion_b.png,
Química,2012,Junio,Ejercicio 5. Opc Ión A,Reacciones Redox,QUÍMICA. 2012. JUNIO. EJERCICIO 5. OPC IÓN A,"El dióxido de manganeso reacciona en medio de hidróxido de potasio con clorato de potasio
para dar permanganato de potasio, cloruro de potasio y agua.
a) Ajuste la ecuación molecular por el método del ión-electrón.
b) Calcule la riqueza en dióxido de manganeso de una muestra si 1 g de la misma reacciona
exactamente con 0’35 g de clorato de potasio.",2012 - Reacciones Redox.pdf,enunciados_PNG/2012 - Reacciones Redox_png/2012_junio_ejercicio_5_opc_ion_a.png,
asignatura_desconocida,2012,Reserva 1,Ejercicio 3. Opción A,Reacciones Redox,QUIMICA. 2012. RESERVA 1. EJERCICIO 3. OPCIÓN A,"Ajuste las siguientes ecuaciones iónicas, en medio ácido, por el método del ión-electrón:
a) MnO   I  Mn2  I
4 2
b) VO 3  Fe2  VO 2  Fe3
4
c) Cl  I  Cl  I",2012 - Reacciones Redox.pdf,enunciados_PNG/2012 - Reacciones Redox_png/2012_reserva_1_ejercicio_3_opcion_a.png,
asignatura_desconocida,2012,Reserva 1,Ejercicio 6. Opción B,Reacciones Redox,QUIMICA. 2012. RESERVA 1. EJERCICIO 6. OPCIÓN B,"Una corriente de 8 A atraviesa durante dos horas dos celdas electrolíticas conectadas en serie
que contienen sulfato de aluminio la primera y un sulfato de cobre la segunda.
a) Calcule la cantidad de aluminio depositada en la primera celda.
b) Sabiendo que en la segunda celda se han depositado 18’95 g de cobre, calcule el estado de
oxidación en que se encontraba el cobre.",2012 - Reacciones Redox.pdf,enunciados_PNG/2012 - Reacciones Redox_png/2012_reserva_1_ejercicio_6_opcion_b.png,
asignatura_desconocida,2012,Reserva 2,Ejercicio 3. Opción B,Reacciones Redox,QUIMICA. 2012. RESERVA 2. EJERCICIO 3. OPCIÓN B,"La notación de una pila electroquímica es: Mg/Mg2(1M) Ag(1M)/Ag.
a) Calcule el potencial estándar de la pila.
b) Escriba y ajuste la ecuación química para la reacción que ocurre en la pila.
c) Indique la polaridad de los electrodos.",2012 - Reacciones Redox.pdf,enunciados_PNG/2012 - Reacciones Redox_png/2012_reserva_2_ejercicio_3_opcion_b.png,
asignatura_desconocida,2012,Reserva 3,Ejercicio 6. Opción B,Reacciones Redox,QUIMICA. 2012. RESERVA 3. EJERCICIO 6. OPCIÓN B,"Una celda electrolítica contiene un litro de una disolución de sulfato de cobre (II). Se hace
pasar una corriente de 2 A durante dos horas depositándose todo el cobre que había. Calcule:
a) La cantidad de cobre depositado.
b) La concentración de la disolución de sulfato de cobre inicial.",2012 - Reacciones Redox.pdf,enunciados_PNG/2012 - Reacciones Redox_png/2012_reserva_3_ejercicio_6_opcion_b.png,
asignatura_desconocida,2012,Reserva 4,Ejercicio 3. Opción A,Reacciones Redox,QUIMICA. 2012. RESERVA 4. EJERCICIO 3. OPCIÓN A,"Considerando condiciones estándar a 25 ºC, justifique cuáles de las siguientes reacciones tienen
lugar espontáneamente y cuáles sólo pueden llevarse a cabo por electrólisis:
a) Fe2  Zn  Fe  Zn2
b) I  2Fe2  2I  2Fe3
2
c) Fe  2Cr3  Fe2  2Cr2
Datos: E0 Fe2 /Fe  0'44 V; E0 Zn2 /Z n  0'77 V; E0 Fe3 /Fe2 0'77 V;
E0 Cr3 /Cr2 0'42 V; E0  I /I  0'5 3 V.",2012 - Reacciones Redox.pdf,enunciados_PNG/2012 - Reacciones Redox_png/2012_reserva_4_ejercicio_3_opcion_a.png,
asignatura_desconocida,2012,Reserva 4,Ejercicio 6. Opción B,Reacciones Redox,QUIMICA. 2012. RESERVA 4. EJERCICIO 6. OPCIÓN B,"El clorato de potasio reacciona en medio ácido sulfúrico con el sulfato de hierro (II) para dar
cloruro de potasio, sulfato de hierro (III) y agua:
a) Escriba y ajuste la ecuación iónica y molecular por el método del ión-electrón.
b) Calcule la riqueza en clorato de potasio de una muestra sabiendo que 1g de la misma han",2012 - Reacciones Redox.pdf,enunciados_PNG/2012 - Reacciones Redox_png/2012_reserva_4_ejercicio_6_opcion_b.png,
Química,2012,Septiembre,Ejercicio 5. Opción A,Reacciones Redox,QUÍMICA. 2012. SEPTIEMBRE. EJERCICIO 5. OPCIÓN A,"El ácido sulfúrico concentrado reacciona con el bromuro de potasio para dar bromo, dióxido
de azufre, sulfato de potasio y agua.
a) Escriba y ajuste la ecuación molecular por el método del ión-electrón.
b) Calcule los gramos de bromo que se producirán cuando se traten 50 g de bromuro de potasio
con exceso de ácido sulfúrico.",2012 - Reacciones Redox.pdf,enunciados_PNG/2012 - Reacciones Redox_png/2012_septiembre_ejercicio_5_opcion_a.png,
Química,2013,Junio,Ejercicio 5. Opción A,Reacciones Redox,QUÍMICA. 2013. JUNIO. EJERCICIO 5. OPCIÓN A,"Una muestra de un mineral que contiene cobre, además de impurazas inertes, se disuelve con
ácido nítrico concentrado según la siguiente reacción sin ajustar:
Cu  HNO  Cu(NO )  NO  H O.
3 3 2 2
a) Ajuste por el método del ión-electrón la ecuación molecular.
b) Calcule el contenido en cobre de la muestra si 1 g de la misma reacciona totalmente con 25
mL de ácido nítrico 1 M.",2013 - Reacciones Redox.pdf,enunciados_PNG/2013 - Reacciones Redox_png/2013_junio_ejercicio_5_opcion_a.png,
Química,2013,Reserva 1,Ejercicio 5. Opción A,Reacciones Redox,QUÍMICA. 2013. RESERVA 1. EJERCICIO 5. OPCIÓN A,"Al burbujear sulfuro de hidrógeno a través de una disolución de dicromato de potasio, en
medio ácido sulfúrico, el sulfuro de hidrógeno se oxida a azufre elemental según la siguiente
reacción:
H S  K Cr O  H SO  Cr (SO )  S  H O  K SO
2 2 2 7 2 4 2 4 3 2 2 4
a) Ajuste la ecuación molecular por el método del ión-electrón.
b) Qué volumen de sulfuro de hidrógeno, med ido a 25ºC y 740 mm Hg de presión, debe pasar
para que reaccionen exactamente con 30 mL d e disolución de dicromato de potasio 0,1 M.",2013 - Reacciones Redox.pdf,enunciados_PNG/2013 - Reacciones Redox_png/2013_reserva_1_ejercicio_5_opcion_a.png,
Química,2013,Reserva 2,Ejercicio 6. Opción B,Reacciones Redox,QUÍMICA. 2013. RESERVA 2. EJERCICIO 6. OPCIÓN B,"Al pasar una corriente durante el tiempo de una hora y cincuenta minutos a través de una
disolución de Cu(II), se depositan 1,82 g de cobre.
a) Calcule la intensidad de la corriente que ha circulado.
b) Calcule la carga del electrón.",2013 - Reacciones Redox.pdf,enunciados_PNG/2013 - Reacciones Redox_png/2013_reserva_2_ejercicio_6_opcion_b.png,
Química,2013,Reserva 3,Ejercicio 3. Opción B,Reacciones Redox,QUÍMICA. 2013. RESERVA 3. EJERCICIO 3. OPCIÓN B,"Utilizando los valores de los potenciales de reducción estándar: E0(Cu2 /Cu)0'34 V;
E0(Fe2 /Fe) 0'44 V y E0(Cd2 /Cd) 0'40 V, justifique cuál o cuáles de las siguientes
reacciones se producirá de forma espontánea:
a) Fe2  Cu  Fe  Cu2
b) Cu2  Cd  Cu  Cd2",2013 - Reacciones Redox.pdf,enunciados_PNG/2013 - Reacciones Redox_png/2013_reserva_3_ejercicio_3_opcion_b.png,
Química,2013,Reserva 4,Ejercicio 3. Opción A,Reacciones Redox,QUÍMICA. 2013. RESERVA 4. EJERCICIO 3. OPCIÓN A,"Dados los potenciales normales de reducción: E0(Na /Na) 2'71 V;E0(Cl /Cl)1'36 V;
2
E0(K /K) 2'92 V; E0(Cu2 /Cu)0'34 V.
a) Justifique cuál será la especie más oxidante y la más reductora.
b) Elija dos pares para construir la pila de mayor voltaje.",2013 - Reacciones Redox.pdf,enunciados_PNG/2013 - Reacciones Redox_png/2013_reserva_4_ejercicio_3_opcion_a.png,
Química,2013,Reserva 4,Ejercicio 6. Opción B,Reacciones Redox,QUÍMICA. 2013. RESERVA 4. EJERCICIO 6. OPCIÓN B,"El yodo molecular en medio básico reacciona con el sulfito de sodio según la reacción:
I  Na SO  NaOH  NaI  H O  Na SO
2 2 3 2 2 4
a) Ajuste la ecuación molecular según el método del ión-electrón.
b) ¿Qué cantidad de sulfito de sodio reaccionará exactamente con 2,54 g de yodo molecular?",2013 - Reacciones Redox.pdf,enunciados_PNG/2013 - Reacciones Redox_png/2013_reserva_4_ejercicio_6_opcion_b.png,
Química,2013,Septiembre,Ejercicio 3. Opción A,Reacciones Redox,QUÍMICA. 2013. SEPTIEMBRE. EJERCICIO 3. OPCIÓN A,"Dada la reacción de oxidación-reducción: I  HNO  HIO  NO  H O
2 3 3 2
a) Escriba y ajuste las semireacciones de oxidación y reducción por el método del ión-electrón.
b) Escriba la reacción molecular ajustada.",2013 - Reacciones Redox.pdf,enunciados_PNG/2013 - Reacciones Redox_png/2013_septiembre_ejercicio_3_opcion_a.png,
Química,2013,Septiembre,Ejercicio 6. Opción B,Reacciones Redox,QUÍMICA. 2013. SEPTIEMBRE. EJERCICIO 6. OPCIÓN B,"Una corriente de 5 A circula durante 30 min por una disolución de una sal de cinc, depositando
3,048 g de cinc en el cátodo. Calcule:
a) La masa atómica del cinc.
b) Los gramos de cinc que se depositarán al pasar una corriente de 10 A durante 1 hora.",2013 - Reacciones Redox.pdf,enunciados_PNG/2013 - Reacciones Redox_png/2013_septiembre_ejercicio_6_opcion_b.png,
Química,2014,Junio,Ejercicio 6. Opc Ión B,Reacciones Redox,QUÍMICA. 2014. JUNIO. EJERCICIO 6. OPC IÓN B,"a) ¿Qué cantidad de electricidad es necesaria para que se deposite en el cátodo todo el oro
contenido en un litro de disolución 0’1 M de cloruro de oro(III)?
b) Qué volumen de dicloro, medido a la presión de 740 mmHg y 25ºC, se desprenderá del
ánodo?.",2014 - Reacciones Redox.pdf,enunciados_PNG/2014 - Reacciones Redox_png/2014_junio_ejercicio_6_opc_ion_b.png,
Química,2014,Reserva 1,Ejercicio 3. Opción B,Reacciones Redox,QUÍMICA. 2014. RESERVA 1. EJERCICIO 3. OPCIÓN B,"Responda razonadamente:
a) ¿Reaccionará una disolución acuosa de ácido clorhídrico con hierro metálico?
b) ¿Reaccionará una disolución acuosa de ácido clorhídrico con cobre metálico?
c) ¿Qué ocurrirá si se añaden limaduras de hierro a una disolución Cu2?
Datos: E0(Cu2 /Cu)0'34 V; E0(Fe2 /Fe) 0'44 V y E0(H /H )0'0 V.",2014 - Reacciones Redox.pdf,enunciados_PNG/2014 - Reacciones Redox_png/2014_reserva_1_ejercicio_3_opcion_b.png,
Química,2014,Reserva 2,Ejercicio 5. Opción A,Reacciones Redox,QUÍMICA. 2014. RESERVA 2. EJERCICIO 5. OPCIÓN A,"El ácido nítrico reacciona con el sulfuro de hidrógeno dando azufre elemental (S), monóxido de
nitrógeno y agua.
a) Escriba y ajuste por el método del ion-electrón la reacción molecular correspondiente.
b) Determine el volumen de sulfuro de hidrógeno, medido a 60ºC y 1 atm, necesario para que
reaccione con 500 mL de ácido nítrico 0,2 M.",2014 - Reacciones Redox.pdf,enunciados_PNG/2014 - Reacciones Redox_png/2014_reserva_2_ejercicio_5_opcion_a.png,
Química,2014,Reserva 3,Ejercicio 3. Opción A,Reacciones Redox,QUÍMICA. 2014. RESERVA 3. EJERCICIO 3. OPCIÓN A,"Justifique qué ocurrirá cuando:
a) Un clavo de hierro se sumerge en una disolución acuosa de CuSO .
4
b) Una moneda de níquel se sumerge en una disolución de HCl.
c) Un trozo de potasio sólido se sumerge en agua.
Datos: E0(Cu2 /Cu)0'34 V; E0(Fe2 /Fe) 0'44 V; E0(Ni2 /Ni) 0'24 V;
E0(K  /K) 2'93 V; E0(H /H )0'00 V.",2014 - Reacciones Redox.pdf,enunciados_PNG/2014 - Reacciones Redox_png/2014_reserva_3_ejercicio_3_opcion_a.png,
Química,2014,Reserva 3,Ejercicio 6. Opción B,Reacciones Redox,QUÍMICA. 2014. RESERVA 3. EJERCICIO 6. OPCIÓN B,"Se hace pasar durante 2,5 horas una corriente de 5 A a través de una celda electroquímica que
contiene una disolución de SnI . Calcule:
2
a) La masa de estaño metálico depositada en el cátodo.
b) Los moles de I liberados en el ánodo.
2",2014 - Reacciones Redox.pdf,enunciados_PNG/2014 - Reacciones Redox_png/2014_reserva_3_ejercicio_6_opcion_b.png,
Química,2014,Reserva 4,Ejercicio 3. Opción A,Reacciones Redox,QUÍMICA. 2014. RESERVA 4. EJERCICIO 3. OPCIÓN A,"Se construye una pila electroquímica con los pares Hg2 /Hg y Cu2 /Cu cuyos potenciales
normales de reducción son 0,95 V y 0,34 V, respectivamente.
a) Escriba las semirreacciones y la reacción global.
b) Indique el electrodo que actúa como ánodo y el que actúa como cátodo.",2014 - Reacciones Redox.pdf,enunciados_PNG/2014 - Reacciones Redox_png/2014_reserva_4_ejercicio_3_opcion_a.png,
Química,2014,Reserva 4,Ejercicio 6 Opción B,Reacciones Redox,QUÍMICA. 2014. RESERVA 4. EJERCICIO 6 OPCIÓN B,"Dada la siguiente reacción: As  KBrO  KOH  K AsO  KBr  H O
3 4 2
a) Ajuste la ecuación molecular según el método del ión-electrón.
b) Calcule los gramos de arsénico que habrán reaccionado cuando se hayan consumido 60 mL
de hidróxido de potasio 0,25 M.",2014 - Reacciones Redox.pdf,enunciados_PNG/2014 - Reacciones Redox_png/2014_reserva_4_ejercicio_6_opcion_b.png,
Química,2014,Septiembre,Ejercicio 5. Opción A,Reacciones Redox,QUÍMICA. 2014. SEPTIEMBRE. EJERCICIO 5. OPCIÓN A,"Se hace reaccionar una muestra de 10 g de cobre con ácido sulfúrico obteniéndose 23,86 g de
sulfato de cobre(II), además de dióxido de azufre y agua.
a) Ajuste la reacción molecular que tiene lugar por el método del ión-electrón.
b) Calcule la riqueza de la muestra inicial en cobre.",2014 - Reacciones Redox.pdf,enunciados_PNG/2014 - Reacciones Redox_png/2014_septiembre_ejercicio_5_opcion_a.png,
Química,2015,Junio,Ejercicio 5. Opción A,Reacciones Redox,QUÍMICA. 2015. JUNIO. EJERCICIO 5. OPCIÓN A,"100 g de bromuro de sodio, NaBr, se tratan con ácido nítrico concentrado, HNO de densidad
3
1’39 g/mL y riqueza del 70% en masa, hasta reacción completa. En esta reacción se obtienen
Br , NO , NaNO y agua como productos de la reacción.
2 2 3
a) Ajuste las semireacciones de oxidación y reducción por el método del ión electrón y ajuste
tanto la reacción iónica como la molecular.
b) Calcule el volumen de ácido nítrico necesario para completar la reacción.",2015 - Reacciones Redox.pdf,enunciados_PNG/2015 - Reacciones Redox_png/2015_junio_ejercicio_5_opcion_a.png,
Química,2015,Reserva 1,Ejercicio 3. Opción A,Reacciones Redox,QUÍMICA. 2015. RESERVA 1. EJERCICIO 3. OPCIÓN A,"Dados los siguientes electrodos: Fe2 /Fe; Ag /Ag y Pb2 /Pb
a) Razone qué electrodos combinaría para construir una pila galvánica que aportara el
máximo potencial. Calcule el potencial que se generaría en esta combinación.
b) Escriba la reacción redox global para la pila formada con los electrodos de plata y plomo.
c) Justifique qué especie es la más oxidante.",2015 - Reacciones Redox.pdf,enunciados_PNG/2015 - Reacciones Redox_png/2015_reserva_1_ejercicio_3_opcion_a.png,
Química,2015,Reserva 1,Ejercicio 6. Opción B,Reacciones Redox,QUÍMICA. 2015. RESERVA 1. EJERCICIO 6. OPCIÓN B,"Durante la electrolisis del NaCl fundido se depositan 322 g de Na. Calcule:
a) La cantidad de electricidad necesaria para ello.
b) El volumen de Cl medido a 35ºC y 780 mmHg.
2",2015 - Reacciones Redox.pdf,enunciados_PNG/2015 - Reacciones Redox_png/2015_reserva_1_ejercicio_6_opcion_b.png,
Química,2015,Reserva 2,Ejercicio 5. Opción A,Reacciones Redox,QUÍMICA. 2015. RESERVA 2. EJERCICIO 5. OPCIÓN A,"Dada la reacción: CuS  HNO  S  NO  Cu(NO )  H O
3 3 2 2
a) Ajuste las semirreacciones de oxidación y reducción por el método de ión electrón y ajuste
tanto la reacción iónica como la molecular.
b) Calcule el volumen de una disolución de ácido nítrico del 65% de riqueza en peso y densidad
de 1’4 g/mL que se necesitan para que reaccionen 20 g de sulfuro de cobre(II).",2015 - Reacciones Redox.pdf,enunciados_PNG/2015 - Reacciones Redox_png/2015_reserva_2_ejercicio_5_opcion_a.png,
Química,2015,Reserva 3,Ejercicio 3. Opción B,Reacciones Redox,QUÍMICA. 2015. RESERVA 3. EJERCICIO 3. OPCIÓN B,"Dada la reacción: KMnO  HF  H O  KF  MnF  H O
4 2 2 2 2
a) Identifique y ajuste las semirreacciones de oxidación y reducción.
b) Indique la especie oxidante y reductora.
c) Razone si la reacción es espontánea en condiciones estándar, a 25ºC.
Datos: E0(MnO  /Mn2)1'51 V; E0(H O /H O)1'76 V.",2015 - Reacciones Redox.pdf,enunciados_PNG/2015 - Reacciones Redox_png/2015_reserva_3_ejercicio_3_opcion_b.png,
Química,2015,Reserva 4,Ejercicio 6. Opción B,Reacciones Redox,QUÍMICA. 2015. RESERVA 4. EJERCICIO 6. OPCIÓN B,"Al electrolizar cloruro de cinc fundido haciendo pasar una corriente de 0’1 A durante 1 hora:
a) ¿Cuántos gramos de Zn metal pueden depositarse en el cátodo?
b) ¿Qué volumen de cloro se obtendrá a 45ºC y 1025 mmHg?",2015 - Reacciones Redox.pdf,enunciados_PNG/2015 - Reacciones Redox_png/2015_reserva_4_ejercicio_6_opcion_b.png,
Química,2015,Septiembre,Ejercicio 3. Opción A,Reacciones Redox,QUÍMICA. 2015. SEPTIEMBRE. EJERCICIO 3. OPCIÓN A,"Sabiendo el valor de los potenciales de los siguientes pares redox, indica razonadamente, si son
espontáneas las siguientes reacciones:
a) Reducción del Fe3 a Fe por el Cu.
b) Reducción del Fe2 a Fe por el Ni.
c) Reducción del Fe3 a Fe2 por el Zn.
Datos: E0(Cu2 /Cu)0'34 V; E0(Fe2 /Fe)  0'41 V; E0(Fe3 /Fe)  0'04 V;",2015 - Reacciones Redox.pdf,enunciados_PNG/2015 - Reacciones Redox_png/2015_septiembre_ejercicio_3_opcion_a.png,
Química,2015,Septiembre,Ejercici O 5. Opción B,Reacciones Redox,QUÍMICA. 2015. SEPTIEMBRE. EJERCICI O 5. OPCIÓN B,"Dada la siguiente reacción:
KMnO  KI  KOH  K MnO  KIO  H O
4 2 4 3 2
a) Ajusta las semireacciones de oxidación y reducción por el método del ión-electrón y ajusta
tanto la reacción iónica como la molecular.
b) Calcula los gramos de yoduro de potasio necesarios para que reaccionen con 120 mL de
disolución de permanganato de potasio 0’67 M .",2015 - Reacciones Redox.pdf,enunciados_PNG/2015 - Reacciones Redox_png/2015_septiembre_ejercici_o_5_opcion_b.png,
Química,2016,Junio,Ejercicio 3. Opción A,Reacciones Redox,QUÍMICA. 2016. JUNIO. EJERCICIO 3. OPCIÓN A,"Se desea construir una pila en la que el cátodo está constituido por el electrodo Cu2 /Cu. Para
el ánodo se dispone de los electrodos: Al3 /Al y I /I
2
a) Razone cuál de los dos electrodos se podrá utilizar como ánodo.
b) Identifique las semireacciones de oxidación y reducción de la pila.
c) Calcule el potencial estándar de la pila.
Datos: E0(Cu2 /Cu)0'34V; E0(Al3 /Al) 1'67V; E0(I /I)0'54V.",2016 - Reacciones Redox.pdf,enunciados_PNG/2016 - Reacciones Redox_png/2016_junio_ejercicio_3_opcion_a.png,
Química,2016,Junio,Ejercicio 6. Opción B,Reacciones Redox,QUÍMICA. 2016. JUNIO. EJERCICIO 6. OPCIÓN B,"a) Se hace pasar una corriente eléctrica de 1’5 A a través de 250 mL de una disolución acuosa
de iones Cu2 0’1M. ¿Cuánto tiempo tiene que transcurrir para que todo el cobre de la
disolución se deposite como cobre metálico?.
b) Determine el volumen de Cl gaseoso, med ido a 27ºC y 1 atm, que se desprenderá en el
2
ánodo durante la electrolisis de una disolución de cualquier cloruro metálico, aplicando una
corriente de 4 A de intensidad durante 15 minu tos.",2016 - Reacciones Redox.pdf,enunciados_PNG/2016 - Reacciones Redox_png/2016_junio_ejercicio_6_opcion_b.png,
Química,2016,Reserva 1,Ejercicio 3. Opción A,Reacciones Redox,QUÍMICA. 2016. RESERVA 1. EJERCICIO 3. OPCIÓN A,"Se dispone de una pila con dos electrodos de Cu y Ag sumergidos en una disolución 1 M de sus
respectivos iones, Cu2 y Ag . Conteste razonadamente sobre la veracidad o falsedad de las
siguientes afirmaciones:
a) El electrodo de plata es el cátodo y el de cobre el ánodo.
b) El potencial de la pila es de 1,14 V.
c) En el ánodo de la pila tiene lugar la reducción del oxidante.",2016 - Reacciones Redox.pdf,enunciados_PNG/2016 - Reacciones Redox_png/2016_reserva_1_ejercicio_3_opcion_a.png,
Química,2016,Reserva 1,Ejercicio 6. Opción B,Reacciones Redox,QUÍMICA. 2016. RESERVA 1. EJERCICIO 6. OPCIÓN B,"Dada la siguiente reacción: K Cr O HClNaNO NaNO CrCl H OKCl
2 2 7 2 3 3 2
a) Ajuste las semirreacciones de oxidación y reducción por el método de ión electrón y ajuste
tanto la reacción iónica como la molecular.
b) Calcule el volumen de K Cr O 2 M necesario para oxidar 20 g de NaNO .
2 2 7 2",2016 - Reacciones Redox.pdf,enunciados_PNG/2016 - Reacciones Redox_png/2016_reserva_1_ejercicio_6_opcion_b.png,
Química,2016,Reserva 2,Ejercicio 5. Opción A,Reacciones Redox,QUÍMICA. 2016. RESERVA 2. EJERCICIO 5. OPCIÓN A,"Dada la reacción KBr  H SO K SO  Br  SO  H O
2 4 2 4 2 2 2
a) Ajuste las semirreacciones de oxidación y reducción por el método de ión electrón y ajuste
tanto la reacción iónica como la molecular.
b) ¿Cuántos mL de bromo (Br , líquido) se producirán al hacer reaccionar 20 gramos de
2
bromuro de potasio con ácido sulfúrico en exceso?
Datos: Densidad Br 2'8 g/mL. Masas atómicas Br 80;K  39.",2016 - Reacciones Redox.pdf,enunciados_PNG/2016 - Reacciones Redox_png/2016_reserva_2_ejercicio_5_opcion_a.png,
Química,2016,Reserva 3,Ejercicio 3. Opción B,Reacciones Redox,QUÍMICA. 2016. RESERVA 3. EJERCICIO 3. OPCIÓN B,"La notación de una pila es: Cd(s) │Cd2(ac,1M) ║Cu2(ac,1M) │Cu(s)
a) Escriba e identifique las semirreacciones de oxidación y reducción.
b) Escriba la ecuación neta que tiene lugar e identifique las especies oxidante y reductora.
c) Si el voltaje de la pila es E0 0'74 V, ¿cuál es el potencial de reducción estándar del
electrodo Cd2 /Cd?",2016 - Reacciones Redox.pdf,enunciados_PNG/2016 - Reacciones Redox_png/2016_reserva_3_ejercicio_3_opcion_b.png,
Química,2016,Septiembre,Ejercicio 6. Opción B,Reacciones Redox,QUÍMICA. 2016. SEPTIEMBRE. EJERCICIO 6. OPCIÓN B,"a) El cinc metálico puede reaccionar en medio ácido oxidándose a Zn2, según la siguiente
reacción redox espontánea:Zn  2H  Zn2  H . ¿Qué volumen de hidrógeno medido a
2
700 mmHg y 77ºC se desprenderá si se disuelven completamente 0’5 moles de cinc?.
b) Al realizar la electrolisis de una disolución de una sal de Zn2 aplicando durante 2 horas
una intensidad de 1’5 A, se depositan en el cátodo 3’66 g de metal. Calcule la masa atómica del
cinc.",2016 - Reacciones Redox.pdf,enunciados_PNG/2016 - Reacciones Redox_png/2016_septiembre_ejercicio_6_opcion_b.png,
Química,2017,Junio,Ejercicio 3. Opción A,Reacciones Redox,QUÍMICA. 2017. JUNIO. EJERCICIO 3. OPCIÓN A,"Utilizando los datos que se facilitan, indique razonadamente, si:
a) El Mg(s) desplazará al Pb 2 en disolución acuosa.
b) El Sn(s) reaccionará con una disolución acuosa de HCl 1 M disolviéndose.
c) El SO 2 oxidará al Sn2 en disolución ácida a Sn4.
4
Datos: E0(Mg2 /Mg) 2'356 V; E0(Pb2 /Pb) 0'125 V; E0(Sn2 /Sn) 0'137 V
E0(Sn4 /Sn2)0'154 V ; E0(SO 2 /SO (g))0'170 V; E0(H /H )0'00 V.",2017 - Reacciones Redox.pdf,enunciados_PNG/2017 - Reacciones Redox_png/2017_junio_ejercicio_3_opcion_a.png,
Química,2017,Junio,Ejercicio 6. Opción B,Reacciones Redox,QUÍMICA. 2017. JUNIO. EJERCICIO 6. OPCIÓN B,"Dada la reacción: K Cr O  FeSO  H SO  Fe (SO )  Cr (SO )  K SO  H O
2 2 7 4 2 4 2 4 3 2 4 3 2 4 2
a) Ajuste las reacciones iónica y molecular por el método del ión-electrón
b) Calcule los gramos de Fe (SO ) que se obtendrán a partir de 4 g de K Cr O , si el
2 4 3 2 2 7
rendimiento es del 75%.",2017 - Reacciones Redox.pdf,enunciados_PNG/2017 - Reacciones Redox_png/2017_junio_ejercicio_6_opcion_b.png,
Química,2017,Reserva 1,Ejercicio 6. Opción A,Reacciones Redox,QUÍMICA. 2017. RESERVA 1. EJERCICIO 6. OPCIÓN A,"El HNO reacciona con el H S gaseoso originando azufre (S) y NO.
3 2
a) Establezca la ecuación química molecular, ajustada por el método del ión-electrón.
b) ¿Qué volumen de H S, medido a 70ºC y 800 mmHg, será necesario para reaccionar con 300
2
mL de disolución 0,30 M de HNO ? ¿Cuál será el volumen de NO producido en las
3
condiciones dadas?",2017 - Reacciones Redox.pdf,enunciados_PNG/2017 - Reacciones Redox_png/2017_reserva_1_ejercicio_6_opcion_a.png,
Química,2017,Reserva 1,Ejercicio 6. Opción B,Reacciones Redox,QUÍMICA. 2017. RESERVA 1. EJERCICIO 6. OPCIÓN B,"Calcule la magnitud indicada para cada una de las siguientes electrolisis.
a) La masa de Zn depositada en el cátodo al pasar una corriente de 1,87 A durante 42,5 min
por una disolución acuosa concentrada de Zn2.
b) El tiempo necesario para producir 2,79 g de I en el ánodo al pasar una corriente de 1,75 A
2
por una disolución acuosa concentrada de KI.",2017 - Reacciones Redox.pdf,enunciados_PNG/2017 - Reacciones Redox_png/2017_reserva_1_ejercicio_6_opcion_b.png,
Química,2017,Reserva 2,Ejercicio 6. Opción B,Reacciones Redox,QUÍMICA. 2017. RESERVA 2. EJERCICIO 6. OPCIÓN B,"Cuando el MnO sólido reacciona con HCl se obtiene Cl (g), MnCl y agua.
2 2 2
a) Ajuste las reacciones iónicas y molecular por el método del ión-electrón.
b) Calcule el volumen de cloro obtenido, medido a 20ºC y 700 mmHg, cuando se añaden 150
mL de una disolución acuosa de ácido clorhídrico 0,5 M a 2 g de un mineral que contiene un
75% de riqueza de MnO .
2",2017 - Reacciones Redox.pdf,enunciados_PNG/2017 - Reacciones Redox_png/2017_reserva_2_ejercicio_6_opcion_b.png,
Química,2017,Reserva 3,Ejercicio 4. Opción A,Reacciones Redox,QUÍMICA. 2017. RESERVA 3. EJERCICIO 4. OPCIÓN A,"A partir de los siguientes datos: E0(Cl /Cl)1'36 V; E0(Zn2 /Zn)  0'76 V;
2
E0(Fe3 /Fe2)0'77 V; E0(Cu2 /Cu)0'34 V; E0(H /H )0'0 V.
2
a) Indique, razonando la respuesta, si el Cl puede o no oxidar el catión Fe(II) a Fe(III).
2
b) Calcule la fuerza electromotriz (E0) de la siguiente pila:
Zn(s)│Zn2(ac) ║H(ac) │H (g)│Pt.
2
c) Si el voltaje de la siguiente pila: Cd(s)│Cd2(ac) ║Cu2(ac) │Cu(s), es E0 0'743 V,",2017 - Reacciones Redox.pdf,enunciados_PNG/2017 - Reacciones Redox_png/2017_reserva_3_ejercicio_4_opcion_a.png,
Química,2017,Reserva 3,Ejercicio 6. Opción B,Reacciones Redox,QUÍMICA. 2017. RESERVA 3. EJERCICIO 6. OPCIÓN B,"El bromuro de sodio reacciona con el ácido nítrico, en caliente, según la siguiente ecuación:
NaBr  HNO  Br  NO  NaNO  H O
3 2 2 3 2
a) Ajuste esta reacción por el método del ión electrón.
b) Calcule la masa de bromo que se obtiene cuando 100 g de bromuro de sodio se tratan con
ácido nítrico en exceso.",2017 - Reacciones Redox.pdf,enunciados_PNG/2017 - Reacciones Redox_png/2017_reserva_3_ejercicio_6_opcion_b.png,
Química,2017,Reserva 4,Ejercicio 6. Opción A,Reacciones Redox,QUÍMICA. 2017. RESERVA 4. EJERCICIO 6. OPCIÓN A,"Se construye una celda electrolítica colocando NaCl fundido en un vaso de precipitado con dos
electrodos inertes de platino. Dicha celda se une a una fuente externa de energía eléctrica que
produce una intensidad de 6 A durante 1 hora.
a) Indique los procesos que tienen lugar en la celda y calcule su potencial estándar.
b) Calcule la cantidad de producto obtenido en cada electrodo de la celda. Determine la
cantidad en gramos si el producto es sólido y el volumen en litros a 0ºC y 1 atm si es un gas.
Datos: Masas atómicas Na 23;Cl  35'5; R0'082 atmLmol1K 1
E0(Na /Na)2'71 V ; E0(Cl /Cl )1'36 V ;F96500 C/mole.",2017 - Reacciones Redox.pdf,enunciados_PNG/2017 - Reacciones Redox_png/2017_reserva_4_ejercicio_6_opcion_a.png,
Química,2017,Reserva 4,Ejercicio 6. Opción B,Reacciones Redox,QUÍMICA. 2017. RESERVA 4. EJERCICIO 6. OPCIÓN B,"Una muestra de 2,6 g de un mineral rico en Ag S, se trata en exceso con una disolución de
2
HNO concentrado, obteniéndose AgNO , NO, 0,27 g de azufre elemental (S) y H O, siendo
3 3 2
el rendimiento de la reacción del 97%.
a) Ajuste la reacción por el método del ión-electrón.
b) Calcule la pureza del mineral en Ag S.
2",2017 - Reacciones Redox.pdf,enunciados_PNG/2017 - Reacciones Redox_png/2017_reserva_4_ejercicio_6_opcion_b.png,
Química,2017,Septiembre,Ejercicio 6. Opción A,Reacciones Redox,QUÍMICA. 2017. SEPTIEMBRE. EJERCICIO 6. OPCIÓN A,"El monóxido de nitrógeno (NO) se prepara según la reacción:
Cu  HNO Cu(NO )  NO H O
3 3 2 2
a) Ajuste la reacción molecular por el método del ión-electrón
b) Calcule la masa de Cu que se necesita para obtener 0’5 L de NO medidos a 750 mmHg y
25ºC.",2017 - Reacciones Redox.pdf,enunciados_PNG/2017 - Reacciones Redox_png/2017_septiembre_ejercicio_6_opcion_a.png,
Química,2017,Septiembre,Ejercicio 6. Opción B,Reacciones Redox,QUÍMICA. 2017. SEPTIEMBRE. EJERCICIO 6. OPCIÓN B,"Cuando se electroliza cloruro de litio fundido se obtiene Cl gaseoso y Li sólido. Si
2
inicialmente se dispone de 15 g de LiCl
a) ¿Qué intensidad de corriente será necesaria para descomponerlo totalmente en 2 horas?
b) ¿Qué volumen de gas cloro, medido a 23ºC y 755 mm Hg, se obtendrá en la primera media
hora del proceso?.
Datos: Masas atómicas: Li 7 ;Cl  35'5. F 96500 C/mol e1",2017 - Reacciones Redox.pdf,enunciados_PNG/2017 - Reacciones Redox_png/2017_septiembre_ejercicio_6_opcion_b.png,
Química,2018,Junio,Ejercicio 3. Opc Ión A,Reacciones Redox,QUÍMICA. 2018. JUNIO. EJERCICIO 3. OPC IÓN A,"Los electrodos de aluminio y cobre de una pila galvánica se encuentran en contacto con una
disolución de Al3 y Cu2 en una concentración 1 M.
a) Escriba e identifique las semirreacciones que se producen en el ánodo y en el cátodo.
b) Calcule la f.e.m. de la pila y escriba su notación simplificada
c) Razone si alguno de los dos metales produciría H (g) al ponerlo en contacto con ácido
2
sulfúrico (H SO ).
2 4
Datos: E0(Al3 /Al) 1'67 V ; E0(Cu2 /Cu)0'34 V; E0(H /H )0'00 V",2018 - Reacciones Redox.pdf,enunciados_PNG/2018 - Reacciones Redox_png/2018_junio_ejercicio_3_opc_ion_a.png,
Química,2018,Junio,Ejercicio 6. Opción B,Reacciones Redox,QUÍMICA. 2018. JUNIO EJERCICIO 6. OPCIÓN B,"Para obtener el óxido de aluminio a partir de aluminio metálico se utiliza una disolución de
dicromato de potasio en medio ácido:
AlK Cr O H SO  Al O Cr (SO ) K SO  H O
2 2 7 2 4 2 3 2 4 3 2 4 2
a) Ajuste las reacciones iónica y molecular por el método del ión-electrón.
b) Calcule el volumen de disolución de K Cr O de una riqueza del 20% en masa y densidad
2 2 7
1’124g/mL que sería necesario para obtener 25 g de Al O .
2 3",2018 - Reacciones Redox.pdf,enunciados_PNG/2018 - Reacciones Redox_png/2018_junio_ejercicio_6_opcion_b.png,
Química,2018,Reserva 1,Ejercicio 6. Opción B,Reacciones Redox,QUÍMICA. 2018. RESERVA 1. EJERCICIO 6. OPCIÓN B,"Una moneda antigua de 25,2 g, que contiene Ag e impurezas inertes, se hace reaccionar con un
exceso de HNO . Teniendo en cuenta que los productos de reacción son AgNO , NO y H O:
3 3 2
a) Ajuste las reacciones iónica y molecular por el método del ion-electrón.
b) Calcule el porcentaje en masa de Ag en la moneda si en la reacción se desprenden 0,75 L de
gas monóxido de nitrógeno, medido a 20ºC y 750 mmHg.",2018 - Reacciones Redox.pdf,enunciados_PNG/2018 - Reacciones Redox_png/2018_reserva_1_ejercicio_6_opcion_b.png,
Química,2018,Reserva 2,Ejercicio 6. Opción A,Reacciones Redox,QUÍMICA. 2018. RESERVA 2. EJERCICIO 6. OPCIÓN A,"En la reacción entre el permanganato de potasio (KMnO ) y el yoduro de potasio (KI) en
4
presencia de hidróxido de potasio (KOH) se obtiene manganato de potasio (K MnO ), yodato
2 4
de potasio (KIO ) y agua.
3
a) Ajuste las reacciones iónica y molecular por el método del ion-electrón.
b) Calcule los gramos de KI necesarios para la reducción de 50 mL de una disolución 0,025 M
de KMnO .
4",2018 - Reacciones Redox.pdf,enunciados_PNG/2018 - Reacciones Redox_png/2018_reserva_2_ejercicio_6_opcion_a.png,
Química,2018,Reserva 2,Ejercicio 6. Opción B,Reacciones Redox,QUÍMICA. 2018. RESERVA 2. EJERCICIO 6. OPCIÓN B,"a) Determine la intensidad de corriente que hay que aplicar a una muestra de 0,1 kg de bauxita
que contiene un 60% de Al O para la electrolisis total hasta aluminio en un tiempo de 10 h.
2 3
b) ¿Cuántos gramos de aluminio se depositan cuando han transcurrido 30 minutos si la
intensidad es 10 A?",2018 - Reacciones Redox.pdf,enunciados_PNG/2018 - Reacciones Redox_png/2018_reserva_2_ejercicio_6_opcion_b.png,
Química,2018,Reserva 3,Ejercicio 6. Opción A,Reacciones Redox,QUÍMICA. 2018. RESERVA 3. EJERCICIO 6. OPCIÓN A,"100 gramos de bromuro de sodio (NaBr) se tratan con una disolución de ácido nítrico (HNO )
3
concentrado de densidad 1,39 g/mL y 70% de riqueza en masa, dando como productos de la
reacción Br , NO , NaNO y H O:
2 2 3 2
a) Ajuste las reacciones iónica y molecular por el método del ion-electrón.
b) Calcule el volumen de ácido necesario para completar la reacción.",2018 - Reacciones Redox.pdf,enunciados_PNG/2018 - Reacciones Redox_png/2018_reserva_3_ejercicio_6_opcion_a.png,
Química,2018,Reserva 3,Ejercicio 6. Opción B,Reacciones Redox,QUÍMICA. 2018. RESERVA 3. EJERCICIO 6. OPCIÓN B,"El principal método de obtención del aluminio comercial es la electrolisis de las sales de Al3
fundidas.
a) ¿Cuántos culombios deben pasar a través del fundido para depositar 1 kg de aluminio?
b) Si una cuba electrolítica industrial de aluminio opera con una intensidad de corriente de
4104 A, ¿cuánto tiempo será necesario para producir 1 kg de aluminio?",2018 - Reacciones Redox.pdf,enunciados_PNG/2018 - Reacciones Redox_png/2018_reserva_3_ejercicio_6_opcion_b.png,
Química,2018,Reserva 4,Ejercicio 4. Opción A,Reacciones Redox,QUÍMICA. 2018. RESERVA 4. EJERCICIO 4. OPCIÓN A,"Los potenciales normales de reducción de Sn2 /Sn y Cu2 /Cu son 0,14 V y 0,34 V,
respectivamente. Si con ambos electrodos se construye una pila:
a) Escriba e identifique las semirreacciones que se producen en el ánodo y en el cátodo.
b) Dibuje un esquema de la misma, señalando el sentido en el que se mueven los electrones.",2018 - Reacciones Redox.pdf,enunciados_PNG/2018 - Reacciones Redox_png/2018_reserva_4_ejercicio_4_opcion_a.png,
Química,2018,Reserva 4,Ejercicio 6 . Opción B,Reacciones Redox,QUÍMICA. 2018 RESERVA 4. EJERCICIO 6 . OPCIÓN B,"Una muestra que contiene sulfuro de calcio se trata con ácido nítrico concentrado hasta
reacción completa, según: CaS  HNO  NO  SO  Ca(NO )  H O
3 2 3 2 2
a) Ajuste las reacciones iónica y molecular por el método del ion-electrón.
b) Calcule la riqueza (%) en sulfuro de calcio de la muestra, sabiendo que al añadir ácido
nítrico concentrado a 35 g de muestra se obtie nen 18 L de NO, medidos a 20ºC y 700 mmHg.",2018 - Reacciones Redox.pdf,enunciados_PNG/2018 - Reacciones Redox_png/2018_reserva_4_ejercicio_6_opcion_b.png,
Química,2018,Septiembre,Ejercici O 6. Opción A,Reacciones Redox,QUÍMICA. 2018. SEPTIEMBRE. EJERCICI O 6. OPCIÓN A,"Se lleva a cabo la electrolisis de ZnBr fundido.
2
a) Calcule cuánto tiempo tardará en depositarse 1 g de Zn si la corriente es de 10 A.
b) Si se utiliza la misma intensidad de corriente en la electrolisis de una sal fundida de vanadio
y se depositan 3,8 g de este metal en 1 h, ¿cuál será la carga del ion vanadio en esta sal?",2018 - Reacciones Redox.pdf,enunciados_PNG/2018 - Reacciones Redox_png/2018_septiembre_ejercici_o_6_opcion_a.png,
Química,2018,Septiembre,Ejercicio 6. Opción B,Reacciones Redox,QUÍMICA. 2018. SEPTIEMBRE. EJERCICIO 6. OPCIÓN B,"El permanganato de potasio (KMnO ), en medio ácido sulfúrico (H SO ), reacciona con el
4 2 4
peróxido de hidrógeno (H O ) dando lugar a sulfato de manganeso(II) (MnSO ), oxígeno (
2 2 4
O ), sulfato de potasio (K SO ) y agua.
2 2 4
a) Ajuste las reacciones iónica y molecular por el método del ion-electrón.
b) ¿Qué volumen de O medido a 900 mmHg y 80ºC se obtiene a partir de 100 g de KMnO ?
2 4",2018 - Reacciones Redox.pdf,enunciados_PNG/2018 - Reacciones Redox_png/2018_septiembre_ejercicio_6_opcion_b.png,
asignatura_desconocida,2019,Junio,Ejercicio 6. Opción B,Reacciones Redox,QUIMICA. 2019. JUNIO. EJERCICIO 6. OPCIÓN B,"El bromuro de potasio reacciona con ácido sulfúrico concentrado según la reacción:
KBr  H SO  Br  K SO  SO  H O
2 4 2 2 4 2 2
a) Ajuste las ecuaciones iónicas y molecular por el método del ión-electrón.
b) ¿Qué volumen de bromo liquido (densidad 2’92 gmL1) se obtendrá al tratar 130 g de
bromuro de potasio(KBr) con ácido sulfúrico en exceso?.",2019 - Reacciones Redox.pdf,enunciados_PNG/2019 - Reacciones Redox_png/2019_junio_ejercicio_6_opcion_b.png,
Química,2019,Reserva 1,Ejercicio 6. Opción A,Reacciones Redox,QUÍMICA. 2019. RESERVA 1. EJERCICIO 6. OPCIÓN A,"El ácido sulfúrico (H SO ) reacciona con cobre metálico para dar sulfato de cobre(II)
2 4
(CuSO ), dióxido de azufre (SO ) y agua, según la reacción:
4 2
Cu  H SO SO  CuSO  H O
2 4 2 4 2
a) Ajuste las reacciones iónica y molecular por el método del ion-electrón.
b) Determine el rendimiento de la reacción sabiendo que si se hace reaccionar 30 mL de una
disolución de ácido sulfúrico 18 M con exceso de cobre metálico, se obtienen 35 g de sulfato de
cobre(II).",2019 - Reacciones Redox.pdf,enunciados_PNG/2019 - Reacciones Redox_png/2019_reserva_1_ejercicio_6_opcion_a.png,
Química,2019,Reserva 1,Ejercicio 6. Opción B,Reacciones Redox,QUÍMICA. 2019. RESERVA 1. EJERCICIO 6. OPCIÓN B,"Se electroliza una disolución acuosa de NiCl pasando una corriente de 0,1 A durante 20
2
horas. Calcule:
a) La masa de níquel depositada en el cátodo.
b) El volumen de dicloro, medido a 760 mmHg y 0 ºC, que se desprende en el ánodo.",2019 - Reacciones Redox.pdf,enunciados_PNG/2019 - Reacciones Redox_png/2019_reserva_1_ejercicio_6_opcion_b.png,
Química,2019,Reserva 2,Ejercicio 6. Opción A,Reacciones Redox,QUÍMICA. 2019. RESERVA 2. EJERCICIO 6. OPCIÓN A,"a) Calcule la carga eléctrica necesaria para que se deposite en el cátodo todo el oro contenido
en 1 L de disolución 0,1 M de AuCl .
3
b) ¿Qué volumen de Cl , medido a la presión de 740 mmHg y 25 ºC, se desprenderá en el
2
ánodo?",2019 - Reacciones Redox.pdf,enunciados_PNG/2019 - Reacciones Redox_png/2019_reserva_2_ejercicio_6_opcion_a.png,
Química,2019,Reserva 2,Ejercicio 6. Opción B,Reacciones Redox,QUÍMICA. 2019. RESERVA 2. EJERCICIO 6. OPCIÓN B,"Para la siguiente reacción: H S  KMnO  HCl S  MnCl  KCl  H O
2 4 2 2
a) Ajuste las reacciones iónica y molecular por el método del ion-electrón.
b) Calcule los gramos de MnCl que se obtienen al mezclar 250 mL de una disolución 0,2 M de
2
H S con 50 mL de una disolución 0,1 M de KMnO .
2 4",2019 - Reacciones Redox.pdf,enunciados_PNG/2019 - Reacciones Redox_png/2019_reserva_2_ejercicio_6_opcion_b.png,
Química,2019,Reserva 3,Ejercicio 4. Opción A,Reacciones Redox,QUÍMICA. 2019. RESERVA 3. EJERCICIO 4. OPCIÓN A,"Una pila galvánica tiene electrodos de cobre y cinc en disoluciones 1 M de los iones Cu2 y
Zn2.
a) Escriba las semirreacciones que tienen lugar en el ánodo y en el cátodo.
b) Calcule la f.e.m. de la pila y escriba su notación simplificada.
c) Razone si alguno de los dos metales produciría hidrógeno gaseoso al ponerlo en contacto con
ácido sulfúrico.
Potenciales estándar de reducción: E0(C u2 /Cu)0'34 V; E0(Zn2 /Zn)0'76 V;
E0(2H /H )0'00 V.",2019 - Reacciones Redox.pdf,enunciados_PNG/2019 - Reacciones Redox_png/2019_reserva_3_ejercicio_4_opcion_a.png,
Química,2019,Reserva 3,Ejercicio 6. Opción B,Reacciones Redox,QUÍMICA. 2019. RESERVA 3. EJERCICIO 6. OPCIÓN B,"Para la siguiente reacción: KClO  KI  H O  KCl  I  KOH
3 2 2
a) Ajuste las reacciones iónica y molecular por el método del ion-electrón (medio básico).
b) Calcule la masa de clorato de potasio (KClO ) que se necesitará para obtener 15 gramos de
3
diyodo (I ).
2",2019 - Reacciones Redox.pdf,enunciados_PNG/2019 - Reacciones Redox_png/2019_reserva_3_ejercicio_6_opcion_b.png,
Química,2019,Reserva 4,Ejercicio 3. Opción A,Reacciones Redox,QUÍMICA. 2019. RESERVA 4. EJERCICIO 3. OPCIÓN A,"Explique, mediante las correspondientes reacciones, qué sucede cuando en una disolución de
sulfato de hierro(II) se introduce una lámina de:
a) Cobalto.
b) Zinc.
c) ¿Y si la disolución fuese de nitrato de hierro(II)?
Potenciales estándar de reducción: E0(Fe2 /Fe)0'40 V; E0(Co2 /Co)  0'28 V ;",2019 - Reacciones Redox.pdf,enunciados_PNG/2019 - Reacciones Redox_png/2019_reserva_4_ejercicio_3_opcion_a.png,
Química,2019,Reserva 4,Ejercicio 6. Opción B,Reacciones Redox,QUÍMICA. 2019. RESERVA 4. EJERCICIO 6. OPCIÓN B,"Para la siguiente reacción: K Cr O  HCl  CrCl  Cl  KCl  H O
2 2 7 3 2 2
a) Ajuste las reacciones iónica y molecular por el método del ion-electrón.
b) Si el rendimiento de la reacción es del 90 %, determine el volumen de gas cloro (Cl ),
2
medido a 80 ºC y 700 mmHg, que se obtiene a partir de 125 g de dicromato de potasio
(K Cr O ).
2 2 7",2019 - Reacciones Redox.pdf,enunciados_PNG/2019 - Reacciones Redox_png/2019_reserva_4_ejercicio_6_opcion_b.png,
Química,2019,Septiembre,Ejercici O 6. Opción A,Reacciones Redox,QUÍMICA. 2019. SEPTIEMBRE. EJERCICI O 6. OPCIÓN A,"El estaño metálico es oxidado por el ácido nítrico concentrado, según la reacción:
Sn  HNO  SnO  NO  H O
3 2 2 2
a) Ajuste las ecuaciones iónica y molecular del proceso por el método del ión-electrón.
b) Calcule los gramos de estaño que reaccionan con 200 mL de disolución de ácido nítrico 2 M
si el rendimiento de la reacción es del 90%.",2019 - Reacciones Redox.pdf,enunciados_PNG/2019 - Reacciones Redox_png/2019_septiembre_ejercici_o_6_opcion_a.png,
Química,2019,Septiembre,Ejercicio 6. Opción B,Reacciones Redox,QUÍMICA. 2019. SEPTIEMBRE. EJERCICIO 6. OPCIÓN B,"Se hace pasar a través de 1 L de disolución de AgNO 0’1 M una corriente de 0’5 A durante 2
3
horas. Calcule:
a) La masa de plata que se deposita en el cátodo.
b) Los moles de ión plata que quedan en la disolución, una vez finalizada la electrólisis.",2019 - Reacciones Redox.pdf,enunciados_PNG/2019 - Reacciones Redox_png/2019_septiembre_ejercicio_6_opcion_b.png,
Química,2020,Junio,C4,Reacciones Redox,QUÍMICA. 2020. JUNIO. C4,"El dicloro es un gas muy utilizado en la industria química, por ejemplo como blanqueador de
papel o para fabricar productos de limpieza. Se puede obtener según la reacción:
MnO  HCl  MnCl  Cl  H O
2 2 2 2
a) Ajuste las reacciones iónica y molecular por el método del ión-electrón.
b) Calcule el volumen de una disolución de ácido clorhídrico 5 M y la masa de óxido de
manganeso(IV) que se necesitan para obtener 42’6 g de dicloro gaseoso.",2020 - Reacciones Redox.pdf,enunciados_PNG/2020 - Reacciones Redox_png/2020_junio_c4.png,
Química,2020,Reserva 1,Ejercicio B5,Reacciones Redox,QUÍMICA. 2020. RESERVA 1. EJERCICIO B5,"Se construye una pila introduciendo en las semiceldas correspondientes un electrodo de oro y
un electrodo de cadmio.
a) Escriba las semireacciones y la reacción global que tendrá lugar en dicha pila.
b) Indique la sustancia que se oxida, la que se reduce, la oxidante y la reductora.
c) Escriba la notación de la pila y determine el valor de su fuerza electromotriz.",2020 - Reacciones Redox.pdf,enunciados_PNG/2020 - Reacciones Redox_png/2020_reserva_1_ejercicio_b5.png,
asignatura_desconocida,2020,Reserva 1,Ejercicio C4,Reacciones Redox,QUIMICA. 2020. RESERVA 1. EJERCICIO C4,"Mediante la electrolisis de sales fundidas se pueden obtener metales puros.
a) Escribiendo la semireacción que tiene lugar en el cátodo, calcule los moles de electrones
necesarios para depositar 25’0 g de niquel metálico a partir de sulfato de niquel(II), NiSO .
4
b) Determine la masa atómica del cobre si, al hacer pasar una corriente de 10 A durante 45
minutos por sulfato de cobre(II), CuSO ,fundido, se depositan 8’9 g de cobre.
4",2020 - Reacciones Redox.pdf,enunciados_PNG/2020 - Reacciones Redox_png/2020_reserva_1_ejercicio_c4.png,
Química,2020,Reserva 2,Ejercicio B 4,Reacciones Redox,QUÍMICA. 2020. RESERVA 2. EJERCICIO B 4,"Se desea construir una pila en la que el cátodo está constituido por el electrodo de Ni2 /Ni.
Para el ánodo se dispone de los electrodos: Pb2 /Pb y Al3 /Al.
a) Razone cuál de los dos electrodos se podrá utilizar como ánodo.
b) Escriba las semireacciones de oxidación y reducción, identificando en qué electrodo de la
pila se producen.
c) Calcule el potencial estándar de la pila y escriba su notación simplificada.",2020 - Reacciones Redox.pdf,enunciados_PNG/2020 - Reacciones Redox_png/2020_reserva_2_ejercicio_b_4.png,
Química,2020,Reserva 2,Ejercicio C4,Reacciones Redox,QUÍMICA. 2020. RESERVA 2. EJERCICIO C4,"El nitrato de potasio reacciona en medio básico para dar nitrito de potasio según la siguiente
reacción química: KNO  MnO  KOH  K MnO  KNO  H O
3 2 2 4 2 2
a) Ajuste las reacciones iónica y molecular por el método del ión-electrón.
b) Calcule la masa de KOH necesaria para obtener 250 g de KNO . ¿Cuál sería la masa
2
necesaria de KOH, suponiendo que el rendimiento es del 70%?.",2020 - Reacciones Redox.pdf,enunciados_PNG/2020 - Reacciones Redox_png/2020_reserva_2_ejercicio_c4.png,
Química,2020,Reserva 3,Ejercicio C4,Reacciones Redox,QUÍMICA. 2020. RESERVA 3. EJERCICIO C4,"Cuando se añade ácido nítrico al zinc se produce la siguiente reacción:
Zn  HNO  NH NO  Zn(NO )  H O
3 4 3 3 2 2
a) Ajuste las reacciones iónica y molecular por el método del ión-electrón.
b) ¿Cuál será la riqueza de una muestra de zinc de 20 g de masa, sabiendo que, cuando
reacciona con el ácido nítrico, consume 45 mL de una disolución del 55% en masa y densidad
1’38 g/mL?.",2020 - Reacciones Redox.pdf,enunciados_PNG/2020 - Reacciones Redox_png/2020_reserva_3_ejercicio_c4.png,
asignatura_desconocida,2020,Reserva 4,Ejercicio B6,Reacciones Redox,QUIMICA. 2020. RESERVA 4 EJERCICIO B6,"a) Dibuje el esquema de una pila constituida por un electrodo de níquel sumergido en una
disolución 1M de Ni(NO ) y un electrodo de plata sumergido en una disolución 1 M de
3 2
AgNO , indicando el sentido de la corriente.
3
b) Justifique si reaccionará el cloro gaseoso, Cl (g), con una disolución que contiene iones F.
2
c) Calcule la f.e.m. de una pila electroquímica c uya notación es:
Mg(s) Mg2(ac,1M) Cu2(ac,1M) Cu(s)
Datos: E0(Cl /Cl)1'36 V; E0(F /F)2 '86 V; E0(Ni2 /Ni) 0'25V;
2 2",2020 - Reacciones Redox.pdf,enunciados_PNG/2020 - Reacciones Redox_png/2020_reserva_4_ejercicio_b6.png,
Química,2020,Reserva 4,Ejercicio C4,Reacciones Redox,QUÍMICA. 2020. RESERVA 4. EJERCICIO C4,"La reducción del permanganato de potasio por el sulfito de sodio, en medio sulfúrico, ocurre
mediante la reacción: KMnO Na SO H SO MnO Na SO K SO H O
4 2 3 2 4 2 2 4 2 4 2
a) Ajuste las reacciones iónica y molecular por el método del ión-electrón.
b) Calcule el volumen de disolución de KMnO de concentración 0’2M que se necesita para
4
que se oxiden 189 g de Na SO .
2 3",2020 - Reacciones Redox.pdf,enunciados_PNG/2020 - Reacciones Redox_png/2020_reserva_4_ejercicio_c4.png,
Química,2020,Septiembre,Ejercicio C2,Reacciones Redox,QUÍMICA. 2020. SEPTIEMBRE. EJERCICIO C2,"Al pasar una corriente eléctrica por cloruro de cobalto(II), CoCl , fundido se desprende
2
dicloro en el ánodo y se deposita cobalto en el cátodo. Calcule:
a) La intensidad de corriente que se necesita para depositar 8’42 g de Co, a partir de CoCl
2
fundido, en 30 minutos.
b) El volumen de dicloro gaseoso, medido a 15 ºC y 740 mmHg, que se desprende en el ánodo.
Datos: F  96.500 C; R  0'082 atmLmol 1 K 1.",2020 - Reacciones Redox.pdf,enunciados_PNG/2020 - Reacciones Redox_png/2020_septiembre_ejercicio_c2.png,
Química,2021,Junio,Ejercicio C4,Reacciones Redox,QUÍMICA. 2021. JUNIO. EJERCICIO C4,"Una muestra de 3’25 g de nitrito de potasio impuro, disuelta en agua acidificada con ácido
sulfúrico, se hace reaccionar con permanganato de potasio:
KNO  KMnO  H SO  KNO  K SO  MnSO  H O
2 4 2 4 3 2 4 4 2
a) Ajuste las ecuaciones iónica y molecular por el método del ión-electrón.
b) Calcule la riqueza en KNO de la muestra inicial si se han consumido 50 mL de KMnO
2 4
0’2 M.",2021 - Reacciones Redox.pdf,enunciados_PNG/2021 - Reacciones Redox_png/2021_junio_ejercicio_c4.png,
Química,2021,Reserva 1,Ejercicio B 5,Reacciones Redox,QUÍMICA. 2021. RESERVA 1. EJERCICIO B 5,"Indique razonadamente si son verdaderas o falsas las siguientes afirmaciones:
a) Una cucharilla de aluminio se disuelve al introducirla en una disolución de CuSO .
4
b) Las disoluciones acuosas de Fe2 no son estables y se oxidan en presencia de oxígeno.
c) El cobre no reacciona con HCl, pero sí con HNO .
3
Datos: E0(Al3 /Al) 1'66 V ; E0(Cu2 /Cu)0'34 V ; E0(Fe3 /Fe2)0'77 V
E0(O /H O)1'23 V ; E0(H /H )0'00 V ; E0(NO /NO )0'80 V",2021 - Reacciones Redox.pdf,enunciados_PNG/2021 - Reacciones Redox_png/2021_reserva_1_ejercicio_b_5.png,
Química,2021,Reserva 1,Ejercicio C2,Reacciones Redox,QUÍMICA. 2021. RESERVA 1. EJERCICIO C2,"Se realiza la electrolisis completa de 500 mL de una disolución de NiSO durante 15 minutos y
4
se depositan 1’8 g de níquel en el cátodo.
a) Escriba la semireacción correspondiente y calcule la intensidad de corriente que ha
circulado por la celda.
b) Calcule la molaridad de la disolución inicial.",2021 - Reacciones Redox.pdf,enunciados_PNG/2021 - Reacciones Redox_png/2021_reserva_1_ejercicio_c2.png,
Química,2021,Reserva 2,Ejercicio B5,Reacciones Redox,QUÍMICA. 2021. RESERVA 2. EJERCICIO B5,"Una pila electroquímica está compuesta por dos electrodos de Ag y de Cu introducidos en una
disolución 1M de AgNO y 1 M de Cu(NO ) , respectivamente.
3 3 2
a) Escriba las semirreacciones de oxidación y de reducción que tienen lugar e identifique el
oxidante y el reductor de la reacción redox.
b) Escriba la notación de barras de la pila.
c) Calcule la f.e.m. de la pila.",2021 - Reacciones Redox.pdf,enunciados_PNG/2021 - Reacciones Redox_png/2021_reserva_2_ejercicio_b5.png,
Química,2021,Reserva 2,Ejercicio C4,Reacciones Redox,QUÍMICA. 2021. RESERVA 2. EJERCICIO C4,"a) Se hace pasar una corriente eléctrica de 2’5 A por una celda electrolítica que contiene 500
mL de una disolución 0’5 M de iones Cu2. Calcule cuánto tiempo debe transcurrir para que la
concentración de iones Cu2 se reduzca a la mitad.
b) Calcule el volumen de dicloro (Cl ), medido a 20ºC y 720 mmHg, que se desprende al pasar
2
durante 15 minutos una corriente de 5 A a través de un recipiente que contiene cloruro de
calcio (CaCl ) fundido.
2
Datos: F = 96500 C. R 0'082 atmLK1mol1.",2021 - Reacciones Redox.pdf,enunciados_PNG/2021 - Reacciones Redox_png/2021_reserva_2_ejercicio_c4.png,
Química,2021,Reserva 3,Ejercicio B4,Reacciones Redox,QUÍMICA. 2021. RESERVA 3. EJERCICIO B4,"Justifique la veracidad o falsedad de las siguientes afirmaciones:
a) Cuando el ión dicromato (Cr O2) se reduce hasta Cr3 gana 3 electrones.
2 7
b) En una reacción redox el agente oxidante aumenta su número de oxidación al perder
electrones.
c) Para la reacción de oxidación del Fe con MnO para dar Fe2 y Mn2, el número de
4
electrones que gana 1 mol de oxidante es igual al número de electrones que cede 1 mol de",2021 - Reacciones Redox.pdf,enunciados_PNG/2021 - Reacciones Redox_png/2021_reserva_3_ejercicio_b4.png,
Química,2021,Reserva 3,Ejercicio C 4,Reacciones Redox,QUÍMICA. 2021. RESERVA 3. EJERCICIO C 4,"El dióxido de manganeso reacciona con clorato de potasio, en medio básico de hidróxido de
potasio, para dar permanganato de potasio, cloruro de potasio y agua:
MnO  KClO  KOH KMnO  KCl  H O
2 3 4 2
a) Ajuste las ecuaciones iónica y molecular por el método del ión-electrón.
b) Calcule la masa de clorato de potasio (KClO ) que reacciona con 25 g de una muestra que
3
tiene una riqueza en MnO del 60%.
2",2021 - Reacciones Redox.pdf,enunciados_PNG/2021 - Reacciones Redox_png/2021_reserva_3_ejercicio_c_4.png,
Química,2021,Reserva 4,Ejercicio C 4,Reacciones Redox,QUÍMICA. 2021. RESERVA 4. EJERCICIO C 4,"Un método de obtención de dicloro se basa en la oxidación de ácido clorhídrico con ácido
nítrico, produciéndose además dióxido de nitrógeno y agua.
HCl  HNO  Cl  NO  H O
3 2 2 2
a) Ajuste las ecuaciones iónica y molecular por el método del ión-electrón.
b) Calcule el rendimiento de la reacción sabiendo que se han obtenido 9’78 L de Cl , medido a
2
25 ºC y 1 atm de presión, cuando han reaccionado 500 mL de HCl 2 M con HNO en exceso.
3",2021 - Reacciones Redox.pdf,enunciados_PNG/2021 - Reacciones Redox_png/2021_reserva_4_ejercicio_c_4.png,
Química,2021,Julio,Ejercicio C4,Reacciones Redox,QUÍMICA. 2021. JULIO. EJERCICIO C4,"La reacción entre KMnO y HCl en disolución permite obtener Cl gaseoso, además de
4 2
MnCl , KCl y agua.
2
a) Ajuste las reacciones iónica y molecular por el método del ión-electrón.
b) Calcule la masa de KMnO que reacciona con 25 mL de una disolución de HCl del 30% de
4
riqueza en masa cuya densidad es de 1'15gmL1.",2021 - Reacciones Redox.pdf,enunciados_PNG/2021 - Reacciones Redox_png/2021_julio_ejercicio_c4.png,
Química,2022,Junio,Ejercicio C4,Reacciones Redox,QUÍMICA. 2022. JUNIO. EJERCICIO C4,"El hierro reacciona con el ácido sulfúrico según la reacción:
Fe  H SO  Fe (SO )  SO  H O
2 4 2 4 3 2 2
a) Ajuste las ecuaciones iónica y molecular por el método del ion-electrón.
b) Si una muestra de 1’25g de hierro impuro ha consumido 85 mL de disolución 0’5 M de
H SO , calcule su riqueza en hierro.
2 4",2022 - Reacciones Redox.pdf,enunciados_PNG/2022 - Reacciones Redox_png/2022_junio_ejercicio_c4.png,
Química,2022,Reserva 1,Ejercicio B4,Reacciones Redox,QUÍMICA. 2022. RESERVA 1. EJERCICIO B4,"Se construye una pila galvánica formada por un electrodo de plata metálica sumergido en una
disolución 1 M de iones Ag y un electrodo de plomo sumergido en una disolución 1 M de
iones Pb2.
a) Escriba la reacción global ajustada de la pila.
b) Determine el potencial de la pila.
c) Escriba la notación de la pila.",2022 - Reacciones Redox.pdf,enunciados_PNG/2022 - Reacciones Redox_png/2022_reserva_1_ejercicio_b4.png,
Química,2022,Reserva 1,Ejercicio C 4,Reacciones Redox,QUÍMICA. 2022. RESERVA 1. EJERCICIO C 4,"Teniendo en cuenta la siguiente reacción:
KClO  KOH  CoCl  KCl  Co O  H O
3 2 2 3 2
a) Ajuste las ecuaciones iónica y molecular por el método del ión-electrón.
b) Calcule razonadamente la masa de KCl que se obtiene al hacer reaccionar 2 g de KClO
3
con 5 g de CoCl y exceso de KOH.
2",2022 - Reacciones Redox.pdf,enunciados_PNG/2022 - Reacciones Redox_png/2022_reserva_1_ejercicio_c_4.png,
Química,2022,Reserva 2,Ejercicio C4,Reacciones Redox,QUÍMICA. 2022. RESERVA 2. EJERCICIO C4,"El ácido hipocloroso (HClO) reacciona con el fósforo blanco (P ) según la reacción:
4
HClO  P  H O  H PO  HCl
4 2 3 4
a) Ajuste las ecuaciones iónica y molecular por el método del ión-electrón.
b) Calcule la masa de P necesaria para obtener 100 g de H PO teniendo en cuenta que la
4 3 4
reacción tiene un rendimiento del 70%.",2022 - Reacciones Redox.pdf,enunciados_PNG/2022 - Reacciones Redox_png/2022_reserva_2_ejercicio_c4.png,
Química,2022,Reserva 3,Ejercicio C4,Reacciones Redox,QUÍMICA. 2022. RESERVA 3. EJERCICIO C4,"Para la siguiente reacción: KClO  FeCl  HCl  FeCl  KCl  H O
3 2 3 2
a) Ajuste las ecuaciones iónica y molecular por el método del ión-electrón.
b) Calcule la concentración en gramos por litro de una disolución de FeCl , sabiendo que 50
2
mL de la misma han reaccionado con 15 mL de una disolución 0’25 M de KClO .
3",2022 - Reacciones Redox.pdf,enunciados_PNG/2022 - Reacciones Redox_png/2022_reserva_3_ejercicio_c4.png,
asignatura_desconocida,2022,Reserva 4,Ejercicio B5,Reacciones Redox,QUIMICA. 2022. RESERVA 4 EJERCICIO B5,"Utilizando los siguientes potenciales estándar de reducción:
E0(Cu2 /Cu)0'34V ; E0(Mg2 /Mg)  2'37V ; E0(Ni2 /Ni)  0'25V
a) Explique si se producirá de forma espontáne a la reacción: Mg2 CuMgCu2
b) Calcule el potencial estándar de la pila formada con los electrodos de cobre y níquel.",2022 - Reacciones Redox.pdf,enunciados_PNG/2022 - Reacciones Redox_png/2022_reserva_4_ejercicio_b5.png,
asignatura_desconocida,2022,Reserva 4,Ejercicio C 2,Reacciones Redox,QUIMICA. 2022. RESERVA 4. EJERCICIO C 2,"Mediante la electrolisis de sales fundidas se pueden obtener metales puros.
a) Escriba la semireacción que tiene lugar en el cátodo y calcule la carga eléctrica necesaria
para depositar 25 g de Ni a partir de NiSO fundido.
4
b) Determine la masa atómica del Cu si, al hacer pasar una corriente de 10 A durante 45
minutos a través de CuSO fundido, se depositan 8’89 g de Cu.
4",2022 - Reacciones Redox.pdf,enunciados_PNG/2022 - Reacciones Redox_png/2022_reserva_4_ejercicio_c_2.png,
Química,2022,Julio,Ejercicio B5,Reacciones Redox,QUÍMICA. 2022. JULIO. EJERCICIO B5,"La notación correspondiente a la pila Daniell es:
Zn(s) │Zn2(1M) ║Cu2(1M) │Cu(s) E0 1'10V
a) Escriba la semirreacción que ocurre en el ánodo.
b) Sabiendo que el potencial estándar de reducción del Cu2 /Cu es + 0’34 V, determine el
potencial estándar del electrodo Zn2 /Zn.
c) Razone si al cambiar el electrodo de cinc por uno de plomo aumenta o disminuye el potencial
de la pila.",2022 - Reacciones Redox.pdf,enunciados_PNG/2022 - Reacciones Redox_png/2022_julio_ejercicio_b5.png,
Química,2022,Julio,Ejercicio C4,Reacciones Redox,QUÍMICA. 2022. JULIO. EJERCICIO C4,"Se dispone de una celda electrolítica que contiene CaCl fundido. Si se hace pasar una
2
corriente de 0’452 Amperios durante 1’5 horas, calcule:
a) La cantidad en gramos de Ca que se depositará en el cátodo.
b) El volumen de Cl (g) medido a 700 mmHg y 25ºC que se desprenderá.
2",2022 - Reacciones Redox.pdf,enunciados_PNG/2022 - Reacciones Redox_png/2022_julio_ejercicio_c4.png,
Química,2023,Junio,Ejercicio B5,Reacciones Redox,QUÍMICA. 2023. JUNIO. EJERCICIO B5,"Dados los siguiente potenciales de reducción E0(H /H )0 V; E0(Cu2 /Cu)0'34 V;
2
E0(Pb2 /Pb)  0'13 V; E0(Zn2 /Zn) 0'76 V.
a) Explique, escribiendo las reacciones correspondientes, qué metal o metales producen
desprendimiento de hidrógeno al ser tratados con un ácido.
b) Escriba las reacciones que tienen lugar en el ánodo y en el cátodo de la pila formada por los
electrodos de Zn y Pb.
c) Escriba la notación de la pila formada po r los electrodos del apartado b) y calcule su",2023 - Reacciones Redox.pdf,enunciados_PNG/2023 - Reacciones Redox_png/2023_junio_ejercicio_b5.png,
Química,2023,Junio,Ejercicio C4,Reacciones Redox,QUÍMICA. 2023. JUNIO. EJERCICIO C4,"En una celda electrolítica que contiene CuCl fundido se hace pasar una cierta cantidad de
2
corriente durante 2 horas, observándose que se deposita cobre metálico y se desprende dicloro.
Basándose en la semireacciones correspondientes:
a) Determine la intensidad de corriente necesar ia para depositar 15’9 g de Cu.
b) Calcule el volumen de Cl obtenido a 25ºC y 1 atm.
2",2023 - Reacciones Redox.pdf,enunciados_PNG/2023 - Reacciones Redox_png/2023_junio_ejercicio_c4.png,
Química,2023,Reserva 1,Ejercicio B2,Reacciones Redox,QUÍMICA. 2023. RESERVA 1. EJERCICIO B2,"Razone la veracidad o falsedad de las siguientes afirmaciones:
a) Todas las reacciones de combustión son procesos redox.
b) El agente oxidante es la especie que dona electrones en un proceso redox.
c) Cuando el HNO se transforma en NO, el nitrógeno se oxida.",2023 - Reacciones Redox.pdf,enunciados_PNG/2023 - Reacciones Redox_png/2023_reserva_1_ejercicio_b2.png,
Química,2023,Reserva 1,Ejercicio C2,Reacciones Redox,QUÍMICA. 2023. RESERVA 1. EJERCICIO C2,"Basándose en las semireacciones correspondientes:
a) Calcule cuánto tiempo tardará en depositarse 1 g de Zn cuando se lleva a cabo la electrolisis
de ZnBr fundido, si la corriente es de 10 A.
2
b) Si se utiliza la misma intensidad de corriente en la electrolisis de una sal fundida de vanadio
y se depositan 3,8 g de este metal en 1 h, ¿cuál será la carga del ion vanadio en esta sal?",2023 - Reacciones Redox.pdf,enunciados_PNG/2023 - Reacciones Redox_png/2023_reserva_1_ejercicio_c2.png,
Química,2023,Reserva 2,Ejercicio C4,Reacciones Redox,QUÍMICA. 2023. RESERVA 2. EJERCICIO C4,"El dicromato de potasio reacciona con el yoduro de sodio en medio ácido sulfúrico para dar
sulfato de sodio, sulfato de cromo(III), sulfato de potasio, diyodo y agua:
K CrO  NaI  H SO Na SO  Cr (SO )  K SO  I  H O
2 2 7 2 4 2 4 2 4 3 2 4 2 2
a) Ajuste las ecuaciones iónica y molecular por el método del ión-electrón.
b) Si 30 mL de una disolución de NaI reaccionan con 60 mL de una disolución que contiene 49
g de K CrO ¿cuál será la molaridad de la di solución de NaI?.
2 2 7",2023 - Reacciones Redox.pdf,enunciados_PNG/2023 - Reacciones Redox_png/2023_reserva_2_ejercicio_c4.png,
Química,2023,Reserva 3,Ejercicio B4,Reacciones Redox,QUÍMICA. 2023. RESERVA 3. EJERCICIO B4,"Se desea construir una pila en la que el cátodo sea el electrodo Cu2 /Cu. Para el ánodo se
dispone de los electrodos: Al3 /Al y I /I
2
a) Razone cuál de los dos electrodos se podrá utilizar como ánodo.
b) Escriba e identifique las semireacciones de oxidación y reducción.
c) Calcule el potencial estándar de la pila.
Datos: E0(Cu2 /Cu)0'34V; E0(Al3 /Al) 1'67V; E0(I /I)0'54V.",2023 - Reacciones Redox.pdf,enunciados_PNG/2023 - Reacciones Redox_png/2023_reserva_3_ejercicio_b4.png,
Química,2023,Reserva 3,Ejercicio C4,Reacciones Redox,QUÍMICA. 2023. RESERVA 3. EJERCICIO C4,"El permanganato de potasio reacciona con el peróxido de hidrógeno en disolución de ácido
sulfúrico dando lugar a sulfato de manganeso(II), agua, oxígeno y sulfato de potasio:
KMnO  H SO  H O  MnSO  H O  O  K SO
4 2 4 2 2 4 2 2 2 4
a) Ajuste las ecuaciones iónica y molecular por el método del ion-electrón.
b) Si se consumen 20 mL de una disolución 0’2 M de KMnO para valorar 100 mL de H O
4 2 2
¿cuál será la concentración de H O ?",2023 - Reacciones Redox.pdf,enunciados_PNG/2023 - Reacciones Redox_png/2023_reserva_3_ejercicio_c4.png,
Química,2023,Reserva 4,Ejercicio C 4,Reacciones Redox,QUÍMICA. 2023. RESERVA 4. EJERCICIO C 4,"El dióxido de manganeso reacciona con clorato de potasio en medio básico para obtener
permanganato de potasio, cloruro de potasio y agua.
MnO  KClO  KOH KMnO  KCl  H O
2 3 4 2
a) Ajuste las ecuaciones iónica y molecular por el método del ión-electrón.
b) Calcule la riqueza en MnO de una muestra si 1 g de ésta reacciona exactamente con 0’35 g
2
de KClO .
3",2023 - Reacciones Redox.pdf,enunciados_PNG/2023 - Reacciones Redox_png/2023_reserva_4_ejercicio_c_4.png,
Química,2023,Julio,Ejercicio C4,Reacciones Redox,QUÍMICA. 2023. JULIO. EJERCICIO C4,"El carbono reacciona con ácido nítrico concentrado produciéndose dióxido de carbono, dióxido
de nitrógeno y agua.
C  HNO CO  NO H O
3 2 2 2
a) Ajuste las ecuaciones iónica y molecular por el método del ión-electrón
b) Calcule el volumen de CO , medido a 25ºC y 1 atm de presión, que se desprenderá cuando
2
reacciones 1 kg de un carbón mineral de riqueza en carbono del 60% con exceso de HNO .
3",2023 - Reacciones Redox.pdf,enunciados_PNG/2023 - Reacciones Redox_png/2023_julio_ejercicio_c4.png,
Química,2024,Junio,Ejercicio C4,Reacciones Redox,QUÍMICA. 2024. JUNIO. EJERCICIO C4,"El C l
2
es un gas corrosivo por lo que se sintetiza en el laboratorio a través de la siguiente
reacción: KMnO (ac) + HCl(ac) → KCl(ac) + MnCl (ac) + H O(l) + Cl
4 2 2 2
a) Ajuste las ecuaciones iónica y molecular por el método del ión-electrón.
b) Calcule el volumen de C l
2
obtenido a 0ºC y 1 atm de presión a partir de 30 mL de una
disolución 0’5 M de KMnO y 50 mL de una disolución 0’25 M de HCl.
4",2024 - Reacciones Redox.pdf,enunciados_PNG/2024 - Reacciones Redox_png/2024_junio_ejercicio_c4.png,
Química,2024,Reserva 1,Ejercicio C4,Reacciones Redox,QUÍMICA. 2024. RESERVA 1. EJERCICIO C4,"El níquel metálico reacciona con ácido nítrico concentrado según la reacción:
N i + H N O
3
→ N i ( N O
3
)
2
+ N O + H
2
O
a) Ajuste las ecuaciones iónica y molecular por el método del ion-electrón.
b) Calcule la masa de níquel que podrá oxidarse con 1 mL de ácido nítrico comercial del 70%
de riqueza en masa y densidad 1 ' 4 2 g  m L − 1 .",2024 - Reacciones Redox.pdf,enunciados_PNG/2024 - Reacciones Redox_png/2024_reserva_1_ejercicio_c4.png,
Química,2024,Reserva 2,Ejercicio B4,Reacciones Redox,QUÍMICA. 2024. RESERVA 2. EJERCICIO B4,"Dada la pila: Al(s) Al3+(ac) Cu2+(ac) Cu(s)
a) Justifique, escribiendo la semirreacción que tiene lugar en cada uno, cuál es el ánodo y cuál
el cátodo.
b) Calcule el potencial estándar de la pila.
c) Razone qué ocurriría si se sustituyera el electrodo de aluminio por uno de plata.",2024 - Reacciones Redox.pdf,enunciados_PNG/2024 - Reacciones Redox_png/2024_reserva_2_ejercicio_b4.png,
Química,2024,Reserva 2,Ejercicio C4,Reacciones Redox,QUÍMICA. 2024. RESERVA 2. EJERCICIO C4,"El estaño reacciona con ácido nítrico y se forma dióxido de estaño, monóxido de nitrógeno y
agua.
S n + H N O
3
→ S n O
2
+ N O + H
2
O
a) Ajuste las ecuaciones iónica y molecular por el método del ion-electrón.
b) Se dispone de una aleación de estaño empleada para soldar componentes electrónicos. Para
determinar su pureza se hacen reaccionar 50 g con ácido nítrico en exceso. Calcule el
porcentaje de Sn en la aleación si en el proceso se obtienen 6,75 L de NO a 785 mmHg y 28 ºC.",2024 - Reacciones Redox.pdf,enunciados_PNG/2024 - Reacciones Redox_png/2024_reserva_2_ejercicio_c4.png,
Química,2024,Reserva 3,Ejercicio B5,Reacciones Redox,QUÍMICA. 2024. RESERVA 3. EJERCICIO B5,"Para cada una de las reacciones siguientes justifique si se trata de reacciones redox o no.
Indique, en su caso, el agente oxidante y el reductor.
a) 2 K M n O
4
+ 8 H
2
S O
4
+ 5 K
2
C
2
O
4
→ 2 M n S O
4
+ 8 H
2
O + 1 0 C O
2
+ 6 K
2
S O
4
b) CaCO + 2HNO → Ca(NO ) + CO + H O
3 3 3 2 2 2
c) 2 N a B r + C l
2
→ 2 N a C l + B r",2024 - Reacciones Redox.pdf,enunciados_PNG/2024 - Reacciones Redox_png/2024_reserva_3_ejercicio_b5.png,
Química,2024,Reserva 3,Ejercicio C2,Reacciones Redox,QUÍMICA. 2024. RESERVA 3. EJERCICIO C2,"Basándose en las semirreacciones correspondientes, calcule:
a) El tiempo necesario para que todo el cobre contenido en 250 mL de una disolución acuosa
0,1 M de iones C u 2 + se deposite como cobre metálico, cuando se hace pasar una corriente
eléctrica de 1,5 A.
b) La intensidad de corriente eléctrica que se debe hacer pasar a través de una disolución
acuosa de iones A u 3 + , si se quiere obtener 1 g de oro metálico en 30 minutos.",2024 - Reacciones Redox.pdf,enunciados_PNG/2024 - Reacciones Redox_png/2024_reserva_3_ejercicio_c2.png,
Química,2024,Reserva 4,Ejercicio B5,Reacciones Redox,QUÍMICA. 2024. RESERVA 4. EJERCICIO B5,"Se construye una pila galvánica con un electrodo de cobre, un electrodo de plata, una
disolución 1 M de C u S O
4
y una disolución 1 M de AgNO
3
a) Indique, razonadamente, cuál es el cátodo y cuál es el ánodo de la pila.
b) Escriba la notación de la pila y establezca cuál es el sentido de circulación de los electrones
en la misma.
c) Determine el potencial estándar de la pila.",2024 - Reacciones Redox.pdf,enunciados_PNG/2024 - Reacciones Redox_png/2024_reserva_4_ejercicio_b5.png,
Química,2024,Reserva 4,Ejercicio C4,Reacciones Redox,QUÍMICA. 2024. RESERVA 4. EJERCICIO C4,"En una cuba se electroliza C a C l
2
fundido. Basándose en las semirreacciones correspondientes,
calcule:
a) Los gramos de calcio que se depositarán si se hace pasar por la cuba una corriente de 0,5 A
durante 30 min.
b) El volumen de C l
2
( g ) , medido a 25 ºC y 740 mmHg, que se desprenderá.
Datos: Masas atómicas relativas: C l = 3 5 ' 5 ; C a = 4 0 ;",2024 - Reacciones Redox.pdf,enunciados_PNG/2024 - Reacciones Redox_png/2024_reserva_4_ejercicio_c4.png,
Química,2024,Julio,Ejercicio C4,Reacciones Redox,QUÍMICA. 2024. JULIO. EJERCICIO C4,"El clorato de potasio reacciona con hidróxido de cromo(III) en medio básico:
K C l O
3
+ C r ( O H )
3
+ K O H → K C l + K
2
C r O
4
a) Ajuste las ecuaciones iónica y molecular por el método del ion-electrón.
b) ¿Cuántos gramos de C r ( O H )
3
del 90% de riqueza se necesitan para reaccionar
completamente con 50 mL de una disolución de K C l O
3
0,55 M?",2024 - Reacciones Redox.pdf,enunciados_PNG/2024 - Reacciones Redox_png/2024_julio_ejercicio_c4.png,
Química,2025,Junio,Ejercicio 5,Reacciones Redox,QUÍMICA. 2025. JUNIO. EJERCICIO 5,"PROTECCIÓN CONTRA LA CORROSIÓN
El deterioro como consecuencia de la oxidación es un gran problema económico para industrias que
utilizan estructuras de hierro o de acero, sobre todo si se encuentran en ambientes húmedos o
directamente en contacto con el agua, como plataformas sumergidas en el mar, tuberías subterráneas o
cascos de barcos. En estos casos, la oxidación para formar óxido de hierro(III) es muy rápida y
supondría grandes inversiones económicas tener que sustituir frecuentemente las partes oxidadas.
Una solución para evitar la oxidación del hierro y del acero es incorporar a a estructura piezas de otros
metales que puedan formar con el hierro una pila galvánica en la que éste sea el cátodo y el otro metal
funcione como ánodo. A este método de protección se le llama “protección catódica” y a las piezas
metálicas utilizadas para ello se les llama ánodos de sacrificio.
Uno de los metales más usados como ánodo de sacrificio es el magnesio, que puede obtenerse a partir
del agua de mar, donde se encuentra disuelto en forma de MgCl y de sulfato de magnesio. Una vez
2
separado el M g C l
2
sólido, se procede a su electrolisis en estado fundido obteniéndose magnesio y
cloro gaseoso.
Tabla. Potenciales normales de reducción
Electrodo E 0 ( V )
A g + / A g + 0 '8 0
C u 2 + / C u + 0 ' 3 4
F e 3 + / F e − 0 ' 0 4
Z n 2 + / Z n − 0 ' 7 6
A l 3 + / A l − 1 ' 6 7
M g 2 + / M g − 2 ' 3 8
En la corteza terrestre también está presente el magnesio en forma de M g C O
3
( K
s
= 3 '5  1 0 − 8 ) ,
compuesto insoluble al igual que otras especies de este metal como el fosfato de magnesio
(K =1'0410−24), el
s
M g F
2
( K
s
= 5 '1 6  1 0 − 1 1 ) o el M g ( O H )
2
( K
s
= 5 ' 6 1  1 0 − 1 2 ) .
a) Justifique cuáles de los metales de la Tabla pueden utilizarse como ánodo de sacrificio.
b) Calcule la intensidad de corriente necesaria para obtener una producción diaria de 10 kg de magnesio
metálico por electrólisis de fundido, escribiendo la reacción correspondiente.
Datos: F = 9 6 5 0 0 C  m o l − 1 , Masa atómica relativa: M g = 2 4 '3
c) A partir del equilibrio de solubilidad del M g C O
3
, determine la masa de magnesio que hay disuelta
en 25 L de disolución saturada de dicha sal.",2025 - Reacciones Redox.pdf,enunciados_PNG/2025 - Reacciones Redox_png/2025_junio_ejercicio_5.png,
Química,2025,Reserva 1,Ejercicio 3B,Reacciones Redox,QUÍMICA. 2025. RESERVA 1. EJERCICIO 3B,"Una forma de obtener C l
2
gaseoso en el laboratorio es adicionar ácido clorhídrico sobre dióxido
de manganeso sólido, produciéndose la siguiente reacción:
H C l ( a c ) + M n O
2
( s ) → C l
2
( g ) + M n C l
2
( a c ) + H
2
O ( l )
a) Ajuste la reacción molecular por el método del ión-electrón.
b) Si se han obtenido 10,3 L de C l
2
( g ) a una temperatura de 22º C y una presión de 0,99 atm,
¿cuál ha sido el rendimiento de la reacción si se han empleado 47,5 g de M n O
2
en exceso de
HCl?",2025 - Reacciones Redox.pdf,enunciados_PNG/2025 - Reacciones Redox_png/2025_reserva_1_ejercicio_3b.png,
Química,2025,Reserva 2,Ejercicio 2A,Reacciones Redox,QUÍMICA. 2025. RESERVA 2. EJERCICIO 2A,"Dados los siguientes potenciales normales de reducción: E0(Cu2+ /Cu)= +0'34 V;
E 0 ( N i 2 + / N i ) = − 0 ' 2 5 V ; E 0 ( H N O
3
/ N O ) = + 0 ' 9 6 V .
Razone cuáles de las siguientes afirmaciones son verdaderas o falsas:
a) Cuando se introduce un trozo de Cu metálico en ácido nítrico (HNO ), el Cu pasa a la
3
disolución como iones C u 2 + .
b) Al introducir Ni metálico en una disolución de Cu2+, el Ni se oxida a Ni2+.
c) Si se añade Ni metálico a una disolución de ácido nítrico, el Ni no se oxida.
d) El HNO es la especie más oxidante.",2025 - Reacciones Redox.pdf,enunciados_PNG/2025 - Reacciones Redox_png/2025_reserva_2_ejercicio_2a.png,
Química,2025,Reserva 2,Ejercicio 3A,Reacciones Redox,QUÍMICA. 2025. RESERVA 2. EJERCICIO 3A,"El magnesio se obtiene por electrólisis de M g C l
2
fundido. Basándose en las semirreacciones
correspondientes, calcule:
a) La masa de metal que se depositará si se hace pasar por la cuba electrolítica una corriente de
50 A durante 1 hora.
b) El volumen de Cl (g) generado a 650 K y 1,18 atm.
2
Datos: F = 9 6 5 0 0 C  m o l − 1 ; R = 0 , 0 8 2 a t m  L  m o l − 1  K − 1 .",2025 - Reacciones Redox.pdf,enunciados_PNG/2025 - Reacciones Redox_png/2025_reserva_2_ejercicio_3a.png,
Química,2025,Julio,Ejercicio 3B,Reacciones Redox,QUÍMICA. 2025. JULIO. EJERCICIO 3B,"Al hacer reaccionar ácido clorhídrico (HCl) con dicromato de potasio ( K
2
C r
2
O
7
) se forma
tricloruro de cromo ( C r C l
3
), dicloro ( C l
2
), cloruro de potasio ( K C l ) y agua ( H
2
O )
a) Ajuste la reacción molecular por el método del ion-electrón.
b) ¿Qué volumen de HCl del 37 % de riqueza en masa y densidad 1.19 gmL−1 se necesitará
para que reaccionen 7 g de K
2
C r
2
O
7
?.",2025 - Reacciones Redox.pdf,enunciados_PNG/2025 - Reacciones Redox_png/2025_julio_ejercicio_3b.png,
Química,2026,Junio,Ejercicio 5,Reacciones Redox,QUÍMICA. 2026. JUNIO. EJERCICIO 5,,2026 - Reacciones Redox.pdf,enunciados_PNG/2026 - Reacciones Redox_png/2026_junio_ejercicio_5.png,
